kind,trial,attention_tv,probability_change,abs_probability_change,margin_change,abs_margin_change,label_changed,idx,model_seed
uniform,0,0.6398497819900513,-4.851818084716797e-05,4.851818084716797e-05,-2.636789321899414,2.636789321899414,False,0,2027
shuffle,0,0.9011009931564331,-0.0001537799835205078,0.0001537799835205078,-3.7405261993408203,3.7405261993408203,False,0,2027
shuffle,1,0.7318218350410461,-2.1219253540039062e-05,2.1219253540039062e-05,-1.8968162536621094,1.8968162536621094,False,0,2027
shuffle,2,0.6539461612701416,-0.00012218952178955078,0.00012218952178955078,-3.5164546966552734,3.5164546966552734,False,0,2027
shuffle,3,0.6698464751243591,-1.1086463928222656e-05,1.1086463928222656e-05,-1.3729019165039062,1.3729019165039062,False,0,2027
shuffle,4,0.8456343412399292,-1.9073486328125e-05,1.9073486328125e-05,-1.8043584823608398,1.8043584823608398,False,0,2027
shuffle,5,0.8460313677787781,-6.318092346191406e-05,6.318092346191406e-05,-2.884833335876465,2.884833335876465,False,0,2027
shuffle,6,0.9204717874526978,-0.0003349781036376953,0.0003349781036376953,-4.506500244140625,4.506500244140625,False,0,2027
shuffle,7,0.4034503996372223,-5.960464477539062e-07,5.960464477539062e-07,-0.1303548812866211,0.1303548812866211,False,0,2027
shuffle,8,0.3844359815120697,-6.079673767089844e-06,6.079673767089844e-06,-0.9563446044921875,0.9563446044921875,False,0,2027
shuffle,9,0.6498172283172607,-0.00011074542999267578,0.00011074542999267578,-3.4209442138671875,3.4209442138671875,False,0,2027
shuffle,10,0.6703974008560181,-3.0994415283203125e-05,3.0994415283203125e-05,-2.2268381118774414,2.2268381118774414,False,0,2027
shuffle,11,0.7366092801094055,-2.1696090698242188e-05,2.1696090698242188e-05,-1.9139728546142578,1.9139728546142578,False,0,2027
shuffle,12,0.6648625731468201,-0.0003210306167602539,0.0003210306167602539,-4.464755058288574,4.464755058288574,False,0,2027
shuffle,13,0.8265529870986938,-0.00010275840759277344,0.00010275840759277344,-3.3493423461914062,3.3493423461914062,False,0,2027
shuffle,14,0.9267077445983887,-9.393692016601562e-05,9.393692016601562e-05,-3.2619400024414062,3.2619400024414062,False,0,2027
shuffle,15,0.957545816898346,-0.0001062154769897461,0.0001062154769897461,-3.380922317504883,3.380922317504883,False,0,2027
shuffle,16,0.5442346334457397,-1.7642974853515625e-05,1.7642974853515625e-05,-1.7399482727050781,1.7399482727050781,False,0,2027
shuffle,17,0.9371194839477539,-0.00011074542999267578,0.00011074542999267578,-3.421797752380371,3.421797752380371,False,0,2027
shuffle,18,0.9373201131820679,-0.0008102059364318848,0.0008102059364318848,-5.3839826583862305,5.3839826583862305,False,0,2027
shuffle,19,0.952164888381958,-9.21487808227539e-05,9.21487808227539e-05,-3.2438411712646484,3.2438411712646484,False,0,2027
shuffle,20,0.8356664776802063,-1.7762184143066406e-05,1.7762184143066406e-05,-1.7501239776611328,1.7501239776611328,False,0,2027
shuffle,21,0.5594338178634644,-7.62939453125e-06,7.62939453125e-06,-1.1051445007324219,1.1051445007324219,False,0,2027
shuffle,22,0.9425005912780762,-0.0003407001495361328,0.0003407001495361328,-4.523284912109375,4.523284912109375,False,0,2027
shuffle,23,0.8211719393730164,-1.2159347534179688e-05,1.2159347534179688e-05,-1.4440040588378906,1.4440040588378906,False,0,2027
shuffle,24,0.6989843249320984,-2.682209014892578e-05,2.682209014892578e-05,-2.101400375366211,2.101400375366211,False,0,2027
shuffle,25,0.9575458765029907,-0.0001569986343383789,0.0001569986343383789,-3.76108455657959,3.76108455657959,False,0,2027
shuffle,26,0.559630274772644,-4.410743713378906e-06,4.410743713378906e-06,-0.7787351608276367,0.7787351608276367,False,0,2027
shuffle,27,0.9369230270385742,-0.00013625621795654297,0.00013625621795654297,-3.6229171752929688,3.6229171752929688,False,0,2027
shuffle,28,0.6503680944442749,-5.841255187988281e-06,5.841255187988281e-06,-0.9391975402832031,0.9391975402832031,False,0,2027
shuffle,29,0.8119046092033386,-5.0902366638183594e-05,5.0902366638183594e-05,-2.680172920227051,2.680172920227051,False,0,2027
uniform,0,0.6650917530059814,0.006946861743927002,0.006946861743927002,1.1658477783203125,1.1658477783203125,False,5,2027
shuffle,0,0.8850809931755066,0.0074271559715271,0.0074271559715271,1.330186367034912,1.330186367034912,False,5,2027
shuffle,1,0.8095581531524658,0.00752866268157959,0.00752866268157959,1.3686785697937012,1.3686785697937012,False,5,2027
shuffle,2,0.8386044502258301,0.007931113243103027,0.007931113243103027,1.537548542022705,1.537548542022705,False,5,2027
shuffle,3,0.792425811290741,0.00742340087890625,0.00742340087890625,1.3288168907165527,1.3288168907165527,False,5,2027
shuffle,4,0.8368567824363708,0.006631731986999512,0.006631731986999512,1.070955753326416,1.070955753326416,False,5,2027
shuffle,5,0.9274312853813171,0.007637321949005127,0.007637321949005127,1.411539077758789,1.411539077758789,False,5,2027
shuffle,6,0.6140109300613403,0.007907867431640625,0.007907867431640625,1.526960849761963,1.526960849761963,False,5,2027
shuffle,7,0.8529461026191711,0.00802522897720337,0.00802522897720337,1.5814709663391113,1.5814709663391113,False,5,2027
shuffle,8,0.5720649361610413,0.0052443742752075195,0.0052443742752075195,0.7350811958312988,0.7350811958312988,False,5,2027
shuffle,9,0.924777626991272,0.009052157402038574,0.009052157402038574,2.2542967796325684,2.2542967796325684,False,5,2027
shuffle,10,0.9498351812362671,0.007836997509002686,0.007836997509002686,1.4954352378845215,1.4954352378845215,False,5,2027
shuffle,11,0.74054354429245,0.006895303726196289,0.006895303726196289,1.149712085723877,1.149712085723877,False,5,2027
shuffle,12,0.9232717156410217,0.0020610690116882324,0.0020610690116882324,0.2297062873840332,0.2297062873840332,False,5,2027
shuffle,13,0.5670348405838013,0.006767094135284424,0.006767094135284424,1.1106162071228027,1.1106162071228027,False,5,2027
shuffle,14,0.6602641344070435,0.007784545421600342,0.007784545421600342,1.472693920135498,1.472693920135498,False,5,2027
shuffle,15,0.8740265965461731,-0.0031055808067321777,0.0031055808067321777,-0.27068281173706055,0.27068281173706055,False,5,2027
shuffle,16,0.8413852453231812,0.005122721195220947,0.005122721195220947,0.710334300994873,0.710334300994873,False,5,2027
shuffle,17,0.8358154296875,0.00834047794342041,0.00834047794342041,1.744539737701416,1.744539737701416,False,5,2027
shuffle,18,0.9455800652503967,0.009170293807983398,0.009170293807983398,2.3711795806884766,2.3711795806884766,False,5,2027
shuffle,19,0.882145345211029,0.005584836006164551,0.005584836006164551,0.8077383041381836,0.8077383041381836,False,5,2027
shuffle,20,0.8235242962837219,0.00833064317703247,0.00833064317703247,1.7390198707580566,1.7390198707580566,False,5,2027
shuffle,21,0.6377025842666626,0.007287263870239258,0.007287263870239258,1.2794814109802246,1.2794814109802246,False,5,2027
shuffle,22,0.8659864664077759,0.008581697940826416,0.008581697940826416,1.890017032623291,1.890017032623291,False,5,2027
shuffle,23,0.9208168387413025,0.007232308387756348,0.007232308387756348,1.2602534294128418,1.2602534294128418,False,5,2027
shuffle,24,0.5446656942367554,0.008501946926116943,0.008501946926116943,1.839561939239502,1.839561939239502,False,5,2027
shuffle,25,0.9288905262947083,0.007595956325531006,0.007595956325531006,1.3949875831604004,1.3949875831604004,False,5,2027
shuffle,26,0.7113934755325317,0.009504377841949463,0.009504377841949463,2.802495002746582,2.802495002746582,False,5,2027
shuffle,27,0.6318147778511047,-0.0014220476150512695,0.0014220476150512695,-0.13286495208740234,0.13286495208740234,False,5,2027
shuffle,28,0.8107041716575623,0.00918734073638916,0.00918734073638916,2.389176845550537,2.389176845550537,False,5,2027
shuffle,29,0.8858305811882019,0.007276594638824463,0.007276594638824463,1.2757468223571777,1.2757468223571777,False,5,2027
uniform,0,0.794829249382019,-0.14678406715393066,0.14678406715393066,-2.9330244064331055,2.9330244064331055,False,6,2027
shuffle,0,0.9915282726287842,-0.21647876501083374,0.21647876501083374,-3.387474298477173,3.387474298477173,False,6,2027
shuffle,1,0.0008591868099756539,1.430511474609375e-06,1.430511474609375e-06,0.00014400482177734375,0.00014400482177734375,False,6,2027
shuffle,2,0.9956029653549194,-0.21931946277618408,0.21931946277618408,-3.403628945350647,3.403628945350647,False,6,2027
shuffle,3,0.9956029653549194,-0.18896734714508057,0.18896734714508057,-3.222893714904785,3.222893714904785,False,6,2027
shuffle,4,0.9988186359405518,-0.18933993577957153,0.18933993577957153,-3.2252317667007446,3.2252317667007446,False,6,2027
shuffle,5,0.9988186359405518,-0.32703202962875366,0.32703202962875366,-3.939492106437683,3.939492106437683,False,6,2027
shuffle,6,0.004039866849780083,-2.0682811737060547e-05,2.0682811737060547e-05,-0.0021429061889648438,0.0021429061889648438,False,6,2027
shuffle,7,0.9979944229125977,-0.3660048842430115,0.3660048842430115,-4.109546005725861,4.109546005725861,False,6,2027
shuffle,8,0.9988186359405518,-0.32769423723220825,0.32769423723220825,-3.942455291748047,3.942455291748047,False,6,2027
shuffle,9,0.0040747979655861855,-2.092123031616211e-05,2.092123031616211e-05,-0.0021619796752929688,0.0021619796752929688,False,6,2027
shuffle,10,0.994743824005127,-0.36287373304367065,0.36287373304367065,-4.0961750745773315,4.0961750745773315,False,6,2027
shuffle,11,0.9939545392990112,-0.3629142642021179,0.3629142642021179,-4.096348822116852,4.096348822116852,False,6,2027
shuffle,12,0.9979944229125977,-0.18888628482818604,0.18888628482818604,-3.2223845720291138,3.2223845720291138,False,6,2027
shuffle,13,0.9947788119316101,-0.3630192279815674,0.3630192279815674,-4.096797585487366,4.096797585487366,False,6,2027
shuffle,14,0.994743824005127,-0.18677622079849243,0.18677622079849243,-3.2090773582458496,3.2090773582458496,False,6,2027
shuffle,15,0.9979594945907593,-0.18888318538665771,0.18888318538665771,-3.222365617752075,3.222365617752075,False,6,2027
shuffle,16,0.994743824005127,-0.18668347597122192,0.18668347597122192,-3.2084901332855225,3.2084901332855225,False,6,2027
shuffle,17,0.0040747979655861855,1.2874603271484375e-05,1.2874603271484375e-05,0.00131988525390625,0.00131988525390625,False,6,2027
shuffle,18,0.9947787523269653,-0.3248782157897949,0.3248782157897949,-3.9298343658447266,3.9298343658447266,False,6,2027
shuffle,19,0.9947788119316101,-0.21954482793807983,0.21954482793807983,-3.4049047231674194,3.4049047231674194,False,6,2027
shuffle,20,0.9988186359405518,-0.3660832643508911,0.3660832643508911,-4.109880149364471,4.109880149364471,False,6,2027
shuffle,21,0.9988186955451965,-0.18940699100494385,0.18940699100494385,-3.22565233707428,3.22565233707428,False,6,2027
shuffle,22,0.9979943633079529,-0.18935447931289673,0.18935447931289673,-3.225322961807251,3.225322961807251,False,6,2027
shuffle,23,0.9988186359405518,-0.18877822160720825,0.18877822160720825,-3.2217060327529907,3.2217060327529907,False,6,2027
shuffle,24,0.9988186359405518,-0.18877428770065308,0.18877428770065308,-3.2216811180114746,3.2216811180114746,False,6,2027
shuffle,25,0.9979943633079529,-0.18935447931289673,0.18935447931289673,-3.225322961807251,3.225322961807251,False,6,2027
shuffle,26,0.9956030249595642,-0.32471442222595215,0.32471442222595215,-3.929098606109619,3.929098606109619,False,6,2027
shuffle,27,0.994743824005127,-0.18896734714508057,0.18896734714508057,-3.222893714904785,3.222893714904785,False,6,2027
shuffle,28,0.9947787523269653,-0.32487958669662476,0.32487958669662476,-3.929840624332428,3.929840624332428,False,6,2027
shuffle,29,0.9988186359405518,-0.32766199111938477,0.32766199111938477,-3.942311108112335,3.942311108112335,False,6,2027
uniform,0,0.7409152984619141,-0.0038433074951171875,0.0038433074951171875,-0.32820749282836914,0.32820749282836914,False,16,2027
shuffle,0,0.8495955467224121,-0.020324885845184326,0.020324885845184326,-1.1279549598693848,1.1279549598693848,False,16,2027
shuffle,1,0.29070207476615906,-0.005491673946380615,0.005491673946380615,-0.44213104248046875,0.44213104248046875,False,16,2027
shuffle,2,0.8491140604019165,0.004212856292724609,0.004212856292724609,0.5488510131835938,0.5488510131835938,False,16,2027
shuffle,3,0.9830960035324097,-0.0011597275733947754,0.0011597275733947754,-0.11055469512939453,0.11055469512939453,False,16,2027
shuffle,4,0.8698273301124573,-0.016328096389770508,0.016328096389770508,-0.9826717376708984,0.9826717376708984,False,16,2027
shuffle,5,0.8686922192573547,0.007477998733520508,0.007477998733520508,1.3755006790161133,1.3755006790161133,False,16,2027
shuffle,6,0.9173635244369507,-0.024827241897583008,0.024827241897583008,-1.2709019184112549,1.2709019184112549,False,16,2027
shuffle,7,0.8507301211357117,-0.03952401876449585,0.03952401876449585,-1.6380305290222168,1.6380305290222168,False,16,2027
shuffle,8,0.8277137279510498,0.007335782051086426,0.007335782051086426,1.3212037086486816,1.3212037086486816,False,16,2027
shuffle,9,0.8766124248504639,-0.010824918746948242,0.010824918746948242,-0.7428731918334961,0.7428731918334961,False,16,2027
shuffle,10,0.9377896785736084,0.0012829303741455078,0.0012829303741455078,0.13811874389648438,0.13811874389648438,False,16,2027
shuffle,11,0.8055590391159058,0.0011559724807739258,0.0011559724807739258,0.12359476089477539,0.12359476089477539,False,16,2027
shuffle,12,0.9620218276977539,-0.04953962564468384,0.04953962564468384,-1.8326971530914307,1.8326971530914307,False,16,2027
shuffle,13,0.824852705001831,0.0036807656288146973,0.0036807656288146973,0.46082019805908203,0.46082019805908203,False,16,2027
shuffle,14,0.957750141620636,-0.018374741077423096,0.018374741077423096,-1.05955171585083,1.05955171585083,False,16,2027
shuffle,15,0.9801173806190491,0.001161336898803711,0.001161336898803711,0.12420654296875,0.12420654296875,False,16,2027
shuffle,16,0.859846830368042,-0.021892249584197998,0.021892249584197998,-1.1799142360687256,1.1799142360687256,False,16,2027
shuffle,17,0.8047486543655396,0.0015926957130432129,0.0015926957130432129,0.1744832992553711,0.1744832992553711,False,16,2027
shuffle,18,0.9660161137580872,-0.0011202096939086914,0.0011202096939086914,-0.10697412490844727,0.10697412490844727,False,16,2027
shuffle,19,0.9371852874755859,-0.0002592802047729492,0.0002592802047729492,-0.025777339935302734,0.025777339935302734,False,16,2027
shuffle,20,0.8336621522903442,-0.014843642711639404,0.014843642711639404,-0.9231874942779541,0.9231874942779541,False,16,2027
shuffle,21,0.8598668575286865,0.002465963363647461,0.002465963363647461,0.28458690643310547,0.28458690643310547,False,16,2027
shuffle,22,0.8431042432785034,0.00037866830825805664,0.00037866830825805664,0.038857460021972656,0.038857460021972656,False,16,2027
shuffle,23,0.908799409866333,-0.0047689080238342285,0.0047689080238342285,-0.39371776580810547,0.39371776580810547,False,16,2027
shuffle,24,0.9361695051193237,-0.008669614791870117,0.008669614791870117,-0.6316027641296387,0.6316027641296387,False,16,2027
shuffle,25,0.8590575456619263,0.007143735885620117,0.007143735885620117,1.252223014831543,1.252223014831543,False,16,2027
shuffle,26,0.945339024066925,-0.050869643688201904,0.050869643688201904,-1.8561921119689941,1.8561921119689941,False,16,2027
shuffle,27,0.8695089817047119,-0.0022844672203063965,0.0022844672203063965,-0.20745182037353516,0.20745182037353516,False,16,2027
shuffle,28,0.9263972043991089,0.0008527636528015137,0.0008527636528015137,0.08969593048095703,0.08969593048095703,False,16,2027
shuffle,29,0.9650093913078308,0.006009995937347412,0.006009995937347412,0.9199905395507812,0.9199905395507812,False,16,2027
uniform,0,0.8052549958229065,-0.009619832038879395,0.009619832038879395,-2.3721818923950195,2.3721818923950195,False,18,2027
shuffle,0,0.9913851618766785,-0.04419863224029541,0.04419863224029541,-3.856085777282715,3.856085777282715,False,18,2027
shuffle,1,0.26003775000572205,-0.001762092113494873,0.001762092113494873,-1.0175933837890625,1.0175933837890625,False,18,2027
shuffle,2,0.9729400277137756,-0.03911334276199341,0.03911334276199341,-3.731416940689087,3.731416940689087,False,18,2027
shuffle,3,0.9784737229347229,-0.0025815367698669434,0.0025815367698669434,-1.2781906127929688,1.2781906127929688,False,18,2027
shuffle,4,0.7631044983863831,-0.03623223304748535,0.03623223304748535,-3.6538867950439453,3.6538867950439453,False,18,2027
shuffle,5,0.7447113990783691,-0.0010505914688110352,0.0010505914688110352,-0.7190399169921875,0.7190399169921875,False,18,2027
shuffle,6,0.7444705963134766,-0.003864884376525879,0.003864884376525879,-1.5857248306274414,1.5857248306274414,False,18,2027
shuffle,7,0.7627586126327515,-0.0030553340911865234,0.0030553340911865234,-1.402907371520996,1.402907371520996,False,18,2027
shuffle,8,0.9594714641571045,-0.03543233871459961,0.03543233871459961,-3.6313371658325195,3.6313371658325195,False,18,2027
shuffle,9,0.9922887086868286,-0.007708847522735596,0.007708847522735596,-2.171875,2.171875,False,18,2027
shuffle,10,0.9729477763175964,-0.049482762813568115,0.049482762813568115,-3.9721994400024414,3.9721994400024414,False,18,2027
shuffle,11,0.9959168434143066,-0.0065860748291015625,0.0065860748291015625,-2.032717704772949,2.032717704772949,False,18,2027
shuffle,12,0.9727261066436768,-0.004414021968841553,0.004414021968841553,-1.6932144165039062,1.6932144165039062,False,18,2027
shuffle,13,0.25400978326797485,-0.001280665397644043,0.001280665397644043,-0.8255786895751953,0.8255786895751953,False,18,2027
shuffle,14,0.9966515898704529,-0.00785142183303833,0.00785142183303833,-2.1882495880126953,2.1882495880126953,False,18,2027
shuffle,15,0.9955341219902039,-0.004245936870574951,0.004245936870574951,-1.6615142822265625,1.6615142822265625,False,18,2027
shuffle,16,0.9926345348358154,-0.0874214768409729,0.0874214768409729,-4.57345724105835,4.57345724105835,False,18,2027
shuffle,17,0.2587985098361969,-0.00020897388458251953,0.00020897388458251953,-0.18993520736694336,0.18993520736694336,False,18,2027
shuffle,18,0.9763973355293274,-0.002385258674621582,0.002385258674621582,-1.2216386795043945,1.2216386795043945,False,18,2027
shuffle,19,0.9954023361206055,-0.04747176170349121,0.04747176170349121,-3.9294354915618896,3.9294354915618896,False,18,2027
shuffle,20,0.9679867029190063,-0.04775381088256836,0.04775381088256836,-3.935533046722412,3.935533046722412,False,18,2027
shuffle,21,0.9907885193824768,-0.04420393705368042,0.04420393705368042,-3.8562097549438477,3.8562097549438477,False,18,2027
shuffle,22,0.7575972080230713,-0.0025132298469543457,0.0025132298469543457,-1.2588872909545898,1.2588872909545898,False,18,2027
shuffle,23,0.7573325037956238,-0.0023090243339538574,0.0023090243339538574,-1.198798656463623,1.198798656463623,False,18,2027
shuffle,24,0.9765048027038574,-0.0199393630027771,0.0199393630027771,-3.061565637588501,3.061565637588501,False,18,2027
shuffle,25,0.25854143500328064,-0.0002092123031616211,0.0002092123031616211,-0.1901712417602539,0.1901712417602539,False,18,2027
shuffle,26,0.9903666377067566,-0.002625584602355957,0.002625584602355957,-1.2904796600341797,1.2904796600341797,False,18,2027
shuffle,27,0.9900270104408264,-0.005899012088775635,0.005899012088775635,-1.9370975494384766,1.9370975494384766,False,18,2027
shuffle,28,0.9727590084075928,-0.003120720386505127,0.003120720386505127,-1.4189825057983398,1.4189825057983398,False,18,2027
shuffle,29,0.2575339078903198,-0.0002181529998779297,0.0002181529998779297,-0.197540283203125,0.197540283203125,False,18,2027
uniform,0,0.75218665599823,-0.01315915584564209,0.01315915584564209,-3.688157558441162,3.688157558441162,False,51,2027
shuffle,0,0.97581946849823,-0.22219187021255493,0.22219187021255493,-6.728567004203796,6.728567004203796,False,51,2027
shuffle,1,0.9329637289047241,-0.11222660541534424,0.11222660541534424,-5.914760589599609,5.914760589599609,False,51,2027
shuffle,2,0.8657371997833252,-0.003792285919189453,0.003792285919189453,-2.4952940940856934,2.4952940940856934,False,51,2027
shuffle,3,0.9637596607208252,-0.0025445222854614258,0.0025445222854614258,-2.1347804069519043,2.1347804069519043,False,51,2027
shuffle,4,0.9824779033660889,-0.011362314224243164,0.011362314224243164,-3.543529987335205,3.543529987335205,False,51,2027
shuffle,5,0.9148285388946533,-0.035968124866485596,0.035968124866485596,-4.7008583545684814,4.7008583545684814,False,51,2027
shuffle,6,0.9680095911026001,-0.032341837882995605,0.032341837882995605,-4.59188985824585,4.59188985824585,False,51,2027
shuffle,7,0.9713447093963623,-0.030026257038116455,0.030026257038116455,-4.516016006469727,4.516016006469727,False,51,2027
shuffle,8,0.7314231395721436,-0.001015007495880127,0.001015007495880127,-1.3785772323608398,1.3785772323608398,False,51,2027
shuffle,9,0.8902144432067871,-0.004931151866912842,0.004931151866912842,-2.7397255897521973,2.7397255897521973,False,51,2027
shuffle,10,0.9929187893867493,-0.03658479452133179,0.03658479452133179,-4.7183403968811035,4.7183403968811035,False,51,2027
shuffle,11,0.9112858176231384,-0.10828912258148193,0.10828912258148193,-5.874727725982666,5.874727725982666,False,51,2027
shuffle,12,0.6429522037506104,-0.0006486177444458008,0.0006486177444458008,-1.063530445098877,1.063530445098877,False,51,2027
shuffle,13,0.46543562412261963,-0.00048792362213134766,0.00048792362213134766,-0.8865265846252441,0.8865265846252441,False,51,2027
shuffle,14,0.8660767078399658,-0.0030795931816101074,0.0030795931816101074,-2.305385112762451,2.305385112762451,False,51,2027
shuffle,15,0.9782271981239319,-0.010839641094207764,0.010839641094207764,-3.497313976287842,3.497313976287842,False,51,2027
shuffle,16,0.7121932506561279,-0.003247201442718506,0.003247201442718506,-2.3533802032470703,2.3533802032470703,False,51,2027
shuffle,17,0.9605390429496765,-0.04680663347244263,0.04680663347244263,-4.9733781814575195,4.9733781814575195,False,51,2027
shuffle,18,0.7256045341491699,-0.07794564962387085,0.07794564962387085,-5.513686180114746,5.513686180114746,False,51,2027
shuffle,19,0.884179949760437,-0.02669382095336914,0.02669382095336914,-4.396352529525757,4.396352529525757,False,51,2027
shuffle,20,0.928669273853302,-0.013386964797973633,0.013386964797973633,-3.7051191329956055,3.7051191329956055,False,51,2027
shuffle,21,0.7076065540313721,-0.07087725400924683,0.07087725400924683,-5.411420822143555,5.411420822143555,False,51,2027
shuffle,22,0.8635704517364502,-0.15635806322097778,0.15635806322097778,-6.296538949012756,6.296538949012756,False,51,2027
shuffle,23,0.9034860730171204,-0.0022521615028381348,0.0022521615028381348,-2.027731418609619,2.027731418609619,False,51,2027
shuffle,24,0.8722721338272095,-0.2917863726615906,0.2917863726615906,-7.094457745552063,7.094457745552063,False,51,2027
shuffle,25,0.7166266441345215,-0.009061098098754883,0.009061098098754883,-3.3222813606262207,3.3222813606262207,False,51,2027
shuffle,26,0.9640364050865173,-0.014597594738006592,0.014597594738006592,-3.7908568382263184,3.7908568382263184,False,51,2027
shuffle,27,0.9154847264289856,-0.2391943335533142,0.2391943335533142,-6.824303984642029,6.824303984642029,False,51,2027
shuffle,28,0.8386650681495667,-0.0354425311088562,0.0354425311088562,-4.685734272003174,4.685734272003174,False,51,2027
shuffle,29,0.9831010103225708,-0.0074013471603393555,0.0074013471603393555,-3.1264047622680664,3.1264047622680664,False,51,2027
uniform,0,0.6623896360397339,0.12597090005874634,0.12597090005874634,0.5360075831413269,0.5360075831413269,False,52,2027
shuffle,0,0.9487927556037903,0.2721027135848999,0.2721027135848999,1.3372364044189453,1.3372364044189453,False,52,2027
shuffle,1,0.8156198859214783,0.07894307374954224,0.07894307374954224,0.3276505470275879,0.3276505470275879,False,52,2027
shuffle,2,0.5838196277618408,0.08593255281448364,0.08593255281448364,0.35780733823776245,0.35780733823776245,False,52,2027
shuffle,3,0.5797444581985474,0.12203258275985718,0.12203258275985718,0.518010139465332,0.518010139465332,False,52,2027
shuffle,4,0.813956081867218,-0.02720576524734497,0.02720576524734497,-0.10951539874076843,0.10951539874076843,False,52,2027
shuffle,5,0.7883286476135254,0.19963204860687256,0.19963204860687256,0.8993151187896729,0.8993151187896729,False,52,2027
shuffle,6,0.6764658093452454,0.18216627836227417,0.18216627836227417,0.8077139854431152,0.8077139854431152,False,52,2027
shuffle,7,0.6910274028778076,-0.11585700511932373,0.11585700511932373,-0.465573251247406,0.465573251247406,True,52,2027
shuffle,8,0.5905930995941162,0.014793813228607178,0.014793813228607178,0.06004324555397034,0.06004324555397034,False,52,2027
shuffle,9,0.5921072959899902,0.08394730091094971,0.08394730091094971,0.3492164611816406,0.3492164611816406,False,52,2027
shuffle,10,0.8990440368652344,0.1756371259689331,0.1756371259689331,0.7744727730751038,0.7744727730751038,False,52,2027
shuffle,11,0.8726930618286133,0.2957773208618164,0.2957773208618164,1.5105903148651123,1.5105903148651123,False,52,2027
shuffle,12,0.9372857213020325,0.16277605295181274,0.16277605295181274,0.7104214429855347,0.7104214429855347,False,52,2027
shuffle,13,0.8776367902755737,0.15662360191345215,0.15662360191345215,0.6804008483886719,0.6804008483886719,False,52,2027
shuffle,14,0.36799898743629456,0.009238779544830322,0.009238779544830322,0.03744599223136902,0.03744599223136902,False,52,2027
shuffle,15,0.8285266757011414,0.1260300874710083,0.1260300874710083,0.5362793207168579,0.5362793207168579,False,52,2027
shuffle,16,0.9424893856048584,0.06464791297912598,0.06464791297912598,0.26669400930404663,0.26669400930404663,False,52,2027
shuffle,17,0.8456838130950928,0.1666264533996582,0.1666264533996582,0.7294080257415771,0.7294080257415771,False,52,2027
shuffle,18,0.9660578370094299,0.2621421217918396,0.2621421217918396,1.2698321342468262,1.2698321342468262,False,52,2027
shuffle,19,0.7360777258872986,0.02289295196533203,0.02289295196533203,0.09311506152153015,0.09311506152153015,False,52,2027
shuffle,20,0.9096699953079224,0.10466229915618896,0.10466229915618896,0.43991976976394653,0.43991976976394653,False,52,2027
shuffle,21,0.6539283394813538,0.20786231756210327,0.20786231756210327,0.9439730644226074,0.9439730644226074,False,52,2027
shuffle,22,0.8813593983650208,0.19868427515029907,0.19868427515029907,0.8942368030548096,0.8942368030548096,False,52,2027
shuffle,23,0.6209973096847534,0.0977632999420166,0.0977632999420166,0.40944015979766846,0.40944015979766846,False,52,2027
shuffle,24,0.9587293267250061,0.00034821033477783203,0.00034821033477783203,0.0014086514711380005,0.0014086514711380005,False,52,2027
shuffle,25,0.7055583000183105,0.07513493299484253,0.07513493299484253,0.3113204836845398,0.3113204836845398,False,52,2027
shuffle,26,0.8405696153640747,0.25321394205093384,0.25321394205093384,1.2117551565170288,1.2117551565170288,False,52,2027
shuffle,27,0.8192921876907349,0.21040916442871094,0.21040916442871094,0.9580042362213135,0.9580042362213135,False,52,2027
shuffle,28,0.9074159264564514,0.029413163661956787,0.029413163661956787,0.11985895037651062,0.11985895037651062,False,52,2027
shuffle,29,0.9183029532432556,-0.21923750638961792,0.21923750638961792,-0.9042165875434875,0.9042165875434875,True,52,2027
uniform,0,0.7768228054046631,-0.21919924020767212,0.21919924020767212,-1.2627548575401306,1.2627548575401306,False,56,2027
shuffle,0,0.9901351928710938,-0.20659929513931274,0.20659929513931274,-1.2071056962013245,1.2071056962013245,False,56,2027
shuffle,1,0.8614230155944824,-0.5863626897335052,0.5863626897335052,-2.8137866854667664,2.8137866854667664,True,56,2027
shuffle,2,0.8328301906585693,-0.12413448095321655,0.12413448095321655,-0.8117320537567139,0.8117320537567139,False,56,2027
shuffle,3,0.9892449378967285,-0.4555453062057495,0.4555453062057495,-2.2299461662769318,2.2299461662769318,True,56,2027
shuffle,4,0.6756942272186279,-0.19772571325302124,0.19772571325302124,-1.1673164367675781,1.1673164367675781,False,56,2027
shuffle,5,0.9880041480064392,-0.04710030555725098,0.04710030555725098,-0.3578934669494629,0.3578934669494629,False,56,2027
shuffle,6,0.9873692989349365,-0.259604811668396,0.259604811668396,-1.4356520175933838,1.4356520175933838,False,56,2027
shuffle,7,0.9871729016304016,-0.48525288701057434,0.48525288701057434,-2.3541948795318604,2.3541948795318604,True,56,2027
shuffle,8,0.8578901290893555,-0.12289398908615112,0.12289398908615112,-0.8052376508712769,0.8052376508712769,False,56,2027
shuffle,9,0.8348859548568726,-0.24327164888381958,0.24327164888381958,-1.3666648864746094,1.3666648864746094,False,56,2027
shuffle,10,0.9886311292648315,-0.2527940273284912,0.2527940273284912,-1.407017558813095,1.407017558813095,False,56,2027
shuffle,11,0.6597306132316589,0.028791308403015137,0.028791308403015137,0.27541089057922363,0.27541089057922363,False,56,2027
shuffle,12,0.6817623376846313,-0.3415295481681824,0.3415295481681824,-1.769949421286583,1.769949421286583,False,56,2027
shuffle,13,0.7329090237617493,-0.4232691526412964,0.4232691526412964,-2.097978562116623,2.097978562116623,True,56,2027
shuffle,14,0.6601325869560242,-0.14368778467178345,0.14368778467178345,-0.9115545749664307,0.9115545749664307,False,56,2027
shuffle,15,0.988692045211792,-0.31618160009384155,0.31618160009384155,-1.6679603606462479,1.6679603606462479,False,56,2027
shuffle,16,0.8585379123687744,-0.19641435146331787,0.19641435146331787,-1.1613914370536804,1.1613914370536804,False,56,2027
shuffle,17,0.9904006719589233,-0.46470630168914795,0.46470630168914795,-2.2679259181022644,2.2679259181022644,True,56,2027
shuffle,18,0.6978825330734253,-0.10951453447341919,0.10951453447341919,-0.7338292598724365,0.7338292598724365,False,56,2027
shuffle,19,0.9889000654220581,-0.27881354093551636,0.27881354093551636,-1.5155162811279297,1.5155162811279297,False,56,2027
shuffle,20,0.8186495900154114,-0.21943432092666626,0.21943432092666626,-1.263784110546112,1.263784110546112,False,56,2027
shuffle,21,0.9890773296356201,-0.48983943462371826,0.48983943462371826,-2.373685121536255,2.373685121536255,True,56,2027
shuffle,22,0.661786675453186,-0.08225613832473755,0.08225613832473755,-0.5795263051986694,0.5795263051986694,False,56,2027
shuffle,23,0.8297985196113586,-0.47646090388298035,0.47646090388298035,-2.31708100438118,2.31708100438118,True,56,2027
shuffle,24,0.8156386613845825,-0.2627868056297302,0.2627868056297302,-1.4489699006080627,1.4489699006080627,False,56,2027
shuffle,25,0.7309398651123047,-0.09643197059631348,0.09643197059631348,-0.6613771915435791,0.6613771915435791,False,56,2027
shuffle,26,0.988960862159729,-0.38800522685050964,0.38800522685050964,-1.9559882879257202,1.9559882879257202,True,56,2027
shuffle,27,0.8338119387626648,-0.4240180552005768,0.4240180552005768,-2.101014018058777,2.101014018058777,True,56,2027
shuffle,28,0.8567333817481995,-0.22832059860229492,0.22832059860229492,-1.3024744391441345,1.3024744391441345,False,56,2027
shuffle,29,0.833183765411377,-0.6990921646356583,0.6990921646356583,-3.4743306636810303,3.4743306636810303,True,56,2027
uniform,0,0.814732551574707,-0.006285667419433594,0.006285667419433594,-4.106010437011719,4.106010437011719,False,57,2027
shuffle,0,0.981206476688385,-0.03480422496795654,0.03480422496795654,-5.832915782928467,5.832915782928467,False,57,2027
shuffle,1,0.9001060724258423,-0.0033419132232666016,0.0033419132232666016,-3.48580265045166,3.48580265045166,False,57,2027
shuffle,2,0.9043163061141968,-0.00036656856536865234,0.00036656856536865234,-1.4954471588134766,1.4954471588134766,False,57,2027
shuffle,3,0.9876129627227783,-0.10235780477523804,0.10235780477523804,-6.982213020324707,6.982213020324707,False,57,2027
shuffle,4,0.9908333420753479,-0.0067855119705200195,0.0067855119705200195,-4.181804656982422,4.181804656982422,False,57,2027
shuffle,5,0.8902274370193481,-0.002598583698272705,0.002598583698272705,-3.242231845855713,3.242231845855713,False,57,2027
shuffle,6,0.9821967482566833,-0.03228867053985596,0.03228867053985596,-5.755525588989258,5.755525588989258,False,57,2027
shuffle,7,0.9852972030639648,-0.004642486572265625,0.004642486572265625,-3.807190418243408,3.807190418243408,False,57,2027
shuffle,8,0.9866243600845337,-0.04482346773147583,0.04482346773147583,-6.09566593170166,6.09566593170166,False,57,2027
shuffle,9,0.9863462448120117,-0.002726256847381592,0.002726256847381592,-3.288517475128174,3.288517475128174,False,57,2027
shuffle,10,0.9823343753814697,-0.08866047859191895,0.08866047859191895,-6.823566675186157,6.823566675186157,False,57,2027
shuffle,11,0.9812246561050415,-0.002122342586517334,0.002122342586517334,-3.048088550567627,3.048088550567627,False,57,2027
shuffle,12,0.9910960793495178,-0.006307542324066162,0.006307542324066162,-4.109445095062256,4.109445095062256,False,57,2027
shuffle,13,0.10234296321868896,-6.836652755737305e-05,6.836652755737305e-05,-0.49829673767089844,0.49829673767089844,False,57,2027
shuffle,14,0.9927136898040771,-0.00626981258392334,0.00626981258392334,-4.103501319885254,4.103501319885254,False,57,2027
shuffle,15,0.9918501377105713,-0.043907999992370605,0.043907999992370605,-6.074121475219727,6.074121475219727,False,57,2027
shuffle,16,0.08757133036851883,4.172325134277344e-06,4.172325134277344e-06,0.040615081787109375,0.040615081787109375,False,57,2027
shuffle,17,0.9819918870925903,-0.03971654176712036,0.03971654176712036,-5.969671249389648,5.969671249389648,False,57,2027
shuffle,18,0.8949204683303833,-0.02386796474456787,0.02386796474456787,-5.445836067199707,5.445836067199707,False,57,2027
shuffle,19,0.9960386753082275,-0.10867726802825928,0.10867726802825928,-7.049126386642456,7.049126386642456,False,57,2027
shuffle,20,0.981206476688385,-0.00011986494064331055,0.00011986494064331055,-0.7569847106933594,0.7569847106933594,False,57,2027
shuffle,21,0.10240358859300613,-3.6716461181640625e-05,3.6716461181640625e-05,-0.29718780517578125,0.29718780517578125,False,57,2027
shuffle,22,0.9954124689102173,-0.015612542629241943,0.015612542629241943,-5.015286922454834,5.015286922454834,False,57,2027
shuffle,23,0.9927517175674438,-0.12131643295288086,0.12131643295288086,-7.173328161239624,7.173328161239624,False,57,2027
shuffle,24,0.9055829644203186,-0.009433209896087646,0.009433209896087646,-4.509591102600098,4.509591102600098,False,57,2027
shuffle,25,0.9858391284942627,-0.05172842741012573,0.05172842741012573,-6.2458813190460205,6.2458813190460205,False,57,2027
shuffle,26,0.9036625027656555,-0.0035123825073242188,0.0035123825073242188,-3.53424072265625,3.53424072265625,False,57,2027
shuffle,27,0.9873941540718079,-0.02999335527420044,0.02999335527420044,-5.679664611816406,5.679664611816406,False,57,2027
shuffle,28,0.9087214469909668,-0.00024712085723876953,0.00024712085723876953,-1.203843116760254,1.203843116760254,False,57,2027
shuffle,29,0.8999403119087219,-0.002699732780456543,0.002699732780456543,-3.2790699005126953,3.2790699005126953,False,57,2027
uniform,0,0.5854180455207825,-0.06959712505340576,0.06959712505340576,-1.1488218307495117,1.1488218307495117,False,74,2027
shuffle,0,0.7360823750495911,0.0021722912788391113,0.0021722912788391113,0.06427478790283203,0.06427478790283203,False,74,2027
shuffle,1,0.5193706750869751,-0.10806667804718018,0.10806667804718018,-1.5031269788742065,1.5031269788742065,False,74,2027
shuffle,2,0.7205620408058167,-0.08145421743392944,0.08145421743392944,-1.2684693336486816,1.2684693336486816,False,74,2027
shuffle,3,0.6963875889778137,-0.011205971240997314,0.011205971240997314,-0.2818882465362549,0.2818882465362549,False,74,2027
shuffle,4,0.6905820965766907,-0.08711844682693481,0.08711844682693481,-1.3219597339630127,1.3219597339630127,False,74,2027
shuffle,5,0.7360823750495911,-0.08842480182647705,0.08842480182647705,-1.3339945077896118,1.3339945077896118,False,74,2027
shuffle,6,0.6877261996269226,-0.17205852270126343,0.17205852270126343,-1.9481260776519775,1.9481260776519775,False,74,2027
shuffle,7,0.7999705076217651,-0.1330748200416565,0.1330748200416565,-1.6927242279052734,1.6927242279052734,False,74,2027
shuffle,8,0.5111834406852722,-0.05106586217880249,0.05106586217880249,-0.9355907440185547,0.9355907440185547,False,74,2027
shuffle,9,0.6882272362709045,-0.0075806379318237305,0.0075806379318237305,-0.19839930534362793,0.19839930534362793,False,74,2027
shuffle,10,0.810624897480011,-0.13039237260818481,0.13039237260818481,-1.6735193729400635,1.6735193729400635,False,74,2027
shuffle,11,0.6263211965560913,-0.21503782272338867,0.21503782272338867,-2.1916176080703735,2.1916176080703735,False,74,2027
shuffle,12,0.8313758373260498,-0.18598592281341553,0.18598592281341553,-2.030629515647888,2.030629515647888,False,74,2027
shuffle,13,0.6528773903846741,-0.05105215311050415,0.05105215311050415,-0.9354195594787598,0.9354195594787598,False,74,2027
shuffle,14,0.6612821817398071,-0.05272108316421509,0.05272108316421509,-0.956212043762207,0.956212043762207,False,74,2027
shuffle,15,0.8029200434684753,-0.20973235368728638,0.20973235368728638,-2.1632074117660522,2.1632074117660522,False,74,2027
shuffle,16,0.6940057873725891,-0.08036446571350098,0.08036446571350098,-1.2579240798950195,1.2579240798950195,False,74,2027
shuffle,17,0.9396554827690125,-0.00648188591003418,0.00648188591003418,-0.17178726196289062,0.17178726196289062,False,74,2027
shuffle,18,0.6964436769485474,-0.004698395729064941,0.004698395729064941,-0.12716341018676758,0.12716341018676758,False,74,2027
shuffle,19,0.4867953956127167,-0.037113070487976074,0.037113070487976074,-0.746030330657959,0.746030330657959,False,74,2027
shuffle,20,0.8521266579627991,0.010150671005249023,0.010150671005249023,0.34038257598876953,0.34038257598876953,False,74,2027
shuffle,21,0.8284637331962585,-0.0642213225364685,0.0642213225364685,-1.0906398296356201,1.0906398296356201,False,74,2027
shuffle,22,0.7124977707862854,-0.013930737972259521,0.013930737972259521,-0.3407306671142578,0.3407306671142578,False,74,2027
shuffle,23,0.7206581234931946,0.01326000690460205,0.01326000690460205,0.4710879325866699,0.4710879325866699,False,74,2027
shuffle,24,0.5952886939048767,-0.15316492319107056,0.15316492319107056,-1.8294037580490112,1.8294037580490112,False,74,2027
shuffle,25,0.9362318515777588,-0.10153859853744507,0.10153859853744507,-1.449196457862854,1.449196457862854,False,74,2027
shuffle,26,0.6940057873725891,-0.03373974561691284,0.03373974561691284,-0.6952419281005859,0.6952419281005859,False,74,2027
shuffle,27,0.660674512386322,-0.08788484334945679,0.08788484334945679,-1.3290337324142456,1.3290337324142456,False,74,2027
shuffle,28,0.8312235474586487,-0.1454315185546875,0.1454315185546875,-1.7781965732574463,1.7781965732574463,False,74,2027
shuffle,29,0.6582635045051575,-0.1760261058807373,0.1760261058807373,-1.9720282554626465,1.9720282554626465,False,74,2027
uniform,0,0.8231195211410522,-0.35873061418533325,0.35873061418533325,-2.3296222388744354,2.3296222388744354,False,88,2027
shuffle,0,0.9836348295211792,-0.38564032316207886,0.38564032316207886,-2.438883975148201,2.438883975148201,False,88,2027
shuffle,1,0.8947252035140991,-0.10306715965270996,0.10306715965270996,-1.0449714660644531,1.0449714660644531,False,88,2027
shuffle,2,0.9820924401283264,-0.5086735486984253,0.5086735486984253,-2.9339534044265747,2.9339534044265747,True,88,2027
shuffle,3,0.9752928018569946,-0.49923744797706604,0.49923744797706604,-2.8954232037067413,2.8954232037067413,True,88,2027
shuffle,4,0.8886529803276062,-0.33929508924484253,0.33929508924484253,-2.2496337294578552,2.2496337294578552,False,88,2027
shuffle,5,0.9729214906692505,-0.7344853729009628,0.7344853729009628,-4.025408029556274,4.025408029556274,True,88,2027
shuffle,6,0.9461483359336853,-0.4571220874786377,0.4571220874786377,-2.72544501721859,2.72544501721859,True,88,2027
shuffle,7,0.9418439865112305,-0.14705437421798706,0.14705437421798706,-1.3290050029754639,1.3290050029754639,False,88,2027
shuffle,8,0.9851670861244202,-0.8330171406269073,0.8330171406269073,-4.829178094863892,4.829178094863892,True,88,2027
shuffle,9,0.8856812119483948,-0.2534734010696411,0.2534734010696411,-1.8775194883346558,1.8775194883346558,False,88,2027
shuffle,10,0.9290230870246887,-0.18074607849121094,0.18074607849121094,-1.5187592506408691,1.5187592506408691,False,88,2027
shuffle,11,0.98415607213974,-0.4177003502845764,0.4177003502845764,-2.5676615983247757,2.5676615983247757,False,88,2027
shuffle,12,0.8910739421844482,-0.7388255447149277,0.7388255447149277,-4.05295729637146,4.05295729637146,True,88,2027
shuffle,13,0.9797778129577637,-0.2988683581352234,0.2988683581352234,-2.079019844532013,2.079019844532013,False,88,2027
shuffle,14,0.924691915512085,-0.07171130180358887,0.07171130180358887,-0.8046061992645264,0.8046061992645264,False,88,2027
shuffle,15,0.9286200404167175,-0.8202677816152573,0.8202677816152573,-4.694441795349121,4.694441795349121,True,88,2027
shuffle,16,0.8966636061668396,-0.3130590319633484,0.3130590319633484,-2.1396785974502563,2.1396785974502563,False,88,2027
shuffle,17,0.9791500568389893,-0.766946941614151,0.766946941614151,-4.244046092033386,4.244046092033386,True,88,2027
shuffle,18,0.9508233070373535,-0.6457146406173706,0.6457146406173706,-3.5378412008285522,3.5378412008285522,True,88,2027
shuffle,19,0.9389564394950867,-0.34160780906677246,0.34160780906677246,-2.259209930896759,2.259209930896759,False,88,2027
shuffle,20,0.9850695133209229,-0.34021759033203125,0.34021759033203125,-2.2534554600715637,2.2534554600715637,False,88,2027
shuffle,21,0.8543717861175537,-0.02740192413330078,0.02740192413330078,-0.37094879150390625,0.37094879150390625,False,88,2027
shuffle,22,0.967093288898468,-0.6276645660400391,0.6276645660400391,-3.451185703277588,3.451185703277588,True,88,2027
shuffle,23,0.9830197095870972,-0.8218126222491264,0.8218126222491264,-4.710029125213623,4.710029125213623,True,88,2027
shuffle,24,0.9829708933830261,-0.4407018721103668,0.4407018721103668,-2.6596880704164505,2.6596880704164505,True,88,2027
shuffle,25,0.9843544960021973,-0.7395069152116776,0.7395069152116776,-4.057324647903442,4.057324647903442,True,88,2027
shuffle,26,0.8956066370010376,-0.5378627181053162,0.5378627181053162,-3.054720789194107,3.054720789194107,True,88,2027
shuffle,27,0.9404336214065552,-0.08562445640563965,0.08562445640563965,-0.9162204265594482,0.9162204265594482,False,88,2027
shuffle,28,0.8686988353729248,-0.3984031081199646,0.3984031081199646,-2.4902763068675995,2.4902763068675995,False,88,2027
shuffle,29,0.9367095232009888,-0.27706462144851685,0.27706462144851685,-1.9838189482688904,1.9838189482688904,False,88,2027
uniform,0,0.7209168672561646,-0.19732004404067993,0.19732004404067993,-1.1098031997680664,1.1098031997680664,False,101,2027
shuffle,0,0.9443243741989136,-0.22036832571029663,0.22036832571029663,-1.2102230191230774,1.2102230191230774,False,101,2027
shuffle,1,0.25559109449386597,-0.005434572696685791,0.005434572696685791,-0.04240238666534424,0.04240238666534424,False,101,2027
shuffle,2,0.9535812735557556,-0.5808893740177155,0.5808893740177155,-2.7386369109153748,2.7386369109153748,True,101,2027
shuffle,3,0.8226823806762695,0.03360879421234131,0.03360879421234131,0.2957805395126343,0.2957805395126343,False,101,2027
shuffle,4,0.8889622092247009,-0.12272441387176514,0.12272441387176514,-0.7586919069290161,0.7586919069290161,False,101,2027
shuffle,5,0.9162854552268982,-0.24130523204803467,0.24130523204803467,-1.2991890907287598,1.2991890907287598,False,101,2027
shuffle,6,0.8893924951553345,-0.1952444314956665,0.1952444314956665,-1.1006122827529907,1.1006122827529907,False,101,2027
shuffle,7,0.8142077326774597,-0.29878467321395874,0.29878467321395874,-1.5357111096382141,1.5357111096382141,False,101,2027
shuffle,8,0.889270544052124,-0.6609456539154053,0.6609456539154053,-3.1931769847869873,3.1931769847869873,True,101,2027
shuffle,9,0.8945227861404419,-0.38765835762023926,0.38765835762023926,-1.8922512829303741,1.8922512829303741,True,101,2027
shuffle,10,0.9452044367790222,-0.10638308525085449,0.10638308525085449,-0.6743243932723999,0.6743243932723999,False,101,2027
shuffle,11,0.8387565016746521,0.0054596662521362305,0.0054596662521362305,0.04391014575958252,0.04391014575958252,False,101,2027
shuffle,12,0.8146068453788757,-0.19952160120010376,0.19952160120010376,-1.1195237040519714,1.1195237040519714,False,101,2027
shuffle,13,0.8242613673210144,-0.18164193630218506,0.18164193630218506,-1.0396994948387146,1.0396994948387146,False,101,2027
shuffle,14,0.960430383682251,-0.11095023155212402,0.11095023155212402,-0.6982475519180298,0.6982475519180298,False,101,2027
shuffle,15,0.927125096321106,-0.3221406936645508,0.3221406936645508,-1.6297941654920578,1.6297941654920578,False,101,2027
shuffle,16,0.9414544701576233,-0.6793139725923538,0.6793139725923538,-3.3168481588363647,3.3168481588363647,True,101,2027
shuffle,17,0.25021833181381226,0.00012224912643432617,0.00012224912643432617,0.0009680986404418945,0.0009680986404418945,False,101,2027
shuffle,18,0.917305052280426,-0.11823165416717529,0.11823165416717529,-0.7358293533325195,0.7358293533325195,False,101,2027
shuffle,19,0.9290028810501099,-0.644285649061203,0.644285649061203,-3.088660478591919,3.088660478591919,True,101,2027
shuffle,20,0.9177437424659729,-0.3920881152153015,0.3920881152153015,-1.9100740849971771,1.9100740849971771,True,101,2027
shuffle,21,0.8755308985710144,-0.230357825756073,0.230357825756073,-1.252910077571869,1.252910077571869,False,101,2027
shuffle,22,0.8981614112854004,-0.04924201965332031,0.04924201965332031,-0.3463401794433594,0.3463401794433594,False,101,2027
shuffle,23,0.9153189659118652,0.09875965118408203,0.09875965118408203,1.2067469358444214,1.2067469358444214,False,101,2027
shuffle,24,0.8128074407577515,-0.2821694612503052,0.2821694612503052,-1.468230426311493,1.468230426311493,False,101,2027
shuffle,25,0.18310046195983887,0.007505357265472412,0.007505357265472412,0.060722947120666504,0.060722947120666504,False,101,2027
shuffle,26,0.9054539203643799,-0.1030091643333435,0.1030091643333435,-0.6564699411392212,0.6564699411392212,False,101,2027
shuffle,27,0.8234091401100159,-0.32540106773376465,0.32540106773376465,-1.6428767293691635,1.6428767293691635,False,101,2027
shuffle,28,0.7629790306091309,-0.15002977848052979,0.15002977848052979,-0.8928717970848083,0.8928717970848083,False,101,2027
shuffle,29,0.8645788431167603,-0.20211255550384521,0.20211255550384521,-1.1309263706207275,1.1309263706207275,False,101,2027
uniform,0,0.600913941860199,-0.00010019540786743164,0.00010019540786743164,-0.2568826675415039,0.2568826675415039,False,103,2027
shuffle,0,0.756905198097229,0.00020432472229003906,0.00020432472229003906,0.9097490310668945,0.9097490310668945,False,103,2027
shuffle,1,0.7084152698516846,0.00013321638107299805,0.00013321638107299805,0.4934968948364258,0.4934968948364258,False,103,2027
shuffle,2,0.48939627408981323,8.410215377807617e-05,8.410215377807617e-05,0.28213977813720703,0.28213977813720703,False,103,2027
shuffle,3,0.7599191665649414,-5.5730342864990234e-05,5.5730342864990234e-05,-0.15120410919189453,0.15120410919189453,False,103,2027
shuffle,4,0.8316968083381653,8.529424667358398e-05,8.529424667358398e-05,0.2868070602416992,0.2868070602416992,False,103,2027
shuffle,5,0.8123025298118591,-0.00038439035415649414,0.00038439035415649414,-0.7536091804504395,0.7536091804504395,False,103,2027
shuffle,6,0.7200154662132263,-0.00019890069961547852,0.00019890069961547852,-0.4584946632385254,0.4584946632385254,False,103,2027
shuffle,7,0.3004051148891449,2.8371810913085938e-05,2.8371810913085938e-05,0.0865182876586914,0.0865182876586914,False,103,2027
shuffle,8,0.6144619584083557,-0.00029224157333374023,0.00029224157333374023,-0.6178607940673828,0.6178607940673828,False,103,2027
shuffle,9,0.8032175302505493,0.00014728307723999023,0.00014728307723999023,0.562932014465332,0.562932014465332,False,103,2027
shuffle,10,0.6796854734420776,-8.362531661987305e-05,8.362531661987305e-05,-0.21885013580322266,0.21885013580322266,False,103,2027
shuffle,11,0.8234855532646179,0.0002143383026123047,0.0002143383026123047,0.9852285385131836,0.9852285385131836,False,103,2027
shuffle,12,0.5307908654212952,7.50422477722168e-05,7.50422477722168e-05,0.24784088134765625,0.24784088134765625,False,103,2027
shuffle,13,0.9001836180686951,-0.0009601116180419922,0.0009601116180419922,-1.337646484375,1.337646484375,False,103,2027
shuffle,14,0.751783013343811,-0.0004509091377258301,0.0004509091377258301,-0.841280460357666,0.841280460357666,False,103,2027
shuffle,15,0.6604996919631958,-7.361173629760742e-05,7.361173629760742e-05,-0.19518470764160156,0.19518470764160156,False,103,2027
shuffle,16,0.7679387331008911,-0.00014638900756835938,0.00014638900756835938,-0.35643959045410156,0.35643959045410156,False,103,2027
shuffle,17,0.7267940640449524,0.00011736154556274414,0.00011736154556274414,0.41995906829833984,0.41995906829833984,False,103,2027
shuffle,18,0.6396434307098389,-0.0008614063262939453,0.0008614063262939453,-1.2587356567382812,1.2587356567382812,False,103,2027
shuffle,19,0.6738613247871399,-0.0001367330551147461,0.0001367330551147461,-0.3364715576171875,0.3364715576171875,False,103,2027
shuffle,20,0.7599190473556519,-0.0002244114875793457,0.0002244114875793457,-0.5045442581176758,0.5045442581176758,False,103,2027
shuffle,21,0.8379567265510559,-0.00014960765838623047,0.00014960765838623047,-0.36287832260131836,0.36287832260131836,False,103,2027
shuffle,22,0.906944990158081,0.000209808349609375,0.000209808349609375,0.9498815536499023,0.9498815536499023,False,103,2027
shuffle,23,0.7870116233825684,-0.0003184676170349121,0.0003184676170349121,-0.6584072113037109,0.6584072113037109,False,103,2027
shuffle,24,0.32379093766212463,3.707408905029297e-05,3.707408905029297e-05,0.11469173431396484,0.11469173431396484,False,103,2027
shuffle,25,0.9064646363258362,5.513429641723633e-05,5.513429641723633e-05,0.17586135864257812,0.17586135864257812,False,103,2027
shuffle,26,0.7677227258682251,0.00023829936981201172,0.00023829936981201172,1.1926021575927734,1.1926021575927734,False,103,2027
shuffle,27,0.7960129976272583,6.0498714447021484e-05,6.0498714447021484e-05,0.19476699829101562,0.19476699829101562,False,103,2027
shuffle,28,0.6355702877044678,-0.00011789798736572266,0.00011789798736572266,-0.2964935302734375,0.2964935302734375,False,103,2027
shuffle,29,0.45637768507003784,-0.00010389089584350586,0.00010389089584350586,-0.2653188705444336,0.2653188705444336,False,103,2027
uniform,0,0.7279551029205322,-0.207608163356781,0.207608163356781,-1.2767409086227417,1.2767409086227417,False,121,2027
shuffle,0,0.9426586031913757,-0.316118061542511,0.316118061542511,-1.7391519248485565,1.7391519248485565,False,121,2027
shuffle,1,0.9110739231109619,-0.23492085933685303,0.23492085933685303,-1.3984018564224243,1.3984018564224243,False,121,2027
shuffle,2,0.9706951975822449,-0.36535972356796265,0.36535972356796265,-1.937548667192459,1.937548667192459,False,121,2027
shuffle,3,0.3244542181491852,-0.0414925217628479,0.0414925217628479,-0.34667694568634033,0.34667694568634033,False,121,2027
shuffle,4,0.9115240573883057,-0.19314169883728027,0.19314169883728027,-1.2102176547050476,1.2102176547050476,False,121,2027
shuffle,5,0.3069606423377991,0.007763862609863281,0.007763862609863281,0.07605421543121338,0.07605421543121338,False,121,2027
shuffle,6,0.9040678143501282,-0.34606027603149414,0.34606027603149414,-1.8601482808589935,1.8601482808589935,False,121,2027
shuffle,7,0.8895787596702576,-0.3622360825538635,0.3622360825538635,-1.9250397682189941,1.9250397682189941,False,121,2027
shuffle,8,0.9501752257347107,-0.11651265621185303,0.11651265621185303,-0.8231948614120483,0.8231948614120483,False,121,2027
shuffle,9,0.7936960458755493,0.019615769386291504,0.019615769386291504,0.20161926746368408,0.20161926746368408,False,121,2027
shuffle,10,0.9197732210159302,-0.3656519055366516,0.3656519055366516,-1.9387186020612717,1.9387186020612717,False,121,2027
shuffle,11,0.8705683946609497,-0.1293874979019165,0.1293874979019165,-0.8933404684066772,0.8933404684066772,False,121,2027
shuffle,12,0.8794235587120056,-0.08112877607345581,0.08112877607345581,-0.615371584892273,0.615371584892273,False,121,2027
shuffle,13,0.9586384296417236,-0.40711280703544617,0.40711280703544617,-2.1046787947416306,2.1046787947416306,True,121,2027
shuffle,14,0.9381555318832397,-0.2359527349472046,0.2359527349472046,-1.4029098153114319,1.4029098153114319,False,121,2027
shuffle,15,0.9069653749465942,-0.2147693634033203,0.2147693634033203,-1.3091052174568176,1.3091052174568176,False,121,2027
shuffle,16,0.9373679161071777,-0.3350794315338135,0.3350794315338135,-1.8159385919570923,1.8159385919570923,False,121,2027
shuffle,17,0.7348268032073975,-0.2479211688041687,0.2479211688041687,-1.4547802209854126,1.4547802209854126,False,121,2027
shuffle,18,0.8940882682800293,-0.37875765562057495,0.37875765562057495,-1.9911595731973648,1.9911595731973648,False,121,2027
shuffle,19,0.9445695281028748,-0.12545186281204224,0.12545186281204224,-0.8721650838851929,0.8721650838851929,False,121,2027
shuffle,20,0.9429104328155518,-0.3555467128753662,0.3555467128753662,-1.8982310444116592,1.8982310444116592,False,121,2027
shuffle,21,0.943943977355957,-0.20543348789215088,0.20543348789215088,-1.2668411135673523,1.2668411135673523,False,121,2027
shuffle,22,0.8866744637489319,0.024280428886413574,0.024280428886413574,0.25469839572906494,0.25469839572906494,False,121,2027
shuffle,23,0.9067287445068359,-0.397291898727417,0.397291898727417,-2.065321132540703,2.065321132540703,True,121,2027
shuffle,24,0.7107844948768616,-0.2159309983253479,0.2159309983253479,-1.314322054386139,1.314322054386139,False,121,2027
shuffle,25,0.9102482199668884,-0.2988705039024353,0.2988705039024353,-1.6686437726020813,1.6686437726020813,False,121,2027
shuffle,26,0.8959306478500366,-0.3683074116706848,0.3683074116706848,-1.9493483901023865,1.9493483901023865,False,121,2027
shuffle,27,0.8920731544494629,-0.04315364360809326,0.04315364360809326,-0.35893380641937256,0.35893380641937256,False,121,2027
shuffle,28,0.9401094317436218,-0.31162095069885254,0.31162095069885254,-1.7208362519741058,1.7208362519741058,False,121,2027
shuffle,29,0.9212789535522461,-0.11429482698440552,0.11429482698440552,-0.810848593711853,0.810848593711853,False,121,2027
uniform,0,0.6643474102020264,-0.254274845123291,0.254274845123291,-1.7105466723442078,1.7105466723442078,False,123,2027
shuffle,0,0.8907468318939209,-0.3804556131362915,0.3804556131362915,-2.2387185245752335,2.2387185245752335,False,123,2027
shuffle,1,0.8943967819213867,-0.21937257051467896,0.21937257051467896,-1.5504875779151917,1.5504875779151917,False,123,2027
shuffle,2,0.8907467722892761,-0.37013888359069824,0.37013888359069824,-2.197186827659607,2.197186827659607,False,123,2027
shuffle,3,0.8956719040870667,-0.2843916416168213,0.2843916416168213,-1.842262625694275,1.842262625694275,False,123,2027
shuffle,4,0.6731420159339905,-0.47472742199897766,0.47472742199897766,-2.6171685457229614,2.6171685457229614,True,123,2027
shuffle,5,0.8804279565811157,-0.4741124212741852,0.4741124212741852,-2.614673465490341,2.614673465490341,True,123,2027
shuffle,6,0.8865460753440857,-0.6163880228996277,0.6163880228996277,-3.230960726737976,3.230960726737976,True,123,2027
shuffle,7,0.2669743001461029,-0.10604923963546753,0.10604923963546753,-0.9336757659912109,0.9336757659912109,False,123,2027
shuffle,8,0.9047155976295471,-0.34576332569122314,0.34576332569122314,-2.098373383283615,2.098373383283615,False,123,2027
shuffle,9,0.6731420755386353,0.013514518737792969,0.013514518737792969,0.18802952766418457,0.18802952766418457,False,123,2027
shuffle,10,0.8865461349487305,-0.45228755474090576,0.45228755474090576,-2.526543751358986,2.526543751358986,True,123,2027
shuffle,11,0.2500801682472229,-0.11860978603363037,0.11860978603363037,-1.0130274295806885,1.0130274295806885,False,123,2027
shuffle,12,0.6773426532745361,-0.18537670373916626,0.18537670373916626,-1.3843040466308594,1.3843040466308594,False,123,2027
shuffle,13,0.45846274495124817,0.04453444480895996,0.04453444480895996,0.7909557819366455,0.7909557819366455,False,123,2027
shuffle,14,0.8998726010322571,-0.34368401765823364,0.34368401765823364,-2.0898879170417786,2.0898879170417786,False,123,2027
shuffle,15,0.8762273788452148,-0.46585869789123535,0.46585869789123535,-2.5812551081180573,2.5812551081180573,True,123,2027
shuffle,16,0.2682495415210724,-0.07529747486114502,0.07529747486114502,-0.7207746505737305,0.7207746505737305,False,123,2027
shuffle,17,0.8749520778656006,-0.25568342208862305,0.25568342208862305,-1.7168248891830444,1.7168248891830444,False,123,2027
shuffle,18,0.9101914167404175,-0.32517558336257935,0.32517558336257935,-2.0138660073280334,2.0138660073280334,False,123,2027
shuffle,19,0.8551907539367676,-0.36714255809783936,0.36714255809783936,-2.18509703874588,2.18509703874588,False,123,2027
shuffle,20,0.8794783353805542,-0.2266053557395935,0.2266053557395935,-1.5844301581382751,1.5844301581382751,False,123,2027
shuffle,21,0.8860254287719727,-0.45848527550697327,0.45848527550697327,-2.5514969527721405,2.5514969527721405,True,123,2027
shuffle,22,0.25900205969810486,-0.10140132904052734,0.10140132904052734,-0.9033055305480957,0.9033055305480957,False,123,2027
shuffle,23,0.9005149602890015,-0.4581187665462494,0.4581187665462494,-2.5500200241804123,2.5500200241804123,True,123,2027
shuffle,24,0.6780672669410706,-0.11613768339157104,0.11613768339157104,-0.9977067708969116,0.9977067708969116,False,123,2027
shuffle,25,0.6676661372184753,0.022471308708190918,0.022471308708190918,0.33168864250183105,0.33168864250183105,False,123,2027
shuffle,26,0.8901961445808411,-0.32457536458969116,0.32457536458969116,-2.011384278535843,2.011384278535843,False,123,2027
shuffle,27,0.8957936763763428,-0.5239052176475525,0.5239052176475525,-2.8198119699954987,2.8198119699954987,True,123,2027
shuffle,28,0.8867499828338623,-0.24520260095596313,0.24520260095596313,-1.6697996258735657,1.6697996258735657,False,123,2027
shuffle,29,0.6829102039337158,0.023543238639831543,0.023543238639831543,0.35015153884887695,0.35015153884887695,False,123,2027
uniform,0,0.7704342007637024,-0.006573498249053955,0.006573498249053955,-0.1251204013824463,0.1251204013824463,False,134,2027
shuffle,0,0.8704167008399963,-0.005823016166687012,0.005823016166687012,-0.11151599884033203,0.11151599884033203,False,134,2027
shuffle,1,0.8947679996490479,0.04288357496261597,0.04288357496261597,1.749253511428833,1.749253511428833,False,134,2027
shuffle,2,0.14430323243141174,-0.005977332592010498,0.005977332592010498,-0.11432743072509766,0.11432743072509766,False,134,2027
shuffle,3,0.8525137901306152,-0.17634809017181396,0.17634809017181396,-1.6794788837432861,1.6794788837432861,False,134,2027
shuffle,4,0.8895620107650757,-0.008054018020629883,0.008054018020629883,-0.15148329734802246,0.15148329734802246,False,134,2027
shuffle,5,0.9568427801132202,-0.13016152381896973,0.13016152381896973,-1.3957953453063965,1.3957953453063965,False,134,2027
shuffle,6,0.8914691209793091,-0.014393329620361328,0.014393329620361328,-0.25795769691467285,0.25795769691467285,False,134,2027
shuffle,7,0.9051506519317627,-0.045983314514160156,0.045983314514160156,-0.6796133518218994,0.6796133518218994,False,134,2027
shuffle,8,0.9595003128051758,0.0290682315826416,0.0290682315826416,0.8390564918518066,0.8390564918518066,False,134,2027
shuffle,9,0.9005075097084045,0.014312148094177246,0.014312148094177246,0.33392930030822754,0.33392930030822754,False,134,2027
shuffle,10,0.959409773349762,0.007203817367553711,0.007203817367553711,0.15543818473815918,0.15543818473815918,False,134,2027
shuffle,11,0.954456090927124,-0.013504564762115479,0.013504564762115479,-0.24361228942871094,0.24361228942871094,False,134,2027
shuffle,12,0.9608874320983887,-0.011128902435302734,0.011128902435302734,-0.20436525344848633,0.20436525344848633,False,134,2027
shuffle,13,0.1432759314775467,-0.0019962191581726074,0.0019962191581726074,-0.03948664665222168,0.03948664665222168,False,134,2027
shuffle,14,0.8468177318572998,-0.051634252071380615,0.051634252071380615,-0.7417433261871338,0.7417433261871338,False,134,2027
shuffle,15,0.9112579226493835,-0.01582568883895874,0.01582568883895874,-0.28070831298828125,0.28070831298828125,False,134,2027
shuffle,16,0.9306285381317139,-0.029789984226226807,0.029789984226226807,-0.4819948673248291,0.4819948673248291,False,134,2027
shuffle,17,0.984225332736969,0.012877583503723145,0.012877583503723145,0.2954716682434082,0.2954716682434082,False,134,2027
shuffle,18,0.22560492157936096,-0.0011418461799621582,0.0011418461799621582,-0.022755861282348633,0.022755861282348633,False,134,2027
shuffle,19,0.22693389654159546,-0.017194092273712158,0.017194092273712158,-0.3020331859588623,0.3020331859588623,False,134,2027
shuffle,20,0.972829282283783,-0.14327716827392578,0.14327716827392578,-1.4813450574874878,1.4813450574874878,False,134,2027
shuffle,21,0.8964698910713196,-0.012753069400787354,0.012753069400787354,-0.23134207725524902,0.23134207725524902,False,134,2027
shuffle,22,0.8991939425468445,0.014667332172393799,0.014667332172393799,0.34366488456726074,0.34366488456726074,False,134,2027
shuffle,23,0.9016832709312439,-0.2275206446647644,0.2275206446647644,-1.9500099420547485,1.9500099420547485,False,134,2027
shuffle,24,0.8726534843444824,0.028372466564178467,0.028372466564178467,0.8089735507965088,0.8089735507965088,False,134,2027
shuffle,25,0.8855351209640503,-0.05866485834121704,0.05866485834121704,-0.815009355545044,0.815009355545044,False,134,2027
shuffle,26,0.9545732140541077,0.0033333897590637207,0.0033333897590637207,0.06922698020935059,0.06922698020935059,False,134,2027
shuffle,27,0.9576069712638855,0.004256784915924072,0.004256784915924072,0.08919215202331543,0.08919215202331543,False,134,2027
shuffle,28,0.8943795561790466,0.035951077938079834,0.035951077938079834,1.1954500675201416,1.1954500675201416,False,134,2027
shuffle,29,0.9303295016288757,-0.05991709232330322,0.05991709232330322,-0.8276302814483643,0.8276302814483643,False,134,2027
uniform,0,0.5967221856117249,-0.12551140785217285,0.12551140785217285,-0.7039071321487427,0.7039071321487427,False,141,2027
shuffle,0,0.75196373462677,-0.1736689805984497,0.1736689805984497,-0.9235774278640747,0.9235774278640747,False,141,2027
shuffle,1,0.8953917026519775,-0.38250166177749634,0.38250166177749634,-1.779208093881607,1.779208093881607,True,141,2027
shuffle,2,0.5342666506767273,-0.18727105855941772,0.18727105855941772,-0.9828888177871704,0.9828888177871704,False,141,2027
shuffle,3,0.5331774950027466,0.0382387638092041,0.0382387638092041,0.2905580997467041,0.2905580997467041,False,141,2027
shuffle,4,0.5778965353965759,0.04475587606430054,0.04475587606430054,0.3466057777404785,0.3466057777404785,False,141,2027
shuffle,5,0.8721718192100525,-0.039341509342193604,0.039341509342193604,-0.25081419944763184,0.25081419944763184,False,141,2027
shuffle,6,0.8999088406562805,-0.43436092138290405,0.43436092138290405,-1.9929313659667969,1.9929313659667969,True,141,2027
shuffle,7,0.8344841003417969,-0.19790607690811157,0.19790607690811157,-1.0285956859588623,1.0285956859588623,False,141,2027
shuffle,8,0.787461519241333,-0.16442537307739258,0.16442537307739258,-0.8826643228530884,0.8826643228530884,False,141,2027
shuffle,9,0.5312886238098145,-0.03752332925796509,0.03752332925796509,-0.24001502990722656,0.24001502990722656,False,141,2027
shuffle,10,0.7673970460891724,-0.239959716796875,0.239959716796875,-1.204734057188034,1.204734057188034,False,141,2027
shuffle,11,0.837291955947876,-0.3632001280784607,0.3632001280784607,-1.7012524604797363,1.7012524604797363,True,141,2027
shuffle,12,0.8379027843475342,-0.35768556594848633,0.35768556594848633,-1.6790773123502731,1.6790773123502731,True,141,2027
shuffle,13,0.7995043992996216,-0.19561481475830078,0.19561481475830078,-1.0187944769859314,1.0187944769859314,False,141,2027
shuffle,14,0.8641855120658875,-0.08129727840423584,0.08129727840423584,-0.48387956619262695,0.48387956619262695,False,141,2027
shuffle,15,0.8528485298156738,-0.2538897395133972,0.2538897395133972,-1.2618200480937958,1.2618200480937958,False,141,2027
shuffle,16,0.7913531064987183,-0.12636107206344604,0.12636107206344604,-0.7079393863677979,0.7079393863677979,False,141,2027
shuffle,17,0.8698516488075256,-0.19780319929122925,0.19780319929122925,-1.0281561613082886,1.0281561613082886,False,141,2027
shuffle,18,0.8604176640510559,-0.4365997612476349,0.4365997612476349,-2.0023540556430817,2.0023540556430817,True,141,2027
shuffle,19,0.8268899321556091,-0.2215648889541626,0.2215648889541626,-1.1284846067428589,1.1284846067428589,False,141,2027
shuffle,20,0.8416724801063538,-0.1915023922920227,0.1915023922920227,-1.001140296459198,1.001140296459198,False,141,2027
shuffle,21,0.4953767657279968,-0.04073220491409302,0.04073220491409302,-0.2590298652648926,0.2590298652648926,False,141,2027
shuffle,22,0.6619100570678711,-0.27062731981277466,0.27062731981277466,-1.3298190981149673,1.3298190981149673,False,141,2027
shuffle,23,0.5934168696403503,-0.07696026563644409,0.07696026563644409,-0.4610483646392822,0.4610483646392822,False,141,2027
shuffle,24,0.7379491925239563,-0.0697011947631836,0.0697011947631836,-0.42224550247192383,0.42224550247192383,False,141,2027
shuffle,25,0.4514038562774658,0.031209230422973633,0.031209230422973633,0.23255157470703125,0.23255157470703125,False,141,2027
shuffle,26,0.788797914981842,-0.14487695693969727,0.14487695693969727,-0.7942980527877808,0.7942980527877808,False,141,2027
shuffle,27,0.8657605648040771,-0.19941961765289307,0.19941961765289307,-1.0350567698478699,1.0350567698478699,False,141,2027
shuffle,28,0.7453223466873169,-0.020367562770843506,0.020367562770843506,-0.1346193552017212,0.1346193552017212,False,141,2027
shuffle,29,0.6659055352210999,-0.02344810962677002,0.02344810962677002,-0.1540374755859375,0.1540374755859375,False,141,2027
uniform,0,0.7226446866989136,-0.002966940402984619,0.002966940402984619,-3.3361740112304688,3.3361740112304688,False,146,2027
shuffle,0,0.900097131729126,-0.003670632839202881,0.003670632839202881,-3.54286527633667,3.54286527633667,False,146,2027
shuffle,1,0.9032082557678223,-0.0003783702850341797,0.0003783702850341797,-1.4926142692565918,1.4926142692565918,False,146,2027
shuffle,2,0.9479681253433228,-0.03304547071456909,0.03304547071456909,-5.74416446685791,5.74416446685791,False,146,2027
shuffle,3,0.9219885468482971,-0.002423882484436035,0.002423882484436035,-3.141477584838867,3.141477584838867,False,146,2027
shuffle,4,0.9947360754013062,-0.0004565119743347168,0.0004565119743347168,-1.6410598754882812,1.6410598754882812,False,146,2027
shuffle,5,0.9715045690536499,-0.0030027031898498535,0.0030027031898498535,-3.3477821350097656,3.3477821350097656,False,146,2027
shuffle,6,0.9465388059616089,-0.003371000289916992,0.003371000289916992,-3.4599857330322266,3.4599857330322266,False,146,2027
shuffle,7,0.8976923227310181,-0.012407660484313965,0.012407660484313965,-4.748964309692383,4.748964309692383,False,146,2027
shuffle,8,0.9950183033943176,-0.005467355251312256,0.005467355251312256,-3.933518409729004,3.933518409729004,False,146,2027
shuffle,9,0.6877220869064331,-0.0004590153694152832,0.0004590153694152832,-1.6455411911010742,1.6455411911010742,False,146,2027
shuffle,10,0.8781521916389465,-0.0003838539123535156,0.0003838539123535156,-1.503859519958496,1.503859519958496,False,146,2027
shuffle,11,0.949944794178009,-0.012964963912963867,0.012964963912963867,-4.793087959289551,4.793087959289551,False,146,2027
shuffle,12,0.8009097576141357,-0.01560443639755249,0.01560443639755249,-4.9796552658081055,4.9796552658081055,False,146,2027
shuffle,13,0.9267501831054688,-0.00032967329025268555,0.00032967329025268555,-1.3875494003295898,1.3875494003295898,False,146,2027
shuffle,14,0.3801262378692627,6.556510925292969e-06,6.556510925292969e-06,0.06182384490966797,0.06182384490966797,False,146,2027
shuffle,15,0.953558087348938,-0.03488188982009888,0.03488188982009888,-5.799973726272583,5.799973726272583,False,146,2027
shuffle,16,0.9498652815818787,-0.00587010383605957,0.00587010383605957,-4.003651142120361,4.003651142120361,False,146,2027
shuffle,17,0.964277446269989,-0.0011447668075561523,0.0011447668075561523,-2.4372386932373047,2.4372386932373047,False,146,2027
shuffle,18,0.449872225522995,-8.07642936706543e-05,8.07642936706543e-05,-0.5516366958618164,0.5516366958618164,False,146,2027
shuffle,19,0.9473583102226257,-0.005766808986663818,0.005766808986663818,-3.9861278533935547,3.9861278533935547,False,146,2027
shuffle,20,0.8768168091773987,-0.007806658744812012,0.007806658744812012,-4.286139488220215,4.286139488220215,False,146,2027
shuffle,21,0.6918169260025024,-0.0005307793617248535,0.0005307793617248535,-1.7645139694213867,1.7645139694213867,False,146,2027
shuffle,22,0.8317798972129822,-0.0007187128067016602,0.0007187128067016602,-2.021908760070801,2.021908760070801,False,146,2027
shuffle,23,0.8526278138160706,-0.027953505516052246,0.027953505516052246,-5.57217264175415,5.57217264175415,False,146,2027
shuffle,24,0.8038492202758789,-0.011567413806915283,0.011567413806915283,-4.678633213043213,4.678633213043213,False,146,2027
shuffle,25,0.8025782108306885,-0.0009154081344604492,0.0009154081344604492,-2.2352285385131836,2.2352285385131836,False,146,2027
shuffle,26,0.8961553573608398,-0.009790122509002686,0.009790122509002686,-4.511724472045898,4.511724472045898,False,146,2027
shuffle,27,0.775114893913269,-0.010504007339477539,0.010504007339477539,-4.58206844329834,4.58206844329834,False,146,2027
shuffle,28,0.8132879137992859,-0.0014023780822753906,0.0014023780822753906,-2.6242551803588867,2.6242551803588867,False,146,2027
shuffle,29,0.7775057554244995,-0.0012111067771911621,0.0012111067771911621,-2.4888219833374023,2.4888219833374023,False,146,2027
uniform,0,0.7163313627243042,-0.002230525016784668,0.002230525016784668,-4.14911413192749,4.14911413192749,False,148,2027
shuffle,0,0.9594720602035522,-0.01010364294052124,0.01010364294052124,-5.655289649963379,5.655289649963379,False,148,2027
shuffle,1,0.5798023343086243,-0.00024586915969848633,0.00024586915969848633,-2.0620365142822266,2.0620365142822266,False,148,2027
shuffle,2,0.9096903204917908,-0.021019339561462402,0.021019339561462402,-6.397083520889282,6.397083520889282,False,148,2027
shuffle,3,0.9900067448616028,-0.002506077289581299,0.002506077289581299,-4.264159202575684,4.264159202575684,False,148,2027
shuffle,4,0.916486382484436,-0.019598305225372314,0.019598305225372314,-6.325754880905151,6.325754880905151,False,148,2027
shuffle,5,0.4130015969276428,-0.0001062154769897461,0.0001062154769897461,-1.377737045288086,1.377737045288086,False,148,2027
shuffle,6,0.9725472927093506,-0.00252687931060791,0.00252687931060791,-4.272294044494629,4.272294044494629,False,148,2027
shuffle,7,0.983363687992096,-0.056573450565338135,0.056573450565338135,-7.423102140426636,7.423102140426636,False,148,2027
shuffle,8,0.8685722947120667,-0.000628054141998291,0.000628054141998291,-2.919754981994629,2.919754981994629,False,148,2027
shuffle,9,0.49169501662254333,-0.0002925395965576172,0.0002925395965576172,-2.215580940246582,2.215580940246582,False,148,2027
shuffle,10,0.7081531286239624,-0.0025601983070373535,0.0025601983070373535,-4.285223960876465,4.285223960876465,False,148,2027
shuffle,11,0.972502589225769,-0.006183326244354248,0.006183326244354248,-5.162533760070801,5.162533760070801,False,148,2027
shuffle,12,0.67751145362854,-0.0004164576530456543,0.0004164576530456543,-2.5357398986816406,2.5357398986816406,False,148,2027
shuffle,13,0.9960283041000366,-0.05593287944793701,0.05593287944793701,-7.411043167114258,7.411043167114258,False,148,2027
shuffle,14,0.8858403563499451,-0.0005718469619750977,0.0005718469619750977,-2.831240653991699,2.831240653991699,False,148,2027
shuffle,15,0.49767452478408813,-0.0003687739372253418,0.0003687739372253418,-2.4244375228881836,2.4244375228881836,False,148,2027
shuffle,16,0.6770646572113037,-4.172325134277344e-05,4.172325134277344e-05,-0.7725601196289062,0.7725601196289062,False,148,2027
shuffle,17,0.8757578134536743,-0.006087839603424072,0.006087839603424072,-5.146960258483887,5.146960258483887,False,148,2027
shuffle,18,0.58686363697052,-0.0011490583419799805,0.0011490583419799805,-3.4995527267456055,3.4995527267456055,False,148,2027
shuffle,19,0.764399528503418,-0.0006400346755981445,0.0006400346755981445,-2.9376134872436523,2.9376134872436523,False,148,2027
shuffle,20,0.6204654574394226,-0.0017028450965881348,0.0017028450965881348,-3.883575439453125,3.883575439453125,False,148,2027
shuffle,21,0.879260778427124,-0.008106410503387451,0.008106410503387451,-5.433892250061035,5.433892250061035,False,148,2027
shuffle,22,0.9904225468635559,-0.003274679183959961,0.003274679183959961,-4.529080867767334,4.529080867767334,False,148,2027
shuffle,23,0.9487769603729248,-0.003989279270172119,0.003989279270172119,-4.725264549255371,4.725264549255371,False,148,2027
shuffle,24,0.9725114107131958,-0.01591724157333374,0.01591724157333374,-6.114386081695557,6.114386081695557,False,148,2027
shuffle,25,0.8921396136283875,-0.0035132169723510742,0.0035132169723510742,-4.598884582519531,4.598884582519531,False,148,2027
shuffle,26,0.88572758436203,-0.003929793834686279,0.003929793834686279,-4.710293769836426,4.710293769836426,False,148,2027
shuffle,27,0.9592679738998413,-0.006209373474121094,0.006209373474121094,-5.166744232177734,5.166744232177734,False,148,2027
shuffle,28,0.8858445882797241,-0.0014854073524475098,0.0014854073524475098,-3.74977445602417,3.74977445602417,False,148,2027
shuffle,29,0.9728171825408936,-0.0003064870834350586,0.0003064870834350586,-2.256988525390625,2.256988525390625,False,148,2027
uniform,0,0.65188068151474,-0.007393240928649902,0.007393240928649902,-1.0731525421142578,1.0731525421142578,False,151,2027
shuffle,0,0.7243924140930176,-0.0012260079383850098,0.0012260079383850098,-0.27549266815185547,0.27549266815185547,False,151,2027
shuffle,1,0.8367275595664978,-0.014311432838439941,0.014311432838439941,-1.558518886566162,1.558518886566162,False,151,2027
shuffle,2,0.605133593082428,-0.005157768726348877,0.005157768726348877,-0.8499941825866699,0.8499941825866699,False,151,2027
shuffle,3,0.9107517600059509,-0.005589425563812256,0.005589425563812256,-0.897059440612793,0.897059440612793,False,151,2027
shuffle,4,0.9766561388969421,-0.013216376304626465,0.013216376304626465,-1.4953393936157227,1.4953393936157227,False,151,2027
shuffle,5,0.4673359990119934,-0.004334747791290283,0.004334747791290283,-0.7537364959716797,0.7537364959716797,False,151,2027
shuffle,6,0.883897066116333,-0.004188954830169678,0.004188954830169678,-0.7356982231140137,0.7356982231140137,False,151,2027
shuffle,7,0.7599059343338013,-0.015593528747558594,0.015593528747558594,-1.6279120445251465,1.6279120445251465,False,151,2027
shuffle,8,0.7116984724998474,0.00034505128860473633,0.00034505128860473633,0.09334182739257812,0.09334182739257812,False,151,2027
shuffle,9,0.5935987234115601,-0.005342364311218262,0.005342364311218262,-0.8703813552856445,0.8703813552856445,False,151,2027
shuffle,10,0.9120280146598816,-0.004163622856140137,0.004163622856140137,-0.7325267791748047,0.7325267791748047,False,151,2027
shuffle,11,0.8167446851730347,-0.0022431612014770508,0.0022431612014770508,-0.45799827575683594,0.45799827575683594,False,151,2027
shuffle,12,0.4727470874786377,0.0006132125854492188,0.0006132125854492188,0.172393798828125,0.172393798828125,False,151,2027
shuffle,13,0.909510612487793,-0.029769599437713623,0.029769599437713623,-2.1893062591552734,2.1893062591552734,False,151,2027
shuffle,14,0.6401966214179993,-0.01231008768081665,0.01231008768081665,-1.4399666786193848,1.4399666786193848,False,151,2027
shuffle,15,0.9196684956550598,-0.011884748935699463,0.011884748935699463,-1.4129185676574707,1.4129185676574707,False,151,2027
shuffle,16,0.8257534503936768,-0.008957326412200928,0.008957326412200928,-1.2046093940734863,1.2046093940734863,False,151,2027
shuffle,17,0.8609654307365417,-0.00042384862899780273,0.00042384862899780273,-0.10397529602050781,0.10397529602050781,False,151,2027
shuffle,18,0.8117835521697998,-0.010417938232421875,0.010417938232421875,-1.3138060569763184,1.3138060569763184,False,151,2027
shuffle,19,0.8744651079177856,-0.004714488983154297,0.004714488983154297,-0.7992887496948242,0.7992887496948242,False,151,2027
shuffle,20,0.8958359360694885,-0.04292643070220947,0.04292643070220947,-2.532989025115967,2.532989025115967,False,151,2027
shuffle,21,0.9207090139389038,-0.024897515773773193,0.024897515773773193,-2.0278944969177246,2.0278944969177246,False,151,2027
shuffle,22,0.8399519324302673,-0.007950842380523682,0.007950842380523682,-1.121973991394043,1.121973991394043,False,151,2027
shuffle,23,0.6986991167068481,-0.011229097843170166,0.011229097843170166,-1.369791030883789,1.369791030883789,False,151,2027
shuffle,24,0.5784609317779541,-0.002502739429473877,0.002502739429473877,-0.4997396469116211,0.4997396469116211,False,151,2027
shuffle,25,0.873849630355835,-0.025947272777557373,0.025947272777557373,-2.064802646636963,2.064802646636963,False,151,2027
shuffle,26,0.8645408153533936,-0.018100738525390625,0.018100738525390625,-1.751551628112793,1.751551628112793,False,151,2027
shuffle,27,0.8958961963653564,-0.0051656365394592285,0.0051656365394592285,-0.8508739471435547,0.8508739471435547,False,151,2027
shuffle,28,0.9174563884735107,-0.005577743053436279,0.005577743053436279,-0.8958091735839844,0.8958091735839844,False,151,2027
shuffle,29,0.7401409149169922,-0.010772109031677246,0.010772109031677246,-1.338623046875,1.338623046875,False,151,2027
uniform,0,0.6621480584144592,0.005290865898132324,0.005290865898132324,0.20745086669921875,0.20745086669921875,False,159,2027
shuffle,0,0.9112577438354492,-0.00675731897354126,0.00675731897354126,-0.216935396194458,0.216935396194458,False,159,2027
shuffle,1,0.6217156648635864,0.01714259386062622,0.01714259386062622,0.9156143665313721,0.9156143665313721,False,159,2027
shuffle,2,0.8021869659423828,0.014005720615386963,0.014005720615386963,0.6763827800750732,0.6763827800750732,False,159,2027
shuffle,3,0.7351544499397278,0.00849294662475586,0.00849294662475586,0.35631442070007324,0.35631442070007324,False,159,2027
shuffle,4,0.6356985569000244,0.001622617244720459,0.001622617244720459,0.05940127372741699,0.05940127372741699,False,159,2027
shuffle,5,0.5621972680091858,0.003402411937713623,0.003402411937713623,0.12864184379577637,0.12864184379577637,False,159,2027
shuffle,6,0.64361572265625,0.003126800060272217,0.003126800060272217,0.11761736869812012,0.11761736869812012,False,159,2027
shuffle,7,0.3864540457725525,-0.051170945167541504,0.051170945167541504,-1.0726628303527832,1.0726628303527832,False,159,2027
shuffle,8,0.726769208908081,0.0015777349472045898,0.0015777349472045898,0.057714223861694336,0.057714223861694336,False,159,2027
shuffle,9,0.435342013835907,0.013360738754272461,0.013360738754272461,0.633404016494751,0.633404016494751,False,159,2027
shuffle,10,0.799164891242981,0.0045493245124816895,0.0045493245124816895,0.1757957935333252,0.1757957935333252,False,159,2027
shuffle,11,0.8006144762039185,-0.012542128562927246,0.012542128562927246,-0.3731997013092041,0.3731997013092041,False,159,2027
shuffle,12,0.8097163438796997,0.014664947986602783,0.014664947986602783,0.7222425937652588,0.7222425937652588,False,159,2027
shuffle,13,0.7374987006187439,-0.008097469806671143,0.008097469806671143,-0.25519442558288574,0.25519442558288574,False,159,2027
shuffle,14,0.9206092953681946,-0.015278279781341553,0.015278279781341553,-0.4399573802947998,0.4399573802947998,False,159,2027
shuffle,15,0.9760085344314575,0.016771674156188965,0.016771674156188965,0.8842499256134033,0.8842499256134033,False,159,2027
shuffle,16,0.3608945906162262,0.0046936869621276855,0.0046936869621276855,0.1818828582763672,0.1818828582763672,False,159,2027
shuffle,17,0.9130672812461853,0.014346718788146973,0.014346718788146973,0.6998531818389893,0.6998531818389893,False,159,2027
shuffle,18,0.9208502769470215,0.007587254047393799,0.007587254047393799,0.3120133876800537,0.3120133876800537,False,159,2027
shuffle,19,0.8004047870635986,0.011862337589263916,0.011862337589263916,0.539963960647583,0.539963960647583,False,159,2027
shuffle,20,0.5611318349838257,0.010779976844787598,0.010779976844787598,0.4773538112640381,0.4773538112640381,False,159,2027
shuffle,21,0.9114801287651062,-0.0006629824638366699,0.0006629824638366699,-0.023345470428466797,0.023345470428466797,False,159,2027
shuffle,22,0.9758340716362,0.010582923889160156,0.010582923889160156,0.4663569927215576,0.4663569927215576,False,159,2027
shuffle,23,0.5607037544250488,-0.01766914129257202,0.01766914129257202,-0.49513792991638184,0.49513792991638184,False,159,2027
shuffle,24,0.9218128323554993,0.004140019416809082,0.004140019416809082,0.15872550010681152,0.15872550010681152,False,159,2027
shuffle,25,0.9228782653808594,-0.004351437091827393,0.004351437091827393,-0.14463591575622559,0.14463591575622559,False,159,2027
shuffle,26,0.9212782979011536,0.012985527515411377,0.012985527515411377,0.6092026233673096,0.6092026233673096,False,159,2027
shuffle,27,0.9844731092453003,0.014546453952789307,0.014546453952789307,0.7138512134552002,0.7138512134552002,False,159,2027
shuffle,28,0.736967921257019,-0.03994584083557129,0.03994584083557129,-0.9095399379730225,0.9095399379730225,False,159,2027
shuffle,29,0.6247820258140564,-0.005728721618652344,0.005728721618652344,-0.1866166591644287,0.1866166591644287,False,159,2027
uniform,0,0.6024800539016724,-0.016401231288909912,0.016401231288909912,-0.8493218421936035,0.8493218421936035,False,172,2027
shuffle,0,0.7630019187927246,-0.01732701063156128,0.01732701063156128,-0.8816719055175781,0.8816719055175781,False,172,2027
shuffle,1,0.8604733347892761,-0.05889946222305298,0.05889946222305298,-1.7959399223327637,1.7959399223327637,False,172,2027
shuffle,2,0.44514209032058716,-0.0017338395118713379,0.0017338395118713379,-0.13045406341552734,0.13045406341552734,False,172,2027
shuffle,3,0.8094756603240967,-0.030280590057373047,0.030280590057373047,-1.2545342445373535,1.2545342445373535,False,172,2027
shuffle,4,0.6877295970916748,-0.028101801872253418,0.028101801872253418,-1.200143575668335,1.200143575668335,False,172,2027
shuffle,5,0.8581500053405762,-0.033580899238586426,0.033580899238586426,-1.3320939540863037,1.3320939540863037,False,172,2027
shuffle,6,0.837108850479126,-0.05263185501098633,0.05263185501098633,-1.697502613067627,1.697502613067627,False,172,2027
shuffle,7,0.8462609052658081,-0.025351405143737793,0.025351405143737793,-1.1273574829101562,1.1273574829101562,False,172,2027
shuffle,8,0.6600428819656372,-0.0031155943870544434,0.0031155943870544434,-0.22373628616333008,0.22373628616333008,False,172,2027
shuffle,9,0.7834671139717102,0.007259786128997803,0.007259786128997803,0.8632183074951172,0.8632183074951172,False,172,2027
shuffle,10,0.5674301981925964,-0.06889492273330688,0.06889492273330688,-1.9375743865966797,1.9375743865966797,False,172,2027
shuffle,11,0.6793209910392761,0.0027867555618286133,0.0027867555618286133,0.25225162506103516,0.25225162506103516,False,172,2027
shuffle,12,0.585786759853363,-0.046807050704956055,0.046807050704956055,-1.5977904796600342,1.5977904796600342,False,172,2027
shuffle,13,0.8024641275405884,-0.0033439993858337402,0.0033439993858337402,-0.2383747100830078,0.2383747100830078,False,172,2027
shuffle,14,0.8512594103813171,0.0003279447555541992,0.0003279447555541992,0.026663780212402344,0.026663780212402344,False,172,2027
shuffle,15,0.8539520502090454,-0.03553587198257446,0.03553587198257446,-1.3755879402160645,1.3755879402160645,False,172,2027
shuffle,16,0.8271952867507935,-0.04032331705093384,0.04032331705093384,-1.4754023551940918,1.4754023551940918,False,172,2027
shuffle,17,0.7572838664054871,-0.010585784912109375,0.010585784912109375,-0.6197535991668701,0.6197535991668701,False,172,2027
shuffle,18,0.7776451110839844,0.005962014198303223,0.005962014198303223,0.6452240943908691,0.6452240943908691,False,172,2027
shuffle,19,0.8049823045730591,-0.04413872957229614,0.04413872957229614,-1.5490212440490723,1.5490212440490723,False,172,2027
shuffle,20,0.8143119215965271,0.006124556064605713,0.006124556064605713,0.6700935363769531,0.6700935363769531,False,172,2027
shuffle,21,0.7616119384765625,-0.056906282901763916,0.056906282901763916,-1.7655324935913086,1.7655324935913086,False,172,2027
shuffle,22,0.3428918123245239,0.0008652806282043457,0.0008652806282043457,0.07188558578491211,0.07188558578491211,False,172,2027
shuffle,23,0.8410914540290833,-0.03668254613876343,0.03668254613876343,-1.4003238677978516,1.4003238677978516,False,172,2027
shuffle,24,0.7553150653839111,0.0031828880310058594,0.0031828880310058594,0.2937507629394531,0.2937507629394531,False,172,2027
shuffle,25,0.7612143754959106,-0.006369292736053467,0.006369292736053467,-0.41495633125305176,0.41495633125305176,False,172,2027
shuffle,26,0.8939707279205322,-0.05622386932373047,0.05622386932373047,-1.7549362182617188,1.7549362182617188,False,172,2027
shuffle,27,0.8479727506637573,-0.05189436674118042,0.05189436674118042,-1.685347557067871,1.685347557067871,False,172,2027
shuffle,28,0.8173841834068298,-0.005177199840545654,0.005177199840545654,-0.3489227294921875,0.3489227294921875,False,172,2027
shuffle,29,0.8679232597351074,-0.11968076229095459,0.11968076229095459,-2.4787285327911377,2.4787285327911377,False,172,2027
uniform,0,0.8307910561561584,-0.0054610371589660645,0.0054610371589660645,-0.8986105918884277,0.8986105918884277,False,179,2027
shuffle,0,0.9670908451080322,-0.008456885814666748,0.008456885814666748,-1.1822991371154785,1.1822991371154785,False,179,2027
shuffle,1,0.9768861532211304,-0.016965150833129883,0.016965150833129883,-1.7186298370361328,1.7186298370361328,False,179,2027
shuffle,2,0.9553900361061096,-0.0015540122985839844,0.0015540122985839844,-0.3455500602722168,0.3455500602722168,False,179,2027
shuffle,3,0.945400595664978,-0.008462846279144287,0.008462846279144287,-1.1827988624572754,1.1827988624572754,False,179,2027
shuffle,4,0.9790704250335693,-0.015423953533172607,0.015423953533172607,-1.6398825645446777,1.6398825645446777,False,179,2027
shuffle,5,0.9580605626106262,-0.008543789386749268,0.008543789386749268,-1.1894640922546387,1.1894640922546387,False,179,2027
shuffle,6,0.9763836860656738,-0.04985016584396362,0.04985016584396362,-2.7024343013763428,2.7024343013763428,False,179,2027
shuffle,7,0.9790704250335693,-0.016001224517822266,0.016001224517822266,-1.6700832843780518,1.6700832843780518,False,179,2027
shuffle,8,0.9759351015090942,-0.016717255115509033,0.016717255115509033,-1.7063608169555664,1.7063608169555664,False,179,2027
shuffle,9,0.9773430228233337,0.001757979393005371,0.001757979393005371,0.6261734962463379,0.6261734962463379,False,179,2027
shuffle,10,0.9763837456703186,-0.0018357038497924805,0.0018357038497924805,-0.3972454071044922,0.3972454071044922,False,179,2027
shuffle,11,0.9781112670898438,-0.00536954402923584,0.00536954402923584,-0.8885817527770996,0.8885817527770996,False,179,2027
shuffle,12,0.9663225412368774,-0.008389472961425781,0.008389472961425781,-1.1767096519470215,1.1767096519470215,False,179,2027
shuffle,13,0.9873324036598206,-0.015517652034759521,0.015517652034759521,-1.6448440551757812,1.6448440551757812,False,179,2027
shuffle,14,0.9881007075309753,-0.0014706254005432129,0.0014706254005432129,-0.3297262191772461,0.3297262191772461,False,179,2027
shuffle,15,0.9781193137168884,-0.005448877811431885,0.005448877811431885,-0.8972878456115723,0.8972878456115723,False,179,2027
shuffle,16,0.9663225412368774,-0.008211076259613037,0.008211076259613037,-1.161766529083252,1.161766529083252,False,179,2027
shuffle,17,0.9790623784065247,0.0017341375350952148,0.0017341375350952148,0.6144461631774902,0.6144461631774902,False,179,2027
shuffle,18,0.9546216726303101,-0.008518993854522705,0.008518993854522705,-1.1874256134033203,1.1874256134033203,False,179,2027
shuffle,19,0.9649227857589722,-0.008531570434570312,0.008531570434570312,-1.1884636878967285,1.1884636878967285,False,179,2027
shuffle,20,0.9580606818199158,-0.008425712585449219,0.008425712585449219,-1.179722785949707,1.179722785949707,False,179,2027
shuffle,21,0.9890518188476562,-0.05083948373794556,0.05083948373794556,-2.72175669670105,2.72175669670105,False,179,2027
shuffle,22,0.032208189368247986,-9.590387344360352e-05,9.590387344360352e-05,-0.02513265609741211,0.02513265609741211,False,179,2027
shuffle,23,0.9680500626564026,-0.008447825908660889,0.008447825908660889,-1.181556224822998,1.181556224822998,False,179,2027
shuffle,24,0.9563412070274353,-0.005347549915313721,0.005347549915313721,-0.886141300201416,0.886141300201416,False,179,2027
shuffle,25,0.989051878452301,-0.01573556661605835,0.01573556661605835,-1.65629243850708,1.65629243850708,False,179,2027
shuffle,26,0.9571095108985901,-0.0016089677810668945,0.0016089677810668945,-0.3558535575866699,0.3558535575866699,False,179,2027
shuffle,27,0.9671787023544312,-0.00564885139465332,0.00564885139465332,-0.9189066886901855,0.9189066886901855,False,179,2027
shuffle,28,0.9653714299201965,0.0017911195755004883,0.0017911195755004883,0.6426806449890137,0.6426806449890137,False,179,2027
shuffle,29,0.9763918519020081,-0.0014715790748596191,0.0014715790748596191,-0.3299117088317871,0.3299117088317871,False,179,2027
uniform,0,0.6981562972068787,0.24756431579589844,0.24756431579589844,1.109455183148384,1.109455183148384,False,199,2027
shuffle,0,0.8201872110366821,0.3737727999687195,0.3737727999687195,2.0290663987398148,2.0290663987398148,False,199,2027
shuffle,1,0.8202768564224243,0.22935950756072998,0.22935950756072998,1.010943964123726,1.010943964123726,False,199,2027
shuffle,2,0.6621447801589966,0.10421562194824219,0.10421562194824219,0.4266238957643509,0.4266238957643509,False,199,2027
shuffle,3,0.8362334370613098,0.2385317087173462,0.2385317087173462,1.0599579364061356,1.0599579364061356,False,199,2027
shuffle,4,0.8487325310707092,0.29286760091781616,0.29286760091781616,1.3805020600557327,1.3805020600557327,False,199,2027
shuffle,5,0.9153832793235779,0.3627163767814636,0.3627163767814636,1.9203613549470901,1.9203613549470901,False,199,2027
shuffle,6,0.8203865885734558,0.2953352928161621,0.2953352928161621,1.3965922147035599,1.3965922147035599,False,199,2027
shuffle,7,0.8213146924972534,0.3048282265663147,0.3048282265663147,1.4600517302751541,1.4600517302751541,False,199,2027
shuffle,8,0.8320566415786743,0.10954821109771729,0.10954821109771729,0.449343279004097,0.449343279004097,False,199,2027
shuffle,9,0.8900951743125916,-0.0697106122970581,0.0697106122970581,-0.2796650230884552,0.2796650230884552,True,199,2027
shuffle,10,0.6712323427200317,-0.09670412540435791,0.09670412540435791,-0.3896098881959915,0.3896098881959915,True,199,2027
shuffle,11,0.6726793646812439,-0.012756168842315674,0.012756168842315674,-0.05104918032884598,0.05104918032884598,False,199,2027
shuffle,12,0.8205640316009521,0.3292192816734314,0.3292192816734314,1.6363057643175125,1.6363057643175125,False,199,2027
shuffle,13,0.8628374934196472,0.29636865854263306,0.29636865854263306,1.403377965092659,1.403377965092659,False,199,2027
shuffle,14,0.8189246654510498,0.218380868434906,0.218380868434906,0.9537876397371292,0.9537876397371292,False,199,2027
shuffle,15,0.6703819632530212,0.1326817274093628,0.1326817274093628,0.5495172291994095,0.5495172291994095,False,199,2027
shuffle,16,0.8233310580253601,0.12480789422988892,0.12480789422988892,0.515107050538063,0.515107050538063,False,199,2027
shuffle,17,0.8178988695144653,-0.04618063569068909,0.04618063569068909,-0.1848836988210678,0.1848836988210678,True,199,2027
shuffle,18,0.8339897394180298,0.04221707582473755,0.04221707582473755,0.16994616389274597,0.16994616389274597,False,199,2027
shuffle,19,0.6705452799797058,0.23409008979797363,0.23409008979797363,1.0360724478960037,1.0360724478960037,False,199,2027
shuffle,20,0.8210956454277039,-0.026799410581588745,0.026799410581588745,-0.10722807794809341,0.10722807794809341,True,199,2027
shuffle,21,0.927086591720581,0.22370320558547974,0.22370320558547974,0.9813000708818436,0.9813000708818436,False,199,2027
shuffle,22,0.6017481684684753,0.1786407232284546,0.1786407232284546,0.7584189921617508,0.7584189921617508,False,199,2027
shuffle,23,0.8295473456382751,0.26839709281921387,0.26839709281921387,1.2288924008607864,1.2288924008607864,False,199,2027
shuffle,24,0.8992061018943787,0.32053953409194946,0.32053953409194946,1.5711723119020462,1.5711723119020462,False,199,2027
shuffle,25,0.7147552967071533,0.25290125608444214,0.25290125608444214,1.139317587018013,1.139317587018013,False,199,2027
shuffle,26,0.755511999130249,0.30812084674835205,0.30812084674835205,1.482677772641182,1.482677772641182,False,199,2027
shuffle,27,0.8301686644554138,0.277052640914917,0.277052640914917,1.2809761315584183,1.2809761315584183,False,199,2027
shuffle,28,0.833418071269989,-0.03427991271018982,0.03427991271018982,-0.13717330992221832,0.13717330992221832,True,199,2027
shuffle,29,0.8827838897705078,-0.0386410653591156,0.0386410653591156,-0.15464504063129425,0.15464504063129425,True,199,2027
uniform,0,0.7417964339256287,-0.004406929016113281,0.004406929016113281,-2.501303195953369,2.501303195953369,False,206,2027
shuffle,0,0.601694643497467,-0.00034248828887939453,0.00034248828887939453,-0.6240878105163574,0.6240878105163574,False,206,2027
shuffle,1,0.956089437007904,-0.002211272716522217,0.002211272716522217,-1.8880672454833984,1.8880672454833984,False,206,2027
shuffle,2,0.8657154440879822,-0.0038344860076904297,0.0038344860076904297,-2.373783588409424,2.373783588409424,False,206,2027
shuffle,3,0.9257165193557739,-0.007466912269592285,0.007466912269592285,-2.997342109680176,2.997342109680176,False,206,2027
shuffle,4,0.5693280696868896,-0.0031766891479492188,0.0031766891479492188,-2.204096794128418,2.204096794128418,False,206,2027
shuffle,5,0.6070448160171509,-0.0007880330085754395,0.0007880330085754395,-1.096951961517334,1.096951961517334,False,206,2027
shuffle,6,0.913996696472168,-0.008941829204559326,0.008941829204559326,-3.170769214630127,3.170769214630127,False,206,2027
shuffle,7,0.9151445627212524,-0.007288992404937744,0.007288992404937744,-2.974283218383789,2.974283218383789,False,206,2027
shuffle,8,0.6077238321304321,-0.0035924315452575684,0.0035924315452575684,-2.3146133422851562,2.3146133422851562,False,206,2027
shuffle,9,0.9493284225463867,-0.006047606468200684,0.006047606468200684,-2.7968358993530273,2.7968358993530273,False,206,2027
shuffle,10,0.9577381014823914,-0.013554811477661133,0.013554811477661133,-3.5769238471984863,3.5769238471984863,False,206,2027
shuffle,11,0.9188358783721924,-0.01203608512878418,0.01203608512878418,-3.4601221084594727,3.4601221084594727,False,206,2027
shuffle,12,0.49643468856811523,-0.00040090084075927734,0.00040090084075927734,-0.7003746032714844,0.7003746032714844,False,206,2027
shuffle,13,0.9204208254814148,-0.006677150726318359,0.006677150726318359,-2.890688419342041,2.890688419342041,False,206,2027
shuffle,14,0.954553484916687,-0.0028467178344726562,0.0028467178344726562,-2.1068458557128906,2.1068458557128906,False,206,2027
shuffle,15,0.865609884262085,-0.008332610130310059,0.008332610130310059,-3.1026811599731445,3.1026811599731445,False,206,2027
shuffle,16,0.9556792974472046,-0.01335817575454712,0.01335817575454712,-3.5625319480895996,3.5625319480895996,False,206,2027
shuffle,17,0.9550409913063049,-0.0026480555534362793,0.0026480555534362793,-2.0433998107910156,2.0433998107910156,False,206,2027
shuffle,18,0.9617497324943542,-0.0023176074028015137,0.0023176074028015137,-1.9281563758850098,1.9281563758850098,False,206,2027
shuffle,19,0.9558101892471313,-0.011554837226867676,0.011554837226867676,-3.4201526641845703,3.4201526641845703,False,206,2027
shuffle,20,0.8674585223197937,-0.02254772186279297,0.02254772186279297,-4.0836100578308105,4.0836100578308105,False,206,2027
shuffle,21,0.9592540860176086,-0.01588618755340576,0.01588618755340576,-3.7338342666625977,3.7338342666625977,False,206,2027
shuffle,22,0.6099187731742859,-0.001050114631652832,0.001050114631652832,-1.2972831726074219,1.2972831726074219,False,206,2027
shuffle,23,0.6099361181259155,-0.0035968422889709473,0.0035968422889709473,-2.315704345703125,2.315704345703125,False,206,2027
shuffle,24,0.9707467555999756,-0.002534806728363037,0.002534806728363037,-2.0053610801696777,2.0053610801696777,False,206,2027
shuffle,25,0.9672852158546448,-0.007927358150482178,0.007927358150482178,-3.054725170135498,3.054725170135498,False,206,2027
shuffle,26,0.4621073305606842,-0.0002003312110900879,0.0002003312110900879,-0.40993499755859375,0.40993499755859375,False,206,2027
shuffle,27,0.9206565618515015,-0.01355677843093872,0.01355677843093872,-3.5770630836486816,3.5770630836486816,False,206,2027
shuffle,28,0.8693516850471497,-0.011311352252960205,0.011311352252960205,-3.3993144035339355,3.3993144035339355,False,206,2027
shuffle,29,0.8667424917221069,-0.007501721382141113,0.007501721382141113,-3.0018115043640137,3.0018115043640137,False,206,2027
uniform,0,0.7092229127883911,-0.0011432170867919922,0.0011432170867919922,-3.151996612548828,3.151996612548828,False,227,2027
shuffle,0,0.9233967661857605,-0.0004252195358276367,0.0004252195358276367,-2.2321901321411133,2.2321901321411133,False,227,2027
shuffle,1,0.8560669422149658,-0.00044083595275878906,0.00044083595275878906,-2.2643041610717773,2.2643041610717773,False,227,2027
shuffle,2,0.9811542630195618,-0.0008402466773986816,0.0008402466773986816,-2.8590431213378906,2.8590431213378906,False,227,2027
shuffle,3,0.8343149423599243,-0.0025708675384521484,0.0025708675384521484,-3.939739227294922,3.939739227294922,False,227,2027
shuffle,4,0.9235259890556335,-0.00039440393447875977,0.00039440393447875977,-2.165167808532715,2.165167808532715,False,227,2027
shuffle,5,0.9821221232414246,-0.004976034164428711,0.004976034164428711,-4.593052864074707,4.593052864074707,False,227,2027
shuffle,6,0.9539439678192139,-0.002916693687438965,0.002916693687438965,-4.063936233520508,4.063936233520508,False,227,2027
shuffle,7,0.952758252620697,-0.03788203001022339,0.03788203001022339,-6.647643566131592,6.647643566131592,False,227,2027
shuffle,8,0.7664501070976257,-0.0006470680236816406,0.0006470680236816406,-2.614630699157715,2.614630699157715,False,227,2027
shuffle,9,0.8202576041221619,-0.0003765225410461426,0.0003765225410461426,-2.1240406036376953,2.1240406036376953,False,227,2027
shuffle,10,0.9219750761985779,-0.000376284122467041,0.000376284122467041,-2.1235313415527344,2.1235313415527344,False,227,2027
shuffle,11,0.921416163444519,-0.0003267526626586914,0.0003267526626586914,-2.000166893005371,2.000166893005371,False,227,2027
shuffle,12,0.9602108597755432,-0.0015761256217956543,0.0015761256217956543,-3.4616847038269043,3.4616847038269043,False,227,2027
shuffle,13,0.9497981667518616,-0.0006335973739624023,0.0006335973739624023,-2.5951828956604004,2.5951828956604004,False,227,2027
shuffle,14,0.9237865209579468,-0.0035567879676818848,0.0035567879676818848,-4.2598958015441895,4.2598958015441895,False,227,2027
shuffle,15,0.8254340291023254,-0.0005162358283996582,0.0005162358283996582,-2.4069910049438477,2.4069910049438477,False,227,2027
shuffle,16,0.9508246779441833,-0.0016021728515625,0.0016021728515625,-3.4776177406311035,3.4776177406311035,False,227,2027
shuffle,17,0.8633146286010742,-0.00039905309677124023,0.00039905309677124023,-2.1754531860351562,2.1754531860351562,False,227,2027
shuffle,18,0.7868114709854126,-0.0002830028533935547,0.0002830028533935547,-1.877457618713379,1.877457618713379,False,227,2027
shuffle,19,0.7112005352973938,-0.0002409815788269043,0.0002409815788269043,-1.7427034378051758,1.7427034378051758,False,227,2027
shuffle,20,0.7765978574752808,-0.0015545487403869629,0.0015545487403869629,-3.448276996612549,3.448276996612549,False,227,2027
shuffle,21,0.949755847454071,-0.01787877082824707,0.01787877082824707,-5.877712726593018,5.877712726593018,False,227,2027
shuffle,22,0.892974853515625,-0.0003539919853210449,0.0003539919853210449,-2.07015323638916,2.07015323638916,False,227,2027
shuffle,23,0.8938543796539307,-0.005394935607910156,0.005394935607910156,-4.6735029220581055,4.6735029220581055,False,227,2027
shuffle,24,0.9518504738807678,-0.0010418891906738281,0.0010418891906738281,-3.0631752014160156,3.0631752014160156,False,227,2027
shuffle,25,0.9527059197425842,-0.004561960697174072,0.004561960697174072,-4.506682395935059,4.506682395935059,False,227,2027
shuffle,26,0.9839543700218201,-0.0046700239181518555,0.0046700239181518555,-4.529940605163574,4.529940605163574,False,227,2027
shuffle,27,0.7716278433799744,-0.0009135007858276367,0.0009135007858276367,-2.9381103515625,2.9381103515625,False,227,2027
shuffle,28,0.6754505634307861,-0.0013387203216552734,0.0013387203216552734,-3.3037424087524414,3.3037424087524414,False,227,2027
shuffle,29,0.8921534419059753,-0.00047153234481811523,0.00047153234481811523,-2.3249330520629883,2.3249330520629883,False,227,2027
uniform,0,0.8653928637504578,-0.019071459770202637,0.019071459770202637,-1.8172268867492676,1.8172268867492676,False,232,2027
shuffle,0,0.9859188795089722,-0.07114642858505249,0.07114642858505249,-3.0592896938323975,3.0592896938323975,False,232,2027
shuffle,1,0.8511763215065002,-0.002651989459991455,0.002651989459991455,-0.533543586730957,0.533543586730957,False,232,2027
shuffle,2,0.9577652812004089,-0.012832820415496826,0.012832820415496826,-1.4921250343322754,1.4921250343322754,False,232,2027
shuffle,3,0.9833493828773499,-0.08730113506317139,0.08730113506317139,-3.2721354961395264,3.2721354961395264,False,232,2027
shuffle,4,0.8955546021461487,-0.004094183444976807,0.004094183444976807,-0.7371149063110352,0.7371149063110352,False,232,2027
shuffle,5,0.9857695698738098,-0.0694236159324646,0.0694236159324646,-3.034168004989624,3.034168004989624,False,232,2027
shuffle,6,0.976540207862854,-0.014031410217285156,0.014031410217285156,-1.5629839897155762,1.5629839897155762,False,232,2027
shuffle,7,0.9824394583702087,-0.006873726844787598,0.006873726844787598,-1.0420312881469727,1.0420312881469727,False,232,2027
shuffle,8,0.96441650390625,-0.034934282302856445,0.034934282302856445,-2.360670804977417,2.360670804977417,False,232,2027
shuffle,9,0.985298216342926,-0.0035106539726257324,0.0035106539726257324,-0.6596059799194336,0.6596059799194336,False,232,2027
shuffle,10,0.8573552370071411,-0.10560941696166992,0.10560941696166992,-3.475635528564453,3.475635528564453,False,232,2027
shuffle,11,0.9897313117980957,-0.019543468952178955,0.019543468952178955,-1.8381505012512207,1.8381505012512207,False,232,2027
shuffle,12,0.9762104749679565,-0.004978835582733154,0.004978835582733154,-0.8443989753723145,0.8443989753723145,False,232,2027
shuffle,13,0.9763568043708801,-0.1969889998435974,0.1969889998435974,-4.1911081075668335,4.1911081075668335,False,232,2027
shuffle,14,0.9685152769088745,-0.004309415817260742,0.004309415817260742,-0.7642860412597656,0.7642860412597656,False,232,2027
shuffle,15,0.9872149229049683,-0.04059702157974243,0.04059702157974243,-2.503072738647461,2.503072738647461,False,232,2027
shuffle,16,0.2555880546569824,-0.001170337200164795,0.001170337200164795,-0.27051448822021484,0.27051448822021484,False,232,2027
shuffle,17,0.9890202879905701,-0.07244479656219482,0.07244479656219482,-3.0778722763061523,3.0778722763061523,False,232,2027
shuffle,18,0.2670671045780182,-0.00018662214279174805,0.00018662214279174805,-0.04832792282104492,0.04832792282104492,False,232,2027
shuffle,19,0.8568342924118042,-0.0040389299392700195,0.0040389299392700195,-0.7300276756286621,0.7300276756286621,False,232,2027
shuffle,20,0.9805445075035095,-0.47167086601257324,0.47167086601257324,-5.474313281476498,5.474313281476498,False,232,2027
shuffle,21,0.9829761981964111,-0.1303877830505371,0.1303877830505371,-3.7080185413360596,3.7080185413360596,False,232,2027
shuffle,22,0.9823479056358337,-0.0060318708419799805,0.0060318708419799805,-0.9589166641235352,0.9589166641235352,False,232,2027
shuffle,23,0.9834827184677124,-0.0026826858520507812,0.0026826858520507812,-0.5383319854736328,0.5383319854736328,False,232,2027
shuffle,24,0.9810326099395752,-0.049775004386901855,0.049775004386901855,-2.700686454772949,2.700686454772949,False,232,2027
shuffle,25,0.8989003896713257,-0.0007658004760742188,0.0007658004760742188,-0.18496417999267578,0.18496417999267578,False,232,2027
shuffle,26,0.9572610855102539,-0.015176951885223389,0.015176951885223389,-1.6264591217041016,1.6264591217041016,False,232,2027
shuffle,27,0.9874371290206909,-0.010776281356811523,0.010776281356811523,-1.357943058013916,1.357943058013916,False,232,2027
shuffle,28,0.9794496297836304,-0.09362810850143433,0.09362810850143433,-3.3462743759155273,3.3462743759155273,False,232,2027
shuffle,29,0.8555209040641785,-0.015159845352172852,0.015159845352172852,-1.6255402565002441,1.6255402565002441,False,232,2027
uniform,0,0.7323687672615051,-0.2065146565437317,0.2065146565437317,-2.094657063484192,2.094657063484192,False,233,2027
shuffle,0,0.9157938957214355,-0.11550730466842651,0.11550730466842651,-1.516295313835144,1.516295313835144,False,233,2027
shuffle,1,0.9043970108032227,-0.5142472386360168,0.5142472386360168,-3.43195278942585,3.43195278942585,True,233,2027
shuffle,2,0.8678373098373413,-0.49548518657684326,0.49548518657684326,-3.3563292324543,3.3563292324543,True,233,2027
shuffle,3,0.916000247001648,-0.5001848340034485,0.5001848340034485,-3.3752272874116898,3.3752272874116898,True,233,2027
shuffle,4,0.11295895278453827,0.003371596336364746,0.003371596336364746,0.09540438652038574,0.09540438652038574,False,233,2027
shuffle,5,0.914276123046875,-0.08930063247680664,0.08930063247680664,-1.2991275787353516,1.2991275787353516,False,233,2027
shuffle,6,0.8449084758758545,-0.44015181064605713,0.44015181064605713,-3.134735085070133,3.134735085070133,False,233,2027
shuffle,7,0.8938102722167969,-0.08580470085144043,0.08580470085144043,-1.2673695087432861,1.2673695087432861,False,233,2027
shuffle,8,0.9171439409255981,-0.03491091728210449,0.03491091728210449,-0.683652400970459,0.683652400970459,False,233,2027
shuffle,9,0.9227696657180786,-0.1593998670578003,0.1593998670578003,-1.8204737901687622,1.8204737901687622,False,233,2027
shuffle,10,0.8875805139541626,-0.5383382439613342,0.5383382439613342,-3.529978036880493,3.529978036880493,True,233,2027
shuffle,11,0.8956952095031738,-0.41232597827911377,0.41232597827911377,-3.022842615842819,3.022842615842819,False,233,2027
shuffle,12,0.9285849332809448,-0.4715237617492676,0.4715237617492676,-3.260280817747116,3.260280817747116,True,233,2027
shuffle,13,0.8861721158027649,-0.37033963203430176,0.37033963203430176,-2.8514020442962646,2.8514020442962646,False,233,2027
shuffle,14,0.873338520526886,-0.3439983129501343,0.3439983129501343,-2.741199105978012,2.741199105978012,False,233,2027
shuffle,15,0.8516972661018372,-0.055776894092559814,0.055776894092559814,-0.9568977355957031,0.9568977355957031,False,233,2027
shuffle,16,0.11684077978134155,0.004822492599487305,0.004822492599487305,0.13921070098876953,0.13921070098876953,False,233,2027
shuffle,17,0.897185742855072,-0.42237353324890137,0.42237353324890137,-3.063351571559906,3.063351571559906,False,233,2027
shuffle,18,0.935798168182373,-0.00020998716354370117,0.00020998716354370117,-0.005670309066772461,0.005670309066772461,False,233,2027
shuffle,19,0.8862088918685913,-0.049400150775909424,0.049400150775909424,-0.8797698020935059,0.8797698020935059,False,233,2027
shuffle,20,0.9028251767158508,-0.3396923542022705,0.3396923542022705,-2.7229268848896027,2.7229268848896027,False,233,2027
shuffle,21,0.8755843043327332,-0.45514976978302,0.45514976978302,-3.1947781145572662,3.1947781145572662,False,233,2027
shuffle,22,0.8464294672012329,-0.05465257167816162,0.05465257167816162,-0.9436473846435547,0.9436473846435547,False,233,2027
shuffle,23,0.9270656108856201,-0.4662672281265259,0.4662672281265259,-3.239250034093857,3.239250034093857,True,233,2027
shuffle,24,0.9125776290893555,-0.004918694496154785,0.004918694496154785,-0.1256580352783203,0.1256580352783203,False,233,2027
shuffle,25,0.9300116300582886,-0.11484986543655396,0.11484986543655396,-1.5112380981445312,1.5112380981445312,False,233,2027
shuffle,26,0.8802753686904907,-0.13923317193984985,0.13923317193984985,-1.6881096363067627,1.6881096363067627,False,233,2027
shuffle,27,0.8824036717414856,-0.10346108675003052,0.10346108675003052,-1.4206550121307373,1.4206550121307373,False,233,2027
shuffle,28,0.9432650804519653,-0.47383493185043335,0.47383493185043335,-3.2695299237966537,3.2695299237966537,True,233,2027
shuffle,29,0.8861863613128662,-0.08967089653015137,0.08967089653015137,-1.3024473190307617,1.3024473190307617,False,233,2027
uniform,0,0.77141273021698,-0.5157290399074554,0.5157290399074554,-2.2990939021110535,2.2990939021110535,True,236,2027
shuffle,0,0.9293379783630371,-0.5983928889036179,0.5983928889036179,-2.7640892267227173,2.7640892267227173,True,236,2027
shuffle,1,0.924386739730835,-0.5006704330444336,0.5006704330444336,-2.224849581718445,2.224849581718445,True,236,2027
shuffle,2,0.9098230004310608,-0.33714213967323303,0.33714213967323303,-1.5162303447723389,1.5162303447723389,True,236,2027
shuffle,3,0.6703981757164001,-0.5696208775043488,0.5696208775043488,-2.588632345199585,2.588632345199585,True,236,2027
shuffle,4,0.6700243949890137,-0.5558784455060959,0.5558784455060959,-2.510619640350342,2.510619640350342,True,236,2027
shuffle,5,0.6861270070075989,-0.13602954149246216,0.13602954149246216,-0.6901416778564453,0.6901416778564453,False,236,2027
shuffle,6,0.9123649001121521,-0.4774848222732544,0.4774848222732544,-2.1148194074630737,2.1148194074630737,True,236,2027
shuffle,7,0.9083554744720459,-0.5652839690446854,0.5652839690446854,-2.563652515411377,2.563652515411377,True,236,2027
shuffle,8,0.9343933463096619,-0.5014986991882324,0.5014986991882324,-2.228872060775757,2.228872060775757,True,236,2027
shuffle,9,0.9309694170951843,-0.5769301652908325,0.5769301652908325,-2.6315383911132812,2.6315383911132812,True,236,2027
shuffle,10,0.7041860222816467,-0.17994797229766846,0.17994797229766846,-0.87938392162323,0.87938392162323,False,236,2027
shuffle,11,0.9761193990707397,-0.5540130734443665,0.5540130734443665,-2.500278115272522,2.500278115272522,True,236,2027
shuffle,12,0.9667518138885498,-0.556261345744133,0.556261345744133,-2.512749433517456,2.512749433517456,True,236,2027
shuffle,13,0.9489589333534241,-0.47300270199775696,0.47300270199775696,-2.0940768718719482,2.0940768718719482,True,236,2027
shuffle,14,0.944026529788971,-0.26226967573165894,0.26226967573165894,-1.216088891029358,1.216088891029358,False,236,2027
shuffle,15,0.9201576709747314,-0.2897073030471802,0.2897073030471802,-1.3259672969579697,1.3259672969579697,False,236,2027
shuffle,16,0.6958913207054138,-0.35851427912712097,0.35851427912712097,-1.6028483510017395,1.6028483510017395,True,236,2027
shuffle,17,0.9380505084991455,-0.388312965631485,0.388312965631485,-1.7254061698913574,1.7254061698913574,True,236,2027
shuffle,18,0.9099061489105225,-0.3906644284725189,0.3906644284725189,-1.7351911664009094,1.7351911664009094,True,236,2027
shuffle,19,0.8765755295753479,-0.4733482897281647,0.4733482897281647,-2.0956706404685974,2.0956706404685974,True,236,2027
shuffle,20,0.6532093286514282,-0.6780619844794273,0.6780619844794273,-3.39170503616333,3.39170503616333,True,236,2027
shuffle,21,0.6982033848762512,-0.604814738035202,0.604814738035202,-2.8059074878692627,2.8059074878692627,True,236,2027
shuffle,22,0.9367227554321289,-0.6104502379894257,0.6104502379894257,-2.8435306549072266,2.8435306549072266,True,236,2027
shuffle,23,0.9357994794845581,-0.6138484477996826,0.6138484477996826,-2.8666610717773438,2.8666610717773438,True,236,2027
shuffle,24,0.9339268803596497,-0.4157838523387909,0.4157838523387909,-1.8410189151763916,1.8410189151763916,True,236,2027
shuffle,25,0.9253918528556824,-0.6777751222252846,0.6777751222252846,-3.3888466358184814,3.3888466358184814,True,236,2027
shuffle,26,0.942570686340332,-0.5067636966705322,0.5067636966705322,-2.254604458808899,2.254604458808899,True,236,2027
shuffle,27,0.8869205117225647,-0.4482644200325012,0.4482644200325012,-1.982227861881256,1.982227861881256,True,236,2027
shuffle,28,0.9122174978256226,-0.5855070054531097,0.5855070054531097,-2.683267116546631,2.683267116546631,True,236,2027
shuffle,29,0.9481348991394043,-0.4670856297016144,0.4670856297016144,-2.0669304728507996,2.0669304728507996,True,236,2027
uniform,0,0.8023943305015564,-0.08178335428237915,0.08178335428237915,-2.661374092102051,2.661374092102051,False,237,2027
shuffle,0,0.9700028300285339,-0.07761740684509277,0.07761740684509277,-2.6086089611053467,2.6086089611053467,False,237,2027
shuffle,1,0.9716158509254456,-0.2669309377670288,0.2669309377670288,-4.017109155654907,4.017109155654907,False,237,2027
shuffle,2,0.8039483428001404,-0.0635751485824585,0.0635751485824585,-2.4113082885742188,2.4113082885742188,False,237,2027
shuffle,3,0.971796452999115,-0.23502641916275024,0.23502641916275024,-3.850165605545044,3.850165605545044,False,237,2027
shuffle,4,0.9556689858436584,-0.014573752880096436,0.014573752880096436,-1.1662507057189941,1.1662507057189941,False,237,2027
shuffle,5,0.8034693598747253,-0.011470258235931396,0.011470258235931396,-1.005704402923584,1.005704402923584,False,237,2027
shuffle,6,0.9512038826942444,-0.02014678716659546,0.02014678716659546,-1.4042630195617676,1.4042630195617676,False,237,2027
shuffle,7,0.2340478152036667,-0.007690250873565674,0.007690250873565674,-0.7691798210144043,0.7691798210144043,False,237,2027
shuffle,8,0.9271807670593262,-0.1291460394859314,0.1291460394859314,-3.143291473388672,3.143291473388672,False,237,2027
shuffle,9,0.9265596866607666,-0.029769599437713623,0.029769599437713623,-1.7201576232910156,1.7201576232910156,False,237,2027
shuffle,10,0.9514764547348022,-0.26926636695861816,0.26926636695861816,-4.028827250003815,4.028827250003815,False,237,2027
shuffle,11,0.971460223197937,-0.20098096132278442,0.20098096132278442,-3.654465913772583,3.654465913772583,False,237,2027
shuffle,12,0.9467328190803528,-0.29930025339126587,0.29930025339126587,-4.174488961696625,4.174488961696625,False,237,2027
shuffle,13,0.9260324835777283,-0.0190279483795166,0.0190279483795166,-1.3606071472167969,1.3606071472167969,False,237,2027
shuffle,14,0.9293804168701172,-0.3103298544883728,0.3103298544883728,-4.2259162068367,4.2259162068367,False,237,2027
shuffle,15,0.9633463621139526,-0.09130793809890747,0.09130793809890747,-2.7740697860717773,2.7740697860717773,False,237,2027
shuffle,16,0.22997751832008362,-0.010824203491210938,0.010824203491210938,-0.9689192771911621,0.9689192771911621,False,237,2027
shuffle,17,0.7841359972953796,-0.010356128215789795,0.010356128215789795,-0.9414334297180176,0.9414334297180176,False,237,2027
shuffle,18,0.9664565324783325,-0.07711547613143921,0.07711547613143921,-2.602092981338501,2.602092981338501,False,237,2027
shuffle,19,0.9603297710418701,-0.05633664131164551,0.05633664131164551,-2.2949137687683105,2.2949137687683105,False,237,2027
shuffle,20,0.934970498085022,-0.2123432159423828,0.2123432159423828,-3.722167491912842,3.722167491912842,False,237,2027
shuffle,21,0.9553443789482117,-0.2703952193260193,0.2703952193260193,-4.034469246864319,4.034469246864319,False,237,2027
shuffle,22,0.20280307531356812,-0.009090662002563477,0.009090662002563477,-0.8632354736328125,0.8632354736328125,False,237,2027
shuffle,23,0.8118098378181458,0.0018345117568969727,0.0018345117568969727,0.31966114044189453,0.31966114044189453,False,237,2027
shuffle,24,0.9566267728805542,-0.06874668598175049,0.06874668598175049,-2.487858295440674,2.487858295440674,False,237,2027
shuffle,25,0.968028724193573,-0.048465073108673096,0.048465073108673096,-2.153247833251953,2.153247833251953,False,237,2027
shuffle,26,0.930389404296875,-0.020445168018341064,0.020445168018341064,-1.4156079292297363,1.4156079292297363,False,237,2027
shuffle,27,0.9689584970474243,-0.30227237939834595,0.30227237939834595,-4.18844598531723,4.18844598531723,False,237,2027
shuffle,28,0.9773217439651489,-0.3035992383956909,0.3035992383956909,-4.194652438163757,4.194652438163757,False,237,2027
shuffle,29,0.971553385257721,-0.1409827470779419,0.1409827470779419,-3.2406058311462402,3.2406058311462402,False,237,2027
uniform,0,0.7751462459564209,-0.0073021650314331055,0.0073021650314331055,-1.4800167083740234,1.4800167083740234,False,242,2027
shuffle,0,0.9493345022201538,-0.004809319972991943,0.004809319972991943,-1.1722049713134766,1.1722049713134766,False,242,2027
shuffle,1,0.33535733819007874,-0.0026151537895202637,0.0026151537895202637,-0.7927312850952148,0.7927312850952148,False,242,2027
shuffle,2,0.9431315064430237,-0.03198891878128052,0.03198891878128052,-2.7877066135406494,2.7877066135406494,False,242,2027
shuffle,3,0.6651187539100647,-0.00362241268157959,0.00362241268157959,-0.98468017578125,0.98468017578125,False,242,2027
shuffle,4,0.6445407271385193,-0.0018057823181152344,0.0018057823181152344,-0.6067380905151367,0.6067380905151367,False,242,2027
shuffle,5,0.9429907202720642,-0.02113211154937744,0.02113211154937744,-2.394084930419922,2.394084930419922,False,242,2027
shuffle,6,0.9626931548118591,-0.01559591293334961,0.01559591293334961,-2.1172094345092773,2.1172094345092773,False,242,2027
shuffle,7,0.9608785510063171,-0.0065871477127075195,0.0065871477127075195,-1.4008307456970215,1.4008307456970215,False,242,2027
shuffle,8,0.6366841793060303,-0.00408095121383667,0.00408095121383667,-1.0612869262695312,1.0612869262695312,False,242,2027
shuffle,9,0.9866815805435181,-0.005994617938995361,0.005994617938995361,-1.3301887512207031,1.3301887512207031,False,242,2027
shuffle,10,0.9749385118484497,-0.0006612539291381836,0.0006612539291381836,-0.2663707733154297,0.2663707733154297,False,242,2027
shuffle,11,0.9708830118179321,-0.04539769887924194,0.04539769887924194,-3.132793426513672,3.132793426513672,False,242,2027
shuffle,12,0.9758817553520203,-0.008537650108337402,0.008537650108337402,-1.6038274765014648,1.6038274765014648,False,242,2027
shuffle,13,0.9756417870521545,-0.016472458839416504,0.016472458839416504,-2.1662540435791016,2.1662540435791016,False,242,2027
shuffle,14,0.985295295715332,-0.03642326593399048,0.03642326593399048,-2.9143543243408203,2.9143543243408203,False,242,2027
shuffle,15,0.33424627780914307,-0.003092825412750244,0.003092825412750244,-0.8883247375488281,0.8883247375488281,False,242,2027
shuffle,16,0.95866459608078,-0.005354702472686768,0.005354702472686768,-1.2479562759399414,1.2479562759399414,False,242,2027
shuffle,17,0.9655728936195374,-0.03269153833389282,0.03269153833389282,-2.808793067932129,2.808793067932129,False,242,2027
shuffle,18,0.6770510077476501,-0.00461733341217041,0.00461733341217041,-1.1441197395324707,1.1441197395324707,False,242,2027
shuffle,19,0.9463521242141724,-0.00996941328048706,0.00996941328048706,-1.7307472229003906,1.7307472229003906,False,242,2027
shuffle,20,0.356210321187973,-0.0014351606369018555,0.0014351606369018555,-0.5085997581481934,0.5085997581481934,False,242,2027
shuffle,21,0.9486916065216064,-0.0156669020652771,0.0156669020652771,-2.121267795562744,2.121267795562744,False,242,2027
shuffle,22,0.9769362211227417,-0.011133670806884766,0.011133670806884766,-1.8234872817993164,1.8234872817993164,False,242,2027
shuffle,23,0.9633582234382629,-0.009667813777923584,0.009667813777923584,-1.705284595489502,1.705284595489502,False,242,2027
shuffle,24,0.9749967455863953,-0.005253493785858154,0.005253493785858154,-1.234311580657959,1.234311580657959,False,242,2027
shuffle,25,0.9409975409507751,-0.004911959171295166,0.004911959171295166,-1.1868858337402344,1.1868858337402344,False,242,2027
shuffle,26,0.9880297780036926,-0.020095229148864746,0.020095229148864746,-2.3475146293640137,2.3475146293640137,False,242,2027
shuffle,27,0.946979820728302,-0.015088140964508057,0.015088140964508057,-2.0876970291137695,2.0876970291137695,False,242,2027
shuffle,28,0.6574312448501587,-0.005623877048492432,0.005623877048492432,-1.2833638191223145,1.2833638191223145,False,242,2027
shuffle,29,0.9709855914115906,-0.046559691429138184,0.046559691429138184,-3.158149242401123,3.158149242401123,False,242,2027
uniform,0,0.7176160216331482,-0.10738706588745117,0.10738706588745117,-1.2728997468948364,1.2728997468948364,False,251,2027
shuffle,0,0.862322986125946,-0.06332451105117798,0.06332451105117798,-0.8923618793487549,0.8923618793487549,False,251,2027
shuffle,1,0.8636058568954468,-0.06925070285797119,0.06925070285797119,-0.9502391815185547,0.9502391815185547,False,251,2027
shuffle,2,0.8546492457389832,-0.09170359373092651,0.09170359373092651,-1.1491730213165283,1.1491730213165283,False,251,2027
shuffle,3,0.9244563579559326,-0.4556517004966736,0.4556517004966736,-2.97494126111269,2.97494126111269,True,251,2027
shuffle,4,0.9188210368156433,-0.1923140287399292,0.1923140287399292,-1.8116315603256226,1.8116315603256226,False,251,2027
shuffle,5,0.5643778443336487,-0.40154778957366943,0.40154778957366943,-2.757897302508354,2.757897302508354,False,251,2027
shuffle,6,0.4575474262237549,0.006100952625274658,0.006100952625274658,0.13782072067260742,0.13782072067260742,False,251,2027
shuffle,7,0.9252641201019287,-0.35684674978256226,0.35684674978256226,-2.5752509236335754,2.5752509236335754,False,251,2027
shuffle,8,0.5870612263679504,-0.04760873317718506,0.04760873317718506,-0.724855899810791,0.724855899810791,False,251,2027
shuffle,9,0.918811023235321,-0.09340959787368774,0.09340959787368774,-1.1631673574447632,1.1631673574447632,False,251,2027
shuffle,10,0.8444640040397644,-0.025428473949432373,0.025428473949432373,-0.441408634185791,0.441408634185791,False,251,2027
shuffle,11,0.941126823425293,-0.18821614980697632,0.18821614980697632,-1.7891521453857422,1.7891521453857422,False,251,2027
shuffle,12,0.9475982785224915,-0.19657868146896362,0.19657868146896362,-1.834752082824707,1.834752082824707,False,251,2027
shuffle,13,0.8447505831718445,-0.07843583822250366,0.07843583822250366,-1.03519606590271,1.03519606590271,False,251,2027
shuffle,14,0.5778950452804565,-0.27909374237060547,0.27909374237060547,-2.2398024797439575,2.2398024797439575,False,251,2027
shuffle,15,0.9448252320289612,-0.3687671422958374,0.3687671422958374,-2.6244469583034515,2.6244469583034515,False,251,2027
shuffle,16,0.8623368740081787,-0.04717731475830078,0.04717731475830078,-0.7199277877807617,0.7199277877807617,False,251,2027
shuffle,17,0.880836009979248,-0.04284268617630005,0.04284268617630005,-0.6692872047424316,0.6692872047424316,False,251,2027
shuffle,18,0.9286326766014099,-0.025852739810943604,0.025852739810943604,-0.4475107192993164,0.4475107192993164,False,251,2027
shuffle,19,0.8675854802131653,-0.1328093409538269,0.1328093409538269,-1.4536619186401367,1.4536619186401367,False,251,2027
shuffle,20,0.5076386332511902,-0.04778492450714111,0.04778492450714111,-0.726862907409668,0.726862907409668,False,251,2027
shuffle,21,0.8583577871322632,-0.0012571215629577637,0.0012571215629577637,-0.026383399963378906,0.026383399963378906,False,251,2027
shuffle,22,0.9207134246826172,-0.03630954027175903,0.03630954027175903,-0.5887703895568848,0.5887703895568848,False,251,2027
shuffle,23,0.8824878931045532,-0.5092165768146515,0.5092165768146515,-3.1902911216020584,3.1902911216020584,True,251,2027
shuffle,24,0.9416729807853699,-0.03335094451904297,0.03335094451904297,-0.550468921661377,0.550468921661377,False,251,2027
shuffle,25,0.8507359027862549,-0.12912827730178833,0.12912827730178833,-1.4287761449813843,1.4287761449813843,False,251,2027
shuffle,26,0.9355601072311401,-0.2805424928665161,0.2805424928665161,-2.2463613748550415,2.2463613748550415,False,251,2027
shuffle,27,0.9404787421226501,-0.20801174640655518,0.20801174640655518,-1.8954405784606934,1.8954405784606934,False,251,2027
shuffle,28,0.9222308397293091,-0.021360337734222412,0.021360337734222412,-0.3812272548675537,0.3812272548675537,False,251,2027
shuffle,29,0.830795407295227,-0.02860856056213379,0.02860856056213379,-0.48639678955078125,0.48639678955078125,False,251,2027
uniform,0,0.7481680512428284,0.006806135177612305,0.006806135177612305,0.09447908401489258,0.09447908401489258,False,258,2027
shuffle,0,0.9499232769012451,0.015336453914642334,0.015336453914642334,0.22475528717041016,0.22475528717041016,False,258,2027
shuffle,1,0.9715468883514404,0.03865945339202881,0.03865945339202881,0.6832623481750488,0.6832623481750488,False,258,2027
shuffle,2,0.8459304571151733,0.04441118240356445,0.04441118240356445,0.8330702781677246,0.8330702781677246,False,258,2027
shuffle,3,0.931179940700531,0.028001725673675537,0.028001725673675537,0.45035719871520996,0.45035719871520996,False,258,2027
shuffle,4,0.9617688655853271,-0.007523953914642334,0.007523953914642334,-0.09642601013183594,0.09642601013183594,False,258,2027
shuffle,5,0.9778828620910645,-0.04635673761367798,0.04635673761367798,-0.5016632080078125,0.5016632080078125,False,258,2027
shuffle,6,0.9464454054832458,-0.054224491119384766,0.054224491119384766,-0.570398211479187,0.570398211479187,False,258,2027
shuffle,7,0.9486650228500366,0.05335897207260132,0.05335897207260132,1.1175627708435059,1.1175627708435059,False,258,2027
shuffle,8,0.8511202335357666,0.024219274520874023,0.024219274520874023,0.3781585693359375,0.3781585693359375,False,258,2027
shuffle,9,0.7297444343566895,0.03643810749053955,0.03643810749053955,0.6304993629455566,0.6304993629455566,False,258,2027
shuffle,10,0.9557158350944519,-0.17773288488388062,0.17773288488388062,-1.3713767528533936,1.3713767528533936,False,258,2027
shuffle,11,0.9641083478927612,-0.04838526248931885,0.04838526248931885,-0.5197209119796753,0.5197209119796753,False,258,2027
shuffle,12,0.9631759524345398,0.056158363819122314,0.056158363819122314,1.2248339653015137,1.2248339653015137,False,258,2027
shuffle,13,0.9565658569335938,-0.010487914085388184,0.010487914085388184,-0.1324019432067871,0.1324019432067871,False,258,2027
shuffle,14,0.6076247692108154,0.05281120538711548,0.05281120538711548,1.0977873802185059,1.0977873802185059,False,258,2027
shuffle,15,0.8506373167037964,-0.28049707412719727,0.28049707412719727,-1.8545430302619934,1.8545430302619934,False,258,2027
shuffle,16,0.6136667132377625,0.01866936683654785,0.01866936683654785,0.2799265384674072,0.2799265384674072,False,258,2027
shuffle,17,0.8507296442985535,-0.02911972999572754,0.02911972999572754,-0.33739709854125977,0.33739709854125977,False,258,2027
shuffle,18,0.9452888369560242,-0.12268918752670288,0.12268918752670288,-1.061115026473999,1.061115026473999,False,258,2027
shuffle,19,0.9365990161895752,-0.02569103240966797,0.02569103240966797,-0.3020915985107422,0.3020915985107422,False,258,2027
shuffle,20,0.7142413258552551,0.030056536197662354,0.030056536197662354,0.49161839485168457,0.49161839485168457,False,258,2027
shuffle,21,0.8335999250411987,0.06026250123977661,0.06026250123977661,1.4049692153930664,1.4049692153930664,False,258,2027
shuffle,22,0.9593313336372375,0.07294595241546631,0.07294595241546631,2.320394992828369,2.320394992828369,False,258,2027
shuffle,23,0.8581576347351074,0.03494274616241455,0.03494274616241455,0.5963568687438965,0.5963568687438965,False,258,2027
shuffle,24,0.9620572328567505,0.03197634220123291,0.03197634220123291,0.5315995216369629,0.5315995216369629,False,258,2027
shuffle,25,0.9365589618682861,-0.1875583529472351,0.1875583529472351,-1.4219187498092651,1.4219187498092651,False,258,2027
shuffle,26,0.9191386699676514,0.02797788381576538,0.02797788381576538,0.4498867988586426,0.4498867988586426,False,258,2027
shuffle,27,0.8151038885116577,0.02254122495651245,0.02254122495651245,0.347550630569458,0.347550630569458,False,258,2027
shuffle,28,0.9181555509567261,0.06913506984710693,0.06913506984710693,1.9515938758850098,1.9515938758850098,False,258,2027
shuffle,29,0.9375196695327759,0.039300501346588135,0.039300501346588135,0.6989753246307373,0.6989753246307373,False,258,2027
uniform,0,0.6237929463386536,-0.0037404894828796387,0.0037404894828796387,-1.6141462326049805,1.6141462326049805,False,263,2027
shuffle,0,0.8093858957290649,-0.0066414475440979,0.0066414475440979,-2.0998740196228027,2.0998740196228027,False,263,2027
shuffle,1,0.7035748958587646,-0.0009120702743530273,0.0009120702743530273,-0.6822104454040527,0.6822104454040527,False,263,2027
shuffle,2,0.8604344725608826,-0.007610976696014404,0.007610976696014404,-2.221283435821533,2.221283435821533,False,263,2027
shuffle,3,0.7220476865768433,-0.0019511580467224121,0.0019511580467224121,-1.1298165321350098,1.1298165321350098,False,263,2027
shuffle,4,0.911884069442749,-0.007709681987762451,0.007709681987762451,-2.232870101928711,2.232870101928711,False,263,2027
shuffle,5,0.5971209406852722,-0.0022053122520446777,0.0022053122520446777,-1.2144999504089355,1.2144999504089355,False,263,2027
shuffle,6,0.8764001727104187,-0.001078784465789795,0.001078784465789795,-0.7688822746276855,0.7688822746276855,False,263,2027
shuffle,7,0.8559757471084595,-0.0015461444854736328,0.0015461444854736328,-0.9781246185302734,0.9781246185302734,False,263,2027
shuffle,8,0.7850633859634399,-0.00280839204788208,0.00280839204788208,-1.390824794769287,1.390824794769287,False,263,2027
shuffle,9,0.8816136121749878,-0.0014934539794921875,0.0014934539794921875,-0.9566206932067871,0.9566206932067871,False,263,2027
shuffle,10,0.739281177520752,-0.009711086750030518,0.009711086750030518,-2.4431629180908203,2.4431629180908203,False,263,2027
shuffle,11,0.84554523229599,-0.004048585891723633,0.004048585891723633,-1.6783027648925781,1.6783027648925781,False,263,2027
shuffle,12,0.6556317806243896,-0.0006333589553833008,0.0006333589553833008,-0.5182690620422363,0.5182690620422363,False,263,2027
shuffle,13,0.767812192440033,-0.003280043601989746,0.003280043601989746,-1.509984016418457,1.509984016418457,False,263,2027
shuffle,14,0.8078808784484863,-0.007043302059173584,0.007043302059173584,-2.1519622802734375,2.1519622802734375,False,263,2027
shuffle,15,0.7383741736412048,-0.012930214405059814,0.012930214405059814,-2.710631847381592,2.710631847381592,False,263,2027
shuffle,16,0.9024158120155334,-0.0071144700050354,0.0071144700050354,-2.160926342010498,2.160926342010498,False,263,2027
shuffle,17,0.6329102516174316,-0.0021001100540161133,0.0021001100540161133,-1.1803021430969238,1.1803021430969238,False,263,2027
shuffle,18,0.9021440148353577,-0.0021700263023376465,0.0021700263023376465,-1.2031502723693848,1.2031502723693848,False,263,2027
shuffle,19,0.6286996006965637,-0.0013565421104431152,0.0013565421104431152,-0.8984026908874512,0.8984026908874512,False,263,2027
shuffle,20,0.7630125284194946,-0.0032609105110168457,0.0032609105110168457,-1.5054163932800293,1.5054163932800293,False,263,2027
shuffle,21,0.8700109124183655,-0.005898118019104004,0.005898118019104004,-1.995856761932373,1.995856761932373,False,263,2027
shuffle,22,0.7428081631660461,-0.0030946731567382812,0.0030946731567382812,-1.4648032188415527,1.4648032188415527,False,263,2027
shuffle,23,0.8295418620109558,-0.0044155120849609375,0.0044155120849609375,-1.7497334480285645,1.7497334480285645,False,263,2027
shuffle,24,0.644465982913971,-0.0017842650413513184,0.0017842650413513184,-1.070070743560791,1.070070743560791,False,263,2027
shuffle,25,0.8091808557510376,-0.008686602115631104,0.008686602115631104,-2.3409290313720703,2.3409290313720703,False,263,2027
shuffle,26,0.8458821773529053,-0.0049211978912353516,0.0049211978912353516,-1.8405547142028809,1.8405547142028809,False,263,2027
shuffle,27,0.8168661594390869,-0.0022003650665283203,0.0022003650665283203,-1.2129197120666504,1.2129197120666504,False,263,2027
shuffle,28,0.8403365612030029,-0.00906062126159668,0.00906062126159668,-2.3794546127319336,2.3794546127319336,False,263,2027
shuffle,29,0.8346627950668335,-0.0028418898582458496,0.0028418898582458496,-1.3997693061828613,1.3997693061828613,False,263,2027
uniform,0,0.8086962699890137,-0.001570582389831543,0.001570582389831543,-0.49438953399658203,0.49438953399658203,False,275,2027
shuffle,0,0.7378928661346436,-0.0025200247764587402,0.0025200247764587402,-0.7065815925598145,0.7065815925598145,False,275,2027
shuffle,1,0.27722519636154175,-0.0026160478591918945,0.0026160478591918945,-0.7257661819458008,0.7257661819458008,False,275,2027
shuffle,2,0.9310408234596252,0.0015069842338562012,0.0015069842338562012,0.946019172668457,0.946019172668457,False,275,2027
shuffle,3,0.9517775177955627,0.0010252594947814941,0.0010252594947814941,0.5384836196899414,0.5384836196899414,False,275,2027
shuffle,4,0.9604260921478271,-0.035953640937805176,0.035953640937805176,-2.7827038764953613,2.7827038764953613,False,275,2027
shuffle,5,0.9497136473655701,-0.00012987852096557617,0.00012987852096557617,-0.05146980285644531,0.05146980285644531,False,275,2027
shuffle,6,0.9671439528465271,-0.029454350471496582,0.029454350471496582,-2.590639114379883,2.590639114379883,False,275,2027
shuffle,7,0.9874964356422424,-0.005882203578948975,0.005882203578948975,-1.2253751754760742,1.2253751754760742,False,275,2027
shuffle,8,0.9734336733818054,-0.0009035468101501465,0.0009035468101501465,-0.3131098747253418,0.3131098747253418,False,275,2027
shuffle,9,0.9644558429718018,8.463859558105469e-06,8.463859558105469e-06,0.003406524658203125,0.003406524658203125,False,275,2027
shuffle,10,0.9640905857086182,-0.017503440380096436,0.017503440380096436,-2.109332323074341,2.109332323074341,False,275,2027
shuffle,11,0.9518191814422607,-0.0003483891487121582,0.0003483891487121582,-0.1325092315673828,0.1325092315673828,False,275,2027
shuffle,12,0.9718112945556641,-0.0005930066108703613,0.0005930066108703613,-0.21609878540039062,0.21609878540039062,False,275,2027
shuffle,13,0.9744754433631897,0.0021189451217651367,0.0021189451217651367,1.9630966186523438,1.9630966186523438,False,275,2027
shuffle,14,0.7679592967033386,0.0006874203681945801,0.0006874203681945801,0.32750463485717773,0.32750463485717773,False,275,2027
shuffle,15,0.9624268412590027,-0.03547704219818115,0.03547704219818115,-2.7697229385375977,2.7697229385375977,False,275,2027
shuffle,16,0.9722598791122437,-0.00016498565673828125,0.00016498565673828125,-0.06491279602050781,0.06491279602050781,False,275,2027
shuffle,17,0.9629806280136108,-0.00627368688583374,0.00627368688583374,-1.2716059684753418,1.2716059684753418,False,275,2027
shuffle,18,0.9930465817451477,0.0005930066108703613,0.0005930066108703613,0.27562665939331055,0.27562665939331055,False,275,2027
shuffle,19,0.9633313417434692,-0.00525742769241333,0.00525742769241333,-1.146965503692627,1.146965503692627,False,275,2027
shuffle,20,0.9525948762893677,0.002011716365814209,0.002011716365814209,1.6937379837036133,1.6937379837036133,False,275,2027
shuffle,21,0.9866951704025269,-0.0025157928466796875,0.0025157928466796875,-0.7057380676269531,0.7057380676269531,False,275,2027
shuffle,22,0.7647174000740051,0.0013008713722229004,0.0013008713722229004,0.7510786056518555,0.7510786056518555,False,275,2027
shuffle,23,0.9549726247787476,-0.0006625056266784668,0.0006625056266784668,-0.23862266540527344,0.23862266540527344,False,275,2027
shuffle,24,0.9634947180747986,-0.005951941013336182,0.005951941013336182,-1.2337713241577148,1.2337713241577148,False,275,2027
shuffle,25,0.7314551472663879,-0.0019837617874145508,0.0019837617874145508,-0.5922508239746094,0.5922508239746094,False,275,2027
shuffle,26,0.9708858132362366,0.0004240274429321289,0.0004240274429321289,0.1890850067138672,0.1890850067138672,False,275,2027
shuffle,27,0.9735560417175293,-0.0005214214324951172,0.0005214214324951172,-0.19235992431640625,0.19235992431640625,False,275,2027
shuffle,28,0.9854502081871033,-0.010850250720977783,0.010850250720977783,-1.6973457336425781,1.6973457336425781,False,275,2027
shuffle,29,0.962380051612854,-0.00364530086517334,0.00364530086517334,-0.9112067222595215,0.9112067222595215,False,275,2027
uniform,0,0.7433223724365234,-0.004736721515655518,0.004736721515655518,-1.4177851676940918,1.4177851676940918,False,283,2027
shuffle,0,0.9553119540214539,-0.021751046180725098,0.021751046180725098,-2.74815034866333,2.74815034866333,False,283,2027
shuffle,1,0.9402734637260437,-0.017151057720184326,0.017151057720184326,-2.5232579708099365,2.5232579708099365,False,283,2027
shuffle,2,0.8403035402297974,-0.008192837238311768,0.008192837238311768,-1.8608365058898926,1.8608365058898926,False,283,2027
shuffle,3,0.8396052122116089,-0.005293726921081543,0.005293726921081543,-1.503570556640625,1.503570556640625,False,283,2027
shuffle,4,0.942096471786499,-0.005972445011138916,0.005972445011138916,-1.599172592163086,1.599172592163086,False,283,2027
shuffle,5,0.9389688968658447,-0.003142714500427246,0.003142714500427246,-1.122349739074707,1.122349739074707,False,283,2027
shuffle,6,0.8623583316802979,-0.02993154525756836,0.02993154525756836,-3.057757616043091,3.057757616043091,False,283,2027
shuffle,7,0.9353413581848145,-0.02502894401550293,0.02502894401550293,-2.8832738399505615,2.8832738399505615,False,283,2027
shuffle,8,0.9357123374938965,-0.00012177228927612305,0.00012177228927612305,-0.07708072662353516,0.07708072662353516,False,283,2027
shuffle,9,0.9373763203620911,-0.05181044340133667,0.05181044340133667,-3.608613967895508,3.608613967895508,False,283,2027
shuffle,10,0.9336785674095154,-0.0069016218185424805,0.0069016218185424805,-1.7169523239135742,1.7169523239135742,False,283,2027
shuffle,11,0.8567605018615723,-0.0493505597114563,0.0493505597114563,-3.5587997436523438,3.5587997436523438,False,283,2027
shuffle,12,0.7811899185180664,-0.0009057521820068359,0.0009057521820068359,-0.4674110412597656,0.4674110412597656,False,283,2027
shuffle,13,0.2628835141658783,-0.00012165307998657227,0.00012165307998657227,-0.0769491195678711,0.0769491195678711,False,283,2027
shuffle,14,0.7985806465148926,-0.004469692707061768,0.004469692707061768,-1.3739237785339355,1.3739237785339355,False,283,2027
shuffle,15,0.7979781627655029,-0.005946040153503418,0.005946040153503418,-1.595611572265625,1.595611572265625,False,283,2027
shuffle,16,0.9468905925750732,-0.004857838153839111,0.004857838153839111,-1.4370646476745605,1.4370646476745605,False,283,2027
shuffle,17,0.78025883436203,-0.0011644959449768066,0.0011644959449768066,-0.5688800811767578,0.5688800811767578,False,283,2027
shuffle,18,0.9401769638061523,-0.002039492130279541,0.002039492130279541,-0.8515071868896484,0.8515071868896484,False,283,2027
shuffle,19,0.27911996841430664,-0.0012305378913879395,0.0012305378913879395,-0.5932064056396484,0.5932064056396484,False,283,2027
shuffle,20,0.9382066130638123,-0.014973759651184082,0.014973759651184082,-2.39707612991333,2.39707612991333,False,283,2027
shuffle,21,0.9481391310691833,-0.010662615299224854,0.010662615299224854,-2.0898122787475586,2.0898122787475586,False,283,2027
shuffle,22,0.9349478483200073,-0.008759856224060059,0.008759856224060059,-1.9181289672851562,1.9181289672851562,False,283,2027
shuffle,23,0.7700375914573669,-0.0018091201782226562,0.0018091201782226562,-0.7844371795654297,0.7844371795654297,False,283,2027
shuffle,24,0.9269899129867554,-0.0006323456764221191,0.0006323456764221191,-0.3477449417114258,0.3477449417114258,False,283,2027
shuffle,25,0.9522104263305664,-0.00788813829421997,0.00788813829421997,-1.8286638259887695,1.8286638259887695,False,283,2027
shuffle,26,0.7566037774085999,2.5451183319091797e-05,2.5451183319091797e-05,0.01683521270751953,0.01683521270751953,False,283,2027
shuffle,27,0.9440004229545593,-0.0031368136405944824,0.0031368136405944824,-1.1210732460021973,1.1210732460021973,False,283,2027
shuffle,28,0.8445796966552734,0.00013256072998046875,0.00013256072998046875,0.09108352661132812,0.09108352661132812,False,283,2027
shuffle,29,0.8499389290809631,-0.00011742115020751953,0.00011742115020751953,-0.07434701919555664,0.07434701919555664,False,283,2027
uniform,0,0.6342984437942505,0.029456257820129395,0.029456257820129395,0.6677291393280029,0.6677291393280029,False,285,2027
shuffle,0,0.6967780590057373,0.03848999738693237,0.03848999738693237,0.9959559440612793,0.9959559440612793,False,285,2027
shuffle,1,0.811143696308136,0.047017812728881836,0.047017812728881836,1.44256591796875,1.44256591796875,False,285,2027
shuffle,2,0.8236588835716248,0.00206601619720459,0.00206601619720459,0.035794734954833984,0.035794734954833984,False,285,2027
shuffle,3,0.9245336055755615,0.04503941535949707,0.04503941535949707,1.3205766677856445,1.3205766677856445,False,285,2027
shuffle,4,0.3259079158306122,-0.008707046508789062,0.008707046508789062,-0.13968276977539062,0.13968276977539062,False,285,2027
shuffle,5,0.8534229397773743,0.030952274799346924,0.030952274799346924,0.7155508995056152,0.7155508995056152,False,285,2027
shuffle,6,0.8389343619346619,0.018897831439971924,0.018897831439971924,0.37975382804870605,0.37975382804870605,False,285,2027
shuffle,7,0.9446948766708374,0.023186445236206055,0.023186445236206055,0.4876680374145508,0.4876680374145508,False,285,2027
shuffle,8,0.9237971901893616,0.04402756690979004,0.04402756690979004,1.2633318901062012,1.2633318901062012,False,285,2027
shuffle,9,0.9042717814445496,0.03569376468658447,0.03569376468658447,0.8830900192260742,0.8830900192260742,False,285,2027
shuffle,10,0.7903582453727722,0.03679180145263672,0.03679180145263672,0.9259788990020752,0.9259788990020752,False,285,2027
shuffle,11,0.8780118227005005,0.038253188133239746,0.038253188133239746,0.9859158992767334,0.9859158992767334,False,285,2027
shuffle,12,0.3815145492553711,0.006530165672302246,0.006530165672302246,0.11722326278686523,0.11722326278686523,False,285,2027
shuffle,13,0.9091323614120483,0.040964365005493164,0.040964365005493164,1.1070666313171387,1.1070666313171387,False,285,2027
shuffle,14,0.8560522794723511,0.04386323690414429,0.04386323690414429,1.2543232440948486,1.2543232440948486,False,285,2027
shuffle,15,0.8986712694168091,0.04109686613082886,0.04109686613082886,1.1133625507354736,1.1133625507354736,False,285,2027
shuffle,16,0.9242551326751709,0.040191471576690674,0.040191471576690674,1.0710766315460205,1.0710766315460205,False,285,2027
shuffle,17,0.8091064095497131,0.025157809257507324,0.025157809257507324,0.5411148071289062,0.5411148071289062,False,285,2027
shuffle,18,0.8492897748947144,0.04864472150802612,0.04864472150802612,1.5549545288085938,1.5549545288085938,False,285,2027
shuffle,19,0.8290063738822937,-0.0008952021598815918,0.0008952021598815918,-0.015169620513916016,0.015169620513916016,False,285,2027
shuffle,20,0.6817800402641296,0.0009581446647644043,0.0009581446647644043,0.01645946502685547,0.01645946502685547,False,285,2027
shuffle,21,0.6248759627342224,0.028993844985961914,0.028993844985961914,0.6533708572387695,0.6533708572387695,False,285,2027
shuffle,22,0.6827818155288696,0.03520113229751587,0.03520113229751587,0.8643991947174072,0.8643991947174072,False,285,2027
shuffle,23,0.8302256464958191,0.0030952095985412598,0.0030952095985412598,0.05405569076538086,0.05405569076538086,False,285,2027
shuffle,24,0.7032282948493958,0.022387325763702393,0.022387325763702393,0.4667339324951172,0.4667339324951172,False,285,2027
shuffle,25,0.8680703639984131,0.011485278606414795,0.011485278606414795,0.21509146690368652,0.21509146690368652,False,285,2027
shuffle,26,0.7363622784614563,0.01499021053314209,0.01499021053314209,0.2899026870727539,0.2899026870727539,False,285,2027
shuffle,27,0.7734552621841431,0.006991863250732422,0.006991863250732422,0.1259899139404297,0.1259899139404297,False,285,2027
shuffle,28,0.8768220543861389,0.02877676486968994,0.02877676486968994,0.6466951370239258,0.6466951370239258,False,285,2027
shuffle,29,0.7183752655982971,0.018529236316680908,0.018529236316680908,0.3709568977355957,0.3709568977355957,False,285,2027
uniform,0,0.6708247661590576,-0.039938390254974365,0.039938390254974365,-0.6286134719848633,0.6286134719848633,False,305,2027
shuffle,0,0.6010751128196716,-0.02093583345413208,0.02093583345413208,-0.3710799217224121,0.3710799217224121,False,305,2027
shuffle,1,0.8674736022949219,-0.08423876762390137,0.08423876762390137,-1.0784224271774292,1.0784224271774292,False,305,2027
shuffle,2,0.806614875793457,-0.008314013481140137,0.008314013481140137,-0.16214752197265625,0.16214752197265625,False,305,2027
shuffle,3,0.8480933308601379,-0.1635541319847107,0.1635541319847107,-1.6383453607559204,1.6383453607559204,False,305,2027
shuffle,4,0.8066935539245605,-0.10373646020889282,0.10373646020889282,-1.236670732498169,1.236670732498169,False,305,2027
shuffle,5,0.6612550020217896,0.014706313610076904,0.014706313610076904,0.36232614517211914,0.36232614517211914,False,305,2027
shuffle,6,0.9295901656150818,-0.0958782434463501,0.0958782434463501,-1.1750152111053467,1.1750152111053467,False,305,2027
shuffle,7,0.6586235165596008,-0.05211949348449707,0.05211949348449707,-0.7688932418823242,0.7688932418823242,False,305,2027
shuffle,8,0.5446769595146179,-0.061889827251434326,0.061889827251434326,-0.8710684776306152,0.8710684776306152,False,305,2027
shuffle,9,0.9568290710449219,-0.09624373912811279,0.09624373912811279,-1.1779427528381348,1.1779427528381348,False,305,2027
shuffle,10,0.6538105607032776,-0.025741398334503174,0.025741398334503174,-0.44167017936706543,0.44167017936706543,False,305,2027
shuffle,11,0.6707849502563477,-0.002279818058013916,0.002279818058013916,-0.04685020446777344,0.04685020446777344,False,305,2027
shuffle,12,0.8320927619934082,-0.08324795961380005,0.08324795961380005,-1.0698788166046143,1.0698788166046143,False,305,2027
shuffle,13,0.7761452794075012,-0.04276615381240845,0.04276615381240845,-0.6626272201538086,0.6626272201538086,False,305,2027
shuffle,14,0.9235471487045288,-0.04657083749771118,0.04657083749771118,-0.7069563865661621,0.7069563865661621,False,305,2027
shuffle,15,0.3361719846725464,-0.006834924221038818,0.006834924221038818,-0.13495826721191406,0.13495826721191406,False,305,2027
shuffle,16,0.9222986698150635,0.004651904106140137,0.004651904106140137,0.10220527648925781,0.10220527648925781,False,305,2027
shuffle,17,0.9053555727005005,-0.08267682790756226,0.08267682790756226,-1.0649293661117554,1.0649293661117554,False,305,2027
shuffle,18,0.7563849687576294,-0.03146922588348389,0.03146922588348389,-0.5206372737884521,0.5206372737884521,False,305,2027
shuffle,19,0.9531142115592957,-0.08321118354797363,0.08321118354797363,-1.0695608854293823,1.0695608854293823,False,305,2027
shuffle,20,0.9297619462013245,-0.07445889711380005,0.07445889711380005,-0.9916377067565918,0.9916377067565918,False,305,2027
shuffle,21,0.8137277364730835,-0.06625336408615112,0.06625336408615112,-0.9141969680786133,0.9141969680786133,False,305,2027
shuffle,22,0.9184896945953369,-0.028002679347991943,0.028002679347991943,-0.4734773635864258,0.4734773635864258,False,305,2027
shuffle,23,0.7102478742599487,-0.05058199167251587,0.05058199167251587,-0.7520360946655273,0.7520360946655273,False,305,2027
shuffle,24,0.933375895023346,-0.09076279401779175,0.09076279401779175,-1.1333876848220825,1.1333876848220825,False,305,2027
shuffle,25,0.6403992176055908,-0.00028836727142333984,0.00028836727142333984,-0.006036281585693359,0.006036281585693359,False,305,2027
shuffle,26,0.8067485690116882,0.008791506290435791,0.008791506290435791,0.20189738273620605,0.20189738273620605,False,305,2027
shuffle,27,0.9689732789993286,-0.04299426078796387,0.04299426078796387,-0.6653308868408203,0.6653308868408203,False,305,2027
shuffle,28,0.8981480002403259,-0.01007390022277832,0.01007390022277832,-0.19367027282714844,0.19367027282714844,False,305,2027
shuffle,29,0.8919845819473267,-0.09870725870132446,0.09870725870132446,-1.1975200176239014,1.1975200176239014,False,305,2027
uniform,0,0.7429864406585693,-0.02261650562286377,0.02261650562286377,-0.4923698902130127,0.4923698902130127,False,306,2027
shuffle,0,0.9813445806503296,-0.036245107650756836,0.036245107650756836,-0.7102792263031006,0.7102792263031006,False,306,2027
shuffle,1,0.9638547301292419,-0.08539807796478271,0.08539807796478271,-1.2737431526184082,1.2737431526184082,False,306,2027
shuffle,2,0.9643679261207581,-0.08487880229949951,0.08487880229949951,-1.268929362297058,1.268929362297058,False,306,2027
shuffle,3,0.19095224142074585,-0.015559554100036621,0.015559554100036621,-0.3607594966888428,0.3607594966888428,False,306,2027
shuffle,4,0.9837658405303955,-0.010689795017242432,0.010689795017242432,-0.259998083114624,0.259998083114624,False,306,2027
shuffle,5,0.9760304093360901,-0.07776331901550293,0.07776331901550293,-1.2011187076568604,1.2011187076568604,False,306,2027
shuffle,6,0.9696425199508667,-0.012331545352935791,0.012331545352935791,-0.2949979305267334,0.2949979305267334,False,306,2027
shuffle,7,0.18437334895133972,-0.023406028747558594,0.023406028747558594,-0.5061852931976318,0.5061852931976318,False,306,2027
shuffle,8,0.8164601922035217,0.027288615703582764,0.027288615703582764,1.305253267288208,1.305253267288208,False,306,2027
shuffle,9,0.8047976493835449,-0.009807109832763672,0.009807109832763672,-0.24071574211120605,0.24071574211120605,False,306,2027
shuffle,10,0.8189210891723633,0.02676600217819214,0.02676600217819214,1.2563726902008057,1.2563726902008057,False,306,2027
shuffle,11,0.971550703048706,-0.02692389488220215,0.02692389488220215,-0.5657916069030762,0.5657916069030762,False,306,2027
shuffle,12,0.806705892086029,0.027204811573028564,0.027204811573028564,1.2972567081451416,1.2972567081451416,False,306,2027
shuffle,13,0.18632109463214874,-0.01505810022354126,0.01505810022354126,-0.35079383850097656,0.35079383850097656,False,306,2027
shuffle,14,0.9832528829574585,-0.0371931791305542,0.0371931791305542,-0.7240200042724609,0.7240200042724609,False,306,2027
shuffle,15,0.8028498888015747,-0.08149957656860352,0.08149957656860352,-1.2371615171432495,1.2371615171432495,False,306,2027
shuffle,16,0.9813050627708435,-0.02490556240081787,0.02490556240081787,-0.5319750308990479,0.5319750308990479,False,306,2027
shuffle,17,0.9467476606369019,-0.03641188144683838,0.03641188144683838,-0.7127087116241455,0.7127087116241455,False,306,2027
shuffle,18,0.961816132068634,-0.06115734577178955,0.06115734577178955,-1.0274407863616943,1.0274407863616943,False,306,2027
shuffle,19,0.8000361323356628,-0.0008385777473449707,0.0008385777473449707,-0.022789955139160156,0.022789955139160156,False,306,2027
shuffle,20,0.816460132598877,-0.0809938907623291,0.0809938907623291,-1.2323415279388428,1.2323415279388428,False,306,2027
shuffle,21,0.17601414024829865,-0.02341747283935547,0.02341747283935547,-0.5063841342926025,0.5063841342926025,False,306,2027
shuffle,22,0.9643678665161133,-0.024648547172546387,0.024648547172546387,-0.5275938510894775,0.5275938510894775,False,306,2027
shuffle,23,0.1910826414823532,-0.02102530002593994,0.02102530002593994,-0.4640047550201416,0.4640047550201416,False,306,2027
shuffle,24,0.9759394526481628,-0.08692437410354614,0.08692437410354614,-1.287795066833496,1.287795066833496,False,306,2027
shuffle,25,0.8061926960945129,0.02514958381652832,0.02514958381652832,1.1184537410736084,1.1184537410736084,False,306,2027
shuffle,26,0.8047977089881897,0.02667158842086792,0.02667158842086792,1.2477858066558838,1.2477858066558838,False,306,2027
shuffle,27,0.1858079582452774,-0.013328969478607178,0.013328969478607178,-0.3157329559326172,0.3157329559326172,False,306,2027
shuffle,28,0.8149741888046265,-0.01080930233001709,0.01080930233001709,-0.26258349418640137,0.26258349418640137,False,306,2027
shuffle,29,0.8150650858879089,-0.028417527675628662,0.028417527675628662,-0.5901918411254883,0.5901918411254883,False,306,2027
uniform,0,0.6621809601783752,-0.005493044853210449,0.005493044853210449,-1.4710769653320312,1.4710769653320312,False,313,2027
shuffle,0,0.6513159871101379,-0.002899467945098877,0.002899467945098877,-1.0173120498657227,1.0173120498657227,False,313,2027
shuffle,1,0.8973896503448486,-0.01361989974975586,0.01361989974975586,-2.2390737533569336,2.2390737533569336,False,313,2027
shuffle,2,0.8225218653678894,-0.010500729084014893,0.010500729084014893,-2.0074148178100586,2.0074148178100586,False,313,2027
shuffle,3,0.950477123260498,-0.006211221218109131,0.006211221218109131,-1.5676145553588867,1.5676145553588867,False,313,2027
shuffle,4,0.9049752950668335,-0.00155562162399292,0.00155562162399292,-0.6658201217651367,0.6658201217651367,False,313,2027
shuffle,5,0.3273102641105652,-0.0024054646492004395,0.0024054646492004395,-0.9018621444702148,0.9018621444702148,False,313,2027
shuffle,6,0.9606728553771973,-0.0021600723266601562,0.0021600723266601562,-0.8391776084899902,0.8391776084899902,False,313,2027
shuffle,7,0.7032360434532166,0.0009050965309143066,0.0009050965309143066,0.7964944839477539,0.7964944839477539,False,313,2027
shuffle,8,0.8055874705314636,-0.0028205513954162598,0.0028205513954162598,-0.9997272491455078,0.9997272491455078,False,313,2027
shuffle,9,0.7797182202339172,-0.005905091762542725,0.005905091762542725,-1.5275912284851074,1.5275912284851074,False,313,2027
shuffle,10,0.7469140887260437,-0.005266904830932617,0.005266904830932617,-1.4386787414550781,1.4386787414550781,False,313,2027
shuffle,11,0.8361849784851074,-0.008373558521270752,0.008373558521270752,-1.812809944152832,1.812809944152832,False,313,2027
shuffle,12,0.9045654535293579,-0.009176850318908691,0.009176850318908691,-1.8907060623168945,1.8907060623168945,False,313,2027
shuffle,13,0.7984763383865356,-0.01821160316467285,0.01821160316467285,-2.5066564083099365,2.5066564083099365,False,313,2027
shuffle,14,0.9232588410377502,-0.01612675189971924,0.01612675189971924,-2.3936338424682617,2.3936338424682617,False,313,2027
shuffle,15,0.9045625925064087,-0.008297622203826904,0.008297622203826904,-1.805124282836914,1.805124282836914,False,313,2027
shuffle,16,0.8242810368537903,-0.010605394840240479,0.010605394840240479,-2.016099452972412,2.016099452972412,False,313,2027
shuffle,17,0.8242809176445007,-0.01236867904663086,0.01236867904663086,-2.152313232421875,2.152313232421875,False,313,2027
shuffle,18,0.7574014067649841,-0.002722620964050293,0.002722620964050293,-0.9774742126464844,0.9774742126464844,False,313,2027
shuffle,19,0.3445906937122345,-0.001019120216369629,0.001019120216369629,-0.48212480545043945,0.48212480545043945,False,313,2027
shuffle,20,0.865032970905304,-0.0026139020919799805,0.0026139020919799805,-0.9521918296813965,0.9521918296813965,False,313,2027
shuffle,21,0.9256117343902588,-0.018794596195220947,0.018794596195220947,-2.5361881256103516,2.5361881256103516,False,313,2027
shuffle,22,0.8198444843292236,-0.012544572353363037,0.012544572353363037,-2.1649580001831055,2.1649580001831055,False,313,2027
shuffle,23,0.6846457719802856,-0.01368635892868042,0.01368635892868042,-2.243480682373047,2.243480682373047,False,313,2027
shuffle,24,0.9358102083206177,-0.014208734035491943,0.014208734035491943,-2.2775063514709473,2.2775063514709473,False,313,2027
shuffle,25,0.8929522633552551,-0.002801179885864258,0.002801179885864258,-0.9953627586364746,0.9953627586364746,False,313,2027
shuffle,26,0.76337069272995,-0.0038295984268188477,0.0038295984268188477,-1.204287052154541,1.204287052154541,False,313,2027
shuffle,27,0.6388828754425049,-0.0014723539352416992,0.0014723539352416992,-0.6394143104553223,0.6394143104553223,False,313,2027
shuffle,28,0.5710559487342834,0.0011535882949829102,0.0011535882949829102,1.2027320861816406,1.2027320861816406,False,313,2027
shuffle,29,0.8509710431098938,-0.01023399829864502,0.01023399829864502,-1.9849472045898438,1.9849472045898438,False,313,2027
uniform,0,0.5669060349464417,-0.31097859144210815,0.31097859144210815,-2.133444666862488,2.133444666862488,False,315,2027
shuffle,0,0.22985802590847015,0.0034061074256896973,0.0034061074256896973,0.05567646026611328,0.05567646026611328,False,315,2027
shuffle,1,0.8392627835273743,-0.13407361507415771,0.13407361507415771,-1.252341866493225,1.252341866493225,False,315,2027
shuffle,2,0.8908730745315552,-0.4055059552192688,0.4055059552192688,-2.5214506089687347,2.5214506089687347,False,315,2027
shuffle,3,0.677638053894043,-0.06370079517364502,0.06370079517364502,-0.7376309633255005,0.7376309633255005,False,315,2027
shuffle,4,0.6394919753074646,-0.4687347710132599,0.4687347710132599,-2.7747226506471634,2.7747226506471634,True,315,2027
shuffle,5,0.15215319395065308,-0.028566360473632812,0.028566360473632812,-0.3854203224182129,0.3854203224182129,False,315,2027
shuffle,6,0.6541439890861511,-0.037323832511901855,0.037323832511901855,-0.48267316818237305,0.48267316818237305,False,315,2027
shuffle,7,0.7313776016235352,-0.1479315161705017,0.1479315161705017,-1.3364335298538208,1.3364335298538208,False,315,2027
shuffle,8,0.6790623664855957,-0.6176812946796417,0.6176812946796417,-3.4070202112197876,3.4070202112197876,True,315,2027
shuffle,9,0.7458964586257935,-0.4808530807495117,0.4808530807495117,-2.823542445898056,2.823542445898056,True,315,2027
shuffle,10,0.7788328528404236,-0.35212576389312744,0.35212576389312744,-2.3051917552948,2.3051917552948,False,315,2027
shuffle,11,0.7636619806289673,-0.3363417387008667,0.3363417387008667,-2.24000346660614,2.24000346660614,False,315,2027
shuffle,12,0.9134880304336548,-0.45931264758110046,0.45931264758110046,-2.736885666847229,2.736885666847229,True,315,2027
shuffle,13,0.5873098373413086,-0.6048049628734589,0.6048049628734589,-3.347993016242981,3.347993016242981,True,315,2027
shuffle,14,0.8527270555496216,-0.7212474048137665,0.7212474048137665,-3.946291208267212,3.946291208267212,True,315,2027
shuffle,15,0.6638135313987732,-0.17547887563705444,0.17547887563705444,-1.4926609992980957,1.4926609992980957,False,315,2027
shuffle,16,0.7724286317825317,-0.7037439495325089,0.7037439495325089,-3.844354033470154,3.844354033470154,True,315,2027
shuffle,17,0.7184321880340576,-0.5160513818264008,0.5160513818264008,-2.96686851978302,2.96686851978302,True,315,2027
shuffle,18,0.8153014779090881,-0.3352283835411072,0.3352283835411072,-2.235375761985779,2.235375761985779,False,315,2027
shuffle,19,0.8579075336456299,-0.1090245246887207,0.1090245246887207,-1.08854341506958,1.08854341506958,False,315,2027
shuffle,20,0.7394630908966064,-0.4540018141269684,0.4540018141269684,-2.7155935913324356,2.7155935913324356,True,315,2027
shuffle,21,0.8753419518470764,-0.42047250270843506,0.42047250270843506,-2.5814155638217926,2.5814155638217926,False,315,2027
shuffle,22,0.7966276407241821,-0.3380696177482605,0.3380696177482605,-2.247177392244339,2.247177392244339,False,315,2027
shuffle,23,0.9021267294883728,-0.5317659676074982,0.5317659676074982,-3.0318911373615265,3.0318911373615265,True,315,2027
shuffle,24,0.8328294157981873,-0.38012391328811646,0.38012391328811646,-2.4192456752061844,2.4192456752061844,False,315,2027
shuffle,25,0.8594915866851807,-0.5475820302963257,0.5475820302963257,-3.098190099000931,3.098190099000931,True,315,2027
shuffle,26,0.8643409013748169,-0.4390052556991577,0.4390052556991577,-2.6555580645799637,2.6555580645799637,True,315,2027
shuffle,27,0.5588041543960571,-0.07285314798355103,0.07285314798355103,-0.8158086538314819,0.8158086538314819,False,315,2027
shuffle,28,0.3119409382343292,-0.09103256464004517,0.09103256464004517,-0.9592334032058716,0.9592334032058716,False,315,2027
shuffle,29,0.7901942729949951,-0.38174110651016235,0.38174110651016235,-2.4257849156856537,2.4257849156856537,False,315,2027
uniform,0,0.8003559708595276,-0.013513445854187012,0.013513445854187012,-3.9839673042297363,3.9839673042297363,False,317,2027
shuffle,0,0.9679931998252869,-0.001588582992553711,0.001588582992553711,-1.9635491371154785,1.9635491371154785,False,317,2027
shuffle,1,0.8510645031929016,-0.0007262825965881348,0.0007262825965881348,-1.334329605102539,1.334329605102539,False,317,2027
shuffle,2,0.9680389165878296,-0.0020886659622192383,0.0020886659622192383,-2.2034950256347656,2.2034950256347656,False,317,2027
shuffle,3,0.9447221755981445,-0.006851553916931152,0.006851553916931152,-3.316206932067871,3.316206932067871,False,317,2027
shuffle,4,0.9194592833518982,-0.00879603624343872,0.00879603624343872,-3.5598692893981934,3.5598692893981934,False,317,2027
shuffle,5,0.9421883225440979,-0.007523238658905029,0.007523238658905029,-3.407123565673828,3.407123565673828,False,317,2027
shuffle,6,0.9450700879096985,-0.0014615654945373535,0.0014615654945373535,-1.8922309875488281,1.8922309875488281,False,317,2027
shuffle,7,0.8547404408454895,-0.0020300745964050293,0.0020300745964050293,-2.178163528442383,2.178163528442383,False,317,2027
shuffle,8,0.9632734060287476,-0.009479045867919922,0.009479045867919922,-3.6332831382751465,3.6332831382751465,False,317,2027
shuffle,9,0.9610885381698608,-0.09673339128494263,0.09673339128494263,-6.024033546447754,6.024033546447754,False,317,2027
shuffle,10,0.9746322631835938,-0.0019904375076293945,0.0019904375076293945,-2.160676956176758,2.160676956176758,False,317,2027
shuffle,11,0.20579318702220917,-1.6450881958007812e-05,1.6450881958007812e-05,-0.061176300048828125,0.061176300048828125,False,317,2027
shuffle,12,0.9505602121353149,-0.010071277618408203,0.010071277618408203,-3.692904472351074,3.692904472351074,False,317,2027
shuffle,13,0.9645913243293762,-0.0023002028465270996,0.0023002028465270996,-2.289940357208252,2.289940357208252,False,317,2027
shuffle,14,0.967046856880188,-0.037288665771484375,0.037288665771484375,-5.0112738609313965,5.0112738609313965,False,317,2027
shuffle,15,0.9609929323196411,-0.03485339879989624,0.03485339879989624,-4.9416890144348145,4.9416890144348145,False,317,2027
shuffle,16,0.9446414113044739,-0.17788642644882202,0.17788642644882202,-6.726165413856506,6.726165413856506,False,317,2027
shuffle,17,0.9539684057235718,-0.012861013412475586,0.012861013412475586,-3.9347777366638184,3.9347777366638184,False,317,2027
shuffle,18,0.9599649906158447,-0.006503701210021973,0.006503701210021973,-3.2657012939453125,3.2657012939453125,False,317,2027
shuffle,19,0.9423919320106506,-0.002620518207550049,0.002620518207550049,-2.4081602096557617,2.4081602096557617,False,317,2027
shuffle,20,0.8538292050361633,-0.09773135185241699,0.09773135185241699,-6.035376787185669,6.035376787185669,False,317,2027
shuffle,21,0.9659035205841064,-0.00573354959487915,0.00573354959487915,-3.1440200805664062,3.1440200805664062,False,317,2027
shuffle,22,0.9588000178337097,-0.004352688789367676,0.004352688789367676,-2.880777359008789,2.880777359008789,False,317,2027
shuffle,23,0.9306257963180542,-0.0064130425453186035,0.0064130425453186035,-3.2521190643310547,3.2521190643310547,False,317,2027
shuffle,24,0.9573959708213806,-0.0022750496864318848,0.0022750496864318848,-2.280045509338379,2.280045509338379,False,317,2027
shuffle,25,0.9280378818511963,-0.0032222867012023926,0.0032222867012023926,-2.598479747772217,2.598479747772217,False,317,2027
shuffle,26,0.9163201451301575,-0.0032792091369628906,0.0032792091369628906,-2.614781379699707,2.614781379699707,False,317,2027
shuffle,27,0.961459755897522,-0.23285961151123047,0.23285961151123047,-7.064343214035034,7.064343214035034,False,317,2027
shuffle,28,0.9497970342636108,-0.01169806718826294,0.01169806718826294,-3.840787410736084,3.840787410736084,False,317,2027
shuffle,29,0.8506178855895996,-0.005074560642242432,0.005074560642242432,-3.0268874168395996,3.0268874168395996,False,317,2027
uniform,0,0.5320382118225098,-0.008730709552764893,0.008730709552764893,-1.0918855667114258,1.0918855667114258,False,321,2027
shuffle,0,0.7864575386047363,-0.022926390171051025,0.022926390171051025,-1.8365745544433594,1.8365745544433594,False,321,2027
shuffle,1,0.1921662539243698,0.0005124211311340332,0.0005124211311340332,0.1222991943359375,0.1222991943359375,False,321,2027
shuffle,2,0.6999638080596924,-0.0028257369995117188,0.0028257369995117188,-0.49285030364990234,0.49285030364990234,False,321,2027
shuffle,3,0.7845181226730347,-0.007068991661071777,0.007068991661071777,-0.9556474685668945,0.9556474685668945,False,321,2027
shuffle,4,0.8550590872764587,-0.011642754077911377,0.011642754077911377,-1.2942023277282715,1.2942023277282715,False,321,2027
shuffle,5,0.7425705194473267,-0.010889887809753418,0.010889887809753418,-1.2455816268920898,1.2455816268920898,False,321,2027
shuffle,6,0.691985011100769,-0.011747598648071289,0.011747598648071289,-1.3007941246032715,1.3007941246032715,False,321,2027
shuffle,7,0.7334337830543518,-0.00803440809249878,0.00803440809249878,-1.0369911193847656,1.0369911193847656,False,321,2027
shuffle,8,0.1946045458316803,-0.00015878677368164062,0.00015878677368164062,-0.03507709503173828,0.03507709503173828,False,321,2027
shuffle,9,0.223696768283844,-8.744001388549805e-05,8.744001388549805e-05,-0.01947021484375,0.01947021484375,False,321,2027
shuffle,10,0.7825786471366882,-0.008577108383178711,0.008577108383178711,-1.080026626586914,1.080026626586914,False,321,2027
shuffle,11,0.6628928184509277,-0.027435243129730225,0.027435243129730225,-1.9935872554779053,1.9935872554779053,False,321,2027
shuffle,12,0.223696768283844,-7.152557373046875e-05,7.152557373046875e-05,-0.01594066619873047,0.01594066619873047,False,321,2027
shuffle,13,0.7721615433692932,-0.012479126453399658,0.012479126453399658,-1.3456635475158691,1.3456635475158691,False,321,2027
shuffle,14,0.19022679328918457,0.0005068182945251465,0.0005068182945251465,0.1209111213684082,0.1209111213684082,False,321,2027
shuffle,15,0.6513177156448364,-0.01621943712234497,0.01621943712234497,-1.5488946437835693,1.5488946437835693,False,321,2027
shuffle,16,0.855059027671814,-0.00856095552444458,0.00856095552444458,-1.0787687301635742,1.0787687301635742,False,321,2027
shuffle,17,0.7024021148681641,-0.0028330087661743164,0.0028330087661743164,-0.4938535690307617,0.4938535690307617,False,321,2027
shuffle,18,0.8155497312545776,-0.02814573049545288,0.02814573049545288,-2.0163466930389404,2.0163466930389404,False,321,2027
shuffle,19,0.07297925651073456,-0.00038313865661621094,0.00038313865661621094,-0.0826416015625,0.0826416015625,False,321,2027
shuffle,20,0.813610315322876,-0.021278023719787598,0.021278023719787598,-1.7728204727172852,1.7728204727172852,False,321,2027
shuffle,21,0.7845181226730347,-0.010388612747192383,0.010388612747192383,-1.2118864059448242,1.2118864059448242,False,321,2027
shuffle,22,0.813610315322876,-0.02907860279083252,0.02907860279083252,-2.0455121994018555,2.0455121994018555,False,321,2027
shuffle,23,0.813610315322876,-0.012710273265838623,0.012710273265838623,-1.3594465255737305,1.3594465255737305,False,321,2027
shuffle,24,0.813610315322876,-0.014721274375915527,0.014721274375915527,-1.4721956253051758,1.4721956253051758,False,321,2027
shuffle,25,0.7430693507194519,-0.006861627101898193,0.006861627101898193,-0.9373006820678711,0.9373006820678711,False,321,2027
shuffle,26,0.7864575386047363,-0.006334543228149414,0.006334543228149414,-0.8891286849975586,0.8891286849975586,False,321,2027
shuffle,27,0.2632060647010803,0.000379025936126709,0.000379025936126709,0.08903026580810547,0.08903026580810547,False,321,2027
shuffle,28,0.6585150957107544,-0.01735234260559082,0.01735234260559082,-1.603367805480957,1.603367805480957,False,321,2027
shuffle,29,0.7314943075180054,-0.008972585201263428,0.008972585201263428,-1.1102890968322754,1.1102890968322754,False,321,2027
uniform,0,0.555401086807251,-0.003136932849884033,0.003136932849884033,-1.7838802337646484,1.7838802337646484,False,348,2027
shuffle,0,0.8127880096435547,-0.007082939147949219,0.007082939147949219,-2.50369930267334,2.50369930267334,False,348,2027
shuffle,1,0.4886091649532318,-0.00038939714431762695,0.00038939714431762695,-0.4781923294067383,0.4781923294067383,False,348,2027
shuffle,2,0.669721245765686,-0.0029296278953552246,0.0029296278953552246,-1.7271385192871094,1.7271385192871094,False,348,2027
shuffle,3,0.4691309332847595,-0.0043454766273498535,0.0043454766273498535,-2.0629801750183105,2.0629801750183105,False,348,2027
shuffle,4,0.5132739543914795,-0.0005321502685546875,0.0005321502685546875,-0.6087646484375,0.6087646484375,False,348,2027
shuffle,5,0.8127880096435547,-0.006562650203704834,0.006562650203704834,-2.4333906173706055,2.4333906173706055,False,348,2027
shuffle,6,0.5007336735725403,-0.0008774399757385254,0.0008774399757385254,-0.8680081367492676,0.8680081367492676,False,348,2027
shuffle,7,0.4806262254714966,-0.003379523754119873,0.003379523754119873,-1.846449851989746,1.846449851989746,False,348,2027
shuffle,8,0.3319539427757263,0.00031310319900512695,0.00031310319900512695,0.6783103942871094,0.6783103942871094,False,348,2027
shuffle,9,0.3133128881454468,-0.00043392181396484375,0.00043392181396484375,-0.5207500457763672,0.5207500457763672,False,348,2027
shuffle,10,0.3327910602092743,0.00024902820587158203,0.00024902820587158203,0.49723052978515625,0.49723052978515625,False,348,2027
shuffle,11,0.9815677404403687,-0.019381344318389893,0.019381344318389893,-3.469104766845703,3.469104766845703,False,348,2027
shuffle,12,0.8127879500389099,-0.005340576171875,0.005340576171875,-2.2461037635803223,2.2461037635803223,False,348,2027
shuffle,13,0.8002477884292603,-0.013253986835479736,0.013253986835479736,-3.0974373817443848,3.0974373817443848,False,348,2027
shuffle,14,0.3578748106956482,-0.0004240274429321289,0.0004240274429321289,-0.5114412307739258,0.5114412307739258,False,348,2027
shuffle,15,0.5015708208084106,-0.00012260675430297852,0.00012260675430297852,-0.1766057014465332,0.1766057014465332,False,348,2027
shuffle,16,0.8134173154830933,-0.0016448497772216797,0.0016448497772216797,-1.2790021896362305,1.2790021896362305,False,348,2027
shuffle,17,0.800455629825592,-0.0035468339920043945,0.0035468339920043945,-1.8874311447143555,1.8874311447143555,False,348,2027
shuffle,18,0.8125801682472229,-0.010712921619415283,0.010712921619415283,-2.892815113067627,2.892815113067627,False,348,2027
shuffle,19,0.5130660533905029,-0.0011740922927856445,0.0011740922927856445,-1.0473766326904297,1.0473766326904297,False,348,2027
shuffle,20,0.8257496953010559,-0.0014481544494628906,0.0014481544494628906,-1.1886720657348633,1.1886720657348633,False,348,2027
shuffle,21,0.8127880692481995,-0.0007604360580444336,0.0007604360580444336,-0.7875251770019531,0.7875251770019531,False,348,2027
shuffle,22,0.6446375846862793,-0.0004317760467529297,0.0004317760467529297,-0.5187172889709473,0.5187172889709473,False,348,2027
shuffle,23,0.969235360622406,-0.017952799797058105,0.017952799797058105,-3.393608331680298,3.393608331680298,False,348,2027
shuffle,24,0.800455629825592,-0.003267049789428711,0.003267049789428711,-1.8179302215576172,1.8179302215576172,False,348,2027
shuffle,25,0.8257495760917664,-0.004463016986846924,0.004463016986846924,-2.086421012878418,2.086421012878418,False,348,2027
shuffle,26,0.8127880096435547,-0.006331503391265869,0.006331503391265869,-2.400514602661133,2.400514602661133,False,348,2027
shuffle,27,0.18194924294948578,-0.0008054971694946289,0.0008054971694946289,-0.8192653656005859,0.8192653656005859,False,348,2027
shuffle,28,0.8127880096435547,-0.000802159309387207,0.000802159309387207,-0.8169479370117188,0.8169479370117188,False,348,2027
shuffle,29,0.6688841581344604,-0.004047811031341553,0.004047811031341553,-2.0010738372802734,2.0010738372802734,False,348,2027
uniform,0,0.822728157043457,-0.1311565637588501,0.1311565637588501,-4.257197141647339,4.257197141647339,False,349,2027
shuffle,0,0.9373087286949158,-0.14841359853744507,0.14841359853744507,-4.399023532867432,4.399023532867432,False,349,2027
shuffle,1,0.9807555675506592,-0.3494080901145935,0.3494080901145935,-5.5169312953948975,5.5169312953948975,False,349,2027
shuffle,2,0.9841797947883606,-0.048993587493896484,0.048993587493896484,-3.2088961601257324,3.2088961601257324,False,349,2027
shuffle,3,0.9650755524635315,-0.0075678229331970215,0.0075678229331970215,-1.5074849128723145,1.5074849128723145,False,349,2027
shuffle,4,0.10198140144348145,-0.000545203685760498,0.000545203685760498,-0.2243185043334961,0.2243185043334961,False,349,2027
shuffle,5,0.9038510322570801,-0.004041016101837158,0.004041016101837158,-1.0544710159301758,1.0544710159301758,False,349,2027
shuffle,6,0.9813893437385559,-0.604778379201889,0.604778379201889,-6.563542932271957,6.563542932271957,True,349,2027
shuffle,7,0.9397578239440918,-0.29714256525039673,0.29714256525039673,-5.2784687876701355,5.2784687876701355,False,349,2027
shuffle,8,0.14285147190093994,-0.0007811784744262695,0.0007811784744262695,-0.30776214599609375,0.30776214599609375,False,349,2027
shuffle,9,0.9305987358093262,-0.0953512191772461,0.0953512191772461,-3.903993844985962,3.903993844985962,False,349,2027
shuffle,10,0.9181227087974548,-0.005292117595672607,0.005292117595672607,-1.2391362190246582,1.2391362190246582,False,349,2027
shuffle,11,0.9445832967758179,-0.24186092615127563,0.24186092615127563,-4.9983391761779785,4.9983391761779785,False,349,2027
shuffle,12,0.9508984088897705,-0.5681088864803314,0.5681088864803314,-6.4120288491249084,6.4120288491249084,True,349,2027
shuffle,13,0.9698300957679749,-0.08235067129135132,0.08235067129135132,-3.7466228008270264,3.7466228008270264,False,349,2027
shuffle,14,0.9696215391159058,-0.6166917979717255,0.6166917979717255,-6.613760381937027,6.613760381937027,True,349,2027
shuffle,15,0.9917203783988953,-0.160344660282135,0.160344660282135,-4.489417314529419,4.489417314529419,False,349,2027
shuffle,16,0.991211473941803,-0.23553287982940674,0.23553287982940674,-4.963730335235596,4.963730335235596,False,349,2027
shuffle,17,0.9612197875976562,-0.6058697700500488,0.6058697700500488,-6.568120032548904,6.568120032548904,True,349,2027
shuffle,18,0.9943411350250244,-0.5033429265022278,0.5033429265022278,-6.151092037558556,6.151092037558556,True,349,2027
shuffle,19,0.9804984331130981,-0.34813278913497925,0.34813278913497925,-5.511332392692566,5.511332392692566,False,349,2027
shuffle,20,0.9547563195228577,-0.28767460584640503,0.28767460584640503,-5.232903718948364,5.232903718948364,False,349,2027
shuffle,21,0.9905607104301453,-0.463448703289032,0.463448703289032,-5.991297081112862,5.991297081112862,False,349,2027
shuffle,22,0.9624578952789307,-0.1206778883934021,0.1206778883934021,-4.163326978683472,4.163326978683472,False,349,2027
shuffle,23,0.9531610608100891,-0.1107749342918396,0.1107749342918396,-4.068056583404541,4.068056583404541,False,349,2027
shuffle,24,0.9599660038948059,-0.04666852951049805,0.04666852951049805,-3.1599440574645996,3.1599440574645996,False,349,2027
shuffle,25,0.9461800456047058,-0.1766011118888855,0.1766011118888855,-4.6043548583984375,4.6043548583984375,False,349,2027
shuffle,26,0.9132428169250488,-0.15031814575195312,0.15031814575195312,-4.413836240768433,4.413836240768433,False,349,2027
shuffle,27,0.9844048023223877,-0.3582496643066406,0.3582496643066406,-5.555497646331787,5.555497646331787,False,349,2027
shuffle,28,0.951906681060791,-0.057080626487731934,0.057080626487731934,-3.364194393157959,3.364194393157959,False,349,2027
shuffle,29,0.9747146368026733,-0.4428405165672302,0.4428405165672302,-5.90818852186203,5.90818852186203,False,349,2027
uniform,0,0.5708719491958618,-0.07065963745117188,0.07065963745117188,-0.9754183292388916,0.9754183292388916,False,367,2027
shuffle,0,0.7745836973190308,-0.049858152866363525,0.049858152866363525,-0.760322093963623,0.760322093963623,False,367,2027
shuffle,1,0.7557471990585327,-0.1202397346496582,0.1202397346496582,-1.3811174631118774,1.3811174631118774,False,367,2027
shuffle,2,0.737835705280304,-0.08573663234710693,0.08573663234710693,-1.1117736101150513,1.1117736101150513,False,367,2027
shuffle,3,0.7505399584770203,0.01905214786529541,0.01905214786529541,0.5180573463439941,0.5180573463439941,False,367,2027
shuffle,4,0.8007476329803467,-0.42776912450790405,0.42776912450790405,-2.88054196536541,2.88054196536541,False,367,2027
shuffle,5,0.3018229603767395,-0.001386404037475586,0.001386404037475586,-0.029613018035888672,0.029613018035888672,False,367,2027
shuffle,6,0.7981219291687012,-0.27223294973373413,0.27223294973373413,-2.2251622676849365,2.2251622676849365,False,367,2027
shuffle,7,0.8211675882339478,-0.009898185729980469,0.009898185729980469,-0.19599509239196777,0.19599509239196777,False,367,2027
shuffle,8,0.7690892815589905,-0.28965991735458374,0.28965991735458374,-2.304056465625763,2.304056465625763,False,367,2027
shuffle,9,0.7873672842979431,-0.03389841318130493,0.03389841318130493,-0.5658316612243652,0.5658316612243652,False,367,2027
shuffle,10,0.8596768379211426,-0.11174184083938599,0.11174184083938599,-1.3192893266677856,1.3192893266677856,False,367,2027
shuffle,11,0.7765113115310669,0.02459019422531128,0.02459019422531128,0.7316617965698242,0.7316617965698242,False,367,2027
shuffle,12,0.7067744731903076,-0.03479206562042236,0.03479206562042236,-0.5775861740112305,0.5775861740112305,False,367,2027
shuffle,13,0.8214651346206665,-0.0729859471321106,0.0729859471321106,-0.9973890781402588,0.9973890781402588,False,367,2027
shuffle,14,0.8159582018852234,-0.27521002292633057,0.27521002292633057,-2.2387927770614624,2.2387927770614624,False,367,2027
shuffle,15,0.7004497647285461,-0.02263432741165161,0.02263432741165161,-0.4067349433898926,0.4067349433898926,False,367,2027
shuffle,16,0.852421224117279,-0.1787000298500061,0.1787000298500061,-1.7514371871948242,1.7514371871948242,False,367,2027
shuffle,17,0.7319991588592529,-0.022702932357788086,0.022702932357788086,-0.4077725410461426,0.4077725410461426,False,367,2027
shuffle,18,0.7832026481628418,-0.014199435710906982,0.014199435710906982,-0.2715778350830078,0.2715778350830078,False,367,2027
shuffle,19,0.8586242198944092,-0.04405778646469116,0.04405778646469116,-0.6931610107421875,0.6931610107421875,False,367,2027
shuffle,20,0.8772218823432922,-0.10519075393676758,0.10519075393676758,-1.269790530204773,1.269790530204773,False,367,2027
shuffle,21,0.7427712082862854,-0.022270023822784424,0.022270023822784424,-0.401212215423584,0.401212215423584,False,367,2027
shuffle,22,0.8605294227600098,-0.07781702280044556,0.07781702280044556,-1.0418832302093506,1.0418832302093506,False,367,2027
shuffle,23,0.8148205280303955,-0.31286633014678955,0.31286633014678955,-2.406115174293518,2.406115174293518,False,367,2027
shuffle,24,0.6310088038444519,-0.3436475992202759,0.3436475992202759,-2.537252962589264,2.537252962589264,False,367,2027
shuffle,25,0.781269371509552,-0.024419724941253662,0.024419724941253662,-0.4334292411804199,0.4334292411804199,False,367,2027
shuffle,26,0.6789303421974182,-0.0211561918258667,0.0211561918258667,-0.38416337966918945,0.38416337966918945,False,367,2027
shuffle,27,0.8151646256446838,0.014944374561309814,0.014944374561309814,0.3834531307220459,0.3834531307220459,False,367,2027
shuffle,28,0.9247308373451233,-0.02390158176422119,0.02390158176422119,-0.42574548721313477,0.42574548721313477,False,367,2027
shuffle,29,0.7300716042518616,-0.4580768644809723,0.4580768644809723,-3.001845322549343,3.001845322549343,True,367,2027
uniform,0,0.6979801058769226,-0.01730865240097046,0.01730865240097046,-0.0699675977230072,0.0699675977230072,False,384,2027
shuffle,0,0.8777114152908325,0.14168500900268555,0.14168500900268555,0.6138667017221451,0.6138667017221451,False,384,2027
shuffle,1,0.8543607592582703,-0.08012360334396362,0.08012360334396362,-0.3216780796647072,0.3216780796647072,True,384,2027
shuffle,2,0.9356754422187805,-0.05673086643218994,0.05673086643218994,-0.22806084156036377,0.22806084156036377,False,384,2027
shuffle,3,0.8332569003105164,-0.12752562761306763,0.12752562761306763,-0.5129321068525314,0.5129321068525314,True,384,2027
shuffle,4,0.9092522263526917,-0.07903885841369629,0.07903885841369629,-0.31733231991529465,0.31733231991529465,True,384,2027
shuffle,5,0.8751509189605713,-0.19911545515060425,0.19911545515060425,-0.8128077834844589,0.8128077834844589,True,384,2027
shuffle,6,0.7964858412742615,-0.060989826917648315,0.060989826917648315,-0.24509666860103607,0.24509666860103607,True,384,2027
shuffle,7,0.7807232737541199,0.10903656482696533,0.10903656482696533,0.46247412264347076,0.46247412264347076,False,384,2027
shuffle,8,0.8493189215660095,-0.0432431697845459,0.0432431697845459,-0.17408689856529236,0.17408689856529236,False,384,2027
shuffle,9,0.9398015737533569,0.13298767805099487,0.13298767805099487,0.5726891905069351,0.5726891905069351,False,384,2027
shuffle,10,0.8441121578216553,0.019767820835113525,0.019767820835113525,0.08063854277133942,0.08063854277133942,False,384,2027
shuffle,11,0.7537928819656372,0.0806267261505127,0.0806267261505127,0.33680202066898346,0.33680202066898346,False,384,2027
shuffle,12,0.8762596845626831,-0.04394173622131348,0.04394173622131348,-0.17688392102718353,0.17688392102718353,False,384,2027
shuffle,13,0.8863414525985718,-0.16882601380348206,0.16882601380348206,-0.6836026757955551,0.6836026757955551,True,384,2027
shuffle,14,0.7177525758743286,0.16009855270385742,0.16009855270385742,0.7034043818712234,0.7034043818712234,False,384,2027
shuffle,15,0.7959550619125366,0.0032596588134765625,0.0032596588134765625,0.01323707401752472,0.01323707401752472,False,384,2027
shuffle,16,0.9240002036094666,0.015320360660552979,0.015320360660552979,0.06241513788700104,0.06241513788700104,False,384,2027
shuffle,17,0.7071815133094788,0.02092379331588745,0.02092379331588745,0.08538387715816498,0.08538387715816498,False,384,2027
shuffle,18,0.8998624086380005,-0.09856662154197693,0.09856662154197693,-0.39572110772132874,0.39572110772132874,True,384,2027
shuffle,19,0.8750748038291931,0.01961660385131836,0.01961660385131836,0.08001814782619476,0.08001814782619476,False,384,2027
shuffle,20,0.6821088194847107,-0.012786448001861572,0.012786448001861572,-0.05173388123512268,0.05173388123512268,False,384,2027
shuffle,21,0.8394359350204468,0.21360725164413452,0.21360725164413452,0.9869284778833389,0.9869284778833389,False,384,2027
shuffle,22,0.7941262722015381,0.11436939239501953,0.11436939239501953,0.48664166033267975,0.48664166033267975,False,384,2027
shuffle,23,0.9218736886978149,0.04857063293457031,0.04857063293457031,0.20008672773838043,0.20008672773838043,False,384,2027
shuffle,24,0.8574564456939697,-0.23269999027252197,0.23269999027252197,-0.9617912024259567,0.9617912024259567,True,384,2027
shuffle,25,0.7145166993141174,-0.31796039640903473,0.31796039640903473,-1.3832868188619614,1.3832868188619614,True,384,2027
shuffle,26,0.8730207681655884,-0.04417473077774048,0.04417473077774048,-0.1778167486190796,0.1778167486190796,False,384,2027
shuffle,27,0.7832112908363342,0.13191765546798706,0.13191765546798706,0.567668691277504,0.567668691277504,False,384,2027
shuffle,28,0.7854453325271606,-0.2505478262901306,0.2505478262901306,-1.0441095679998398,1.0441095679998398,True,384,2027
shuffle,29,0.7695269584655762,0.11940473318099976,0.11940473318099976,0.5096486955881119,0.5096486955881119,False,384,2027
uniform,0,0.5345117449760437,-0.008819401264190674,0.008819401264190674,-0.7172727584838867,0.7172727584838867,False,405,2027
shuffle,0,0.7078839540481567,-0.012577354907989502,0.012577354907989502,-0.916884183883667,0.916884183883667,False,405,2027
shuffle,1,0.5782715678215027,-0.0353313684463501,0.0353313684463501,-1.6711382865905762,1.6711382865905762,False,405,2027
shuffle,2,0.7850428223609924,-0.0414009690284729,0.0414009690284729,-1.807037353515625,1.807037353515625,False,405,2027
shuffle,3,0.7451111078262329,0.004652738571166992,0.004652738571166992,0.7892608642578125,0.7892608642578125,False,405,2027
shuffle,4,0.6791141033172607,0.0013266205787658691,0.0013266205787658691,0.16976690292358398,0.16976690292358398,False,405,2027
shuffle,5,0.7234534025192261,-0.03509485721588135,0.03509485721588135,-1.6654863357543945,1.6654863357543945,False,405,2027
shuffle,6,0.730961799621582,-0.0038272738456726074,0.0038272738456726074,-0.3735361099243164,0.3735361099243164,False,405,2027
shuffle,7,0.7657835483551025,0.004763185977935791,0.004763185977935791,0.8180913925170898,0.8180913925170898,False,405,2027
shuffle,8,0.582679271697998,-0.04466366767883301,0.04466366767883301,-1.873739242553711,1.873739242553711,False,405,2027
shuffle,9,0.6672718524932861,-0.03169858455657959,0.03169858455657959,-1.5809440612792969,1.5809440612792969,False,405,2027
shuffle,10,0.6964617967605591,-0.07481980323791504,0.07481980323791504,-2.3550288677215576,2.3550288677215576,False,405,2027
shuffle,11,0.8092478513717651,-0.063687264919281,0.063687264919281,-2.1996397972106934,2.1996397972106934,False,405,2027
shuffle,12,0.7120692729949951,-0.0007568597793579102,0.0007568597793579102,-0.08551692962646484,0.08551692962646484,False,405,2027
shuffle,13,0.6906949877738953,0.003079712390899658,0.003079712390899658,0.44919300079345703,0.44919300079345703,False,405,2027
shuffle,14,0.6307749152183533,-0.031304121017456055,0.031304121017456055,-1.5706868171691895,1.5706868171691895,False,405,2027
shuffle,15,0.7375338077545166,0.003045797348022461,0.003045797348022461,0.4429817199707031,0.4429817199707031,False,405,2027
shuffle,16,0.7860931158065796,-0.005324244499206543,0.005324244499206543,-0.48915529251098633,0.48915529251098633,False,405,2027
shuffle,17,0.740638256072998,-0.04044824838638306,0.04044824838638306,-1.7867794036865234,1.7867794036865234,False,405,2027
shuffle,18,0.7311332821846008,-0.015341758728027344,0.015341758728027344,-1.0426325798034668,1.0426325798034668,False,405,2027
shuffle,19,0.7978318929672241,-0.0012739300727844238,0.0012739300727844238,-0.14006376266479492,0.14006376266479492,False,405,2027
shuffle,20,0.7134072780609131,-0.0011835694313049316,0.0011835694313049316,-0.1307516098022461,0.1307516098022461,False,405,2027
shuffle,21,0.7185324430465698,-0.035589516162872314,0.035589516162872314,-1.677269458770752,1.677269458770752,False,405,2027
shuffle,22,0.7754283547401428,0.0011031627655029297,0.0011031627655029297,0.1391124725341797,0.1391124725341797,False,405,2027
shuffle,23,0.3714698553085327,-0.0038640499114990234,0.0038640499114990234,-0.3765292167663574,0.3765292167663574,False,405,2027
shuffle,24,0.8154094815254211,0.0038086771965026855,0.0038086771965026855,0.5927271842956543,0.5927271842956543,False,405,2027
shuffle,25,0.6925850510597229,-0.04097992181777954,0.04097992181777954,-1.7981281280517578,1.7981281280517578,False,405,2027
shuffle,26,0.7241145968437195,0.004774570465087891,0.004774570465087891,0.8210983276367188,0.8210983276367188,False,405,2027
shuffle,27,0.31025224924087524,-0.012851178646087646,0.012851178646087646,-0.930034875869751,0.930034875869751,False,405,2027
shuffle,28,0.8027373552322388,-0.005764484405517578,0.005764484405517578,-0.5208225250244141,0.5208225250244141,False,405,2027
shuffle,29,0.8094199895858765,-0.07107239961624146,0.07107239961624146,-2.304962635040283,2.304962635040283,False,405,2027
uniform,0,0.6824793219566345,0.10110783576965332,0.10110783576965332,0.8663754463195801,0.8663754463195801,False,410,2027
shuffle,0,0.873432993888855,0.12322187423706055,0.12322187423706055,1.169602870941162,1.169602870941162,False,410,2027
shuffle,1,0.892780065536499,0.16534078121185303,0.16534078121185303,2.1642439365386963,2.1642439365386963,False,410,2027
shuffle,2,0.8888382911682129,0.029148399829864502,0.029148399829864502,0.20019745826721191,0.20019745826721191,False,410,2027
shuffle,3,0.3106040060520172,-0.19083905220031738,0.19083905220031738,-0.9598073363304138,0.9598073363304138,False,410,2027
shuffle,4,0.8687572479248047,0.11647051572799683,0.11647051572799683,1.0685393810272217,1.0685393810272217,False,410,2027
shuffle,5,0.9100656509399414,0.08926618099212646,0.08926618099212646,0.7306523323059082,0.7306523323059082,False,410,2027
shuffle,6,0.865387499332428,0.09665471315383911,0.09665471315383911,0.8135762214660645,0.8135762214660645,False,410,2027
shuffle,7,0.8437963128089905,0.1093137264251709,0.1093137264251709,0.9701070785522461,0.9701070785522461,False,410,2027
shuffle,8,0.7105583548545837,0.15843957662582397,0.15843957662582397,1.9260203838348389,1.9260203838348389,False,410,2027
shuffle,9,0.8445776104927063,0.1493757963180542,0.1493757963180542,1.6767923831939697,1.6767923831939697,False,410,2027
shuffle,10,0.7908350825309753,0.0761759877204895,0.0761759877204895,0.5958995819091797,0.5958995819091797,False,410,2027
shuffle,11,0.8407083749771118,-0.30545908212661743,0.30545908212661743,-1.427185282111168,1.427185282111168,False,410,2027
shuffle,12,0.8331612944602966,0.11317330598831177,0.11317330598831177,1.02217435836792,1.02217435836792,False,410,2027
shuffle,13,0.6855745911598206,0.04368114471435547,0.04368114471435547,0.31095051765441895,0.31095051765441895,False,410,2027
shuffle,14,0.8463962078094482,0.15571099519729614,0.15571099519729614,1.84476900100708,1.84476900100708,False,410,2027
shuffle,15,0.8935898542404175,0.10780608654022217,0.10780608654022217,0.9503681659698486,0.9503681659698486,False,410,2027
shuffle,16,0.8402069211006165,0.10291743278503418,0.10291743278503418,0.8884999752044678,0.8884999752044678,False,410,2027
shuffle,17,0.7071936130523682,-0.018332719802856445,0.018332719802856445,-0.11419486999511719,0.11419486999511719,False,410,2027
shuffle,18,0.729627788066864,0.16331535577774048,0.16331535577774048,2.088627338409424,2.088627338409424,False,410,2027
shuffle,19,0.735197901725769,0.13970547914505005,0.13970547914505005,1.461669921875,1.461669921875,False,410,2027
shuffle,20,0.7386331558227539,0.08694124221801758,0.08694124221801758,0.705655574798584,0.705655574798584,False,410,2027
shuffle,21,0.8582947850227356,0.00015676021575927734,0.00015676021575927734,0.0010107755661010742,0.0010107755661010742,False,410,2027
shuffle,22,0.7051620483398438,0.17498242855072021,0.17498242855072021,2.6254491806030273,2.6254491806030273,False,410,2027
shuffle,23,0.8302575349807739,0.12642920017242432,0.12642920017242432,1.2208788394927979,1.2208788394927979,False,410,2027
shuffle,24,0.8972887396812439,0.12082690000534058,0.12082690000534058,1.132741928100586,1.132741928100586,False,410,2027
shuffle,25,0.825421154499054,0.17110246419906616,0.17110246419906616,2.4148473739624023,2.4148473739624023,False,410,2027
shuffle,26,0.741971492767334,0.14164704084396362,0.14164704084396362,1.501636028289795,1.501636028289795,False,410,2027
shuffle,27,0.3961338996887207,-0.00144195556640625,0.00144195556640625,-0.009273052215576172,0.009273052215576172,False,410,2027
shuffle,28,0.7579706311225891,0.14982426166534424,0.14982426166534424,1.6878662109375,1.6878662109375,False,410,2027
shuffle,29,0.8289772272109985,-0.18370777368545532,0.18370777368545532,-0.9295117855072021,0.9295117855072021,False,410,2027
uniform,0,0.6679139137268066,0.00037103891372680664,0.00037103891372680664,0.017495155334472656,0.017495155334472656,False,411,2027
shuffle,0,0.8106111288070679,0.007152259349822998,0.007152259349822998,0.4033985137939453,0.4033985137939453,False,411,2027
shuffle,1,0.6956505179405212,-0.026176512241363525,0.026176512241363525,-0.814237117767334,0.814237117767334,False,411,2027
shuffle,2,0.7955256700515747,0.003973960876464844,0.003973960876464844,0.20461034774780273,0.20461034774780273,False,411,2027
shuffle,3,0.9404149055480957,0.005527019500732422,0.005527019500732422,0.29698944091796875,0.29698944091796875,False,411,2027
shuffle,4,0.7623557448387146,0.01586860418319702,0.01586860418319702,1.3094940185546875,1.3094940185546875,False,411,2027
shuffle,5,0.8624044060707092,-0.0007462501525878906,0.0007462501525878906,-0.03432059288024902,0.03432059288024902,False,411,2027
shuffle,6,0.7711693644523621,-0.006477773189544678,0.006477773189544678,-0.2660999298095703,0.2660999298095703,False,411,2027
shuffle,7,0.7691461443901062,0.0073449015617370605,0.0073449015617370605,0.4167671203613281,0.4167671203613281,False,411,2027
shuffle,8,0.798294186592102,0.013550043106079102,0.013550043106079102,0.9803934097290039,0.9803934097290039,False,411,2027
shuffle,9,0.8555982708930969,-0.0062677860260009766,0.0062677860260009766,-0.2584505081176758,0.2584505081176758,False,411,2027
shuffle,10,0.7154216170310974,0.0016131997108459473,0.0016131997108459473,0.07828235626220703,0.07828235626220703,False,411,2027
shuffle,11,0.8130098581314087,0.013964414596557617,0.013964414596557617,1.0319013595581055,1.0319013595581055,False,411,2027
shuffle,12,0.7168495059013367,0.007496774196624756,0.007496774196624756,0.4274415969848633,0.4274415969848633,False,411,2027
shuffle,13,0.8644431233406067,-0.043730974197387695,0.043730974197387695,-1.1442809104919434,1.1442809104919434,False,411,2027
shuffle,14,0.8367036581039429,0.01792854070663452,0.01792854070663452,1.732193946838379,1.732193946838379,False,411,2027
shuffle,15,0.9352871179580688,0.004731237888336182,0.004731237888336182,0.2486257553100586,0.2486257553100586,False,411,2027
shuffle,16,0.7862846851348877,0.012530028820037842,0.012530028820037842,0.8636770248413086,0.8636770248413086,False,411,2027
shuffle,17,0.942135751247406,-0.002507507801055908,0.002507507801055908,-0.11112117767333984,0.11112117767333984,False,411,2027
shuffle,18,0.27143582701683044,-0.012286245822906494,0.012286245822906494,-0.45850610733032227,0.45850610733032227,False,411,2027
shuffle,19,0.774746835231781,-0.00041669607162475586,0.00041669607162475586,-0.019301414489746094,0.019301414489746094,False,411,2027
shuffle,20,0.8658472299575806,-0.0055155158042907715,0.0055155158042907715,-0.23057317733764648,0.23057317733764648,False,411,2027
shuffle,21,0.6525588631629944,0.00704503059387207,0.00704503059387207,0.3960237503051758,0.3960237503051758,False,411,2027
shuffle,22,0.8365330696105957,-0.027041375637054443,0.027041375637054443,-0.8329854011535645,0.8329854011535645,False,411,2027
shuffle,23,0.9489781260490417,0.003662109375,0.003662109375,0.18701887130737305,0.18701887130737305,False,411,2027
shuffle,24,0.7753483653068542,-0.0007086396217346191,0.0007086396217346191,-0.03261852264404297,0.03261852264404297,False,411,2027
shuffle,25,0.8148882985115051,-0.005374014377593994,0.005374014377593994,-0.22524809837341309,0.22524809837341309,False,411,2027
shuffle,26,0.8571439385414124,0.008773386478424072,0.008773386478424072,0.521763801574707,0.521763801574707,False,411,2027
shuffle,27,0.6405516266822815,-0.0017632246017456055,0.0017632246017456055,-0.07935190200805664,0.07935190200805664,False,411,2027
shuffle,28,0.8104373812675476,-0.02357304096221924,0.02357304096221924,-0.7557933330535889,0.7557933330535889,False,411,2027
shuffle,29,0.6825791001319885,-0.0036014914512634277,0.0036014914512634277,-0.15614795684814453,0.15614795684814453,False,411,2027
uniform,0,0.7546846866607666,-0.020473957061767578,0.020473957061767578,-2.298171043395996,2.298171043395996,False,422,2027
shuffle,0,0.9194496870040894,-0.0043984055519104,0.0043984055519104,-1.0622577667236328,1.0622577667236328,False,422,2027
shuffle,1,0.9383095502853394,-0.042687177658081055,0.042687177658081055,-3.0010695457458496,3.0010695457458496,False,422,2027
shuffle,2,0.9630100727081299,-0.004227280616760254,0.004227280616760254,-1.0363407135009766,1.0363407135009766,False,422,2027
shuffle,3,0.9348920583724976,-0.010089278221130371,0.010089278221130371,-1.6802616119384766,1.6802616119384766,False,422,2027
shuffle,4,0.9911150932312012,-0.036541759967803955,0.036541759967803955,-2.847911834716797,2.847911834716797,False,422,2027
shuffle,5,0.8670188188552856,-0.0076596736907958984,0.0076596736907958984,-1.4602880477905273,1.4602880477905273,False,422,2027
shuffle,6,0.7453423738479614,-0.057641565799713135,0.057641565799713135,-3.3036255836486816,3.3036255836486816,False,422,2027
shuffle,7,0.9314449429512024,-0.005879700183868408,0.005879700183868408,-1.262472152709961,1.262472152709961,False,422,2027
shuffle,8,0.8705691695213318,-0.07337546348571777,0.07337546348571777,-3.5534517765045166,3.5534517765045166,False,422,2027
shuffle,9,0.9661896824836731,-0.05782449245452881,0.05782449245452881,-3.3068647384643555,3.3068647384643555,False,422,2027
shuffle,10,0.7022017240524292,-0.037387847900390625,0.037387847900390625,-2.870319128036499,2.870319128036499,False,422,2027
shuffle,11,0.9447324275970459,-0.022014319896697998,0.022014319896697998,-2.3650858402252197,2.3650858402252197,False,422,2027
shuffle,12,0.933307945728302,-0.00937741994857788,0.00937741994857788,-1.6205592155456543,1.6205592155456543,False,422,2027
shuffle,13,0.665642261505127,-0.0067141056060791016,0.0067141056060791016,-1.3600053787231445,1.3600053787231445,False,422,2027
shuffle,14,0.9367717504501343,-0.061298370361328125,0.061298370361328125,-3.366703510284424,3.366703510284424,False,422,2027
shuffle,15,0.896981418132782,-0.07498753070831299,0.07498753070831299,-3.5762648582458496,3.5762648582458496,False,422,2027
shuffle,16,0.955573320388794,-0.011729717254638672,0.011729717254638672,-1.8058977127075195,1.8058977127075195,False,422,2027
shuffle,17,0.9613556265830994,-0.05645328760147095,0.05645328760147095,-3.282353401184082,3.282353401184082,False,422,2027
shuffle,18,0.8674121499061584,-0.015028715133666992,0.015028715133666992,-2.019902229309082,2.019902229309082,False,422,2027
shuffle,19,0.9489926099777222,-0.017061710357666016,0.017061710357666016,-2.1326661109924316,2.1326661109924316,False,422,2027
shuffle,20,0.9752052426338196,-0.12576663494110107,0.12576663494110107,-4.137688159942627,4.137688159942627,False,422,2027
shuffle,21,0.9183402061462402,-0.01765984296798706,0.01765984296798706,-2.1636438369750977,2.1636438369750977,False,422,2027
shuffle,22,0.9209547638893127,-0.013836026191711426,0.013836026191711426,-1.9475517272949219,1.9475517272949219,False,422,2027
shuffle,23,0.9752213358879089,-0.003173530101776123,0.003173530101776123,-0.8603792190551758,0.8603792190551758,False,422,2027
shuffle,24,0.9232788681983948,-0.017725050449371338,0.017725050449371338,-2.166964530944824,2.166964530944824,False,422,2027
shuffle,25,0.9360275864601135,-0.007214546203613281,0.007214546203613281,-1.4143023490905762,1.4143023490905762,False,422,2027
shuffle,26,0.9567692279815674,-0.09826481342315674,0.09826481342315674,-3.864968776702881,3.864968776702881,False,422,2027
shuffle,27,0.8973948359489441,-0.01256340742111206,0.01256340742111206,-1.864314079284668,1.864314079284668,False,422,2027
shuffle,28,0.8864391446113586,-0.007830202579498291,0.007830202579498291,-1.4773712158203125,1.4773712158203125,False,422,2027
shuffle,29,0.9509303569793701,-0.008291900157928467,0.008291900157928467,-1.522242546081543,1.522242546081543,False,422,2027
uniform,0,0.8589768409729004,-0.003920435905456543,0.003920435905456543,-1.533043384552002,1.533043384552002,False,437,2027
shuffle,0,0.9793742299079895,-0.014607489109039307,0.014607489109039307,-2.6865367889404297,2.6865367889404297,False,437,2027
shuffle,1,0.9914854168891907,-0.0016115903854370117,0.0016115903854370117,-0.9121541976928711,0.9121541976928711,False,437,2027
shuffle,2,0.9966761469841003,-0.00401681661605835,0.00401681661605835,-1.552220344543457,1.552220344543457,False,437,2027
shuffle,3,0.9621347784996033,-2.282857894897461e-05,2.282857894897461e-05,-0.020956993103027344,0.020956993103027344,False,437,2027
shuffle,4,0.9448027610778809,3.069639205932617e-05,3.069639205932617e-05,0.02866077423095703,0.02866077423095703,False,437,2027
shuffle,5,0.9821044206619263,-0.004472553730010986,0.004472553730010986,-1.6382436752319336,1.6382436752319336,False,437,2027
shuffle,6,0.9908317923545837,-0.0024238228797912598,0.0024238228797912598,-1.176304817199707,1.176304817199707,False,437,2027
shuffle,7,0.9945029616355896,-0.021840989589691162,0.021840989589691162,-3.073010206222534,3.073010206222534,False,437,2027
shuffle,8,0.9812484979629517,-0.006627440452575684,0.006627440452575684,-1.9681034088134766,1.9681034088134766,False,437,2027
shuffle,9,0.7819276452064514,-0.006524026393890381,0.006524026393890381,-1.9544963836669922,1.9544963836669922,False,437,2027
shuffle,10,0.9911302328109741,0.00045055150985717773,0.00045055150985717773,0.5371127128601074,0.5371127128601074,False,437,2027
shuffle,11,0.9711660146713257,0.0005050897598266602,0.0005050897598266602,0.6270780563354492,0.6270780563354492,False,437,2027
shuffle,12,0.9915562868118286,-0.0308188796043396,0.0308188796043396,-3.4126973152160645,3.4126973152160645,False,437,2027
shuffle,13,0.9832571744918823,-0.0007840991020202637,0.0007840991020202637,-0.5447998046875,0.5447998046875,False,437,2027
shuffle,14,0.9594206809997559,-0.0020833611488342285,0.0020833611488342285,-1.0738649368286133,1.0738649368286133,False,437,2027
shuffle,15,0.9702984094619751,-0.006776392459869385,0.006776392459869385,-1.9873881340026855,1.9873881340026855,False,437,2027
shuffle,16,0.9804922342300415,-0.0019159317016601562,0.0019159317016601562,-1.0194292068481445,1.0194292068481445,False,437,2027
shuffle,17,0.9941132664680481,-9.363889694213867e-05,9.363889694213867e-05,-0.08288288116455078,0.08288288116455078,False,437,2027
shuffle,18,0.9890990257263184,-0.005930423736572266,0.005930423736572266,-1.8726844787597656,1.8726844787597656,False,437,2027
shuffle,19,0.9469563364982605,-0.00037539005279541016,0.00037539005279541016,-0.29759931564331055,0.29759931564331055,False,437,2027
shuffle,20,0.9916024804115295,-0.005982637405395508,0.005982637405395508,-1.880147933959961,1.880147933959961,False,437,2027
shuffle,21,0.9789708852767944,-0.0013518333435058594,0.0013518333435058594,-0.8106193542480469,0.8106193542480469,False,437,2027
shuffle,22,0.9961907267570496,-0.0021486282348632812,0.0021486282348632812,-1.0943489074707031,1.0943489074707031,False,437,2027
shuffle,23,0.9618553519248962,-0.005739748477935791,0.005739748477935791,-1.8449382781982422,1.8449382781982422,False,437,2027
shuffle,24,0.9966285228729248,-0.005266726016998291,0.005266726016998291,-1.7726240158081055,1.7726240158081055,False,437,2027
shuffle,25,0.9889941215515137,-0.001668691635131836,0.001668691635131836,-0.9331912994384766,0.9331912994384766,False,437,2027
shuffle,26,0.9563273191452026,-0.0004127025604248047,0.0004127025604248047,-0.32285499572753906,0.32285499572753906,False,437,2027
shuffle,27,0.9807302951812744,-0.014219045639038086,0.014219045639038086,-2.6610817909240723,2.6610817909240723,False,437,2027
shuffle,28,0.9883466958999634,-0.0038450956344604492,0.0038450956344604492,-1.5178298950195312,1.5178298950195312,False,437,2027
shuffle,29,0.24651235342025757,0.000232696533203125,0.000232696533203125,0.2416057586669922,0.2416057586669922,False,437,2027
uniform,0,0.5794365406036377,-0.13171029090881348,0.13171029090881348,-0.9311745166778564,0.9311745166778564,False,449,2027
shuffle,0,0.7897881269454956,-0.21648550033569336,0.21648550033569336,-1.3472504019737244,1.3472504019737244,False,449,2027
shuffle,1,0.8026800155639648,-0.28597044944763184,0.28597044944763184,-1.6478305757045746,1.6478305757045746,False,449,2027
shuffle,2,0.763978898525238,-0.0941307544708252,0.0941307544708252,-0.7162284851074219,0.7162284851074219,False,449,2027
shuffle,3,0.7962340712547302,-0.10536253452301025,0.10536253452301025,-0.7831885814666748,0.7831885814666748,False,449,2027
shuffle,4,0.7962340712547302,-0.2712307572364807,0.2712307572364807,-1.5859863460063934,1.5859863460063934,False,449,2027
shuffle,5,0.8026800155639648,-0.2726622223854065,0.2726622223854065,-1.592029333114624,1.592029333114624,False,449,2027
shuffle,6,0.8026799559593201,-0.09634202718734741,0.09634202718734741,-0.7296169996261597,0.7296169996261597,False,449,2027
shuffle,7,0.7897881269454956,-0.21648550033569336,0.21648550033569336,-1.3472504019737244,1.3472504019737244,False,449,2027
shuffle,8,0.7897881269454956,-0.21648550033569336,0.21648550033569336,-1.3472504019737244,1.3472504019737244,False,449,2027
shuffle,9,0.796234130859375,-0.22455614805221558,0.22455614805221558,-1.3835326433181763,1.3835326433181763,False,449,2027
shuffle,10,0.7962340712547302,-0.2871965765953064,0.2871965765953064,-1.6529389917850494,1.6529389917850494,False,449,2027
shuffle,11,0.7962340712547302,-0.2712307572364807,0.2712307572364807,-1.5859863460063934,1.5859863460063934,False,449,2027
shuffle,12,0.03870104253292084,-0.003978312015533447,0.003978312015533447,-0.038950443267822266,0.038950443267822266,False,449,2027
shuffle,13,0.7962340712547302,-0.2871965765953064,0.2871965765953064,-1.6529389917850494,1.6529389917850494,False,449,2027
shuffle,14,0.7962340712547302,-0.0941319465637207,0.0941319465637207,-0.7162357568740845,0.7162357568740845,False,449,2027
shuffle,15,0.7962340712547302,-0.22620022296905518,0.22620022296905518,-1.3908709287643433,1.3908709287643433,False,449,2027
shuffle,16,0.03870104253292084,-0.0013540983200073242,0.0013540983200073242,-0.013388633728027344,0.013388633728027344,False,449,2027
shuffle,17,0.7962340712547302,-0.10536253452301025,0.10536253452301025,-0.7831885814666748,0.7831885814666748,False,449,2027
shuffle,18,0.7962340712547302,-0.10536253452301025,0.10536253452301025,-0.7831885814666748,0.7831885814666748,False,449,2027
shuffle,19,0.7962340712547302,-0.22620022296905518,0.22620022296905518,-1.3908709287643433,1.3908709287643433,False,449,2027
shuffle,20,0.763978898525238,-0.0941307544708252,0.0941307544708252,-0.7162284851074219,0.7162284851074219,False,449,2027
shuffle,21,0.7897881269454956,-0.21648550033569336,0.21648550033569336,-1.3472504019737244,1.3472504019737244,False,449,2027
shuffle,22,0.7897881269454956,-0.21648550033569336,0.21648550033569336,-1.3472504019737244,1.3472504019737244,False,449,2027
shuffle,23,0.7962340712547302,-0.22620022296905518,0.22620022296905518,-1.3908709287643433,1.3908709287643433,False,449,2027
shuffle,24,0.03870104253292084,-0.003978312015533447,0.003978312015533447,-0.038950443267822266,0.038950443267822266,False,449,2027
shuffle,25,0.796234130859375,-0.22455614805221558,0.22455614805221558,-1.3835326433181763,1.3835326433181763,False,449,2027
shuffle,26,0.03870104253292084,-0.003978312015533447,0.003978312015533447,-0.038950443267822266,0.038950443267822266,False,449,2027
shuffle,27,0.8026799559593201,-0.10574394464492798,0.10574394464492798,-0.7854182720184326,0.7854182720184326,False,449,2027
shuffle,28,0.7962340712547302,-0.22620022296905518,0.22620022296905518,-1.3908709287643433,1.3908709287643433,False,449,2027
shuffle,29,0.8026800155639648,-0.2726622223854065,0.2726622223854065,-1.592029333114624,1.592029333114624,False,449,2027
uniform,0,0.7245062589645386,0.08112925291061401,0.08112925291061401,0.4879295825958252,0.4879295825958252,False,461,2027
shuffle,0,0.8157767057418823,0.18676728010177612,0.18676728010177612,1.5520071983337402,1.5520071983337402,False,461,2027
shuffle,1,0.7970432639122009,-0.17951220273971558,0.17951220273971558,-0.8097884058952332,0.8097884058952332,False,461,2027
shuffle,2,0.9274536371231079,0.13440632820129395,0.13440632820129395,0.9186558723449707,0.9186558723449707,False,461,2027
shuffle,3,0.8522968888282776,0.21120166778564453,0.21120166778564453,2.02905535697937,2.02905535697937,False,461,2027
shuffle,4,0.9725269675254822,-0.2992725074291229,0.2992725074291229,-1.2912244498729706,1.2912244498729706,True,461,2027
shuffle,5,0.4024948179721832,-0.0003991127014160156,0.0003991127014160156,-0.0021047592163085938,0.0021047592163085938,False,461,2027
shuffle,6,0.8594194650650024,0.13292759656906128,0.13292759656906128,0.9046920537948608,0.9046920537948608,False,461,2027
shuffle,7,0.33245182037353516,0.06151735782623291,0.06151735782623291,0.3565027713775635,0.3565027713775635,False,461,2027
shuffle,8,0.877659797668457,-0.1492999792098999,0.1492999792098999,-0.6855946779251099,0.6855946779251099,False,461,2027
shuffle,9,0.9978156089782715,-0.2093786597251892,0.2093786597251892,-0.9305729120969772,0.9305729120969772,False,461,2027
shuffle,10,0.8140372037887573,0.23330456018447876,0.23330456018447876,2.7770755290985107,2.7770755290985107,False,461,2027
shuffle,11,0.22943952679634094,-0.07386547327041626,0.07386547327041626,-0.3594948649406433,0.3594948649406433,False,461,2027
shuffle,12,0.9622759819030762,-0.05393695831298828,0.05393695831298828,-0.26757657527923584,0.26757657527923584,False,461,2027
shuffle,13,0.7734474539756775,0.21163827180862427,0.21163827180862427,2.039750814437866,2.039750814437866,False,461,2027
shuffle,14,0.9145523905754089,0.14479976892471313,0.14479976892471313,1.0212655067443848,1.0212655067443848,False,461,2027
shuffle,15,0.9645797610282898,-0.3516450524330139,0.3516450524330139,-1.5063730478286743,1.5063730478286743,True,461,2027
shuffle,16,0.9244793057441711,0.05707353353500366,0.05707353353500366,0.32816624641418457,0.32816624641418457,False,461,2027
shuffle,17,0.6853710412979126,-0.06818497180938721,0.06818497180938721,-0.3336036801338196,0.3336036801338196,False,461,2027
shuffle,18,0.9335877895355225,-0.36493849754333496,0.36493849754333496,-1.562378466129303,1.562378466129303,True,461,2027
shuffle,19,0.8640470504760742,-0.20254510641098022,0.20254510641098022,-0.9030622392892838,0.9030622392892838,False,461,2027
shuffle,20,0.8496760725975037,0.2364848256111145,0.2364848256111145,2.946678400039673,2.946678400039673,False,461,2027
shuffle,21,0.9622262120246887,0.12763828039169312,0.12763828039169312,0.8559150695800781,0.8559150695800781,False,461,2027
shuffle,22,0.86075359582901,0.04956406354904175,0.04956406354904175,0.2813565731048584,0.2813565731048584,False,461,2027
shuffle,23,0.8208860754966736,-0.021290302276611328,0.021290302276611328,-0.1094316840171814,0.1094316840171814,False,461,2027
shuffle,24,0.7671639919281006,0.08309835195541382,0.08309835195541382,0.5017597675323486,0.5017597675323486,False,461,2027
shuffle,25,0.9507675170898438,0.13115078210830688,0.13115078210830688,0.8881059885025024,0.8881059885025024,False,461,2027
shuffle,26,0.8003875613212585,0.09181797504425049,0.09181797504425049,0.5645742416381836,0.5645742416381836,False,461,2027
shuffle,27,0.9335582852363586,0.03928893804550171,0.03928893804550171,0.2193303108215332,0.2193303108215332,False,461,2027
shuffle,28,0.9539235830307007,0.06279873847961426,0.06279873847961426,0.3647655248641968,0.3647655248641968,False,461,2027
shuffle,29,0.3475966453552246,0.10307765007019043,0.10307765007019043,0.6498522758483887,0.6498522758483887,False,461,2027
uniform,0,0.7554388642311096,0.17870473861694336,0.17870473861694336,0.8030411601066589,0.8030411601066589,False,466,2027
shuffle,0,0.9301853179931641,0.2579379081726074,0.2579379081726074,1.2730188965797424,1.2730188965797424,False,466,2027
shuffle,1,0.9711147546768188,-0.18173635005950928,0.18173635005950928,-0.7373089790344238,0.7373089790344238,True,466,2027
shuffle,2,0.9305249452590942,0.2901914715766907,0.2901914715766907,1.5117362141609192,1.5117362141609192,False,466,2027
shuffle,3,0.9657501578330994,0.3422966003417969,0.3422966003417969,2.014325439929962,2.014325439929962,False,466,2027
shuffle,4,0.9243764877319336,-0.15134847164154053,0.15134847164154053,-0.6104078888893127,0.6104078888893127,True,466,2027
shuffle,5,0.9301987886428833,0.30802637338638306,0.30802637338638306,1.6631739735603333,1.6631739735603333,False,466,2027
shuffle,6,0.9184616208076477,-0.4617081359028816,0.4617081359028816,-2.4272190928459167,2.4272190928459167,True,466,2027
shuffle,7,0.9477917551994324,-0.14151513576507568,0.14151513576507568,-0.569983035326004,0.569983035326004,True,466,2027
shuffle,8,0.8668938279151917,-0.019082605838775635,0.019082605838775635,-0.0772678554058075,0.0772678554058075,False,466,2027
shuffle,9,0.8794359564781189,-0.49205149710178375,0.49205149710178375,-2.81102055311203,2.81102055311203,True,466,2027
shuffle,10,0.885371744632721,0.32041704654693604,0.32041704654693604,1.7793856263160706,1.7793856263160706,False,466,2027
shuffle,11,0.8830652236938477,0.32337045669555664,0.32337045669555664,1.8086760640144348,1.8086760640144348,False,466,2027
shuffle,12,0.9364664554595947,0.07369285821914673,0.07369285821914673,0.30803728103637695,0.30803728103637695,False,466,2027
shuffle,13,0.8922353386878967,0.07804036140441895,0.07804036140441895,0.3269113302230835,0.3269113302230835,False,466,2027
shuffle,14,0.9074736833572388,0.33871787786483765,0.33871787786483765,1.9727616906166077,1.9727616906166077,False,466,2027
shuffle,15,0.9575031399726868,0.3400607109069824,0.3400607109069824,1.9881952404975891,1.9881952404975891,False,466,2027
shuffle,16,0.9089582562446594,0.1529436707496643,0.1529436707496643,0.6722192168235779,0.6722192168235779,False,466,2027
shuffle,17,0.9396236538887024,0.3819569945335388,0.3819569945335388,2.6100476384162903,2.6100476384162903,False,466,2027
shuffle,18,0.8732477426528931,0.12398356199264526,0.12398356199264526,0.5334895253181458,0.5334895253181458,False,466,2027
shuffle,19,0.980815052986145,0.061739444732666016,0.061739444732666016,0.25663572549819946,0.25663572549819946,False,466,2027
shuffle,20,0.9087009429931641,0.1528356671333313,0.1528356671333313,0.6716864109039307,0.6716864109039307,False,466,2027
shuffle,21,0.9177915453910828,0.14235925674438477,0.14235925674438477,0.6205997467041016,0.6205997467041016,False,466,2027
shuffle,22,0.9384328722953796,0.34178513288497925,0.34178513288497925,2.008298933506012,2.008298933506012,False,466,2027
shuffle,23,0.8939539790153503,0.20798271894454956,0.20798271894454956,0.9626529812812805,0.9626529812812805,False,466,2027
shuffle,24,0.9483294486999512,0.35463136434555054,0.35463136434555054,2.1695101857185364,2.1695101857185364,False,466,2027
shuffle,25,0.9339901208877563,-0.19900190830230713,0.19900190830230713,-0.8110679984092712,0.8110679984092712,True,466,2027
shuffle,26,0.8436891436576843,0.42451733350753784,0.42451733350753784,4.2256134152412415,4.2256134152412415,False,466,2027
shuffle,27,0.9622841477394104,0.33306950330734253,0.33306950330734253,1.9098663926124573,1.9098663926124573,False,466,2027
shuffle,28,0.8547484874725342,-0.4728851467370987,0.4728851467370987,-2.554918944835663,2.554918944835663,True,466,2027
shuffle,29,0.888545036315918,0.13865578174591064,0.13865578174591064,0.6027985215187073,0.6027985215187073,False,466,2027
uniform,0,0.6851993203163147,0.03126794099807739,0.03126794099807739,0.6338014602661133,0.6338014602661133,False,468,2027
shuffle,0,0.8689614534378052,0.05753058195114136,0.05753058195114136,1.8373513221740723,1.8373513221740723,False,468,2027
shuffle,1,0.6512792706489563,0.01800590753555298,0.01800590753555298,0.32034778594970703,0.32034778594970703,False,468,2027
shuffle,2,0.9000080823898315,0.05892115831375122,0.05892115831375122,1.9652156829833984,1.9652156829833984,False,468,2027
shuffle,3,0.8765581250190735,0.045398831367492676,0.045398831367492676,1.1138639450073242,1.1138639450073242,False,468,2027
shuffle,4,0.885928750038147,0.012431204319000244,0.012431204319000244,0.21116375923156738,0.21116375923156738,False,468,2027
shuffle,5,0.6739676594734192,0.037660062313079834,0.037660062313079834,0.8247687816619873,0.8247687816619873,False,468,2027
shuffle,6,0.9346441626548767,-0.02221512794494629,0.02221512794494629,-0.30243682861328125,0.30243682861328125,False,468,2027
shuffle,7,0.9023220539093018,0.04428356885910034,0.04428356885910034,1.0669994354248047,1.0669994354248047,False,468,2027
shuffle,8,0.8994585871696472,0.024234533309936523,0.024234533309936523,0.45651960372924805,0.45651960372924805,False,468,2027
shuffle,9,0.8783986568450928,0.04998284578323364,0.04998284578323364,1.332104206085205,1.332104206085205,False,468,2027
shuffle,10,0.8593405485153198,0.04088646173477173,0.04088646173477173,0.9358730316162109,0.9358730316162109,False,468,2027
shuffle,11,0.8331965208053589,0.030315637588500977,0.030315637588500977,0.6080389022827148,0.6080389022827148,False,468,2027
shuffle,12,0.9077833890914917,0.05018812417984009,0.05018812417984009,1.3430347442626953,1.3430347442626953,False,468,2027
shuffle,13,0.879991352558136,0.006662547588348389,0.006662547588348389,0.10831117630004883,0.10831117630004883,False,468,2027
shuffle,14,0.9137769937515259,0.05909472703933716,0.05909472703933716,1.9823532104492188,1.9823532104492188,False,468,2027
shuffle,15,0.6319959163665771,-0.018150508403778076,0.018150508403778076,-0.25250959396362305,0.25250959396362305,False,468,2027
shuffle,16,0.891823410987854,0.05917215347290039,0.05917215347290039,1.990091323852539,1.990091323852539,False,468,2027
shuffle,17,0.8579622507095337,0.01025158166885376,0.01025158166885376,0.17119932174682617,0.17119932174682617,False,468,2027
shuffle,18,0.8742237687110901,0.056526243686676025,0.056526243686676025,1.7540264129638672,1.7540264129638672,False,468,2027
shuffle,19,0.8971827030181885,0.043112874031066895,0.043112874031066895,1.0199494361877441,1.0199494361877441,False,468,2027
shuffle,20,0.933297336101532,0.04403102397918701,0.04403102397918701,1.0566668510437012,1.0566668510437012,False,468,2027
shuffle,21,0.8922673463821411,0.02827829122543335,0.02827829122543335,0.5548977851867676,0.5548977851867676,False,468,2027
shuffle,22,0.9070779085159302,0.0323367714881897,0.0323367714881897,0.6634645462036133,0.6634645462036133,False,468,2027
shuffle,23,0.8848587274551392,0.05872875452041626,0.05872875452041626,1.946540355682373,1.946540355682373,False,468,2027
shuffle,24,0.9019606709480286,0.03199046850204468,0.03199046850204468,0.6537654399871826,0.6537654399871826,False,468,2027
shuffle,25,0.36783719062805176,0.02100592851638794,0.02100592851638794,0.3838465213775635,0.3838465213775635,False,468,2027
shuffle,26,0.6356882452964783,0.047562360763549805,0.047562360763549805,1.2112212181091309,1.2112212181091309,False,468,2027
shuffle,27,0.6787524223327637,0.03228479623794556,0.03228479623794556,0.6620049476623535,0.6620049476623535,False,468,2027
shuffle,28,0.32635974884033203,0.029050707817077637,0.029050707817077637,0.5747420787811279,0.5747420787811279,False,468,2027
shuffle,29,0.8886677026748657,0.044485270977020264,0.044485270977020264,1.0753200054168701,1.0753200054168701,False,468,2027
uniform,0,0.7245246767997742,-0.08740097284317017,0.08740097284317017,-2.2075679302215576,2.2075679302215576,False,482,2027
shuffle,0,0.9048752784729004,-0.07295632362365723,0.07295632362365723,-2.034615993499756,2.034615993499756,False,482,2027
shuffle,1,0.93931645154953,-0.27957814931869507,0.27957814931869507,-3.5237934589385986,3.5237934589385986,False,482,2027
shuffle,2,0.8899627923965454,-0.6472991108894348,0.6472991108894348,-5.071701169013977,5.071701169013977,True,482,2027
shuffle,3,0.902315616607666,-0.0600932240486145,0.0600932240486145,-1.856459140777588,1.856459140777588,False,482,2027
shuffle,4,0.5587955713272095,-0.0016369819641113281,0.0016369819641113281,-0.12963056564331055,0.12963056564331055,False,482,2027
shuffle,5,0.553820788860321,0.0003974437713623047,0.0003974437713623047,0.03411293029785156,0.03411293029785156,False,482,2027
shuffle,6,0.9355639815330505,-0.053201913833618164,0.053201913833618164,-1.7485754489898682,1.7485754489898682,False,482,2027
shuffle,7,0.8821658492088318,-0.1484687328338623,0.1484687328338623,-2.756756544113159,2.756756544113159,False,482,2027
shuffle,8,0.8673825263977051,-0.245807945728302,0.245807945728302,-3.3541282415390015,3.3541282415390015,False,482,2027
shuffle,9,0.938289999961853,-0.21377664804458618,0.21377664804458618,-3.179202675819397,3.179202675819397,False,482,2027
shuffle,10,0.8299442529678345,-0.006200313568115234,0.006200313568115234,-0.4230995178222656,0.4230995178222656,False,482,2027
shuffle,11,0.8776663541793823,-0.12187856435775757,0.12187856435775757,-2.5443975925445557,2.5443975925445557,False,482,2027
shuffle,12,0.8950798511505127,-0.16461092233657837,0.16461092233657837,-2.872026205062866,2.872026205062866,False,482,2027
shuffle,13,0.8852752447128296,-0.41752147674560547,0.41752147674560547,-4.127728462219238,4.127728462219238,False,482,2027
shuffle,14,0.605870246887207,-0.01797771453857422,0.01797771453857422,-0.9343841075897217,0.9343841075897217,False,482,2027
shuffle,15,0.9418946504592896,-0.12215632200241089,0.12215632200241089,-2.546790599822998,2.546790599822998,False,482,2027
shuffle,16,0.6153984665870667,-0.011908173561096191,0.011908173561096191,-0.7018332481384277,0.7018332481384277,False,482,2027
shuffle,17,0.5870099663734436,-0.04352658987045288,0.04352658987045288,-1.5776262283325195,1.5776262283325195,False,482,2027
shuffle,18,0.8555043339729309,-0.012803137302398682,0.012803137302398682,-0.7395155429840088,0.7395155429840088,False,482,2027
shuffle,19,0.7778557538986206,-0.6179611682891846,0.6179611682891846,-4.943580508232117,4.943580508232117,True,482,2027
shuffle,20,0.8756672739982605,-0.06856179237365723,0.06856179237365723,-1.976705551147461,1.976705551147461,False,482,2027
shuffle,21,0.624193549156189,-0.06614774465560913,0.06614774465560913,-1.9436564445495605,1.9436564445495605,False,482,2027
shuffle,22,0.9090564250946045,-0.41373908519744873,0.41373908519744873,-4.1122748255729675,4.1122748255729675,False,482,2027
shuffle,23,0.6006747484207153,-0.08785945177078247,0.08785945177078247,-2.212679147720337,2.212679147720337,False,482,2027
shuffle,24,0.5920023322105408,-0.017830967903137207,0.017830967903137207,-0.9293208122253418,0.9293208122253418,False,482,2027
shuffle,25,0.8929324150085449,-0.09069913625717163,0.09069913625717163,-2.2438814640045166,2.2438814640045166,False,482,2027
shuffle,26,0.9342418909072876,-0.005131065845489502,0.005131065845489502,-0.36142778396606445,0.36142778396606445,False,482,2027
shuffle,27,0.8602100014686584,-0.021168410778045654,0.021168410778045654,-1.038853645324707,1.038853645324707,False,482,2027
shuffle,28,0.770535945892334,-0.07915616035461426,0.07915616035461426,-2.1118581295013428,2.1118581295013428,False,482,2027
shuffle,29,0.8423283696174622,-0.021112799644470215,0.021112799644470215,-1.0371150970458984,1.0371150970458984,False,482,2027
uniform,0,0.6416364908218384,-0.012321829795837402,0.012321829795837402,-0.9395711421966553,0.9395711421966553,False,484,2027
shuffle,0,0.8795813918113708,0.004491567611694336,0.004491567611694336,0.8179678916931152,0.8179678916931152,False,484,2027
shuffle,1,0.8285009264945984,-0.0015707612037658691,0.0015707612037658691,-0.17944574356079102,0.17944574356079102,False,484,2027
shuffle,2,0.9592827558517456,-0.1103106141090393,0.1103106141090393,-2.803784132003784,2.803784132003784,False,484,2027
shuffle,3,0.8329320549964905,-0.01785355806350708,0.01785355806350708,-1.1852631568908691,1.1852631568908691,False,484,2027
shuffle,4,0.8870154619216919,-0.005923748016357422,0.005923748016357422,-0.5565104484558105,0.5565104484558105,False,484,2027
shuffle,5,0.8789175748825073,-0.0685914158821106,0.0685914158821106,-2.3230371475219727,2.3230371475219727,False,484,2027
shuffle,6,0.8331754803657532,-0.006429016590118408,0.006429016590118408,-0.5924921035766602,0.5924921035766602,False,484,2027
shuffle,7,0.8493704795837402,0.0011163949966430664,0.0011163949966430664,0.15004253387451172,0.15004253387451172,False,484,2027
shuffle,8,0.5524632930755615,-0.03506195545196533,0.03506195545196533,-1.712218999862671,1.712218999862671,False,484,2027
shuffle,9,0.7985108494758606,0.003673255443572998,0.003673255443572998,0.611121654510498,0.611121654510498,False,484,2027
shuffle,10,0.704987645149231,-0.0797167420387268,0.0797167420387268,-2.470672130584717,2.470672130584717,False,484,2027
shuffle,11,0.934664249420166,-0.005104005336761475,0.005104005336761475,-0.49530553817749023,0.49530553817749023,False,484,2027
shuffle,12,0.42463937401771545,-0.000437319278717041,0.000437319278717041,-0.05321359634399414,0.05321359634399414,False,484,2027
shuffle,13,0.7764191627502441,0.0027101635932922363,0.0027101635932922363,0.4120450019836426,0.4120450019836426,False,484,2027
shuffle,14,0.9390519857406616,-0.06618022918701172,0.06618022918701172,-2.2884702682495117,2.2884702682495117,False,484,2027
shuffle,15,0.8793107271194458,-0.10653108358383179,0.10653108358383179,-2.7670583724975586,2.7670583724975586,False,484,2027
shuffle,16,0.7049545645713806,-0.004481375217437744,0.004481375217437744,-0.4462594985961914,0.4462594985961914,False,484,2027
shuffle,17,0.7654078006744385,-0.0078316330909729,0.0078316330909729,-0.6862697601318359,0.6862697601318359,False,484,2027
shuffle,18,0.6858230233192444,-0.0030971765518188477,0.0030971765518188477,-0.32799196243286133,0.32799196243286133,False,484,2027
shuffle,19,0.8885456323623657,-0.0006081461906433105,0.0006081461906433105,-0.07326984405517578,0.07326984405517578,False,484,2027
shuffle,20,0.7963122129440308,0.0033707022666931152,0.0033707022666931152,0.5442562103271484,0.5442562103271484,False,484,2027
shuffle,21,0.8141804933547974,-0.0009235143661499023,0.0009235143661499023,-0.10929250717163086,0.10929250717163086,False,484,2027
shuffle,22,0.7998002767562866,-0.012293815612792969,0.012293815612792969,-0.9381661415100098,0.9381661415100098,False,484,2027
shuffle,23,0.8278738260269165,-0.04745548963546753,0.04745548963546753,-1.9778409004211426,1.9778409004211426,False,484,2027
shuffle,24,0.6899305582046509,-0.02997797727584839,0.02997797727584839,-1.5814990997314453,1.5814990997314453,False,484,2027
shuffle,25,0.7262546420097351,-0.0075013041496276855,0.0075013041496276855,-0.6649365425109863,0.6649365425109863,False,484,2027
shuffle,26,0.8223899602890015,-0.0006135106086730957,0.0006135106086730957,-0.0738992691040039,0.0738992691040039,False,484,2027
shuffle,27,0.9052835702896118,-0.006328403949737549,0.006328403949737549,-0.5854277610778809,0.5854277610778809,False,484,2027
shuffle,28,0.8451258540153503,-0.01415163278579712,0.01415163278579712,-1.0273785591125488,1.0273785591125488,False,484,2027
shuffle,29,0.8462125658988953,-0.006007492542266846,0.006007492542266846,-0.5625643730163574,0.5625643730163574,False,484,2027
uniform,0,0.5607790350914001,-0.26160120964050293,0.26160120964050293,-1.4840793013572693,1.4840793013572693,False,489,2027
shuffle,0,0.9025006890296936,-0.47752687335014343,0.47752687335014343,-2.361704170703888,2.361704170703888,True,489,2027
shuffle,1,0.7558194398880005,-0.2881860136985779,0.2881860136985779,-1.5948871970176697,1.5948871970176697,False,489,2027
shuffle,2,0.8383300304412842,-0.297932505607605,0.297932505607605,-1.6349493265151978,1.6349493265151978,False,489,2027
shuffle,3,0.42188915610313416,-0.14731073379516602,0.14731073379516602,-0.9628061056137085,0.9628061056137085,False,489,2027
shuffle,4,0.7325921058654785,-0.20411938428878784,0.20411938428878784,-1.233543574810028,1.233543574810028,False,489,2027
shuffle,5,0.6320557594299316,-0.19440007209777832,0.19440007209777832,-1.1891872882843018,1.1891872882843018,False,489,2027
shuffle,6,0.7819494009017944,-0.39357277750968933,0.39357277750968933,-2.020017296075821,2.020017296075821,True,489,2027
shuffle,7,0.6938367486000061,-0.28984755277633667,0.28984755277633667,-1.6017357110977173,1.6017357110977173,False,489,2027
shuffle,8,0.6169600486755371,-0.40269333124160767,0.40269333124160767,-2.0565792620182037,2.0565792620182037,True,489,2027
shuffle,9,0.7322319746017456,-0.2867889404296875,0.2867889404296875,-1.5891225636005402,1.5891225636005402,False,489,2027
shuffle,10,0.5252450108528137,-0.3042527437210083,0.3042527437210083,-1.6607947945594788,1.6607947945594788,False,489,2027
shuffle,11,0.6536586880683899,-0.21555650234222412,0.21555650234222412,-1.2848959565162659,1.2848959565162659,False,489,2027
shuffle,12,0.8243848085403442,-0.4885937571525574,0.4885937571525574,-2.4081448912620544,2.4081448912620544,True,489,2027
shuffle,13,0.6588400602340698,-0.08014291524887085,0.08014291524887085,-0.5913273096084595,0.5913273096084595,False,489,2027
shuffle,14,0.6775575280189514,-0.30302220582962036,0.30302220582962036,-1.655770182609558,1.655770182609558,False,489,2027
shuffle,15,0.864443838596344,-0.369576632976532,0.369576632976532,-1.9239974096417427,1.9239974096417427,False,489,2027
shuffle,16,0.6948407888412476,-0.294522762298584,0.294522762298584,-1.6209636330604553,1.6209636330604553,False,489,2027
shuffle,17,0.6869792938232422,-0.39418575167655945,0.39418575167655945,-2.022472992539406,2.022472992539406,True,489,2027
shuffle,18,0.6470065116882324,-0.12322938442230225,0.12322938442230225,-0.8376715183258057,0.8376715183258057,False,489,2027
shuffle,19,0.8261678218841553,-0.37116026878356934,0.37116026878356934,-1.9303325414657593,1.9303325414657593,False,489,2027
shuffle,20,0.694425106048584,-0.37338167428970337,0.37338167428970337,-1.939218632876873,1.939218632876873,False,489,2027
shuffle,21,0.5889632105827332,-0.44769254326820374,0.44769254326820374,-2.2385406494140625,2.2385406494140625,True,489,2027
shuffle,22,0.6850594282150269,-0.17570972442626953,0.17570972442626953,-1.1018033027648926,1.1018033027648926,False,489,2027
shuffle,23,0.6698870658874512,-0.11513286828994751,0.11513286828994751,-0.7938034534454346,0.7938034534454346,False,489,2027
shuffle,24,0.14629395306110382,-0.0038967132568359375,0.0038967132568359375,-0.035150885581970215,0.035150885581970215,False,489,2027
shuffle,25,0.7672459483146667,-0.3497655987739563,0.3497655987739563,-1.8446688130497932,1.8446688130497932,False,489,2027
shuffle,26,0.6784517168998718,-0.1695665717124939,0.1695665717124939,-1.072418749332428,1.072418749332428,False,489,2027
shuffle,27,0.7887208461761475,-0.2931302785873413,0.2931302785873413,-1.6152430176734924,1.6152430176734924,False,489,2027
shuffle,28,0.7431091070175171,-0.1918599009513855,0.1918599009513855,-1.177478015422821,1.177478015422821,False,489,2027
shuffle,29,0.6224443912506104,-0.1585022211074829,0.1585022211074829,-1.01857590675354,1.01857590675354,False,489,2027
uniform,0,0.44346603751182556,-0.0033679604530334473,0.0033679604530334473,-0.5606045722961426,0.5606045722961426,False,492,2027
shuffle,0,0.6978058218955994,-0.0054514408111572266,0.0054514408111572266,-0.7972145080566406,0.7972145080566406,False,492,2027
shuffle,1,0.6699235439300537,-0.008334696292877197,0.008334696292877197,-1.0542030334472656,1.0542030334472656,False,492,2027
shuffle,2,0.5370426177978516,3.415346145629883e-05,3.415346145629883e-05,0.0076274871826171875,0.0076274871826171875,False,492,2027
shuffle,3,0.6699235439300537,-0.005265772342681885,0.005265772342681885,-0.7782163619995117,0.7782163619995117,False,492,2027
shuffle,4,0.6699235439300537,-0.006925225257873535,0.006925225257873535,-0.9365968704223633,0.9365968704223633,False,492,2027
shuffle,5,0.49228939414024353,-0.000983595848083496,0.000983595848083496,-0.19805335998535156,0.19805335998535156,False,492,2027
shuffle,6,0.41648975014686584,-0.00015228986740112305,0.00015228986740112305,-0.033318519592285156,0.033318519592285156,False,492,2027
shuffle,7,0.4538561701774597,-0.005289733409881592,0.005289733409881592,-0.7806921005249023,0.7806921005249023,False,492,2027
shuffle,8,0.7454029321670532,-0.008082568645477295,0.008082568645477295,-1.0341291427612305,1.0341291427612305,False,492,2027
shuffle,9,0.8212027549743652,-0.009271621704101562,0.009271621704101562,-1.1255278587341309,1.1255278587341309,False,492,2027
shuffle,10,0.48173844814300537,-0.0033551454544067383,0.0033551454544067383,-0.5589652061462402,0.5589652061462402,False,492,2027
shuffle,11,0.577252984046936,-0.0014691948890686035,0.0014691948890686035,-0.2831578254699707,0.2831578254699707,False,492,2027
shuffle,12,0.6699235439300537,-0.0043866634368896484,0.0043866634368896484,-0.6831569671630859,0.6831569671630859,False,492,2027
shuffle,13,0.48173844814300537,-0.0031762123107910156,0.0031762123107910156,-0.535797119140625,0.535797119140625,False,492,2027
shuffle,14,0.6051353216171265,-0.0036316514015197754,0.0036316514015197754,-0.5937728881835938,0.5937728881835938,False,492,2027
shuffle,15,0.612842321395874,-0.0036870241165161133,0.0036870241165161133,-0.6005945205688477,0.6005945205688477,False,492,2027
shuffle,16,0.577252984046936,-0.001300513744354248,0.001300513744354248,-0.2543911933898926,0.2543911933898926,False,492,2027
shuffle,17,0.4259738028049469,-0.00096893310546875,0.00096893310546875,-0.19536495208740234,0.19536495208740234,False,492,2027
shuffle,18,0.5941238403320312,-0.004290521144866943,0.004290521144866943,-0.6722049713134766,0.6722049713134766,False,492,2027
shuffle,19,0.18971243500709534,-0.0011103153228759766,0.0011103153228759766,-0.22095060348510742,0.22095060348510742,False,492,2027
shuffle,20,0.612842321395874,-0.0018396377563476562,0.0018396377563476562,-0.3435797691345215,0.3435797691345215,False,492,2027
shuffle,21,0.5744090676307678,-0.0007455945014953613,0.0007455945014953613,-0.15356922149658203,0.15356922149658203,False,492,2027
shuffle,22,0.6051353216171265,-0.005241096019744873,0.005241096019744873,-0.7756662368774414,0.7756662368774414,False,492,2027
shuffle,23,0.5201717019081116,-0.0007800459861755371,0.0007800459861755371,-0.16013383865356445,0.16013383865356445,False,492,2027
shuffle,24,0.45385611057281494,0.0005462765693664551,0.0005462765693664551,0.12949562072753906,0.12949562072753906,False,492,2027
shuffle,25,0.2813161313533783,-0.0030767321586608887,0.0030767321586608887,-0.5226802825927734,0.5226802825927734,False,492,2027
shuffle,26,0.25343382358551025,-0.0009176731109619141,0.0009176731109619141,-0.18591785430908203,0.18591785430908203,False,492,2027
shuffle,27,0.577252984046936,-0.007942736148834229,0.007942736148834229,-1.0228300094604492,1.0228300094604492,False,492,2027
shuffle,28,0.6699235439300537,-0.0008537769317626953,0.0008537769317626953,-0.17401504516601562,0.17401504516601562,False,492,2027
shuffle,29,0.25343382358551025,-0.0024268627166748047,0.0024268627166748047,-0.43253612518310547,0.43253612518310547,False,492,2027
uniform,0,0.6845908761024475,-0.0005450248718261719,0.0005450248718261719,-0.019106626510620117,0.019106626510620117,False,505,2027
shuffle,0,0.9049116969108582,-0.020213544368743896,0.020213544368743896,-0.5482344627380371,0.5482344627380371,False,505,2027
shuffle,1,0.8976437449455261,0.021688520908355713,0.021688520908355713,1.3879005908966064,1.3879005908966064,False,505,2027
shuffle,2,0.714361846446991,0.01831996440887451,0.01831996440887451,1.0106327533721924,1.0106327533721924,False,505,2027
shuffle,3,0.7332321405410767,0.004612267017364502,0.004612267017364502,0.17718076705932617,0.17718076705932617,False,505,2027
shuffle,4,0.5184787511825562,0.002515554428100586,0.002515554428100586,0.09293866157531738,0.09293866157531738,False,505,2027
shuffle,5,0.6308405995368958,0.004610002040863037,0.004610002040863037,0.17708897590637207,0.17708897590637207,False,505,2027
shuffle,6,0.9029093980789185,-0.02862924337387085,0.02862924337387085,-0.7146377563476562,0.7146377563476562,False,505,2027
shuffle,7,0.722017765045166,-0.031812071800231934,0.031812071800231934,-0.7716710567474365,0.7716710567474365,False,505,2027
shuffle,8,0.8958699107170105,-0.04222315549850464,0.04222315549850464,-0.9405643939971924,0.9405643939971924,False,505,2027
shuffle,9,0.48389101028442383,-0.023176968097686768,0.023176968097686768,-0.6096923351287842,0.6096923351287842,False,505,2027
shuffle,10,0.7145847082138062,-0.08778905868530273,0.08778905868530273,-1.4847753047943115,1.4847753047943115,False,505,2027
shuffle,11,0.4572635591030121,-0.02179110050201416,0.02179110050201416,-0.5813724994659424,0.5813724994659424,False,505,2027
shuffle,12,0.7018969655036926,-0.01239687204360962,0.01239687204360962,-0.3675389289855957,0.3675389289855957,False,505,2027
shuffle,13,0.9303771257400513,-0.05935031175613403,0.05935031175613403,-1.1743476390838623,1.1743476390838623,False,505,2027
shuffle,14,0.8701760172843933,0.010118365287780762,0.010118365287780762,0.4372899532318115,0.4372899532318115,False,505,2027
shuffle,15,0.9508906602859497,-0.014579832553863525,0.014579832553863525,-0.4210646152496338,0.4210646152496338,False,505,2027
shuffle,16,0.6853624582290649,-0.019640862941741943,0.019640862941741943,-0.5359570980072021,0.5359570980072021,False,505,2027
shuffle,17,0.9112132787704468,-0.01579338312149048,0.01579338312149048,-0.44972729682922363,0.44972729682922363,False,505,2027
shuffle,18,0.2954603433609009,0.0031348466873168945,0.0031348466873168945,0.11712765693664551,0.11712765693664551,False,505,2027
shuffle,19,0.9199840426445007,-0.030483603477478027,0.030483603477478027,-0.7482137680053711,0.7482137680053711,False,505,2027
shuffle,20,0.6851394176483154,0.020351707935333252,0.020351707935333252,1.2211215496063232,1.2211215496063232,False,505,2027
shuffle,21,0.6750801801681519,0.0010240674018859863,0.0010240674018859863,0.036856889724731445,0.036856889724731445,False,505,2027
shuffle,22,0.9022349715232849,0.007330000400543213,0.007330000400543213,0.29750800132751465,0.29750800132751465,False,505,2027
shuffle,23,0.9046729803085327,0.012929201126098633,0.012929201126098633,0.6002423763275146,0.6002423763275146,False,505,2027
shuffle,24,0.9136083126068115,-0.007425665855407715,0.007425665855407715,-0.23482441902160645,0.23482441902160645,False,505,2027
shuffle,25,0.9043915867805481,-0.01643955707550049,0.01643955707550049,-0.46468591690063477,0.46468591690063477,False,505,2027
shuffle,26,0.9194775819778442,-0.0374944806098938,0.0374944806098938,-0.8669030666351318,0.8669030666351318,False,505,2027
shuffle,27,0.46872013807296753,-0.018543362617492676,0.018543362617492676,-0.5120384693145752,0.5120384693145752,False,505,2027
shuffle,28,0.6567481756210327,-0.016217410564422607,0.016217410564422607,-0.4595677852630615,0.4595677852630615,False,505,2027
shuffle,29,0.6556841135025024,0.022249162197113037,0.022249162197113037,1.4669182300567627,1.4669182300567627,False,505,2027
uniform,0,0.580805242061615,-0.005057811737060547,0.005057811737060547,-0.8421635627746582,0.8421635627746582,False,506,2027
shuffle,0,0.8729352951049805,-0.010928153991699219,0.010928153991699219,-1.3537797927856445,1.3537797927856445,False,506,2027
shuffle,1,0.7273291349411011,-0.006239950656890869,0.006239950656890869,-0.9678115844726562,0.9678115844726562,False,506,2027
shuffle,2,0.8620081543922424,-0.02017056941986084,0.02017056941986084,-1.8486528396606445,1.8486528396606445,False,506,2027
shuffle,3,0.7676586508750916,-0.0015437602996826172,0.0015437602996826172,-0.33782482147216797,0.33782482147216797,False,506,2027
shuffle,4,0.8692517280578613,-0.007676899433135986,0.007676899433135986,-1.1022558212280273,1.1022558212280273,False,506,2027
shuffle,5,0.5048249959945679,-0.00751417875289917,0.00751417875289917,-1.0878887176513672,1.0878887176513672,False,506,2027
shuffle,6,0.8733080625534058,-0.010286569595336914,0.010286569595336914,-1.3087825775146484,1.3087825775146484,False,506,2027
shuffle,7,0.6577420234680176,-0.0035206079483032227,0.0035206079483032227,-0.6514701843261719,0.6514701843261719,False,506,2027
shuffle,8,0.3908030390739441,-0.005156040191650391,0.005156040191650391,-0.8532171249389648,0.8532171249389648,False,506,2027
shuffle,9,0.7373049259185791,-0.005150198936462402,0.005150198936462402,-0.8525595664978027,0.8525595664978027,False,506,2027
shuffle,10,0.858324408531189,-0.016067922115325928,0.016067922115325928,-1.657273292541504,1.657273292541504,False,506,2027
shuffle,11,0.8777511119842529,-0.00891810655593872,0.00891810655593872,-1.2056708335876465,1.2056708335876465,False,506,2027
shuffle,12,0.6328941583633423,-0.002648293972015381,0.002648293972015381,-0.5248479843139648,0.5248479843139648,False,506,2027
shuffle,13,0.6236352920532227,-0.007635772228240967,0.007635772228240967,-1.0986442565917969,1.0986442565917969,False,506,2027
shuffle,14,0.38414743542671204,-0.00366365909576416,0.00366365909576416,-0.6707944869995117,0.6707944869995117,False,506,2027
shuffle,15,0.7431144118309021,-0.015606284141540527,0.015606284141540527,-1.6333630084991455,1.6333630084991455,False,506,2027
shuffle,16,0.5374125242233276,-0.0010981559753417969,0.0010981559753417969,-0.25134706497192383,0.25134706497192383,False,506,2027
shuffle,17,0.7229883670806885,-0.011558949947357178,0.011558949947357178,-1.3961892127990723,1.3961892127990723,False,506,2027
shuffle,18,0.6164535284042358,-0.012680470943450928,0.012680470943450928,-1.4675312042236328,1.4675312042236328,False,506,2027
shuffle,19,0.6267392635345459,-0.008561551570892334,0.008561551570892334,-1.1770133972167969,1.1770133972167969,False,506,2027
shuffle,20,0.7661049962043762,-0.009251654148101807,0.009251654148101807,-1.2317790985107422,1.2317790985107422,False,506,2027
shuffle,21,0.4185054302215576,-0.0023385286331176758,0.0023385286331176758,-0.475797176361084,0.475797176361084,False,506,2027
shuffle,22,0.8777510523796082,-0.017768144607543945,0.017768144607543945,-1.7408709526062012,1.7408709526062012,False,506,2027
shuffle,23,0.5085256099700928,-0.009320855140686035,0.009320855140686035,-1.237112045288086,1.237112045288086,False,506,2027
shuffle,24,0.7185278534889221,-0.02082115411758423,0.02082115411758423,-1.8760275840759277,1.8760275840759277,False,506,2027
shuffle,25,0.5143021941184998,-0.009014785289764404,0.009014785289764404,-1.2133069038391113,1.2133069038391113,False,506,2027
shuffle,26,0.8429543972015381,-0.010490000247955322,0.010490000247955322,-1.3232612609863281,1.3232612609863281,False,506,2027
shuffle,27,0.6525221467018127,-0.009353399276733398,0.009353399276733398,-1.2396035194396973,1.2396035194396973,False,506,2027
shuffle,28,0.6247218251228333,-0.007574737071990967,0.007574737071990967,-1.0932550430297852,1.0932550430297852,False,506,2027
shuffle,29,0.6276742815971375,-0.007069230079650879,0.007069230079650879,-1.047544002532959,1.047544002532959,False,506,2027
uniform,0,0.7827848792076111,-0.001570284366607666,0.001570284366607666,-3.8177757263183594,3.8177757263183594,False,510,2027
shuffle,0,0.8697188496589661,-0.003502786159515381,0.003502786159515381,-4.6098222732543945,4.6098222732543945,False,510,2027
shuffle,1,0.9726927876472473,-0.00541079044342041,0.00541079044342041,-5.043030738830566,5.043030738830566,False,510,2027
shuffle,2,0.991302490234375,-0.007082343101501465,0.007082343101501465,-5.312403678894043,5.312403678894043,False,510,2027
shuffle,3,0.9255374670028687,-0.004911839962005615,0.004911839962005615,-4.9464545249938965,4.9464545249938965,False,510,2027
shuffle,4,0.9910959601402283,-0.006394743919372559,0.006394743919372559,-5.210117340087891,5.210117340087891,False,510,2027
shuffle,5,0.9759988188743591,-0.0004284381866455078,0.0004284381866455078,-2.574673652648926,2.574673652648926,False,510,2027
shuffle,6,0.9818721413612366,-0.0005872845649719238,0.0005872845649719238,-2.86940860748291,2.86940860748291,False,510,2027
shuffle,7,0.8697537183761597,-0.0008748769760131836,0.0008748769760131836,-3.249471664428711,3.249471664428711,False,510,2027
shuffle,8,0.9243190884590149,-0.004114747047424316,0.004114747047424316,-4.769952774047852,4.769952774047852,False,510,2027
shuffle,9,0.9256103038787842,-0.003184199333190918,0.003184199333190918,-4.51511287689209,4.51511287689209,False,510,2027
shuffle,10,0.8093318939208984,-0.00012052059173583984,0.00012052059173583984,-1.4833393096923828,1.4833393096923828,False,510,2027
shuffle,11,0.6979258060455322,-0.00011420249938964844,0.00011420249938964844,-1.4423770904541016,1.4423770904541016,False,510,2027
shuffle,12,0.9777518510818481,-0.01159733533859253,0.01159733533859253,-5.808204650878906,5.808204650878906,False,510,2027
shuffle,13,0.9846651554107666,-0.0019339919090270996,0.0019339919090270996,-4.022294521331787,4.022294521331787,False,510,2027
shuffle,14,0.9813882112503052,-0.00010287761688232422,0.00010287761688232422,-1.3631877899169922,1.3631877899169922,False,510,2027
shuffle,15,0.8753855228424072,-0.00901949405670166,0.00901949405670166,-5.555078506469727,5.555078506469727,False,510,2027
shuffle,16,0.9811152815818787,-0.0033013224601745605,0.0033013224601745605,-4.550960540771484,4.550960540771484,False,510,2027
shuffle,17,0.8661937713623047,-0.0002269148826599121,0.0002269148826599121,-2.0042591094970703,2.0042591094970703,False,510,2027
shuffle,18,0.8785993456840515,-0.0005789995193481445,0.0005789995193481445,-2.8560547828674316,2.8560547828674316,False,510,2027
shuffle,19,0.8729716539382935,-0.0026175975799560547,0.0026175975799560547,-4.3209943771362305,4.3209943771362305,False,510,2027
shuffle,20,0.8181180357933044,-0.0009608864784240723,0.0009608864784240723,-3.339811325073242,3.339811325073242,False,510,2027
shuffle,21,0.6971796154975891,-0.0004546642303466797,0.0004546642303466797,-2.6297855377197266,2.6297855377197266,False,510,2027
shuffle,22,0.9327254891395569,-0.0009573101997375488,0.0009573101997375488,-3.3362207412719727,3.3362207412719727,False,510,2027
shuffle,23,0.9853235483169556,-0.0014429688453674316,0.0014429688453674316,-3.7350215911865234,3.7350215911865234,False,510,2027
shuffle,24,0.42093008756637573,-0.0001308917999267578,0.0001308917999267578,-1.5480499267578125,1.5480499267578125,False,510,2027
shuffle,25,0.9189180731773376,-7.212162017822266e-05,7.212162017822266e-05,-1.1120529174804688,1.1120529174804688,False,510,2027
shuffle,26,0.9831244945526123,-0.02857387065887451,0.02857387065887451,-6.725438117980957,6.725438117980957,False,510,2027
shuffle,27,0.9149881601333618,-0.003495454788208008,0.003495454788208008,-4.607746124267578,4.607746124267578,False,510,2027
shuffle,28,0.98442143201828,-0.009809255599975586,0.009809255599975586,-5.63950252532959,5.63950252532959,False,510,2027
shuffle,29,0.8143468499183655,-7.259845733642578e-05,7.259845733642578e-05,-1.1158924102783203,1.1158924102783203,False,510,2027
uniform,0,0.7791128158569336,-0.09746372699737549,0.09746372699737549,-4.438913345336914,4.438913345336914,False,513,2027
shuffle,0,0.9128201603889465,-0.01703810691833496,0.01703810691833496,-2.6693437099456787,2.6693437099456787,False,513,2027
shuffle,1,0.9004510045051575,-0.3985411524772644,0.3985411524772644,-6.243876904249191,6.243876904249191,False,513,2027
shuffle,2,0.940241813659668,-0.04543030261993408,0.04543030261993408,-3.6343588829040527,3.6343588829040527,False,513,2027
shuffle,3,0.8710260391235352,-0.14661788940429688,0.14661788940429688,-4.898949861526489,4.898949861526489,False,513,2027
shuffle,4,0.8660374879837036,-0.14217323064804077,0.14217323064804077,-4.863236308097839,4.863236308097839,False,513,2027
shuffle,5,0.9190675616264343,-0.29788053035736084,0.29788053035736084,-5.798795938491821,5.798795938491821,False,513,2027
shuffle,6,0.960810124874115,-0.16469496488571167,0.16469496488571167,-5.035698652267456,5.035698652267456,False,513,2027
shuffle,7,0.9663520455360413,-0.25870734453201294,0.25870734453201294,-5.604065895080566,5.604065895080566,False,513,2027
shuffle,8,0.9281941056251526,-0.26415175199508667,0.26415175199508667,-5.6321738958358765,5.6321738958358765,False,513,2027
shuffle,9,0.9479997754096985,-0.21861886978149414,0.21861886978149414,-5.3838523626327515,5.3838523626327515,False,513,2027
shuffle,10,0.9491562247276306,-0.03315770626068115,0.03315770626068115,-3.316850185394287,3.316850185394287,False,513,2027
shuffle,11,0.9143854975700378,-0.10041838884353638,0.10041838884353638,-4.471675872802734,4.471675872802734,False,513,2027
shuffle,12,0.9319211840629578,-0.37621641159057617,0.37621641159057617,-6.149900019168854,6.149900019168854,False,513,2027
shuffle,13,0.932793140411377,-0.13393545150756836,0.13393545150756836,-4.794530034065247,4.794530034065247,False,513,2027
shuffle,14,0.9356792569160461,-0.08403414487838745,0.08403414487838745,-4.277953624725342,4.277953624725342,False,513,2027
shuffle,15,0.9361699223518372,-0.1151350736618042,0.1151350736618042,-4.623330593109131,4.623330593109131,False,513,2027
shuffle,16,0.9221031069755554,-0.2527976632118225,0.2527976632118225,-5.573119759559631,5.573119759559631,False,513,2027
shuffle,17,0.9531686305999756,-0.127599835395813,0.127599835395813,-4.739246249198914,4.739246249198914,False,513,2027
shuffle,18,0.9479693174362183,-0.029413044452667236,0.029413044452667236,-3.197906494140625,3.197906494140625,False,513,2027
shuffle,19,0.8935046792030334,-0.09497326612472534,0.09497326612472534,-4.410611391067505,4.410611391067505,False,513,2027
shuffle,20,0.9130367636680603,-0.04173249006271362,0.04173249006271362,-3.5480353832244873,3.5480353832244873,False,513,2027
shuffle,21,0.9178122878074646,-0.028223812580108643,0.028223812580108643,-3.1571784019470215,3.1571784019470215,False,513,2027
shuffle,22,0.8854802250862122,-0.18343472480773926,0.18343472480773926,-5.165392637252808,5.165392637252808,False,513,2027
shuffle,23,0.9118689298629761,-0.08255237340927124,0.08255237340927124,-4.258816719055176,4.258816719055176,False,513,2027
shuffle,24,0.9387539029121399,-0.3788908123970032,0.3788908123970032,-6.161264926195145,6.161264926195145,False,513,2027
shuffle,25,0.940556526184082,-0.22251129150390625,0.22251129150390625,-5.406399369239807,5.406399369239807,False,513,2027
shuffle,26,0.9040594100952148,-0.15206819772720337,0.15206819772720337,-4.941552400588989,4.941552400588989,False,513,2027
shuffle,27,0.9892528653144836,-0.3378782272338867,0.3378782272338867,-5.983043372631073,5.983043372631073,False,513,2027
shuffle,28,0.9682849645614624,-0.421146035194397,0.421146035194397,-6.337264239788055,6.337264239788055,False,513,2027
shuffle,29,0.964560866355896,-0.39551806449890137,0.39551806449890137,-6.2312630116939545,6.2312630116939545,False,513,2027
uniform,0,0.7206999659538269,0.008081614971160889,0.008081614971160889,0.10797595977783203,0.10797595977783203,False,518,2027
shuffle,0,0.879028856754303,-0.007667899131774902,0.007667899131774902,-0.09421634674072266,0.09421634674072266,False,518,2027
shuffle,1,0.8760694265365601,-0.0029646754264831543,0.0029646754264831543,-0.037296295166015625,0.037296295166015625,False,518,2027
shuffle,2,0.13051168620586395,-0.005903720855712891,0.005903720855712891,-0.07317471504211426,0.07317471504211426,False,518,2027
shuffle,3,0.9074047207832336,-0.12531471252441406,0.12531471252441406,-1.0491971969604492,1.0491971969604492,False,518,2027
shuffle,4,0.8856836557388306,0.0729488730430603,0.0729488730430603,1.9890437126159668,1.9890437126159668,False,518,2027
shuffle,5,0.8795185089111328,-0.0301477313041687,0.0301477313041687,-0.3352687358856201,0.3352687358856201,False,518,2027
shuffle,6,0.8859604597091675,0.05384421348571777,0.05384421348571777,1.0489306449890137,1.0489306449890137,False,518,2027
shuffle,7,0.8918880820274353,-0.09122848510742188,0.09122848510742188,-0.8306289911270142,0.8306289911270142,False,518,2027
shuffle,8,0.10782752186059952,-0.017926454544067383,0.017926454544067383,-0.20995092391967773,0.20995092391967773,False,518,2027
shuffle,9,0.09346596151590347,-0.012789547443389893,0.012789547443389893,-0.15334177017211914,0.15334177017211914,False,518,2027
shuffle,10,0.9065688848495483,-0.07943236827850342,0.07943236827850342,-0.7473599910736084,0.7473599910736084,False,518,2027
shuffle,11,0.8867963552474976,-0.0937146544456482,0.0937146544456482,-0.8476158380508423,0.8476158380508423,False,518,2027
shuffle,12,0.9520435333251953,-0.12267410755157471,0.12267410755157471,-1.033257246017456,1.033257246017456,False,518,2027
shuffle,13,0.9151593446731567,-0.1255664825439453,0.1255664825439453,-1.0507093667984009,1.0507093667984009,False,518,2027
shuffle,14,0.0954086184501648,-0.009486913681030273,0.009486913681030273,-0.1155405044555664,0.1155405044555664,False,518,2027
shuffle,15,0.8783601522445679,-0.12097901105880737,0.12097901105880737,-1.0229462385177612,1.0229462385177612,False,518,2027
shuffle,16,0.09133850038051605,-0.015637695789337158,0.015637695789337158,-0.1850442886352539,0.1850442886352539,False,518,2027
shuffle,17,0.9104183316230774,-0.03716409206390381,0.03716409206390381,-0.4020887613296509,0.4020887613296509,False,518,2027
shuffle,18,0.9462202787399292,-0.02504795789718628,0.02504795789718628,-0.2844562530517578,0.2844562530517578,False,518,2027
shuffle,19,0.8642488121986389,-0.044505178928375244,0.044505178928375244,-0.46857404708862305,0.46857404708862305,False,518,2027
shuffle,20,0.88484787940979,0.07498890161514282,0.07498890161514282,2.1670374870300293,2.1670374870300293,False,518,2027
shuffle,21,0.9366885423660278,0.022121548652648926,0.022121548652648926,0.3229103088378906,0.3229103088378906,False,518,2027
shuffle,22,0.8857993483543396,0.0540582537651062,0.0540582537651062,1.0559155941009521,1.0559155941009521,False,518,2027
shuffle,23,0.8968487977981567,-0.028907299041748047,0.028907299041748047,-0.3230917453765869,0.3230917453765869,False,518,2027
shuffle,24,0.8866307735443115,-0.026274561882019043,0.026274561882019043,-0.2968616485595703,0.2968616485595703,False,518,2027
shuffle,25,0.8751180768013,-0.12834429740905762,0.12834429740905762,-1.0673060417175293,1.0673060417175293,False,518,2027
shuffle,26,0.9209782481193542,0.07395285367965698,0.07395285367965698,2.072777271270752,2.072777271270752,False,518,2027
shuffle,27,0.9366885423660278,0.05382382869720459,0.05382382869720459,1.0482673645019531,1.0482673645019531,False,518,2027
shuffle,28,0.09387394785881042,-0.017537832260131836,0.017537832260131836,-0.20575642585754395,0.20575642585754395,False,518,2027
shuffle,29,0.8846957683563232,0.05268138647079468,0.05268138647079468,1.011758804321289,1.011758804321289,False,518,2027
uniform,0,0.8922176957130432,0.15558242797851562,0.15558242797851562,0.6889930665493011,0.6889930665493011,False,528,2027
shuffle,0,0.9869821667671204,-0.23254016041755676,0.23254016041755676,-0.9571181833744049,0.9571181833744049,True,528,2027
shuffle,1,0.9844171404838562,0.18870973587036133,0.18870973587036133,0.8615967929363251,0.8615967929363251,False,528,2027
shuffle,2,0.9980277419090271,-0.02819538116455078,0.02819538116455078,-0.11416067183017731,0.11416067183017731,False,528,2027
shuffle,3,0.9865315556526184,0.3501273989677429,0.3501273989677429,2.1473452746868134,2.1473452746868134,False,528,2027
shuffle,4,0.9852684140205383,-0.027011573314666748,0.027011573314666748,-0.10939376056194305,0.10939376056194305,False,528,2027
shuffle,5,0.9976212978363037,0.2467496395111084,0.2467496395111084,1.2085451781749725,1.2085451781749725,False,528,2027
shuffle,6,0.984947681427002,0.16694355010986328,0.16694355010986328,0.746598094701767,0.746598094701767,False,528,2027
shuffle,7,0.9842991232872009,0.32314205169677734,0.32314205169677734,1.8313760459423065,1.8313760459423065,False,528,2027
shuffle,8,0.9850972294807434,0.1257198452949524,0.1257198452949524,0.544136255979538,0.544136255979538,False,528,2027
shuffle,9,0.9977720975875854,0.35144978761672974,0.35144978761672974,2.165152281522751,2.165152281522751,False,528,2027
shuffle,10,0.9976028203964233,0.11994552612304688,0.11994552612304688,0.5170798599720001,0.5170798599720001,False,528,2027
shuffle,11,0.9724932312965393,-0.23670482635498047,0.23670482635498047,-0.9758464395999908,0.9758464395999908,True,528,2027
shuffle,12,0.997700035572052,0.1230236291885376,0.1230236291885376,0.5314679443836212,0.5314679443836212,False,528,2027
shuffle,13,0.9977269768714905,0.3536548614501953,0.3536548614501953,2.195449560880661,2.195449560880661,False,528,2027
shuffle,14,0.998384952545166,0.2456878423690796,0.2456878423690796,1.201513022184372,1.201513022184372,False,528,2027
shuffle,15,0.9845843315124512,0.12184703350067139,0.12184703350067139,0.5259589850902557,0.5259589850902557,False,528,2027
shuffle,16,0.9735383987426758,-0.23925447463989258,0.23925447463989258,-0.9873703420162201,0.9873703420162201,True,528,2027
shuffle,17,0.9874348640441895,0.18674439191818237,0.18674439191818237,0.8509379327297211,0.8509379327297211,False,528,2027
shuffle,18,0.9981045722961426,-0.31397485733032227,0.31397485733032227,-1.350453644990921,1.350453644990921,True,528,2027
shuffle,19,0.9988861680030823,0.35355985164642334,0.35355985164642334,2.1941287219524384,2.1941287219524384,False,528,2027
shuffle,20,0.955166757106781,0.2817615866661072,0.2817615866661072,1.4606104791164398,1.4606104791164398,False,528,2027
shuffle,21,0.9696749448776245,0.28103286027908325,0.28103286027908325,1.4549009501934052,1.4549009501934052,False,528,2027
shuffle,22,0.9756689071655273,-0.2380053997039795,0.2380053997039795,-0.9817191660404205,0.9817191660404205,True,528,2027
shuffle,23,0.9846032857894897,-0.11777374148368835,0.11777374148368835,-0.473467618227005,0.473467618227005,True,528,2027
shuffle,24,0.9878033399581909,-0.24334076046943665,0.24334076046943665,-1.005935162305832,1.005935162305832,True,528,2027
shuffle,25,0.9977721571922302,0.12347716093063354,0.12347716093063354,0.5335947573184967,0.5335947573184967,False,528,2027
shuffle,26,0.9851508140563965,0.16094714403152466,0.16094714403152466,0.7160041630268097,0.7160041630268097,False,528,2027
shuffle,27,0.9978806376457214,0.34478437900543213,0.34478437900543213,2.077977865934372,2.077977865934372,False,528,2027
shuffle,28,0.9982362985610962,0.11336404085159302,0.11336404085159302,0.4865737855434418,0.4865737855434418,False,528,2027
shuffle,29,0.997998833656311,-0.04343998432159424,0.04343998432159424,-0.17540450394153595,0.17540450394153595,False,528,2027
uniform,0,0.751838743686676,0.23018205165863037,0.23018205165863037,1.928849995136261,1.928849995136261,False,532,2027
shuffle,0,0.9448556900024414,0.22410470247268677,0.22410470247268677,1.817099392414093,1.817099392414093,False,532,2027
shuffle,1,0.9367740154266357,0.23068416118621826,0.23068416118621826,1.9385977387428284,1.9385977387428284,False,532,2027
shuffle,2,0.9738826155662537,0.22788196802139282,0.22788196802139282,1.88524729013443,1.88524729013443,False,532,2027
shuffle,3,0.9690020084381104,0.27654361724853516,0.27654361724853516,3.854788601398468,3.854788601398468,False,532,2027
shuffle,4,0.9218567609786987,0.23776739835739136,0.23776739835739136,2.0860381722450256,2.0860381722450256,False,532,2027
shuffle,5,0.9343403577804565,0.22656065225601196,0.22656065225601196,1.860938847064972,1.860938847064972,False,532,2027
shuffle,6,0.986075758934021,0.27118027210235596,0.27118027210235596,3.354074776172638,3.354074776172638,False,532,2027
shuffle,7,0.8660684823989868,0.1645330786705017,0.1645330786705017,1.068626344203949,1.068626344203949,False,532,2027
shuffle,8,0.6366274356842041,0.03471595048904419,0.03471595048904419,0.1773419976234436,0.1773419976234436,False,532,2027
shuffle,9,0.9809860587120056,0.2693708539009094,0.2693708539009094,3.2284448742866516,3.2284448742866516,False,532,2027
shuffle,10,0.6021440625190735,-0.26758190989494324,0.26758190989494324,-1.130978599190712,1.130978599190712,True,532,2027
shuffle,11,0.9861578345298767,0.1608768105506897,0.1608768105506897,1.0345399975776672,1.0345399975776672,False,532,2027
shuffle,12,0.9230656027793884,0.23323488235473633,0.23323488235473633,1.9894734025001526,1.9894734025001526,False,532,2027
shuffle,13,0.6457056999206543,-0.005046069622039795,0.005046069622039795,-0.024637699127197266,0.024637699127197266,False,532,2027
shuffle,14,0.7569764852523804,0.2650758624076843,0.2650758624076843,2.9800413250923157,2.9800413250923157,False,532,2027
shuffle,15,0.9733105897903442,0.22064244747161865,0.22064244747161865,1.7580283284187317,1.7580283284187317,False,532,2027
shuffle,16,0.9503206014633179,0.233201265335083,0.233201265335083,1.98878675699234,1.98878675699234,False,532,2027
shuffle,17,0.9615400433540344,0.24608194828033447,0.24608194828033447,2.2887566685676575,2.2887566685676575,False,532,2027
shuffle,18,0.7439443469047546,0.2252926230430603,0.2252926230430603,1.838093101978302,1.838093101978302,False,532,2027
shuffle,19,0.9214293956756592,0.15066134929656982,0.15066134929656982,0.9436655640602112,0.9436655640602112,False,532,2027
shuffle,20,0.9211392402648926,0.14626795053482056,0.14626795053482056,0.9063770174980164,0.9063770174980164,False,532,2027
shuffle,21,0.8978844881057739,0.19501012563705444,0.19501012563705444,1.3946171402931213,1.3946171402931213,False,532,2027
shuffle,22,0.7414727807044983,0.2584541440010071,0.2584541440010071,2.68520051240921,2.68520051240921,False,532,2027
shuffle,23,0.9410176873207092,0.2558453679084778,0.2558453679084778,2.5884740948677063,2.5884740948677063,False,532,2027
shuffle,24,0.9361770153045654,0.21252280473709106,0.21252280473709106,1.630341351032257,1.630341351032257,False,532,2027
shuffle,25,0.938283383846283,0.2610570788383484,0.2610570788383484,2.791436493396759,2.791436493396759,False,532,2027
shuffle,26,0.9315026998519897,0.1987190842628479,0.1987190842628479,1.440815508365631,1.440815508365631,False,532,2027
shuffle,27,0.9746503829956055,0.2599453926086426,0.2599453926086426,2.744746506214142,2.744746506214142,False,532,2027
shuffle,28,0.913323700428009,0.10299414396286011,0.10299414396286011,0.5831840634346008,0.5831840634346008,False,532,2027
shuffle,29,0.9677202701568604,0.26662546396255493,0.26662546396255493,3.0629671216011047,3.0629671216011047,False,532,2027
uniform,0,0.8200449347496033,-0.004322946071624756,0.004322946071624756,-2.4513401985168457,2.4513401985168457,False,533,2027
shuffle,0,0.9751871228218079,-0.003882110118865967,0.003882110118865967,-2.353102207183838,2.353102207183838,False,533,2027
shuffle,1,0.5924138426780701,-0.008181214332580566,0.008181214332580566,-3.051453113555908,3.051453113555908,False,533,2027
shuffle,2,0.9511417746543884,-0.03849625587463379,0.03849625587463379,-4.592957973480225,4.592957973480225,False,533,2027
shuffle,3,0.9857813119888306,-0.006763577461242676,0.006763577461242676,-2.8696646690368652,2.8696646690368652,False,533,2027
shuffle,4,0.8115261197090149,-0.0004437565803527832,0.0004437565803527832,-0.7342891693115234,0.7342891693115234,False,533,2027
shuffle,5,0.9574176669120789,-0.00474315881729126,0.00474315881729126,-2.536825656890869,2.536825656890869,False,533,2027
shuffle,6,0.8452019095420837,-0.0002576112747192383,0.0002576112747192383,-0.4879722595214844,0.4879722595214844,False,533,2027
shuffle,7,0.8482815027236938,-0.0038303136825561523,0.0038303136825561523,-2.3409085273742676,2.3409085273742676,False,533,2027
shuffle,8,0.9498587250709534,-0.04736685752868652,0.04736685752868652,-4.807620525360107,4.807620525360107,False,533,2027
shuffle,9,0.9764842987060547,-0.06345528364181519,0.06345528364181519,-5.114896297454834,5.114896297454834,False,533,2027
shuffle,10,0.9796320796012878,-0.0033993124961853027,0.0033993124961853027,-2.233273983001709,2.233273983001709,False,533,2027
shuffle,11,0.9762367010116577,-0.0004172325134277344,0.0004172325134277344,-0.7027678489685059,0.7027678489685059,False,533,2027
shuffle,12,0.5755316019058228,-0.00020700693130493164,0.00020700693130493164,-0.4090089797973633,0.4090089797973633,False,533,2027
shuffle,13,0.9409222602844238,-0.00740814208984375,0.00740814208984375,-2.9563651084899902,2.9563651084899902,False,533,2027
shuffle,14,0.9904388785362244,-0.0014575719833374023,0.0014575719833374023,-1.5184054374694824,1.5184054374694824,False,533,2027
shuffle,15,0.8358712196350098,-0.0062555670738220215,0.0062555670738220215,-2.795703411102295,2.795703411102295,False,533,2027
shuffle,16,0.9547709226608276,-0.00326383113861084,0.00326383113861084,-2.196934223175049,2.196934223175049,False,533,2027
shuffle,17,0.9638049602508545,-0.00468134880065918,0.00468134880065918,-2.5246825218200684,2.5246825218200684,False,533,2027
shuffle,18,0.5718185305595398,-0.000889122486114502,0.000889122486114502,-1.1547183990478516,1.1547183990478516,False,533,2027
shuffle,19,0.9686709046363831,-0.00970083475112915,0.00970083475112915,-3.2158517837524414,3.2158517837524414,False,533,2027
shuffle,20,0.5784673094749451,-0.0032222867012023926,0.0032222867012023926,-2.1855053901672363,2.1855053901672363,False,533,2027
shuffle,21,0.971706748008728,-0.00830155611038208,0.00830155611038208,-3.065474033355713,3.065474033355713,False,533,2027
shuffle,22,0.9686441421508789,-0.009760379791259766,0.009760379791259766,-3.221785545349121,3.221785545349121,False,533,2027
shuffle,23,0.9737329483032227,-0.005813896656036377,0.005813896656036377,-2.7267069816589355,2.7267069816589355,False,533,2027
shuffle,24,0.8283684849739075,-0.0036468505859375,0.0036468505859375,-2.296494960784912,2.296494960784912,False,533,2027
shuffle,25,0.9657168984413147,-0.005376338958740234,0.005376338958740234,-2.653347969055176,2.653347969055176,False,533,2027
shuffle,26,0.977180540561676,-0.009386122226715088,0.009386122226715088,-3.183913230895996,3.183913230895996,False,533,2027
shuffle,27,0.8540298342704773,-0.0005909204483032227,0.0005909204483032227,-0.8935942649841309,0.8935942649841309,False,533,2027
shuffle,28,0.9872920513153076,-0.02653372287750244,0.02653372287750244,-4.213181495666504,4.213181495666504,False,533,2027
shuffle,29,0.8315009474754333,-0.0009184479713439941,0.0009184479713439941,-1.1771092414855957,1.1771092414855957,False,533,2027
uniform,0,0.8004828691482544,-0.00227963924407959,0.00227963924407959,-1.0037689208984375,1.0037689208984375,False,537,2027
shuffle,0,0.9828583002090454,-0.0007404685020446777,0.0007404685020446777,-0.44510841369628906,0.44510841369628906,False,537,2027
shuffle,1,0.9097784161567688,0.0005806684494018555,0.0005806684494018555,0.5780515670776367,0.5780515670776367,False,537,2027
shuffle,2,0.9800810813903809,-0.0032161474227905273,0.0032161474227905273,-1.2357406616210938,1.2357406616210938,False,537,2027
shuffle,3,0.6447868347167969,-0.0014848709106445312,0.0014848709106445312,-0.7537860870361328,0.7537860870361328,False,537,2027
shuffle,4,0.9787871241569519,-0.01210695505142212,0.01210695505142212,-2.329373359680176,2.329373359680176,False,537,2027
shuffle,5,0.9680808782577515,-0.00040346384048461914,0.00040346384048461914,-0.2664928436279297,0.2664928436279297,False,537,2027
shuffle,6,0.9688143730163574,-0.0014944672584533691,0.0014944672584533691,-0.7572321891784668,0.7572321891784668,False,537,2027
shuffle,7,0.9196063280105591,-0.0010231733322143555,0.0010231733322143555,-0.573725700378418,0.573725700378418,False,537,2027
shuffle,8,0.836577832698822,-0.014327287673950195,0.014327287673950195,-2.484625816345215,2.484625816345215,False,537,2027
shuffle,9,0.910313606262207,0.0006971359252929688,0.0006971359252929688,0.7486176490783691,0.7486176490783691,False,537,2027
shuffle,10,0.6342023611068726,-0.008812546730041504,0.008812546730041504,-2.044611930847168,2.044611930847168,False,537,2027
shuffle,11,0.959225058555603,-0.0018221139907836914,0.0018221139907836914,-0.8675346374511719,0.8675346374511719,False,537,2027
shuffle,12,0.8408044576644897,-0.013286054134368896,0.013286054134368896,-2.414722442626953,2.414722442626953,False,537,2027
shuffle,13,0.9790001511573792,-0.0005456209182739258,0.0005456209182739258,-0.3457484245300293,0.3457484245300293,False,537,2027
shuffle,14,0.5529845952987671,-0.001986205577850342,0.001986205577850342,-0.918510913848877,0.918510913848877,False,537,2027
shuffle,15,0.49692872166633606,-0.0019111037254333496,0.0019111037254333496,-0.8954906463623047,0.8954906463623047,False,537,2027
shuffle,16,0.9824119806289673,0.00044143199920654297,0.00044143199920654297,0.4060859680175781,0.4060859680175781,False,537,2027
shuffle,17,0.9829789400100708,-0.00031197071075439453,0.00031197071075439453,-0.21194839477539062,0.21194839477539062,False,537,2027
shuffle,18,0.6908738613128662,-0.0026369690895080566,0.0026369690895080566,-1.0986862182617188,1.0986862182617188,False,537,2027
shuffle,19,0.6948643326759338,-0.028750300407409668,0.028750300407409668,-3.152514934539795,3.152514934539795,False,537,2027
shuffle,20,0.8212853670120239,-0.003441452980041504,0.003441452980041504,-1.284414291381836,1.284414291381836,False,537,2027
shuffle,21,0.8252112865447998,-0.003449738025665283,0.003449738025665283,-1.2861475944519043,1.2861475944519043,False,537,2027
shuffle,22,0.8288281559944153,0.0003644227981567383,0.0003644227981567383,0.3223762512207031,0.3223762512207031,False,537,2027
shuffle,23,0.8300104141235352,-0.004772663116455078,0.004772663116455078,-1.5321049690246582,1.5321049690246582,False,537,2027
shuffle,24,0.6591373085975647,-0.0032320618629455566,0.0032320618629455566,-1.2392616271972656,1.2392616271972656,False,537,2027
shuffle,25,0.977658212184906,-0.001347362995147705,0.001347362995147705,-0.7034621238708496,0.7034621238708496,False,537,2027
shuffle,26,0.9532952308654785,-0.0009257793426513672,0.0009257793426513672,-0.5312185287475586,0.5312185287475586,False,537,2027
shuffle,27,0.49380120635032654,-0.00039774179458618164,0.00039774179458618164,-0.26318836212158203,0.26318836212158203,False,537,2027
shuffle,28,0.4809306859970093,-0.002294480800628662,0.002294480800628662,-1.0078964233398438,1.0078964233398438,False,537,2027
shuffle,29,0.9211927652359009,-0.020496785640716553,0.020496785640716553,-2.8232269287109375,2.8232269287109375,False,537,2027
uniform,0,0.6463261842727661,-0.13150417804718018,0.13150417804718018,-0.6023949980735779,0.6023949980735779,False,540,2027
shuffle,0,0.976978600025177,-0.04315650463104248,0.04315650463104248,-0.21245968341827393,0.21245968341827393,False,540,2027
shuffle,1,0.7771333456039429,-0.1426330804824829,0.1426330804824829,-0.6487800776958466,0.6487800776958466,False,540,2027
shuffle,2,0.32308852672576904,-0.13612735271453857,0.13612735271453857,-0.6217169165611267,0.6217169165611267,False,540,2027
shuffle,3,0.9891796112060547,-0.17488110065460205,0.17488110065460205,-0.7810951471328735,0.7810951471328735,False,540,2027
shuffle,4,0.4992711544036865,-0.0772472620010376,0.0772472620010376,-0.36851590871810913,0.36851590871810913,False,540,2027
shuffle,5,0.5042189359664917,-0.053530097007751465,0.053530097007751465,-0.26087892055511475,0.26087892055511475,False,540,2027
shuffle,6,0.48819857835769653,-0.13149738311767578,0.13149738311767578,-0.60236656665802,0.60236656665802,False,540,2027
shuffle,7,0.6732050776481628,0.032621145248413086,0.032621145248413086,0.17592716217041016,0.17592716217041016,False,540,2027
shuffle,8,0.5032845735549927,-0.12731683254241943,0.12731683254241943,-0.5848261713981628,0.5848261713981628,False,540,2027
shuffle,9,0.8037759065628052,-0.1736088991165161,0.1736088991165161,-0.7759240865707397,0.7759240865707397,False,540,2027
shuffle,10,0.4935903549194336,-0.06825864315032959,0.06825864315032959,-0.32818734645843506,0.32818734645843506,False,540,2027
shuffle,11,0.6614012122154236,-0.026086807250976562,0.026086807250976562,-0.13072478771209717,0.13072478771209717,False,540,2027
shuffle,12,0.7912408113479614,-0.30138856172561646,0.30138856172561646,-1.2898519039154053,1.2898519039154053,True,540,2027
shuffle,13,0.48589494824409485,-0.10580438375473022,0.10580438375473022,-0.49342095851898193,0.49342095851898193,False,540,2027
shuffle,14,0.6587004065513611,-0.13859570026397705,0.13859570026397705,-0.632002055644989,0.632002055644989,False,540,2027
shuffle,15,0.7912408113479614,-0.06147044897079468,0.06147044897079468,-0.29736387729644775,0.29736387729644775,False,540,2027
shuffle,16,0.6857401132583618,-0.09513145685195923,0.09513145685195923,-0.447265625,0.447265625,False,540,2027
shuffle,17,0.9796794056892395,-0.2660975754261017,0.2660975754261017,-1.147402510046959,1.147402510046959,True,540,2027
shuffle,18,0.9789481163024902,-0.24633747339248657,0.24633747339248657,-1.068239614367485,1.068239614367485,True,540,2027
shuffle,19,0.8034418225288391,-0.08621305227279663,0.08621305227279663,-0.4082294702529907,0.4082294702529907,False,540,2027
shuffle,20,0.9773757457733154,-0.31215304136276245,0.31215304136276245,-1.3337571024894714,1.3337571024894714,True,540,2027
shuffle,21,0.6726678609848022,-0.19571328163146973,0.19571328163146973,-0.865351215004921,0.865351215004921,False,540,2027
shuffle,22,0.6873125433921814,-0.07601630687713623,0.07601630687713623,-0.36302411556243896,0.36302411556243896,False,540,2027
shuffle,23,0.6712355017662048,-0.05128777027130127,0.05128777027130127,-0.25048714876174927,0.25048714876174927,False,540,2027
shuffle,24,0.9773757457733154,-0.0557895302772522,0.0557895302772522,-0.27130967378616333,0.27130967378616333,False,540,2027
shuffle,25,0.4878014624118805,-0.017500698566436768,0.017500698566436768,-0.08853411674499512,0.08853411674499512,False,540,2027
shuffle,26,0.6703642010688782,0.04317307472229004,0.04317307472229004,0.23650312423706055,0.23650312423706055,False,540,2027
shuffle,27,0.6062343716621399,-0.21300888061523438,0.21300888061523438,-0.9348438233137131,0.9348438233137131,False,540,2027
shuffle,28,0.7889372110366821,-0.19453144073486328,0.19453144073486328,-0.8605896532535553,0.8605896532535553,False,540,2027
shuffle,29,0.9628711342811584,-0.2849172055721283,0.2849172055721283,-1.223130226135254,1.223130226135254,True,540,2027
uniform,0,0.7063935399055481,-0.020617425441741943,0.020617425441741943,-1.2111170291900635,1.2111170291900635,False,551,2027
shuffle,0,0.9268721342086792,-0.009945273399353027,0.009945273399353027,-0.7536325454711914,0.7536325454711914,False,551,2027
shuffle,1,0.6191568970680237,-0.0019769668579101562,0.0019769668579101562,-0.2003011703491211,0.2003011703491211,False,551,2027
shuffle,2,0.8686869144439697,-0.0015112757682800293,0.0015112757682800293,-0.1565408706665039,0.1565408706665039,False,551,2027
shuffle,3,0.9013361930847168,-0.013295352458953857,0.013295352458953857,-0.9197683334350586,0.9197683334350586,False,551,2027
shuffle,4,0.5976977348327637,-0.014015674591064453,0.014015674591064453,-0.9522790908813477,0.9522790908813477,False,551,2027
shuffle,5,0.893680989742279,-0.0163649320602417,0.0163649320602417,-1.0518293380737305,1.0518293380737305,False,551,2027
shuffle,6,0.8824771642684937,-0.016453266143798828,0.016453266143798828,-1.0553936958312988,1.0553936958312988,False,551,2027
shuffle,7,0.8209095597267151,-0.05982840061187744,0.05982840061187744,-2.095358371734619,2.095358371734619,False,551,2027
shuffle,8,0.9485575556755066,-0.009940803050994873,0.009940803050994873,-0.7533895969390869,0.7533895969390869,False,551,2027
shuffle,9,0.9102576971054077,-0.005511343479156494,0.005511343479156494,-0.48271846771240234,0.48271846771240234,False,551,2027
shuffle,10,0.8618109822273254,-0.00847691297531128,0.00847691297531128,-0.6715235710144043,0.6715235710144043,False,551,2027
shuffle,11,0.9631549715995789,-0.008165419101715088,0.008165419101715088,-0.6532378196716309,0.6532378196716309,False,551,2027
shuffle,12,0.83271723985672,-0.05826711654663086,0.05826711654663086,-2.070742607116699,2.070742607116699,False,551,2027
shuffle,13,0.7633446455001831,-0.001993417739868164,0.001993417739868164,-0.20181655883789062,0.20181655883789062,False,551,2027
shuffle,14,0.6013821959495544,-0.0034836530685424805,0.0034836530685424805,-0.3302955627441406,0.3302955627441406,False,551,2027
shuffle,15,0.3967215418815613,-0.00761723518371582,0.00761723518371582,-0.6202454566955566,0.6202454566955566,False,551,2027
shuffle,16,0.8140923380851746,-0.008907437324523926,0.008907437324523926,-0.6962800025939941,0.6962800025939941,False,551,2027
shuffle,17,0.6495255827903748,-0.015008509159088135,0.015008509159088135,-0.9955096244812012,0.9955096244812012,False,551,2027
shuffle,18,0.8614107370376587,-0.03176850080490112,0.03176850080490112,-1.5420985221862793,1.5420985221862793,False,551,2027
shuffle,19,0.8768856525421143,-0.019478201866149902,0.019478201866149902,-1.1707415580749512,1.1707415580749512,False,551,2027
shuffle,20,0.8889443278312683,-0.02679377794265747,0.02679377794265747,-1.4068357944488525,1.4068357944488525,False,551,2027
shuffle,21,0.8473603129386902,-0.045388102531433105,0.045388102531433105,-1.844550371170044,1.844550371170044,False,551,2027
shuffle,22,0.9527186751365662,-0.16625523567199707,0.16625523567199707,-3.1512365341186523,3.1512365341186523,False,551,2027
shuffle,23,0.5206243991851807,-0.011755049228668213,0.011755049228668213,-0.846649169921875,0.846649169921875,False,551,2027
shuffle,24,0.8851457834243774,-0.03870975971221924,0.03870975971221924,-1.7065377235412598,1.7065377235412598,False,551,2027
shuffle,25,0.7784546613693237,-0.01643204689025879,0.01643204689025879,-1.0545365810394287,1.0545365810394287,False,551,2027
shuffle,26,0.8855056166648865,-0.01781904697418213,0.01781904697418213,-1.109037160873413,1.109037160873413,False,551,2027
shuffle,27,0.6425503492355347,0.0017426013946533203,0.0017426013946533203,0.21659469604492188,0.21659469604492188,False,551,2027
shuffle,28,0.9121949672698975,0.0024576783180236816,0.0024576783180236816,0.32082700729370117,0.32082700729370117,False,551,2027
shuffle,29,0.9449018836021423,-0.028255462646484375,0.028255462646484375,-1.4483609199523926,1.4483609199523926,False,551,2027
uniform,0,0.8561021089553833,-0.10437917709350586,0.10437917709350586,-0.41914452612400055,0.41914452612400055,True,561,2027
shuffle,0,0.9891128540039062,0.03395724296569824,0.03395724296569824,0.13917799293994904,0.13917799293994904,False,561,2027
shuffle,1,0.9931462407112122,0.09468567371368408,0.09468567371368408,0.39850203692913055,0.39850203692913055,False,561,2027
shuffle,2,0.9868048429489136,-0.12290075421333313,0.12290075421333313,-0.49410586059093475,0.49410586059093475,True,561,2027
shuffle,3,0.9868687987327576,0.012412488460540771,0.012412488460540771,0.0505361407995224,0.0505361407995224,False,561,2027
shuffle,4,0.982026219367981,-0.10948172211647034,0.10948172211647034,-0.43973709642887115,0.43973709642887115,True,561,2027
shuffle,5,0.9304503202438354,-0.21381688117980957,0.21381688117980957,-0.8770572692155838,0.8770572692155838,True,561,2027
shuffle,6,0.9770070910453796,-0.011464059352874756,0.011464059352874756,-0.04640313982963562,0.04640313982963562,False,561,2027
shuffle,7,0.978064239025116,-0.10913732647895813,0.10913732647895813,-0.43834593892097473,0.43834593892097473,True,561,2027
shuffle,8,0.9829354882240295,0.0722779631614685,0.0722779631614685,0.3008156269788742,0.3008156269788742,False,561,2027
shuffle,9,0.9332454800605774,0.04246056079864502,0.04246056079864502,0.17455421388149261,0.17455421388149261,False,561,2027
shuffle,10,0.38462117314338684,-0.13508498668670654,0.13508498668670654,-0.5437941700220108,0.5437941700220108,True,561,2027
shuffle,11,0.9936538338661194,-0.11890479922294617,0.11890479922294617,-0.477880522608757,0.477880522608757,True,561,2027
shuffle,12,0.9939992427825928,0.213229238986969,0.213229238986969,0.9853109568357468,0.9853109568357468,False,561,2027
shuffle,13,0.9275543093681335,-0.23333114385604858,0.23333114385604858,-0.9645007401704788,0.9645007401704788,True,561,2027
shuffle,14,0.9864650964736938,-0.23783835768699646,0.23783835768699646,-0.9850692301988602,0.9850692301988602,True,561,2027
shuffle,15,0.974971354007721,-0.11479321122169495,0.11479321122169495,-0.46121762692928314,0.46121762692928314,True,561,2027
shuffle,16,0.919723629951477,-0.24103137850761414,0.24103137850761414,-0.9997317343950272,0.9997317343950272,True,561,2027
shuffle,17,0.9445266723632812,-0.45903781056404114,0.45903781056404114,-2.428429678082466,2.428429678082466,True,561,2027
shuffle,18,0.9885719418525696,-0.26212260127067566,0.26212260127067566,-1.0986598283052444,1.0986598283052444,True,561,2027
shuffle,19,0.6987818479537964,-0.4465516209602356,0.4465516209602356,-2.2977357655763626,2.2977357655763626,True,561,2027
shuffle,20,0.9790376424789429,0.20507770776748657,0.20507770776748657,0.9394115656614304,0.9394115656614304,False,561,2027
shuffle,21,0.961369514465332,0.07152074575424194,0.07152074575424194,0.2975606173276901,0.2975606173276901,False,561,2027
shuffle,22,0.9248600006103516,0.07740181684494019,0.07740181684494019,0.3229161947965622,0.3229161947965622,False,561,2027
shuffle,23,0.9779561161994934,-0.29477912187576294,0.29477912187576294,-1.260275438427925,1.260275438427925,True,561,2027
shuffle,24,0.9678888320922852,-0.18812954425811768,0.18812954425811768,-0.7653850466012955,0.7653850466012955,True,561,2027
shuffle,25,0.9719123840332031,-0.41337330639362335,0.41337330639362335,-2.0028584748506546,2.0028584748506546,True,561,2027
shuffle,26,0.9269761443138123,-0.1017693281173706,0.1017693281173706,-0.4086266905069351,0.4086266905069351,True,561,2027
shuffle,27,0.975647509098053,-0.24590599536895752,0.24590599536895752,-1.0222681313753128,1.0222681313753128,True,561,2027
shuffle,28,0.9285526275634766,0.05376964807510376,0.05376964807510376,0.22200776636600494,0.22200776636600494,False,561,2027
shuffle,29,0.9927606582641602,-0.18436411023139954,0.18436411023139954,-0.7492959052324295,0.7492959052324295,True,561,2027
uniform,0,0.6855942010879517,-0.01996833086013794,0.01996833086013794,-1.364555835723877,1.364555835723877,False,567,2027
shuffle,0,0.9095269441604614,-0.08794653415679932,0.08794653415679932,-2.6944923400878906,2.6944923400878906,False,567,2027
shuffle,1,0.7636448740959167,0.0009806156158447266,0.0009806156158447266,0.1509227752685547,0.1509227752685547,False,567,2027
shuffle,2,0.8822910189628601,-0.11776697635650635,0.11776697635650635,-3.0010236501693726,3.0010236501693726,False,567,2027
shuffle,3,0.267141729593277,-0.0011801719665527344,0.0011801719665527344,-0.15611886978149414,0.15611886978149414,False,567,2027
shuffle,4,0.8436864614486694,-0.02000749111175537,0.02000749111175537,-1.3660407066345215,1.3660407066345215,False,567,2027
shuffle,5,0.7455817461013794,-0.011888563632965088,0.011888563632965088,-1.0008573532104492,1.0008573532104492,False,567,2027
shuffle,6,0.9091854691505432,-0.011717915534973145,0.011717915534973145,-0.9916248321533203,0.9916248321533203,False,567,2027
shuffle,7,0.9252008199691772,-0.012999117374420166,0.012999117374420166,-1.0589933395385742,1.0589933395385742,False,567,2027
shuffle,8,0.878809928894043,-0.11443114280700684,0.11443114280700684,-2.970128297805786,2.970128297805786,False,567,2027
shuffle,9,0.7348486185073853,-0.007393956184387207,0.007393956184387207,-0.7252464294433594,0.7252464294433594,False,567,2027
shuffle,10,0.9175165295600891,-0.026553452014923096,0.026553452014923096,-1.5895075798034668,1.5895075798034668,False,567,2027
shuffle,11,0.9039071202278137,0.00027191638946533203,0.00027191638946533203,0.03963947296142578,0.03963947296142578,False,567,2027
shuffle,12,0.9051808714866638,-0.07009917497634888,0.07009917497634888,-2.4668469429016113,2.4668469429016113,False,567,2027
shuffle,13,0.8934335112571716,-0.08751022815704346,0.08751022815704346,-2.689405918121338,2.689405918121338,False,567,2027
shuffle,14,0.7513226270675659,-0.07109183073043823,0.07109183073043823,-2.480708599090576,2.480708599090576,False,567,2027
shuffle,15,0.9005587100982666,-0.10429537296295166,0.10429537296295166,-2.8715291023254395,2.8715291023254395,False,567,2027
shuffle,16,0.8825086951255798,-0.0010680556297302246,0.0010680556297302246,-0.14228343963623047,0.14228343963623047,False,567,2027
shuffle,17,0.8511735200881958,-0.0013608336448669434,0.0013608336448669434,-0.17802715301513672,0.17802715301513672,False,567,2027
shuffle,18,0.8827425837516785,-0.009369432926177979,0.009369432926177979,-0.855501651763916,0.855501651763916,False,567,2027
shuffle,19,0.8751783967018127,-0.15400421619415283,0.15400421619415283,-3.298215389251709,3.298215389251709,False,567,2027
shuffle,20,0.8478851914405823,-0.0007156133651733398,0.0007156133651733398,-0.09749412536621094,0.09749412536621094,False,567,2027
shuffle,21,0.8746001124382019,-0.052044570446014404,0.052044570446014404,-2.1808409690856934,2.1808409690856934,False,567,2027
shuffle,22,0.8811613321304321,0.0011233687400817871,0.0011233687400817871,0.17488622665405273,0.17488622665405273,False,567,2027
shuffle,23,0.8999438285827637,-0.0008133649826049805,0.0008133649826049805,-0.1101217269897461,0.1101217269897461,False,567,2027
shuffle,24,0.8452593684196472,-0.036796629428863525,0.036796629428863525,-1.8662829399108887,1.8662829399108887,False,567,2027
shuffle,25,0.8707460165023804,-0.05838191509246826,0.05838191509246826,-2.2894818782806396,2.2894818782806396,False,567,2027
shuffle,26,0.7193301916122437,-0.004511475563049316,0.004511475563049316,-0.4996023178100586,0.4996023178100586,False,567,2027
shuffle,27,0.9077962636947632,-0.03297358751296997,0.03297358751296997,-1.7710466384887695,1.7710466384887695,False,567,2027
shuffle,28,0.8743420243263245,-0.015446841716766357,0.015446841716766357,-1.1767210960388184,1.1767210960388184,False,567,2027
shuffle,29,0.8950866460800171,-0.013741552829742432,0.013741552829742432,-1.0961236953735352,1.0961236953735352,False,567,2027
uniform,0,0.7392388582229614,0.001567542552947998,0.001567542552947998,0.03860068321228027,0.03860068321228027,False,569,2027
shuffle,0,0.9548202157020569,0.0030179619789123535,0.0030179619789123535,0.07557797431945801,0.07557797431945801,False,569,2027
shuffle,1,0.9406275153160095,0.009966611862182617,0.009966611862182617,0.2726783752441406,0.2726783752441406,False,569,2027
shuffle,2,0.9374927878379822,0.021832585334777832,0.021832585334777832,0.7266340255737305,0.7266340255737305,False,569,2027
shuffle,3,0.936185359954834,-0.0205308198928833,0.0205308198928833,-0.4105491638183594,0.4105491638183594,False,569,2027
shuffle,4,0.8827580213546753,0.021550357341766357,0.021550357341766357,0.7132179737091064,0.7132179737091064,False,569,2027
shuffle,5,0.4176696538925171,-0.014055788516998291,0.014055788516998291,-0.2965090274810791,0.2965090274810791,False,569,2027
shuffle,6,0.9052783250808716,0.014590203762054443,0.014590203762054443,0.4272730350494385,0.4272730350494385,False,569,2027
shuffle,7,0.9558635950088501,0.001035451889038086,0.001035451889038086,0.025345325469970703,0.025345325469970703,False,569,2027
shuffle,8,0.8820705413818359,0.004508912563323975,0.004508912563323975,0.11494302749633789,0.11494302749633789,False,569,2027
shuffle,9,0.5867903828620911,0.024494588375091553,0.024494588375091553,0.8624296188354492,0.8624296188354492,False,569,2027
shuffle,10,0.6492244601249695,-0.03154575824737549,0.03154575824737549,-0.5818161964416504,0.5818161964416504,False,569,2027
shuffle,11,0.8972434401512146,0.006631255149841309,0.006631255149841309,0.1735701560974121,0.1735701560974121,False,569,2027
shuffle,12,0.9217150211334229,-0.018343806266784668,0.018343806266784668,-0.3732943534851074,0.3732943534851074,False,569,2027
shuffle,13,0.8914062976837158,0.01605743169784546,0.01605743169784546,0.48143768310546875,0.48143768310546875,False,569,2027
shuffle,14,0.8845042586326599,-0.04366213083267212,0.04366213083267212,-0.7452352046966553,0.7452352046966553,False,569,2027
shuffle,15,0.9343504905700684,0.012552857398986816,0.012552857398986816,0.3563730716705322,0.3563730716705322,False,569,2027
shuffle,16,0.6342765092849731,0.02536320686340332,0.02536320686340332,0.9108724594116211,0.9108724594116211,False,569,2027
shuffle,17,0.929315984249115,0.00027441978454589844,0.00027441978454589844,0.0066602230072021484,0.0066602230072021484,False,569,2027
shuffle,18,0.9447540044784546,0.021225035190582275,0.021225035190582275,0.6979694366455078,0.6979694366455078,False,569,2027
shuffle,19,0.9272669553756714,0.019982635974884033,0.019982635974884033,0.6416935920715332,0.6416935920715332,False,569,2027
shuffle,20,0.9353002905845642,0.019563913345336914,0.019563913345336914,0.623384952545166,0.623384952545166,False,569,2027
shuffle,21,0.9350292682647705,-0.00031125545501708984,0.00031125545501708984,-0.007505893707275391,0.007505893707275391,False,569,2027
shuffle,22,0.9258772134780884,0.020038485527038574,0.020038485527038574,0.6441555023193359,0.6441555023193359,False,569,2027
shuffle,23,0.9088919162750244,-0.007675230503082275,0.007675230503082275,-0.17160296440124512,0.17160296440124512,False,569,2027
shuffle,24,0.9493218064308167,-0.009355306625366211,0.009355306625366211,-0.20586633682250977,0.20586633682250977,False,569,2027
shuffle,25,0.9288846850395203,-0.018487930297851562,0.018487930297851562,-0.37578725814819336,0.37578725814819336,False,569,2027
shuffle,26,0.9247839450836182,-0.018914461135864258,0.018914461135864258,-0.3831329345703125,0.3831329345703125,False,569,2027
shuffle,27,0.9296227693557739,0.008601784706115723,0.008601784706115723,0.23101258277893066,0.23101258277893066,False,569,2027
shuffle,28,0.9052783250808716,0.00014960765838623047,0.00014960765838623047,0.0036258697509765625,0.0036258697509765625,False,569,2027
shuffle,29,0.9363985061645508,-0.010054945945739746,0.010054945945739746,-0.21983098983764648,0.21983098983764648,False,569,2027
uniform,0,0.3958893418312073,0.12345314025878906,0.12345314025878906,0.5076438561081886,0.5076438561081886,False,578,2027
shuffle,0,0.2965678572654724,-0.2316891849040985,0.2316891849040985,-0.9910210594534874,0.9910210594534874,True,578,2027
shuffle,1,0.49521082639694214,0.027531683444976807,0.027531683444976807,0.11044604331254959,0.11044604331254959,False,578,2027
shuffle,2,0.49521082639694214,0.027531683444976807,0.027531683444976807,0.11044604331254959,0.11044604331254959,False,578,2027
shuffle,3,0.2965678572654724,-0.2316891849040985,0.2316891849040985,-0.9910210594534874,0.9910210594534874,True,578,2027
shuffle,4,0.7917786836624146,0.1411336064338684,0.1411336064338684,0.5847934260964394,0.5847934260964394,False,578,2027
shuffle,5,0.49521082639694214,0.027531683444976807,0.027531683444976807,0.11044604331254959,0.11044604331254959,False,578,2027
shuffle,6,0.4219341278076172,0.16125112771987915,0.16125112771987915,0.6748653426766396,0.6748653426766396,False,578,2027
shuffle,7,0.49521082639694214,0.36736273765563965,0.36736273765563965,1.937881089746952,1.937881089746952,False,578,2027
shuffle,8,0.12536627054214478,0.1489429473876953,0.1489429473876953,0.6194460764527321,0.6194460764527321,False,578,2027
shuffle,9,0.36984455585479736,-0.2466258704662323,0.2466258704662323,-1.0663379654288292,1.0663379654288292,True,578,2027
shuffle,10,0.07327669858932495,0.04217654466629028,0.04217654466629028,0.16954676061868668,0.16954676061868668,False,578,2027
shuffle,11,0.49521082639694214,0.2209673523902893,0.2209673523902893,0.9616149440407753,0.9616149440407753,False,578,2027
shuffle,12,0.49521082639694214,-0.20575708150863647,0.20575708150863647,-0.8658200725913048,0.8658200725913048,True,578,2027
shuffle,13,0.4219341278076172,0.24603593349456787,0.24603593349456787,1.0937934890389442,1.0937934890389442,False,578,2027
shuffle,14,0.19864296913146973,0.18584835529327393,0.18584835529327393,0.7889927998185158,0.7889927998185158,False,578,2027
shuffle,15,0.07327669858932495,0.04217654466629028,0.04217654466629028,0.16954676061868668,0.16954676061868668,False,578,2027
shuffle,16,0.0,0.0,0.0,0.0,0.0,False,578,2027
shuffle,17,0.49521082639694214,-0.20575708150863647,0.20575708150863647,-0.8658200725913048,0.8658200725913048,True,578,2027
shuffle,18,0.07327669858932495,0.04217654466629028,0.04217654466629028,0.16954676061868668,0.16954676061868668,False,578,2027
shuffle,19,0.4219341278076172,0.16125112771987915,0.16125112771987915,0.6748653426766396,0.6748653426766396,False,578,2027
shuffle,20,0.36984455585479736,-0.2466258704662323,0.2466258704662323,-1.0663379654288292,1.0663379654288292,True,578,2027
shuffle,21,0.07327669858932495,0.04217654466629028,0.04217654466629028,0.16954676061868668,0.16954676061868668,False,578,2027
shuffle,22,0.4219341278076172,0.24603593349456787,0.24603593349456787,1.0937934890389442,1.0937934890389442,False,578,2027
shuffle,23,0.49521082639694214,0.36736273765563965,0.36736273765563965,1.937881089746952,1.937881089746952,False,578,2027
shuffle,24,0.4219341278076172,0.16125112771987915,0.16125112771987915,0.6748653426766396,0.6748653426766396,False,578,2027
shuffle,25,0.0,0.0,0.0,0.0,0.0,False,578,2027
shuffle,26,0.49521082639694214,0.36736273765563965,0.36736273765563965,1.937881089746952,1.937881089746952,False,578,2027
shuffle,27,0.49521082639694214,0.38038724660873413,0.38038724660873413,2.066738225519657,2.066738225519657,False,578,2027
shuffle,28,0.49521082639694214,0.08748859167098999,0.08748859167098999,0.3553099110722542,0.3553099110722542,False,578,2027
shuffle,29,0.36984455585479736,-0.033803462982177734,0.033803462982177734,-0.13527899235486984,0.13527899235486984,True,578,2027
uniform,0,0.5657020807266235,-0.02587515115737915,0.02587515115737915,-0.22726821899414062,0.22726821899414062,False,583,2027
shuffle,0,0.8502328395843506,-0.10524749755859375,0.10524749755859375,-0.7626820802688599,0.7626820802688599,False,583,2027
shuffle,1,0.7068488597869873,-0.17090678215026855,0.17090678215026855,-1.10835862159729,1.10835862159729,False,583,2027
shuffle,2,0.7068488597869873,-0.16367554664611816,0.16367554664611816,-1.0729313492774963,1.0729313492774963,False,583,2027
shuffle,3,0.7065384387969971,-0.12124192714691162,0.12124192714691162,-0.8525422811508179,0.8525422811508179,False,583,2027
shuffle,4,0.7459337711334229,-0.05504053831100464,0.05504053831100464,-0.4459242820739746,0.4459242820739746,False,583,2027
shuffle,5,0.8499224781990051,-0.08201825618743896,0.08201825618743896,-0.6235921382904053,0.6235921382904053,False,583,2027
shuffle,6,0.6025497913360596,-0.11774510145187378,0.11774510145187378,-0.8332610130310059,0.8332610130310059,False,583,2027
shuffle,7,0.7098977565765381,-0.1715935468673706,0.1715935468673706,-1.1116955876350403,1.1116955876350403,False,583,2027
shuffle,8,0.7065384387969971,-0.09956401586532593,0.09956401586532593,-0.7296596765518188,0.7296596765518188,False,583,2027
shuffle,9,0.21576645970344543,0.03528034687042236,0.03528034687042236,0.3926081657409668,0.3926081657409668,False,583,2027
shuffle,10,0.7068488597869873,0.022784829139709473,0.022784829139709473,0.23901963233947754,0.23901963233947754,False,583,2027
shuffle,11,0.8862688541412354,0.01043403148651123,0.01043403148651123,0.10392403602600098,0.10392403602600098,False,583,2027
shuffle,12,0.7459338307380676,-0.10800027847290039,0.10800027847290039,-0.7784619331359863,0.7784619331359863,False,583,2027
shuffle,13,0.8832199573516846,0.0343899130821228,0.0343899130821228,0.3809957504272461,0.3809957504272461,False,583,2027
shuffle,14,0.811147928237915,-0.0002257227897644043,0.0002257227897644043,-0.0021588802337646484,0.0021588802337646484,False,583,2027
shuffle,15,0.8862688541412354,0.010675430297851562,0.010675430297851562,0.1064307689666748,0.1064307689666748,False,583,2027
shuffle,16,0.8862688541412354,0.004815101623535156,0.004815101623535156,0.046923160552978516,0.046923160552978516,False,583,2027
shuffle,17,0.6705024242401123,-0.0017111897468566895,0.0017111897468566895,-0.01627826690673828,0.01627826690673828,False,583,2027
shuffle,18,0.5665137767791748,-0.12074792385101318,0.12074792385101318,-0.849829912185669,0.849829912185669,False,583,2027
shuffle,19,0.17973044514656067,0.009946227073669434,0.009946227073669434,0.09887313842773438,0.09887313842773438,False,583,2027
shuffle,20,0.6708128452301025,-0.11783033609390259,0.11783033609390259,-0.833733320236206,0.833733320236206,False,583,2027
shuffle,21,0.8502328991889954,-0.11489737033843994,0.11489737033843994,-0.8174127340316772,0.8174127340316772,False,583,2027
shuffle,22,0.18277937173843384,0.008182823657989502,0.008182823657989502,0.08078193664550781,0.08078193664550781,False,583,2027
shuffle,23,0.811147928237915,-0.0002257227897644043,0.0002257227897644043,-0.0021588802337646484,0.0021588802337646484,False,583,2027
shuffle,24,0.6677639484405518,0.021189987659454346,0.021189987659454346,0.2207324504852295,0.2207324504852295,False,583,2027
shuffle,25,0.7428848743438721,-0.11830008029937744,0.11830008029937744,-0.8363337516784668,0.8363337516784668,False,583,2027
shuffle,26,0.8893177509307861,-0.09982031583786011,0.09982031583786011,-0.7311620712280273,0.7311620712280273,False,583,2027
shuffle,27,0.6705024242401123,-0.1622633934020996,0.1622633934020996,-1.0659491419792175,1.0659491419792175,False,583,2027
shuffle,28,0.03939535468816757,0.0011101365089416504,0.0011101365089416504,0.010669708251953125,0.010669708251953125,False,583,2027
shuffle,29,0.17973044514656067,-0.0039550065994262695,0.0039550065994262695,-0.0373227596282959,0.0373227596282959,False,583,2027
uniform,0,0.6847589612007141,-0.15625113248825073,0.15625113248825073,-0.6748365759849548,0.6748365759849548,False,587,2027
shuffle,0,0.8969426155090332,-0.19767963886260986,0.19767963886260986,-0.8411329984664917,0.8411329984664917,False,587,2027
shuffle,1,0.7403886914253235,-0.029500961303710938,0.029500961303710938,-0.13781315088272095,0.13781315088272095,False,587,2027
shuffle,2,0.9083545207977295,0.057652831077575684,0.057652831077575684,0.29534125328063965,0.29534125328063965,False,587,2027
shuffle,3,0.9016505479812622,-0.28701117634773254,0.28701117634773254,-1.2015631794929504,1.2015631794929504,True,587,2027
shuffle,4,0.7117985486984253,-0.2500476837158203,0.2500476837158203,-1.051130250096321,1.051130250096321,True,587,2027
shuffle,5,0.9467649459838867,-0.30732807517051697,0.30732807517051697,-1.2857681214809418,1.2857681214809418,True,587,2027
shuffle,6,0.716127336025238,-0.16283166408538818,0.16283166408538818,-0.7013689875602722,0.7013689875602722,False,587,2027
shuffle,7,0.8013249039649963,-0.13310354948043823,0.13310354948043823,-0.5809065401554108,0.5809065401554108,False,587,2027
shuffle,8,0.6182222366333008,-0.21790829300880432,0.21790829300880432,-0.9220633059740067,0.9220633059740067,True,587,2027
shuffle,9,0.7428038120269775,-0.21321991086006165,0.21321991086006165,-0.9032996222376823,0.9032996222376823,True,587,2027
shuffle,10,0.8549436926841736,-0.2053849995136261,0.2053849995136261,-0.8719560503959656,0.8719560503959656,True,587,2027
shuffle,11,0.3470541834831238,0.04650700092315674,0.04650700092315674,0.23489749431610107,0.23489749431610107,False,587,2027
shuffle,12,0.7776951789855957,-0.2141975462436676,0.2141975462436676,-0.9072116836905479,0.9072116836905479,True,587,2027
shuffle,13,0.9329797029495239,-0.27099886536598206,0.27099886536598206,-1.136033147573471,1.136033147573471,True,587,2027
shuffle,14,0.7367839813232422,-0.12907373905181885,0.12907373905181885,-0.5644369721412659,0.5644369721412659,False,587,2027
shuffle,15,0.7409530282020569,0.06967544555664062,0.06967544555664062,0.3627603054046631,0.3627603054046631,False,587,2027
shuffle,16,0.8387172818183899,-0.2098744511604309,0.2098744511604309,-0.8899147659540176,0.8899147659540176,True,587,2027
shuffle,17,0.7474304437637329,-0.27965906262397766,0.27965906262397766,-1.1713946163654327,1.1713946163654327,True,587,2027
shuffle,18,0.7804434895515442,-0.0021173954010009766,0.0021173954010009766,-0.010140180587768555,0.010140180587768555,False,587,2027
shuffle,19,0.7989274263381958,-0.1207273006439209,0.1207273006439209,-0.5301934778690338,0.5301934778690338,False,587,2027
shuffle,20,0.9109772443771362,-0.20816010236740112,0.20816010236740112,-0.8830566555261612,0.8830566555261612,True,587,2027
shuffle,21,0.19426879286766052,0.025327444076538086,0.025327444076538086,0.1247931718826294,0.1247931718826294,False,587,2027
shuffle,22,0.6839446425437927,-0.20264333486557007,0.20264333486557007,-0.8609892055392265,0.8609892055392265,False,587,2027
shuffle,23,0.9069511890411377,-0.2969849109649658,0.2969849109649658,-1.2427350878715515,1.2427350878715515,True,587,2027
shuffle,24,0.7657726407051086,0.03810817003250122,0.03810817003250122,0.19053423404693604,0.19053423404693604,False,587,2027
shuffle,25,0.7608891725540161,-0.28084203600883484,0.28084203600883484,-1.1762391924858093,1.1762391924858093,True,587,2027
shuffle,26,0.7809030413627625,-0.1244552731513977,0.1244552731513977,-0.5455115437507629,0.5455115437507629,False,587,2027
shuffle,27,0.9142682552337646,-0.1730547547340393,0.1730547547340393,-0.7424766421318054,0.7424766421318054,False,587,2027
shuffle,28,0.8569763898849487,0.10628867149353027,0.10628867149353027,0.5854619741439819,0.5854619741439819,False,587,2027
shuffle,29,0.6491315364837646,-0.3203713595867157,0.3203713595867157,-1.3405912816524506,1.3405912816524506,True,587,2027
uniform,0,0.7604475617408752,-0.05285823345184326,0.05285823345184326,-0.5055495500564575,0.5055495500564575,False,595,2027
shuffle,0,0.8995725512504578,0.04664427042007446,0.04664427042007446,0.7337665557861328,0.7337665557861328,False,595,2027
shuffle,1,0.8603135347366333,-0.20175355672836304,0.20175355672836304,-1.3967813849449158,1.3967813849449158,False,595,2027
shuffle,2,0.9743499755859375,0.02086585760116577,0.02086585760116577,0.2731788158416748,0.2731788158416748,False,595,2027
shuffle,3,0.9247472286224365,-0.48345333337783813,0.48345333337783813,-2.5765730142593384,2.5765730142593384,True,595,2027
shuffle,4,0.9768732786178589,-0.1482142210006714,0.1482142210006714,-1.1239317655563354,1.1239317655563354,False,595,2027
shuffle,5,0.7579111456871033,-0.16096460819244385,0.16096460819244385,-1.192167043685913,1.192167043685913,False,595,2027
shuffle,6,0.7601113319396973,-0.25452542304992676,0.25452542304992676,-1.6387779116630554,1.6387779116630554,False,595,2027
shuffle,7,0.8824654817581177,-0.20081090927124023,0.20081090927124023,-1.392253041267395,1.392253041267395,False,595,2027
shuffle,8,0.8711954355239868,-0.06803345680236816,0.06803345680236816,-0.6217107772827148,0.6217107772827148,False,595,2027
shuffle,9,0.8028513789176941,-0.15365487337112427,0.15365487337112427,-1.1533353328704834,1.1533353328704834,False,595,2027
shuffle,10,0.906462550163269,-0.37140554189682007,0.37140554189682007,-2.1256302893161774,2.1256302893161774,False,595,2027
shuffle,11,0.8932523727416992,-0.12568897008895874,0.12568897008895874,-0.9971058368682861,0.9971058368682861,False,595,2027
shuffle,12,0.677666962146759,0.0480380654335022,0.0480380654335022,0.7649788856506348,0.7649788856506348,False,595,2027
shuffle,13,0.9403347969055176,0.07755684852600098,0.07755684852600098,1.8157482147216797,1.8157482147216797,False,595,2027
shuffle,14,0.978610634803772,-0.01444321870803833,0.01444321870803833,-0.15872812271118164,0.15872812271118164,False,595,2027
shuffle,15,0.8996477723121643,0.026305198669433594,0.026305198669433594,0.35610342025756836,0.35610342025756836,False,595,2027
shuffle,16,0.8482922911643982,-0.26481080055236816,0.26481080055236816,-1.6837645173072815,1.6837645173072815,False,595,2027
shuffle,17,0.8656213283538818,-0.3878982663154602,0.3878982663154602,-2.191788248717785,2.191788248717785,False,595,2027
shuffle,18,0.8413354158401489,-0.13434559106826782,0.13434559106826782,-1.0468779802322388,1.0468779802322388,False,595,2027
shuffle,19,0.9463602900505066,0.019080519676208496,0.019080519676208496,0.24719595909118652,0.24719595909118652,False,595,2027
shuffle,20,0.8549274206161499,0.037133872509002686,0.037133872509002686,0.5414104461669922,0.5414104461669922,False,595,2027
shuffle,21,0.9567328691482544,-0.2981327772140503,0.2981327772140503,-1.8259080946445465,1.8259080946445465,False,595,2027
shuffle,22,0.9609084725379944,0.07654416561126709,0.07654416561126709,1.7556381225585938,1.7556381225585938,False,595,2027
shuffle,23,0.8779698014259338,0.053659677505493164,0.053659677505493164,0.9007241725921631,0.9007241725921631,False,595,2027
shuffle,24,0.9246310591697693,-0.3002856969833374,0.3002856969833374,-1.8349299430847168,1.8349299430847168,False,595,2027
shuffle,25,0.8565666675567627,-0.1856960654258728,0.1856960654258728,-1.318445086479187,1.318445086479187,False,595,2027
shuffle,26,0.8808398842811584,-0.3331751823425293,0.3331751823425293,-1.9708570539951324,1.9708570539951324,False,595,2027
shuffle,27,0.6272878050804138,0.034886062145233154,0.034886062145233154,0.5003881454467773,0.5003881454467773,False,595,2027
shuffle,28,0.8778228163719177,0.004880130290985107,0.004880130290985107,0.05857086181640625,0.05857086181640625,False,595,2027
shuffle,29,0.8397154211997986,0.06446713209152222,0.06446713209152222,1.2220020294189453,1.2220020294189453,False,595,2027
uniform,0,0.46309512853622437,-0.2427448034286499,0.2427448034286499,-1.042501986026764,1.042501986026764,True,606,2027
shuffle,0,0.6366606950759888,-0.3641350567340851,0.3641350567340851,-1.7852030396461487,1.7852030396461487,True,606,2027
shuffle,1,0.26776596903800964,0.10970109701156616,0.10970109701156616,0.44971615076065063,0.44971615076065063,False,606,2027
shuffle,2,0.7068305015563965,-0.41855277866125107,0.41855277866125107,-2.2921586632728577,2.2921586632728577,True,606,2027
shuffle,3,0.45692920684814453,-0.3852591961622238,0.3852591961622238,-1.9598914980888367,1.9598914980888367,True,606,2027
shuffle,4,0.6331130266189575,-0.2472516894340515,0.2472516894340515,-1.0653311610221863,1.0653311610221863,True,606,2027
shuffle,5,0.7068305611610413,-0.3550282120704651,0.3550282120704651,-1.7160616517066956,1.7160616517066956,True,606,2027
shuffle,6,0.7068305015563965,-0.40173956751823425,0.40173956751823425,-2.1137357354164124,2.1137357354164124,True,606,2027
shuffle,7,0.5789050459861755,-0.3579849302768707,0.3579849302768707,-1.7381518483161926,1.7381518483161926,True,606,2027
shuffle,8,0.6441888809204102,-0.3584293723106384,0.3584293723106384,-1.7415013909339905,1.7415013909339905,True,606,2027
shuffle,9,0.5737789869308472,-0.39233947545289993,0.39233947545289993,-2.023809492588043,2.023809492588043,True,606,2027
shuffle,10,0.6441888213157654,-0.3070710301399231,0.3070710301399231,-1.39603191614151,1.39603191614151,True,606,2027
shuffle,11,0.5574927926063538,-0.15486401319503784,0.15486401319503784,-0.6345586180686951,0.6345586180686951,True,606,2027
shuffle,12,0.23858556151390076,0.09025472402572632,0.09025472402572632,0.36751842498779297,0.36751842498779297,False,606,2027
shuffle,13,0.5574928522109985,-0.34966181218624115,0.34966181218624115,-1.6767931580543518,1.6767931580543518,True,606,2027
shuffle,14,0.6733692288398743,-0.2833687961101532,0.2833687961101532,-1.2580164074897766,1.2580164074897766,True,606,2027
shuffle,15,0.7233567237854004,-0.26878850162029266,0.26878850162029266,-1.1779747605323792,1.1779747605323792,True,606,2027
shuffle,16,0.5292418003082275,-0.2326626181602478,0.2326626181602478,-0.9922662973403931,0.9922662973403931,True,606,2027
shuffle,17,0.3200712203979492,0.10542619228363037,0.10542619228363037,0.4315102696418762,0.4315102696418762,False,606,2027
shuffle,18,0.6150084137916565,-0.15131875872612,0.15131875872612,-0.6192193031311035,0.6192193031311035,True,606,2027
shuffle,19,0.673369288444519,-0.3064216077327728,0.3064216077327728,-1.3921030163764954,1.3921030163764954,True,606,2027
shuffle,20,0.7480600476264954,-0.2870909422636032,0.2870909422636032,-1.279004156589508,1.279004156589508,True,606,2027
shuffle,21,0.6957547664642334,-0.11038237810134888,0.11038237810134888,-0.4461774230003357,0.4461774230003357,True,606,2027
shuffle,22,0.5737789869308472,-0.17674612998962402,0.17674612998962402,-0.7307807207107544,0.7307807207107544,True,606,2027
shuffle,23,0.852860689163208,-0.1225067675113678,0.1225067675113678,-0.49673017859458923,0.49673017859458923,True,606,2027
shuffle,24,0.5146848559379578,-0.36421526968479156,0.36421526968479156,-1.7858269810676575,1.7858269810676575,True,606,2027
shuffle,25,0.2788417637348175,0.10533678531646729,0.10533678531646729,0.43113040924072266,0.43113040924072266,False,606,2027
shuffle,26,0.5737789273262024,-0.33992455899715424,0.33992455899715424,-1.6080588698387146,1.6080588698387146,True,606,2027
shuffle,27,0.7661646604537964,-0.1793491244316101,0.1793491244316101,-0.7424198985099792,0.7424198985099792,True,606,2027
shuffle,28,0.6941763162612915,-0.31273145973682404,0.31273145973682404,-1.430665671825409,1.430665671825409,True,606,2027
shuffle,29,0.46469736099243164,-0.2722216248512268,0.2722216248512268,-1.1965249180793762,1.1965249180793762,True,606,2027
uniform,0,0.6378107070922852,-0.008896350860595703,0.008896350860595703,-1.8937249183654785,1.8937249183654785,False,610,2027
shuffle,0,0.8859499096870422,-0.030411481857299805,0.030411481857299805,-3.031226634979248,3.031226634979248,False,610,2027
shuffle,1,0.7000946402549744,-0.0054076313972473145,0.0054076313972473145,-1.4858431816101074,1.4858431816101074,False,610,2027
shuffle,2,0.9141821265220642,-0.015046775341033936,0.015046775341033936,-2.361393928527832,2.361393928527832,False,610,2027
shuffle,3,0.36103135347366333,-0.0009249448776245117,0.0009249448776245117,-0.45876550674438477,0.45876550674438477,False,610,2027
shuffle,4,0.9357168674468994,-0.01007300615310669,0.01007300615310669,-2.001227855682373,2.001227855682373,False,610,2027
shuffle,5,0.7983067035675049,-0.003192126750946045,0.003192126750946045,-1.1031155586242676,1.1031155586242676,False,610,2027
shuffle,6,0.9151649475097656,-0.043418169021606445,0.043418169021606445,-3.385788679122925,3.385788679122925,False,610,2027
shuffle,7,0.7826988101005554,-0.037849247455596924,0.037849247455596924,-3.2479023933410645,3.2479023933410645,False,610,2027
shuffle,8,0.7899202108383179,-0.004958152770996094,0.004958152770996094,-1.419022560119629,1.419022560119629,False,610,2027
shuffle,9,0.910585343837738,-0.016661107540130615,0.016661107540130615,-2.4556312561035156,2.4556312561035156,False,610,2027
shuffle,10,0.9092819094657898,-0.006497383117675781,0.006497383117675781,-1.6316180229187012,1.6316180229187012,False,610,2027
shuffle,11,0.8675801157951355,-0.007969498634338379,0.007969498634338379,-1.8002748489379883,1.8002748489379883,False,610,2027
shuffle,12,0.9120641946792603,-0.026499152183532715,0.026499152183532715,-2.89680814743042,2.89680814743042,False,610,2027
shuffle,13,0.8231934905052185,-0.01790708303451538,0.01790708303451538,-2.5229296684265137,2.5229296684265137,False,610,2027
shuffle,14,0.6166270971298218,-0.0024691224098205566,0.0024691224098205566,-0.938591480255127,0.938591480255127,False,610,2027
shuffle,15,0.7669708132743835,-0.023776531219482422,0.023776531219482422,-2.7920656204223633,2.7920656204223633,False,610,2027
shuffle,16,0.9112406969070435,-0.015739083290100098,0.015739083290100098,-2.402862071990967,2.402862071990967,False,610,2027
shuffle,17,0.8757842779159546,-0.020149648189544678,0.020149648189544678,-2.634082794189453,2.634082794189453,False,610,2027
shuffle,18,0.8166273832321167,-0.015607953071594238,0.015607953071594238,-2.395138740539551,2.395138740539551,False,610,2027
shuffle,19,0.2422625720500946,-0.0012533068656921387,0.0012533068656921387,-0.5816521644592285,0.5816521644592285,False,610,2027
shuffle,20,0.5759379267692566,-0.003148794174194336,0.003148794174194336,-1.093982219696045,1.093982219696045,False,610,2027
shuffle,21,0.32819169759750366,-0.0006035566329956055,0.0006035566329956055,-0.32190799713134766,0.32190799713134766,False,610,2027
shuffle,22,0.7565845847129822,-0.01329505443572998,0.01329505443572998,-2.248378276824951,2.248378276824951,False,610,2027
shuffle,23,0.8778030276298523,-0.014834165573120117,0.014834165573120117,-2.3483200073242188,2.3483200073242188,False,610,2027
shuffle,24,0.9045403003692627,-0.028812110424041748,0.028812110424041748,-2.9783077239990234,2.9783077239990234,False,610,2027
shuffle,25,0.9209185242652893,-0.004727065563201904,0.004727065563201904,-1.3828816413879395,1.3828816413879395,False,610,2027
shuffle,26,0.9151650071144104,-0.02295982837677002,0.02295982837677002,-2.758509635925293,2.758509635925293,False,610,2027
shuffle,27,0.9173960089683533,-0.015290319919586182,0.015290319919586182,-2.3761744499206543,2.3761744499206543,False,610,2027
shuffle,28,0.7771937251091003,-0.01598149538040161,0.01598149538040161,-2.416996479034424,2.416996479034424,False,610,2027
shuffle,29,0.7165260314941406,-0.014020800590515137,0.014020800590515137,-2.2967090606689453,2.2967090606689453,False,610,2027
uniform,0,0.7170512676239014,-0.3157281279563904,0.3157281279563904,-1.4302749633789062,1.4302749633789062,True,622,2027
shuffle,0,0.35772061347961426,-0.1841617226600647,0.1841617226600647,-0.897211879491806,0.897211879491806,False,622,2027
shuffle,1,0.8224942684173584,-0.6238264441490173,0.6238264441490173,-2.9365813732147217,2.9365813732147217,True,622,2027
shuffle,2,0.8987990617752075,-0.026911258697509766,0.026911258697509766,-0.15581393241882324,0.15581393241882324,False,622,2027
shuffle,3,0.9771104454994202,-0.2526198625564575,0.2526198625564575,-1.177456259727478,1.177456259727478,False,622,2027
shuffle,4,0.8224836587905884,-0.08688181638717651,0.08688181638717651,-0.4641726016998291,0.4641726016998291,False,622,2027
shuffle,5,0.8932356834411621,-0.13876307010650635,0.13876307010650635,-0.7023329138755798,0.7023329138755798,False,622,2027
shuffle,6,0.8992722630500793,-0.5982584804296494,0.5982584804296494,-2.763199806213379,2.763199806213379,True,622,2027
shuffle,7,0.8794729709625244,-0.6296735554933548,0.6296735554933548,-2.979147791862488,2.979147791862488,True,622,2027
shuffle,8,0.7864159941673279,-0.16252970695495605,0.16252970695495605,-0.8055789470672607,0.8055789470672607,False,622,2027
shuffle,9,0.9430822134017944,-0.49746426939964294,0.49746426939964294,-2.209428548812866,2.209428548812866,True,622,2027
shuffle,10,0.9073665738105774,-0.018018364906311035,0.018018364906311035,-0.10579419136047363,0.10579419136047363,False,622,2027
shuffle,11,0.4144308865070343,-0.05888134241104126,0.05888134241104126,-0.32571351528167725,0.32571351528167725,False,622,2027
shuffle,12,0.7941245436668396,-0.04114896059036255,0.04114896059036255,-0.23325800895690918,0.23325800895690918,False,622,2027
shuffle,13,0.9359152317047119,-0.41436097025871277,0.41436097025871277,-1.835081398487091,1.835081398487091,True,622,2027
shuffle,14,0.8449410200119019,-0.6419278383255005,0.6419278383255005,-3.0725765228271484,3.0725765228271484,True,622,2027
shuffle,15,0.7294495105743408,-0.38941702246665955,0.38941702246665955,-1.7301318049430847,1.7301318049430847,True,622,2027
shuffle,16,0.8038954734802246,-0.405340313911438,0.405340313911438,-1.7968423962593079,1.7968423962593079,True,622,2027
shuffle,17,0.9661484956741333,-0.41663074493408203,0.41663074493408203,-1.8447588682174683,1.8447588682174683,True,622,2027
shuffle,18,0.9436303973197937,-0.5773203372955322,0.5773203372955322,-2.63386607170105,2.63386607170105,True,622,2027
shuffle,19,0.944107174873352,-0.5725262612104416,0.5725262612104416,-2.6055774688720703,2.6055774688720703,True,622,2027
shuffle,20,0.9120181798934937,-0.3869263231754303,0.3869263231754303,-1.719779133796692,1.719779133796692,True,622,2027
shuffle,21,0.7864802479743958,-0.16489923000335693,0.16489923000335693,-0.8157156705856323,0.8157156705856323,False,622,2027
shuffle,22,0.8168888688087463,-0.5653327852487564,0.5653327852487564,-2.5639556646347046,2.5639556646347046,True,622,2027
shuffle,23,0.8773849010467529,-0.06985509395599365,0.06985509395599365,-0.380983829498291,0.380983829498291,False,622,2027
shuffle,24,0.881573498249054,-0.14879900217056274,0.14879900217056274,-0.7462983131408691,0.7462983131408691,False,622,2027
shuffle,25,0.8606005311012268,-0.5619175136089325,0.5619175136089325,-2.5445239543914795,2.5445239543914795,True,622,2027
shuffle,26,0.7431204915046692,-0.33138129115104675,0.33138129115104675,-1.4931566566228867,1.4931566566228867,True,622,2027
shuffle,27,0.8167991042137146,-0.29639357328414917,0.29639357328414917,-1.3528581261634827,1.3528581261634827,True,622,2027
shuffle,28,0.9499056339263916,-0.12246102094650269,0.12246102094650269,-0.629618763923645,0.629618763923645,False,622,2027
shuffle,29,0.882283627986908,-0.26358723640441895,0.26358723640441895,-1.2215201705694199,1.2215201705694199,False,622,2027
uniform,0,0.6167012453079224,-0.004448235034942627,0.004448235034942627,-0.20904755592346191,0.20904755592346191,False,634,2027
shuffle,0,0.748724639415741,0.002895534038543701,0.002895534038543701,0.16277170181274414,0.16277170181274414,False,634,2027
shuffle,1,0.6680269837379456,-0.011819183826446533,0.011819183826446533,-0.4839482307434082,0.4839482307434082,False,634,2027
shuffle,2,0.76021409034729,0.002375781536102295,0.002375781536102295,0.13160943984985352,0.13160943984985352,False,634,2027
shuffle,3,0.5837735533714294,0.004769086837768555,0.004769086837768555,0.28360509872436523,0.28360509872436523,False,634,2027
shuffle,4,0.6859598159790039,-0.007412910461425781,0.007412910461425781,-0.3283250331878662,0.3283250331878662,False,634,2027
shuffle,5,0.7276635766029358,0.006572723388671875,0.006572723388671875,0.41507720947265625,0.41507720947265625,False,634,2027
shuffle,6,0.8453177213668823,-0.019381344318389893,0.019381344318389893,-0.7074296474456787,0.7074296474456787,False,634,2027
shuffle,7,0.7860004901885986,0.0004317164421081543,0.0004317164421081543,0.02270793914794922,0.02270793914794922,False,634,2027
shuffle,8,0.8440814018249512,0.003604412078857422,0.003604412078857422,0.20684576034545898,0.20684576034545898,False,634,2027
shuffle,9,0.720761775970459,0.0052779316902160645,0.0052779316902160645,0.3190317153930664,0.3190317153930664,False,634,2027
shuffle,10,0.822318434715271,-0.005463540554046631,0.005463540554046631,-0.251431941986084,0.251431941986084,False,634,2027
shuffle,11,0.8114674687385559,-0.014955461025238037,0.014955461025238037,-0.5823273658752441,0.5823273658752441,False,634,2027
shuffle,12,0.8541368842124939,0.0009909868240356445,0.0009909868240356445,0.052887916564941406,0.052887916564941406,False,634,2027
shuffle,13,0.8037325143814087,-0.030413329601287842,0.030413329601287842,-0.9681601524353027,0.9681601524353027,False,634,2027
shuffle,14,0.4564706087112427,-0.007550060749053955,0.007550060749053955,-0.3335294723510742,0.3335294723510742,False,634,2027
shuffle,15,0.8487845659255981,-0.008677661418914795,0.008677661418914795,-0.37537717819213867,0.37537717819213867,False,634,2027
shuffle,16,0.8086686134338379,-0.0278891921043396,0.0278891921043396,-0.9137234687805176,0.9137234687805176,False,634,2027
shuffle,17,0.8357759714126587,-0.01898592710494995,0.01898592710494995,-0.6968240737915039,0.6968240737915039,False,634,2027
shuffle,18,0.7855073809623718,-0.003143012523651123,0.003143012523651123,-0.15191316604614258,0.15191316604614258,False,634,2027
shuffle,19,0.7570505142211914,0.007570326328277588,0.007570326328277588,0.4957280158996582,0.4957280158996582,False,634,2027
shuffle,20,0.8907197117805481,-0.034773409366607666,0.034773409366607666,-1.056342601776123,1.056342601776123,False,634,2027
shuffle,21,0.7703091502189636,0.008775830268859863,0.008775830268859863,0.602515697479248,0.602515697479248,False,634,2027
shuffle,22,0.5591636300086975,-0.020312607288360596,0.020312607288360596,-0.7320051193237305,0.7320051193237305,False,634,2027
shuffle,23,0.7526839375495911,0.0025331974029541016,0.0025331974029541016,0.1409459114074707,0.1409459114074707,False,634,2027
shuffle,24,0.8416003584861755,-0.020336568355560303,0.020336568355560303,-0.7326302528381348,0.7326302528381348,False,634,2027
shuffle,25,0.8387417793273926,-0.02073383331298828,0.02073383331298828,-0.7429418563842773,0.7429418563842773,False,634,2027
shuffle,26,0.8575551509857178,0.0013594627380371094,0.0013594627380371094,0.07325506210327148,0.07325506210327148,False,634,2027
shuffle,27,0.716873049736023,0.0038439035415649414,0.0038439035415649414,0.2221660614013672,0.2221660614013672,False,634,2027
shuffle,28,0.8770614862442017,-0.007180273532867432,0.007180273532867432,-0.3194389343261719,0.3194389343261719,False,634,2027
shuffle,29,0.7843251824378967,0.0029401183128356934,0.0029401183128356934,0.16549253463745117,0.16549253463745117,False,634,2027
uniform,0,0.7260700464248657,-0.0013248920440673828,0.0013248920440673828,-0.029947280883789062,0.029947280883789062,False,637,2027
shuffle,0,0.9602552056312561,0.030953049659729004,0.030953049659729004,1.1613712310791016,1.1613712310791016,False,637,2027
shuffle,1,0.9699013233184814,0.036590397357940674,0.036590397357940674,1.6473093032836914,1.6473093032836914,False,637,2027
shuffle,2,0.9128041863441467,-0.26445823907852173,0.26445823907852173,-2.238857328891754,2.238857328891754,False,637,2027
shuffle,3,0.9547256827354431,0.032812535762786865,0.032812535762786865,1.2976951599121094,1.2976951599121094,False,637,2027
shuffle,4,0.794809877872467,-0.3181580901145935,0.3181580901145935,-2.4795666933059692,2.4795666933059692,False,637,2027
shuffle,5,0.9331731796264648,-0.21652162075042725,0.21652162075042725,-2.003800868988037,2.003800868988037,False,637,2027
shuffle,6,0.9804368019104004,0.032144248485565186,0.032144248485565186,1.2465906143188477,1.2465906143188477,False,637,2027
shuffle,7,0.19154702126979828,0.02815192937850952,0.02815192937850952,0.9849929809570312,0.9849929809570312,False,637,2027
shuffle,8,0.8944266438484192,0.024036705493927002,0.024036705493927002,0.7705047130584717,0.7705047130584717,False,637,2027
shuffle,9,0.8870931267738342,-0.18604737520217896,0.18604737520217896,-1.8397995233535767,1.8397995233535767,False,637,2027
shuffle,10,0.9699106216430664,-0.16790342330932617,0.16790342330932617,-1.7349419593811035,1.7349419593811035,False,637,2027
shuffle,11,0.872159481048584,0.027306795120239258,0.027306795120239258,0.9371891021728516,0.9371891021728516,False,637,2027
shuffle,12,0.17820589244365692,0.0037813186645507812,0.0037813186645507812,0.09025216102600098,0.09025216102600098,False,637,2027
shuffle,13,0.9403313398361206,0.026547610759735107,0.026547610759735107,0.8960418701171875,0.8960418701171875,False,637,2027
shuffle,14,0.9077982902526855,-0.05040299892425537,0.05040299892425537,-0.7971820831298828,0.7971820831298828,False,637,2027
shuffle,15,0.8276698589324951,-0.4228211045265198,0.4228211045265198,-2.9121316969394684,2.9121316969394684,False,637,2027
shuffle,16,0.9341536164283752,0.02130126953125,0.02130126953125,0.6489722728729248,0.6489722728729248,False,637,2027
shuffle,17,0.9599282145500183,-0.4022236466407776,0.4022236466407776,-2.82915136218071,2.82915136218071,False,637,2027
shuffle,18,0.9508275985717773,-0.18218380212783813,0.18218380212783813,-1.8179731369018555,1.8179731369018555,False,637,2027
shuffle,19,0.7476764917373657,0.02540510892868042,0.02540510892868042,0.8370428085327148,0.8370428085327148,False,637,2027
shuffle,20,0.9345533847808838,0.03900432586669922,0.03900432586669922,1.956221580505371,1.956221580505371,False,637,2027
shuffle,21,0.8168167471885681,0.03437000513076782,0.03437000513076782,1.4276933670043945,1.4276933670043945,False,637,2027
shuffle,22,0.7877184152603149,0.010750949382781982,0.010750949382781982,0.2791728973388672,0.2791728973388672,False,637,2027
shuffle,23,0.9547349214553833,-0.21973592042922974,0.21973592042922974,-2.0203490257263184,2.0203490257263184,False,637,2027
shuffle,24,0.794809877872467,-0.2862868309020996,0.2862868309020996,-2.339018702507019,2.339018702507019,False,637,2027
shuffle,25,0.8852677941322327,0.0219917893409729,0.0219917893409729,0.6783504486083984,0.6783504486083984,False,637,2027
shuffle,26,0.9550618529319763,0.02226501703262329,0.02226501703262329,0.6902041435241699,0.6902041435241699,False,637,2027
shuffle,27,0.7765718102455139,-0.32309091091156006,0.32309091091156006,-2.5008163452148438,2.5008163452148438,False,637,2027
shuffle,28,0.9275801777839661,0.03150010108947754,0.03150010108947754,1.1996312141418457,1.1996312141418457,False,637,2027
shuffle,29,0.9384968876838684,0.032775044441223145,0.032775044441223145,1.2947592735290527,1.2947592735290527,False,637,2027
uniform,0,0.9125999212265015,-0.34239378571510315,0.34239378571510315,-1.429107129573822,1.429107129573822,True,643,2027
shuffle,0,0.013939189724624157,-0.0034987926483154297,0.0034987926483154297,-0.016239643096923828,0.016239643096923828,False,643,2027
shuffle,1,0.992586612701416,-0.09969919919967651,0.09969919919967651,-0.4336424469947815,0.4336424469947815,False,643,2027
shuffle,2,0.9880315661430359,-0.20239418745040894,0.20239418745040894,-0.8481337949633598,0.8481337949633598,True,643,2027
shuffle,3,0.9961696267127991,-0.37915804982185364,0.37915804982185364,-1.5963353514671326,1.5963353514671326,True,643,2027
shuffle,4,0.9930785298347473,-0.07018321752548218,0.07018321752548218,-0.3103354573249817,0.3103354573249817,False,643,2027
shuffle,5,0.9876273274421692,-0.09651815891265869,0.09651815891265869,-0.42049679160118103,0.42049679160118103,False,643,2027
shuffle,6,0.997705340385437,-0.4013836681842804,0.4013836681842804,-1.7027487754821777,1.7027487754821777,True,643,2027
shuffle,7,0.992749035358429,-0.5991757288575172,0.5991757288575172,-3.121751844882965,3.121751844882965,True,643,2027
shuffle,8,0.9879224300384521,-0.4002228379249573,0.4002228379249573,-1.6970738768577576,1.6970738768577576,True,643,2027
shuffle,9,0.9820640087127686,-0.20015203952789307,0.20015203952789307,-0.8391582146286964,0.8391582146286964,True,643,2027
shuffle,10,0.9943810701370239,-0.3774970769882202,0.3774970769882202,-1.5885605216026306,1.5885605216026306,True,643,2027
shuffle,11,0.995423436164856,-0.5640743747353554,0.5640743747353554,-2.7482640147209167,2.7482640147209167,True,643,2027
shuffle,12,0.012295035645365715,-0.0007232427597045898,0.0007232427597045898,-0.0033649802207946777,0.0033649802207946777,False,643,2027
shuffle,13,0.996339738368988,-0.5604652464389801,0.5604652464389801,-2.715344488620758,2.715344488620758,True,643,2027
shuffle,14,0.9952799081802368,-0.41023096442222595,0.41023096442222595,-1.7464640736579895,1.7464640736579895,True,643,2027
shuffle,15,0.994263231754303,-0.09877991676330566,0.09877991676330566,-0.4298466444015503,0.4298466444015503,False,643,2027
shuffle,16,0.010040227323770523,-0.002576291561126709,0.002576291561126709,-0.01196753978729248,0.01196753978729248,False,643,2027
shuffle,17,0.9915290474891663,-0.06818652153015137,0.06818652153015137,-0.30187416076660156,0.30187416076660156,False,643,2027
shuffle,18,0.9964039325714111,-0.5647372677922249,0.5647372677922249,-2.7543997168540955,2.7543997168540955,True,643,2027
shuffle,19,0.9946554899215698,-0.09780645370483398,0.09780645370483398,-0.4258243441581726,0.4258243441581726,False,643,2027
shuffle,20,0.9971864223480225,-0.10967391729354858,0.10967391729354858,-0.4746716320514679,0.4746716320514679,False,643,2027
shuffle,21,0.9979782700538635,-0.5643200352787971,0.5643200352787971,-2.7505345940589905,2.7505345940589905,True,643,2027
shuffle,22,0.009365729987621307,-0.0004367232322692871,0.0004367232322692871,-0.002032339572906494,0.002032339572906494,False,643,2027
shuffle,23,0.9960205554962158,-0.4108390212059021,0.4108390212059021,-1.7494996786117554,1.7494996786117554,True,643,2027
shuffle,24,0.990838885307312,-0.40905553102493286,0.40905553102493286,-1.7406076192855835,1.7406076192855835,True,643,2027
shuffle,25,0.996292769908905,-0.14551740884780884,0.14551740884780884,-0.6202094852924347,0.6202094852924347,False,643,2027
shuffle,26,0.9961907267570496,-0.5653790235519409,0.5653790235519409,-2.760367214679718,2.760367214679718,True,643,2027
shuffle,27,0.9968116283416748,-0.37751907110214233,0.37751907110214233,-1.5886633396148682,1.5886633396148682,True,643,2027
shuffle,28,0.994097888469696,-0.09681057929992676,0.09681057929992676,-0.4217064678668976,0.4217064678668976,False,643,2027
shuffle,29,0.9925726056098938,-0.11224991083145142,0.11224991083145142,-0.485223650932312,0.485223650932312,False,643,2027
uniform,0,0.662051260471344,-9.47713851928711e-05,9.47713851928711e-05,-0.910186767578125,0.910186767578125,False,650,2027
shuffle,0,0.6435871124267578,3.5643577575683594e-05,3.5643577575683594e-05,0.8181190490722656,0.8181190490722656,False,650,2027
shuffle,1,0.8298485279083252,1.800060272216797e-05,1.800060272216797e-05,0.33258056640625,0.33258056640625,False,650,2027
shuffle,2,0.9579997658729553,-0.00013953447341918945,0.00013953447341918945,-1.159048080444336,1.159048080444336,False,650,2027
shuffle,3,0.9690699577331543,-7.617473602294922e-05,7.617473602294922e-05,-0.7852907180786133,0.7852907180786133,False,650,2027
shuffle,4,0.8298485279083252,2.8252601623535156e-05,2.8252601623535156e-05,0.5875244140625,0.5875244140625,False,650,2027
shuffle,5,0.6784839034080505,-0.0002537965774536133,0.0002537965774536133,-1.6049928665161133,1.6049928665161133,False,650,2027
shuffle,6,0.4574716091156006,-6.890296936035156e-05,6.890296936035156e-05,-0.7321701049804688,0.7321701049804688,False,650,2027
shuffle,7,0.8189143538475037,-4.315376281738281e-05,4.315376281738281e-05,-0.516444206237793,0.516444206237793,False,650,2027
shuffle,8,0.9662923812866211,-0.00020617246627807617,0.00020617246627807617,-1.4421749114990234,1.4421749114990234,False,650,2027
shuffle,9,0.8260571360588074,-3.921985626220703e-05,3.921985626220703e-05,-0.4788780212402344,0.4788780212402344,False,650,2027
shuffle,10,0.8191419839859009,-0.0002956390380859375,0.0002956390380859375,-1.7286510467529297,1.7286510467529297,False,650,2027
shuffle,11,0.8087766170501709,-0.00012093782424926758,0.00012093782424926758,-1.0626506805419922,1.0626506805419922,False,650,2027
shuffle,12,0.8053935170173645,-0.00015157461166381836,0.00015157461166381836,-1.216130256652832,1.216130256652832,False,650,2027
shuffle,13,0.8143684267997742,-0.0004684329032897949,0.0004684329032897949,-2.1214828491210938,2.1214828491210938,False,650,2027
shuffle,14,0.5303473472595215,3.421306610107422e-05,3.421306610107422e-05,0.7696170806884766,0.7696170806884766,False,650,2027
shuffle,15,0.9528625011444092,-9.02414321899414e-05,9.02414321899414e-05,-0.8808708190917969,0.8808708190917969,False,650,2027
shuffle,16,0.8093353509902954,-8.344650268554688e-05,8.344650268554688e-05,-0.8359918594360352,0.8359918594360352,False,650,2027
shuffle,17,0.973934531211853,-0.0005135536193847656,0.0005135536193847656,-2.2028212547302246,2.2028212547302246,False,650,2027
shuffle,18,0.6728607416152954,1.5497207641601562e-06,1.5497207641601562e-06,0.025220870971679688,0.025220870971679688,False,650,2027
shuffle,19,0.5095940828323364,-0.00013107061386108398,0.00013107061386108398,-1.1163148880004883,1.1163148880004883,False,650,2027
shuffle,20,0.8261482119560242,-5.269050598144531e-05,5.269050598144531e-05,-0.6010284423828125,0.6010284423828125,False,650,2027
shuffle,21,0.82984858751297,-0.00014084577560424805,0.00014084577560424805,-1.1655025482177734,1.1655025482177734,False,650,2027
shuffle,22,0.9455838799476624,-0.00012344121932983398,0.00012344121932983398,-1.0765724182128906,1.0765724182128906,False,650,2027
shuffle,23,0.5302113890647888,-2.4318695068359375e-05,2.4318695068359375e-05,-0.3220672607421875,0.3220672607421875,False,650,2027
shuffle,24,0.6517886519432068,3.6597251892089844e-05,3.6597251892089844e-05,0.8533315658569336,0.8533315658569336,False,650,2027
shuffle,25,0.9537853598594666,-0.0002410411834716797,0.0002410411834716797,-1.563751220703125,1.563751220703125,False,650,2027
shuffle,26,0.8265117406845093,-0.00017005205154418945,0.00017005205154418945,-1.2985963821411133,1.2985963821411133,False,650,2027
shuffle,27,0.8225699067115784,-0.00013333559036254883,0.00013333559036254883,-1.1278400421142578,1.1278400421142578,False,650,2027
shuffle,28,0.8191419839859009,-0.0002194046974182129,0.0002194046974182129,-1.4899635314941406,1.4899635314941406,False,650,2027
shuffle,29,0.5181591510772705,-4.649162292480469e-06,4.649162292480469e-06,-0.06908130645751953,0.06908130645751953,False,650,2027
uniform,0,0.8731549382209778,-0.016004204750061035,0.016004204750061035,-0.3422060012817383,0.3422060012817383,False,656,2027
shuffle,0,0.02246048115193844,-0.0002301931381225586,0.0002301931381225586,-0.005753993988037109,0.005753993988037109,False,656,2027
shuffle,1,0.9710645079612732,-0.2025371789932251,0.2025371789932251,-2.0066559314727783,2.0066559314727783,False,656,2027
shuffle,2,0.956057071685791,0.012317478656768799,0.012317478656768799,0.36368751525878906,0.36368751525878906,False,656,2027
shuffle,3,0.9701389074325562,0.011604845523834229,0.011604845523834229,0.33892297744750977,0.33892297744750977,False,656,2027
shuffle,4,0.9672614932060242,-0.05377715826034546,0.05377715826034546,-0.8872256278991699,0.8872256278991699,False,656,2027
shuffle,5,0.9672133326530457,0.014521658420562744,0.014521658420562744,0.44415712356567383,0.44415712356567383,False,656,2027
shuffle,6,0.9670664072036743,-0.09731680154800415,0.09731680154800415,-1.3125262260437012,1.3125262260437012,False,656,2027
shuffle,7,0.96817547082901,-0.055984675884246826,0.055984675884246826,-0.9125456809997559,0.9125456809997559,False,656,2027
shuffle,8,0.9690455794334412,-0.09433162212371826,0.09433162212371826,-1.2873451709747314,1.2873451709747314,False,656,2027
shuffle,9,0.9669819474220276,-0.09955966472625732,0.09955966472625732,-1.331148386001587,1.331148386001587,False,656,2027
shuffle,10,0.9717135429382324,-0.1617521047592163,0.1617521047592163,-1.7713260650634766,1.7713260650634766,False,656,2027
shuffle,11,0.9764605760574341,-0.09759438037872314,0.09759438037872314,-1.3148443698883057,1.3148443698883057,False,656,2027
shuffle,12,0.969039261341095,0.0152968168258667,0.0152968168258667,0.47397661209106445,0.47397661209106445,False,656,2027
shuffle,13,0.9653334021568298,-0.09641414880752563,0.09641414880752563,-1.3049602508544922,1.3049602508544922,False,656,2027
shuffle,14,0.9681234359741211,0.03185373544692993,0.03185373544692993,1.4824070930480957,1.4824070930480957,False,656,2027
shuffle,15,0.9648018479347229,-0.010824143886566162,0.010824143886566162,-0.24252891540527344,0.24252891540527344,False,656,2027
shuffle,16,0.9784146547317505,0.014280140399932861,0.014280140399932861,0.43503856658935547,0.43503856658935547,False,656,2027
shuffle,17,0.9672226905822754,-0.011936187744140625,0.011936187744140625,-0.26468515396118164,0.26468515396118164,False,656,2027
shuffle,18,0.9695279598236084,-0.012215793132781982,0.012215793132781982,-0.2701883316040039,0.2701883316040039,False,656,2027
shuffle,19,0.9600628614425659,-0.15843194723129272,0.15843194723129272,-1.7507065534591675,1.7507065534591675,False,656,2027
shuffle,20,0.9579059481620789,-0.09540742635726929,0.09540742635726929,-1.2964731454849243,1.2964731454849243,False,656,2027
shuffle,21,0.9687564373016357,0.03206789493560791,0.03206789493560791,1.5047926902770996,1.5047926902770996,False,656,2027
shuffle,22,0.973914384841919,-0.10021191835403442,0.10021191835403442,-1.336517572402954,1.336517572402954,False,656,2027
shuffle,23,0.9689357876777649,0.014707863330841064,0.014707863330841064,0.4512457847595215,0.4512457847595215,False,656,2027
shuffle,24,0.9680811762809753,-0.16056108474731445,0.16056108474731445,-1.763958215713501,1.763958215713501,False,656,2027
shuffle,25,0.9702232480049133,-0.03353041410446167,0.03353041410446167,-0.626530647277832,0.626530647277832,False,656,2027
shuffle,26,0.031238704919815063,-0.001940011978149414,0.001940011978149414,-0.04758405685424805,0.04758405685424805,False,656,2027
shuffle,27,0.9650038480758667,0.014966905117034912,0.014966905117034912,0.461181640625,0.461181640625,False,656,2027
shuffle,28,0.9724212288856506,-0.15720301866531372,0.15720301866531372,-1.7430094480514526,1.7430094480514526,False,656,2027
shuffle,29,0.9624109864234924,-0.20424336194992065,0.20424336194992065,-2.015879511833191,2.015879511833191,False,656,2027
uniform,0,0.637565016746521,-0.14259719848632812,0.14259719848632812,-0.7856593132019043,0.7856593132019043,False,657,2027
shuffle,0,0.4074406921863556,-0.11818057298660278,0.11818057298660278,-0.670518159866333,0.670518159866333,False,657,2027
shuffle,1,0.6820819973945618,-0.07205355167388916,0.07205355167388916,-0.4361400604248047,0.4361400604248047,False,657,2027
shuffle,2,0.8573518991470337,-0.06571292877197266,0.06571292877197266,-0.4017585515975952,0.4017585515975952,False,657,2027
shuffle,3,0.8870332837104797,-0.27073246240615845,0.27073246240615845,-1.3325418382883072,1.3325418382883072,False,657,2027
shuffle,4,0.8756576776504517,-0.15959954261779785,0.15959954261779785,-0.8630355000495911,0.8630355000495911,False,657,2027
shuffle,5,0.5879124402999878,-0.198483407497406,0.198483407497406,-1.033178687095642,1.033178687095642,False,657,2027
shuffle,6,0.6968508958816528,-0.20699679851531982,0.20699679851531982,-1.0693972706794739,1.0693972706794739,False,657,2027
shuffle,7,0.9146263003349304,-0.2169155478477478,0.2169155478477478,-1.1112096905708313,1.1112096905708313,False,657,2027
shuffle,8,0.9174614548683167,-0.19359225034713745,0.19359225034713745,-1.0122207403182983,1.0122207403182983,False,657,2027
shuffle,9,0.6766774654388428,0.03100186586380005,0.03100186586380005,0.23182213306427002,0.23182213306427002,False,657,2027
shuffle,10,0.8089701533317566,-0.06378167867660522,0.06378167867660522,-0.39116406440734863,0.39116406440734863,False,657,2027
shuffle,11,0.7212317585945129,-0.15043777227401733,0.15043777227401733,-0.8216001987457275,0.8216001987457275,False,657,2027
shuffle,12,0.7273157835006714,-0.23378628492355347,0.23378628492355347,-1.1814894378185272,1.1814894378185272,False,657,2027
shuffle,13,0.9089238047599792,-0.13079863786697388,0.13079863786697388,-0.7306644916534424,0.7306644916534424,False,657,2027
shuffle,14,0.8653159141540527,-0.223274827003479,0.223274827003479,-1.1378175616264343,1.1378175616264343,False,657,2027
shuffle,15,0.9094370603561401,-0.19889962673187256,0.19889962673187256,-1.0349572896957397,1.0349572896957397,False,657,2027
shuffle,16,0.5918630361557007,-0.059611737728118896,0.059611737728118896,-0.368086576461792,0.368086576461792,False,657,2027
shuffle,17,0.9113360643386841,-0.4777347445487976,0.4777347445487976,-2.1815683841705322,2.1815683841705322,True,657,2027
shuffle,18,0.7012882828712463,-0.19351601600646973,0.19351601600646973,-1.0118929743766785,1.0118929743766785,False,657,2027
shuffle,19,0.6997721195220947,-0.15035688877105713,0.15035688877105713,-0.8212317824363708,0.8212317824363708,False,657,2027
shuffle,20,0.8150961399078369,-0.20540326833724976,0.20540326833724976,-1.0626420378684998,1.0626420378684998,False,657,2027
shuffle,21,0.5192593932151794,-0.26738399267196655,0.26738399267196655,-1.3189783692359924,1.3189783692359924,False,657,2027
shuffle,22,0.5660854578018188,-0.15975308418273926,0.15975308418273926,-0.8637251257896423,0.8637251257896423,False,657,2027
shuffle,23,0.6911555528640747,-0.17039114236831665,0.17039114236831665,-0.9111266732215881,0.9111266732215881,False,657,2027
shuffle,24,0.5374603867530823,-0.036249637603759766,0.036249637603759766,-0.2331475019454956,0.2331475019454956,False,657,2027
shuffle,25,0.6453969478607178,-0.0057411789894104,0.0057411789894104,-0.03925585746765137,0.03925585746765137,False,657,2027
shuffle,26,0.614166259765625,0.0005080103874206543,0.0005080103874206543,0.0035219192504882812,0.0035219192504882812,False,657,2027
shuffle,27,0.9103677272796631,-0.23443186283111572,0.23443186283111572,-1.1841599941253662,1.1841599941253662,False,657,2027
shuffle,28,0.846876323223114,-0.28118741512298584,0.28118741512298584,-1.3747688233852386,1.3747688233852386,False,657,2027
shuffle,29,0.7782794833183289,-0.2802591919898987,0.2802591919898987,-1.3710266053676605,1.3710266053676605,False,657,2027
uniform,0,0.8059186339378357,-0.08580976724624634,0.08580976724624634,-1.36191987991333,1.36191987991333,False,663,2027
shuffle,0,0.9382472634315491,-0.4895762801170349,0.4895762801170349,-3.4529560804367065,3.4529560804367065,True,663,2027
shuffle,1,0.7164421081542969,-0.006581664085388184,0.006581664085388184,-0.18592214584350586,0.18592214584350586,False,663,2027
shuffle,2,0.9411904215812683,-0.46530240774154663,0.46530240774154663,-3.3557943925261497,3.3557943925261497,False,663,2027
shuffle,3,0.9588834047317505,-0.009535133838653564,0.009535133838653564,-0.26000404357910156,0.26000404357910156,False,663,2027
shuffle,4,0.9607051610946655,-0.03895425796508789,0.03895425796508789,-0.8116264343261719,0.8116264343261719,False,663,2027
shuffle,5,0.9677419662475586,-0.038213253021240234,0.038213253021240234,-0.8005557060241699,0.8005557060241699,False,663,2027
shuffle,6,0.9636709690093994,0.004582703113555908,0.004582703113555908,0.15156269073486328,0.15156269073486328,False,663,2027
shuffle,7,0.5500533580780029,0.026753246784210205,0.026753246784210205,1.6229887008666992,1.6229887008666992,False,663,2027
shuffle,8,0.97760009765625,-0.3810039758682251,0.3810039758682251,-3.0152149498462677,3.0152149498462677,False,663,2027
shuffle,9,0.7718877792358398,-0.006637871265411377,0.006637871265411377,-0.18738317489624023,0.18738317489624023,False,663,2027
shuffle,10,0.9622402191162109,-0.28322452306747437,0.28322452306747437,-2.5917548537254333,2.5917548537254333,False,663,2027
shuffle,11,0.9618574976921082,-0.02316504716873169,0.02316504716873169,-0.5491688251495361,0.5491688251495361,False,663,2027
shuffle,12,0.7821289300918579,-0.08218652009963989,0.08218652009963989,-1.3269906044006348,1.3269906044006348,False,663,2027
shuffle,13,0.729062557220459,-0.18744105100631714,0.18744105100631714,-2.1004985570907593,2.1004985570907593,False,663,2027
shuffle,14,0.728887677192688,-0.38625961542129517,0.38625961542129517,-3.0368306040763855,3.0368306040763855,False,663,2027
shuffle,15,0.9462683796882629,-0.19049382209777832,0.19049382209777832,-2.1181440353393555,2.1181440353393555,False,663,2027
shuffle,16,0.9574944972991943,-0.0025750398635864258,0.0025750398635864258,-0.0765986442565918,0.0765986442565918,False,663,2027
shuffle,17,0.45348870754241943,0.002246856689453125,0.002246856689453125,0.07162690162658691,0.07162690162658691,False,663,2027
shuffle,18,0.7238110899925232,-0.477474570274353,0.477474570274353,-3.404490403831005,3.404490403831005,True,663,2027
shuffle,19,0.9535971879959106,-0.36316943168640137,0.36316943168640137,-2.9412331581115723,2.9412331581115723,False,663,2027
shuffle,20,0.9652156233787537,-0.6061079204082489,0.6061079204082489,-3.9342671036720276,3.9342671036720276,True,663,2027
shuffle,21,0.9725255370140076,-0.4375501275062561,0.4375501275062561,-3.244656525552273,3.244656525552273,False,663,2027
shuffle,22,0.9523795247077942,0.0053637027740478516,0.0053637027740478516,0.17969417572021484,0.17969417572021484,False,663,2027
shuffle,23,0.7861402630805969,0.025381803512573242,0.025381803512573242,1.4380035400390625,1.4380035400390625,False,663,2027
shuffle,24,0.9498932957649231,-0.7667380124330521,0.7667380124330521,-4.748497724533081,4.748497724533081,True,663,2027
shuffle,25,0.8029721975326538,0.02447497844696045,0.02447497844696045,1.3318991661071777,1.3318991661071777,False,663,2027
shuffle,26,0.9484027624130249,-0.062206923961639404,0.062206923961639404,-1.1151573657989502,1.1151573657989502,False,663,2027
shuffle,27,0.9660647511482239,0.014038145542144775,0.014038145542144775,0.5562686920166016,0.5562686920166016,False,663,2027
shuffle,28,0.943139374256134,-0.2934216260910034,0.2934216260910034,-2.638475000858307,2.638475000858307,False,663,2027
shuffle,29,0.7893041968345642,0.015376448631286621,0.015376448631286621,0.6286606788635254,0.6286606788635254,False,663,2027
uniform,0,0.7613900899887085,-0.017793476581573486,0.017793476581573486,-1.0376505851745605,1.0376505851745605,False,664,2027
shuffle,0,0.9460119009017944,-0.02269357442855835,0.02269357442855835,-1.2048540115356445,1.2048540115356445,False,664,2027
shuffle,1,0.8991657495498657,-0.018366634845733643,0.018366634845733643,-1.0586228370666504,1.0586228370666504,False,664,2027
shuffle,2,0.7313279509544373,-0.022075891494750977,0.022075891494750977,-1.1851654052734375,1.1851654052734375,False,664,2027
shuffle,3,0.9182844161987305,-0.02308046817779541,0.02308046817779541,-1.2170019149780273,1.2170019149780273,False,664,2027
shuffle,4,0.807392954826355,-0.005919516086578369,0.005919516086578369,-0.4693903923034668,0.4693903923034668,False,664,2027
shuffle,5,0.9612424373626709,-0.002433478832244873,0.002433478832244873,-0.21944570541381836,0.21944570541381836,False,664,2027
shuffle,6,0.7941331267356873,-0.005631089210510254,0.005631089210510254,-0.4508652687072754,0.4508652687072754,False,664,2027
shuffle,7,0.6189879179000854,-0.008017778396606445,0.008017778396606445,-0.5950295925140381,0.5950295925140381,False,664,2027
shuffle,8,0.9237690567970276,-0.014068782329559326,0.014068782329559326,-0.8901782035827637,0.8901782035827637,False,664,2027
shuffle,9,0.6123910546302795,-0.011226892471313477,0.011226892471313477,-0.7618570327758789,0.7618570327758789,False,664,2027
shuffle,10,0.7766135931015015,-0.04199087619781494,0.04199087619781494,-1.6884150505065918,1.6884150505065918,False,664,2027
shuffle,11,0.9663627743721008,-0.010565996170043945,0.010565996170043945,-0.7296185493469238,0.7296185493469238,False,664,2027
shuffle,12,0.7190271019935608,-0.023335278034210205,0.023335278034210205,-1.2249319553375244,1.2249319553375244,False,664,2027
shuffle,13,0.8037409782409668,-0.04837578535079956,0.04837578535079956,-1.810917854309082,1.810917854309082,False,664,2027
shuffle,14,0.6960434913635254,-0.0007829070091247559,0.0007829070091247559,-0.07586288452148438,0.07586288452148438,False,664,2027
shuffle,15,0.7457715272903442,-0.005246639251708984,0.005246639251708984,-0.42563962936401367,0.42563962936401367,False,664,2027
shuffle,16,0.8257850408554077,-0.0019947290420532227,0.0019947290420532227,-0.18320417404174805,0.18320417404174805,False,664,2027
shuffle,17,0.7535110116004944,-0.01901346445083618,0.01901346445083618,-1.0818023681640625,1.0818023681640625,False,664,2027
shuffle,18,0.9661111235618591,-0.009434938430786133,0.009434938430786133,-0.6720173358917236,0.6720173358917236,False,664,2027
shuffle,19,0.6837584972381592,-0.00895768404006958,0.00895768404006958,-0.6467225551605225,0.6467225551605225,False,664,2027
shuffle,20,0.9350823163986206,-0.02837437391281128,0.02837437391281128,-1.370764970779419,1.370764970779419,False,664,2027
shuffle,21,0.9601150751113892,-0.04023635387420654,0.04023635387420654,-1.652266025543213,1.652266025543213,False,664,2027
shuffle,22,0.7673068642616272,-0.0039414167404174805,0.0039414167404174805,-0.33507776260375977,0.33507776260375977,False,664,2027
shuffle,23,0.9599006772041321,-0.01500016450881958,0.01500016450881958,-0.9290351867675781,0.9290351867675781,False,664,2027
shuffle,24,0.7947624325752258,-0.016533851623535156,0.016533851623535156,-0.9900486469268799,0.9900486469268799,False,664,2027
shuffle,25,0.9340555667877197,-0.010266304016113281,0.010266304016113281,-0.7146642208099365,0.7146642208099365,False,664,2027
shuffle,26,0.8075496554374695,-0.0028641223907470703,0.0028641223907470703,-0.2538185119628906,0.2538185119628906,False,664,2027
shuffle,27,0.7624713182449341,-0.02264922857284546,0.02264922857284546,-1.2034521102905273,1.2034521102905273,False,664,2027
shuffle,28,0.9420437812805176,-0.011104047298431396,0.011104047298431396,-0.7559390068054199,0.7559390068054199,False,664,2027
shuffle,29,0.9020085334777832,-0.09043323993682861,0.09043323993682861,-2.3989014625549316,2.3989014625549316,False,664,2027
uniform,0,0.6831727027893066,-0.36344408988952637,0.36344408988952637,-2.1472113728523254,2.1472113728523254,False,670,2027
shuffle,0,0.9705469608306885,-0.2583969831466675,0.2583969831466675,-1.7069661021232605,1.7069661021232605,False,670,2027
shuffle,1,0.8512949347496033,-0.011239290237426758,0.011239290237426758,-0.1331644058227539,0.1331644058227539,False,670,2027
shuffle,2,0.8479440212249756,-0.14866572618484497,0.14866572618484497,-1.170336365699768,1.170336365699768,False,670,2027
shuffle,3,0.8044675588607788,-0.09493041038513184,0.09493041038513184,-0.8442518711090088,0.8442518711090088,False,670,2027
shuffle,4,0.9478725790977478,-0.033888161182403564,0.033888161182403564,-0.365020751953125,0.365020751953125,False,670,2027
shuffle,5,0.9007222056388855,-0.15036875009536743,0.15036875009536743,-1.179752230644226,1.179752230644226,False,670,2027
shuffle,6,0.8902758359909058,-0.47372421622276306,0.47372421622276306,-2.5902014076709747,2.5902014076709747,True,670,2027
shuffle,7,0.9490048289299011,-0.5783870816230774,0.5783870816230774,-3.03373521566391,3.03373521566391,True,670,2027
shuffle,8,0.8926771879196167,-0.7105168998241425,0.7105168998241425,-3.7181365489959717,3.7181365489959717,True,670,2027
shuffle,9,0.9708146452903748,-0.37398606538772583,0.37398606538772583,-2.189705789089203,2.189705789089203,False,670,2027
shuffle,10,0.3359328508377075,0.047058939933776855,0.047058939933776855,0.8213286399841309,0.8213286399841309,False,670,2027
shuffle,11,0.948319137096405,-0.1606270670890808,0.1606270670890808,-1.2355165481567383,1.2355165481567383,False,670,2027
shuffle,12,0.9695504903793335,-0.2004196047782898,0.2004196047782898,-1.4386063814163208,1.4386063814163208,False,670,2027
shuffle,13,0.9481232166290283,-0.48190662264823914,0.48190662264823914,-2.6235010623931885,2.6235010623931885,True,670,2027
shuffle,14,0.6822702288627625,-0.537827730178833,0.537827730178833,-2.856305480003357,2.856305480003357,True,670,2027
shuffle,15,0.9910765886306763,-0.6264343559741974,0.6264343559741974,-3.258686602115631,3.258686602115631,True,670,2027
shuffle,16,0.7042193412780762,-0.09614568948745728,0.09614568948745728,-0.8523770570755005,0.8523770570755005,False,670,2027
shuffle,17,0.8952410817146301,-0.5995770990848541,0.5995770990848541,-3.130592703819275,3.130592703819275,True,670,2027
shuffle,18,0.4310160279273987,-0.02612966299057007,0.02612966299057007,-0.29021191596984863,0.29021191596984863,False,670,2027
shuffle,19,0.2791505455970764,0.019051671028137207,0.019051671028137207,0.26604533195495605,0.26604533195495605,False,670,2027
shuffle,20,0.9712611436843872,-0.3255452513694763,0.3255452513694763,-1.992682546377182,1.992682546377182,False,670,2027
shuffle,21,0.9918723106384277,-0.7345215678215027,0.7345215678215027,-3.874330997467041,3.874330997467041,True,670,2027
shuffle,22,0.6263813972473145,-0.372861385345459,0.372861385345459,-2.1851796209812164,2.1851796209812164,False,670,2027
shuffle,23,0.9046207070350647,-0.3818581700325012,0.3818581700325012,-2.221345767378807,2.221345767378807,False,670,2027
shuffle,24,0.8745883703231812,-0.46856483817100525,0.46856483817100525,-2.569275364279747,2.569275364279747,True,670,2027
shuffle,25,0.949300229549408,-0.3771277070045471,0.3771277070045471,-2.2023412585258484,2.2023412585258484,False,670,2027
shuffle,26,0.6810729503631592,-0.6340029537677765,0.6340029537677765,-3.2960503101348877,3.2960503101348877,True,670,2027
shuffle,27,0.9464666843414307,-0.33003300428390503,0.33003300428390503,-2.0111635327339172,2.0111635327339172,False,670,2027
shuffle,28,0.43393418192863464,0.010625958442687988,0.010625958442687988,0.1409599781036377,0.1409599781036377,False,670,2027
shuffle,29,0.8058861494064331,-0.08348172903060913,0.08348172903060913,-0.7655535936355591,0.7655535936355591,False,670,2027
uniform,0,0.7511264085769653,-0.24372059106826782,0.24372059106826782,-2.5088838934898376,2.5088838934898376,False,678,2027
shuffle,0,0.9219397306442261,-0.3409419059753418,0.3409419059753418,-2.9567505717277527,2.9567505717277527,False,678,2027
shuffle,1,0.9421625137329102,-0.33661121129989624,0.33661121129989624,-2.9381399154663086,2.9381399154663086,False,678,2027
shuffle,2,0.9938769340515137,-0.46712279319763184,0.46712279319763184,-3.4735031723976135,3.4735031723976135,False,678,2027
shuffle,3,0.6215070486068726,-0.1742803454399109,0.1742803454399109,-2.124629020690918,2.124629020690918,False,678,2027
shuffle,4,0.9064592123031616,-0.629796028137207,0.629796028137207,-4.1472649574279785,4.1472649574279785,True,678,2027
shuffle,5,0.9780702590942383,-0.5172170698642731,0.5172170698642731,-3.674434646964073,3.674434646964073,True,678,2027
shuffle,6,0.5269816517829895,-0.19415169954299927,0.19415169954299927,-2.2428663969039917,2.2428663969039917,False,678,2027
shuffle,7,0.9291133284568787,-0.10724782943725586,0.10724782943725586,-1.645372986793518,1.645372986793518,False,678,2027
shuffle,8,0.9374403953552246,-0.6534548103809357,0.6534548103809357,-4.254525244235992,4.254525244235992,True,678,2027
shuffle,9,0.9644680023193359,-0.16091161966323853,0.16091161966323853,-2.040191411972046,2.040191411972046,False,678,2027
shuffle,10,0.8937032222747803,-0.46252256631851196,0.46252256631851196,-3.455099955201149,3.455099955201149,False,678,2027
shuffle,11,0.9332486987113953,-0.23124516010284424,0.23124516010284424,-2.445159673690796,2.445159673690796,False,678,2027
shuffle,12,0.9161697030067444,-0.42970049381256104,0.42970049381256104,-3.323455959558487,3.323455959558487,False,678,2027
shuffle,13,0.9867827892303467,-0.3277586102485657,0.3277586102485657,-2.8998032808303833,2.8998032808303833,False,678,2027
shuffle,14,0.9211925864219666,-0.07263487577438354,0.07263487577438354,-1.314720869064331,1.314720869064331,False,678,2027
shuffle,15,0.8913885951042175,-0.544002503156662,0.544002503156662,-3.7831864953041077,3.7831864953041077,True,678,2027
shuffle,16,0.5948508381843567,-0.010999679565429688,0.010999679565429688,-0.3264033794403076,0.3264033794403076,False,678,2027
shuffle,17,0.4994475841522217,-0.008884072303771973,0.008884072303771973,-0.2708289623260498,0.2708289623260498,False,678,2027
shuffle,18,0.9631419777870178,-0.5788698196411133,0.5788698196411133,-3.927518129348755,3.927518129348755,True,678,2027
shuffle,19,0.9082002639770508,-0.17099571228027344,0.17099571228027344,-2.104278326034546,2.104278326034546,False,678,2027
shuffle,20,0.8973386883735657,-0.08844882249832153,0.08844882249832153,-1.4761784076690674,1.4761784076690674,False,678,2027
shuffle,21,0.9905743598937988,-0.06368213891983032,0.06368213891983032,-1.2132532596588135,1.2132532596588135,False,678,2027
shuffle,22,0.47717395424842834,0.016469836235046387,0.016469836235046387,0.8251373767852783,0.8251373767852783,False,678,2027
shuffle,23,0.9008035063743591,-0.4038406014442444,0.4038406014442444,-3.2187928557395935,3.2187928557395935,False,678,2027
shuffle,24,0.893978476524353,-0.32960474491119385,0.32960474491119385,-2.9078319668769836,2.9078319668769836,False,678,2027
shuffle,25,0.48524606227874756,0.00635451078414917,0.00635451078414917,0.24719786643981934,0.24719786643981934,False,678,2027
shuffle,26,0.9553692936897278,-0.4870467782020569,0.4870467782020569,-3.553224414587021,3.553224414587021,True,678,2027
shuffle,27,0.91719651222229,-0.3213478922843933,0.3213478922843933,-2.871778964996338,2.871778964996338,False,678,2027
shuffle,28,0.9031569957733154,-0.04455989599227905,0.04455989599227905,-0.9632751941680908,0.9632751941680908,False,678,2027
shuffle,29,0.9550588130950928,-0.2904953360557556,0.2904953360557556,-2.733342707157135,2.733342707157135,False,678,2027
uniform,0,0.6228544116020203,-0.002917945384979248,0.002917945384979248,-0.4699268341064453,0.4699268341064453,False,680,2027
shuffle,0,0.9007647633552551,-0.002507150173187256,0.002507150173187256,-0.41556739807128906,0.41556739807128906,False,680,2027
shuffle,1,0.9134918451309204,-0.002012312412261963,0.002012312412261963,-0.3459467887878418,0.3459467887878418,False,680,2027
shuffle,2,0.7154475450515747,-0.004761874675750732,0.004761874675750732,-0.6834945678710938,0.6834945678710938,False,680,2027
shuffle,3,0.8846914768218994,0.00010859966278076172,0.00010859966278076172,0.022503376007080078,0.022503376007080078,False,680,2027
shuffle,4,0.7940921187400818,-0.008253276348114014,0.008253276348114014,-0.9954299926757812,0.9954299926757812,False,680,2027
shuffle,5,0.8632856011390686,-0.00442737340927124,0.00442737340927124,-0.6479315757751465,0.6479315757751465,False,680,2027
shuffle,6,0.8654536008834839,-0.008973777294158936,0.008973777294158936,-1.049485206604004,1.049485206604004,False,680,2027
shuffle,7,0.9046027064323425,-0.00038421154022216797,0.00038421154022216797,-0.07584285736083984,0.07584285736083984,False,680,2027
shuffle,8,0.679262638092041,-0.00403362512588501,0.00403362512588501,-0.6044178009033203,0.6044178009033203,False,680,2027
shuffle,9,0.8103000521659851,0.0010824799537658691,0.0010824799537658691,0.25054311752319336,0.25054311752319336,False,680,2027
shuffle,10,0.8004403114318848,-0.005548298358917236,0.005548298358917236,-0.7625150680541992,0.7625150680541992,False,680,2027
shuffle,11,0.797538161277771,-0.004137575626373291,0.004137575626373291,-0.616093635559082,0.616093635559082,False,680,2027
shuffle,12,0.7760650515556335,-0.006991088390350342,0.006991088390350342,-0.8932943344116211,0.8932943344116211,False,680,2027
shuffle,13,0.8053140640258789,-0.002250194549560547,0.002250194549560547,-0.3800067901611328,0.3800067901611328,False,680,2027
shuffle,14,0.884433925151825,-0.006472408771514893,0.006472408771514893,-0.8481855392456055,0.8481855392456055,False,680,2027
shuffle,15,0.7505412101745605,-0.002005636692047119,0.002005636692047119,-0.34497547149658203,0.34497547149658203,False,680,2027
shuffle,16,0.6524947881698608,-0.0031270980834960938,0.0031270980834960938,-0.4965367317199707,0.4965367317199707,False,680,2027
shuffle,17,0.7816162109375,7.569789886474609e-06,7.569789886474609e-06,0.0015511512756347656,0.0015511512756347656,False,680,2027
shuffle,18,0.7546414136886597,-4.26173210144043e-05,4.26173210144043e-05,-0.008694648742675781,0.008694648742675781,False,680,2027
shuffle,19,0.9031842947006226,-0.0029608607292175293,0.0029608607292175293,-0.47545862197875977,0.47545862197875977,False,680,2027
shuffle,20,0.7643892765045166,-0.000254213809967041,0.000254213809967041,-0.05082511901855469,0.05082511901855469,False,680,2027
shuffle,21,0.7718225717544556,-0.0005481243133544922,0.0005481243133544922,-0.1065516471862793,0.1065516471862793,False,680,2027
shuffle,22,0.8635115623474121,0.0015984177589416504,0.0015984177589416504,0.39615917205810547,0.39615917205810547,False,680,2027
shuffle,23,0.90571129322052,-0.0005825161933898926,0.0005825161933898926,-0.1128692626953125,0.1128692626953125,False,680,2027
shuffle,24,0.7325541973114014,-0.00886911153793335,0.00886911153793335,-1.0418076515197754,1.0418076515197754,False,680,2027
shuffle,25,0.29408329725265503,-0.0012896060943603516,0.0012896060943603516,-0.23482513427734375,0.23482513427734375,False,680,2027
shuffle,26,0.5685995221138,-0.0068621039390563965,0.0068621039390563965,-0.8822689056396484,0.8822689056396484,False,680,2027
shuffle,27,0.7760218381881714,-0.003730177879333496,0.003730177879333496,-0.5695600509643555,0.5695600509643555,False,680,2027
shuffle,28,0.8591399788856506,-0.010893464088439941,0.010893464088439941,-1.1810054779052734,1.1810054779052734,False,680,2027
shuffle,29,0.6646210551261902,-0.004896759986877441,0.004896759986877441,-0.6974868774414062,0.6974868774414062,False,680,2027
uniform,0,0.49906861782073975,-0.04751694202423096,0.04751694202423096,-0.45029687881469727,0.45029687881469727,False,681,2027
shuffle,0,0.738156259059906,-0.10101115703582764,0.10101115703582764,-0.8284764289855957,0.8284764289855957,False,681,2027
shuffle,1,0.7759024500846863,-0.03216409683227539,0.03216409683227539,-0.32078611850738525,0.32078611850738525,False,681,2027
shuffle,2,0.6783996224403381,-0.15955179929733276,0.15955179929733276,-1.1625025272369385,1.1625025272369385,False,681,2027
shuffle,3,0.7707449793815613,-0.00621640682220459,0.00621640682220459,-0.06857466697692871,0.06857466697692871,False,681,2027
shuffle,4,0.699038028717041,-0.02726811170578003,0.02726811170578003,-0.27675676345825195,0.27675676345825195,False,681,2027
shuffle,5,0.7234822511672974,-0.1443314552307129,0.1443314552307129,-1.0812387466430664,1.0812387466430664,False,681,2027
shuffle,6,0.8560291528701782,-0.1033673882484436,0.1033673882484436,-0.8432071208953857,0.8432071208953857,False,681,2027
shuffle,7,0.609402060508728,-0.03427201509475708,0.03427201509475708,-0.3393077850341797,0.3393077850341797,False,681,2027
shuffle,8,0.542046844959259,-0.10306179523468018,0.10306179523468018,-0.8413040637969971,0.8413040637969971,False,681,2027
shuffle,9,0.638460099697113,-0.012511610984802246,0.012511610984802246,-0.13441872596740723,0.13441872596740723,False,681,2027
shuffle,10,0.4206300675868988,-0.10063225030899048,0.10063225030899048,-0.8260953426361084,0.8260953426361084,False,681,2027
shuffle,11,0.4866265058517456,-0.011896312236785889,0.011896312236785889,-0.12813115119934082,0.12813115119934082,False,681,2027
shuffle,12,0.3454873859882355,-0.06257230043411255,0.06257230043411255,-0.5666875839233398,0.5666875839233398,False,681,2027
shuffle,13,0.46445712447166443,0.023551523685455322,0.023551523685455322,0.30147266387939453,0.30147266387939453,False,681,2027
shuffle,14,0.3927501142024994,-0.05224204063415527,0.05224204063415527,-0.48785150051116943,0.48785150051116943,False,681,2027
shuffle,15,0.566753089427948,-0.020417332649230957,0.020417332649230957,-0.21259570121765137,0.21259570121765137,False,681,2027
shuffle,16,0.7745507955551147,-0.09380573034286499,0.09380573034286499,-0.7825965881347656,0.7825965881347656,False,681,2027
shuffle,17,0.8087663650512695,0.018610477447509766,0.018610477447509766,0.2316431999206543,0.2316431999206543,False,681,2027
shuffle,18,0.6832817792892456,-0.010005295276641846,0.010005295276641846,-0.10860991477966309,0.10860991477966309,False,681,2027
shuffle,19,0.6944242715835571,0.0375022292137146,0.0375022292137146,0.5247392654418945,0.5247392654418945,False,681,2027
shuffle,20,0.8804734349250793,-0.10227984189987183,0.10227984189987183,-0.8364242315292358,0.8364242315292358,False,681,2027
shuffle,21,0.43539905548095703,-0.028834879398345947,0.028834879398345947,-0.2910038232803345,0.2910038232803345,False,681,2027
shuffle,22,0.3881363868713379,-0.054531097412109375,0.054531097412109375,-0.5056953430175781,0.5056953430175781,False,681,2027
shuffle,23,0.5887637138366699,0.0006644725799560547,0.0006644725799560547,0.00755763053894043,0.00755763053894043,False,681,2027
shuffle,24,0.5080932974815369,-0.014561831951141357,0.014561831951141357,-0.1551499366760254,0.1551499366760254,False,681,2027
shuffle,25,0.8804733753204346,-0.08336639404296875,0.08336639404296875,-0.7137249708175659,0.7137249708175659,False,681,2027
shuffle,26,0.7501065731048584,0.030401170253753662,0.030401170253753662,0.4057161808013916,0.4057161808013916,False,681,2027
shuffle,27,0.48890137672424316,-0.01671445369720459,0.01671445369720459,-0.17656540870666504,0.17656540870666504,False,681,2027
shuffle,28,0.593377411365509,0.027076244354248047,0.027076244354248047,0.35394835472106934,0.35394835472106934,False,681,2027
shuffle,29,0.7196763753890991,-0.1556861400604248,0.1556861400604248,-1.1421730518341064,1.1421730518341064,False,681,2027
uniform,0,0.6699555516242981,-0.15819543600082397,0.15819543600082397,-0.9996641278266907,0.9996641278266907,False,684,2027
shuffle,0,0.8274543881416321,-0.381408154964447,0.381408154964447,-1.9501002430915833,1.9501002430915833,True,684,2027
shuffle,1,0.7869610786437988,-0.18405336141586304,0.18405336141586304,-1.1227595806121826,1.1227595806121826,False,684,2027
shuffle,2,0.8045850992202759,-0.17079591751098633,0.17079591751098633,-1.0604043006896973,1.0604043006896973,False,684,2027
shuffle,3,0.8872913718223572,-0.09983187913894653,0.09983187913894653,-0.6940079927444458,0.6940079927444458,False,684,2027
shuffle,4,0.7489588260650635,-0.1165471076965332,0.1165471076965332,-0.786347508430481,0.786347508430481,False,684,2027
shuffle,5,0.8871774673461914,-0.09404313564300537,0.09404313564300537,-0.6609359979629517,0.6609359979629517,False,684,2027
shuffle,6,0.8032883405685425,-0.6189554035663605,0.6189554035663605,-2.9965637922286987,2.9965637922286987,True,684,2027
shuffle,7,0.9128784537315369,0.051143527030944824,0.051143527030944824,0.560602068901062,0.560602068901062,False,684,2027
shuffle,8,0.8194552063941956,-0.10943442583084106,0.10943442583084106,-0.7476001977920532,0.7476001977920532,False,684,2027
shuffle,9,0.8505586385726929,-0.034458816051483154,0.034458816051483154,-0.27667176723480225,0.27667176723480225,False,684,2027
shuffle,10,0.9007237553596497,-0.06952214241027832,0.06952214241027832,-0.5135427713394165,0.5135427713394165,False,684,2027
shuffle,11,0.9028933048248291,-0.22116082906723022,0.22116082906723022,-1.290238857269287,1.290238857269287,False,684,2027
shuffle,12,0.8907856941223145,-0.0643315315246582,0.0643315315246582,-0.4806286096572876,0.4806286096572876,False,684,2027
shuffle,13,0.9231107234954834,-0.33663684129714966,0.33663684129714966,-1.7707965821027756,1.7707965821027756,False,684,2027
shuffle,14,0.8284160494804382,-0.008679568767547607,0.008679568767547607,-0.07499885559082031,0.07499885559082031,False,684,2027
shuffle,15,0.8302344083786011,-0.32331281900405884,0.32331281900405884,-1.7171408534049988,1.7171408534049988,False,684,2027
shuffle,16,0.8985718488693237,0.05085742473602295,0.05085742473602295,0.5566362142562866,0.5566362142562866,False,684,2027
shuffle,17,0.9357277154922485,-0.3999156355857849,0.3999156355857849,-2.024256430566311,2.024256430566311,True,684,2027
shuffle,18,0.9415451884269714,-0.15235990285873413,0.15235990285873413,-0.9709991216659546,0.9709991216659546,False,684,2027
shuffle,19,0.7780535221099854,-0.07263398170471191,0.07263398170471191,-0.532965898513794,0.532965898513794,False,684,2027
shuffle,20,0.851038932800293,-0.13164061307907104,0.13164061307907104,-0.8661514520645142,0.8661514520645142,False,684,2027
shuffle,21,0.9157973527908325,-0.0724952220916748,0.0724952220916748,-0.5321043729782104,0.5321043729782104,False,684,2027
shuffle,22,0.8358863592147827,-0.21836328506469727,0.21836328506469727,-1.2779264450073242,1.2779264450073242,False,684,2027
shuffle,23,0.8550650477409363,-0.6801915168762207,0.6801915168762207,-3.353920340538025,3.353920340538025,True,684,2027
shuffle,24,0.7960617542266846,-0.0781170129776001,0.0781170129776001,-0.5666526556015015,0.5666526556015015,False,684,2027
shuffle,25,0.840606689453125,-0.014808118343353271,0.014808118343353271,-0.12559735774993896,0.12559735774993896,False,684,2027
shuffle,26,0.8972737789154053,0.06941115856170654,0.06941115856170654,0.8465255498886108,0.8465255498886108,False,684,2027
shuffle,27,0.9062082767486572,-0.2938043475151062,0.2938043475151062,-1.5972164273262024,1.5972164273262024,False,684,2027
shuffle,28,0.2588995695114136,0.041498661041259766,0.041498661041259766,0.4336918592453003,0.4336918592453003,False,684,2027
shuffle,29,0.8017138242721558,-0.056294143199920654,0.056294143199920654,-0.4283115863800049,0.4283115863800049,False,684,2027
uniform,0,0.7760286927223206,0.028916001319885254,0.028916001319885254,0.11925560235977173,0.11925560235977173,False,689,2027
shuffle,0,0.9204111099243164,-0.06203901767730713,0.06203901767730713,-0.25015534460544586,0.25015534460544586,False,689,2027
shuffle,1,0.968098521232605,-0.005985617637634277,0.005985617637634277,-0.02440589666366577,0.02440589666366577,False,689,2027
shuffle,2,0.7489031553268433,-0.13440197706222534,0.13440197706222534,-0.5409292280673981,0.5409292280673981,True,689,2027
shuffle,3,0.9709698557853699,0.20539826154708862,0.20539826154708862,0.9603187739849091,0.9603187739849091,False,689,2027
shuffle,4,0.7560132145881653,-0.10729506611824036,0.10729506611824036,-0.43142247200012207,0.43142247200012207,True,689,2027
shuffle,5,0.9403177499771118,0.1688750982284546,0.1688750982284546,0.7603510320186615,0.7603510320186615,False,689,2027
shuffle,6,0.9247142672538757,0.011670172214508057,0.011670172214508057,0.04783794283866882,0.04783794283866882,False,689,2027
shuffle,7,0.7444024085998535,0.03948456048965454,0.03948456048965454,0.1635235846042633,0.1635235846042633,False,689,2027
shuffle,8,0.962913453578949,-0.06968951225280762,0.06968951225280762,-0.2807623967528343,0.2807623967528343,False,689,2027
shuffle,9,0.9276875257492065,-0.05401718616485596,0.05401718616485596,-0.21804279088974,0.21804279088974,False,689,2027
shuffle,10,0.9539558291435242,-0.17113089561462402,0.17113089561462402,-0.6918720602989197,0.6918720602989197,True,689,2027
shuffle,11,0.9159616231918335,0.0693095326423645,0.0693095326423645,0.2910003364086151,0.2910003364086151,False,689,2027
shuffle,12,0.9499983191490173,-0.0532834529876709,0.0532834529876709,-0.21510393917560577,0.21510393917560577,False,689,2027
shuffle,13,0.9526338577270508,-0.10917046666145325,0.10917046666145325,-0.43896400928497314,0.43896400928497314,True,689,2027
shuffle,14,0.8906835317611694,-0.052452802658081055,0.052452802658081055,-0.21177656203508377,0.21177656203508377,False,689,2027
shuffle,15,0.938470721244812,0.10712867975234985,0.10712867975234985,0.45968493819236755,0.45968493819236755,False,689,2027
shuffle,16,0.9210286140441895,0.028629064559936523,0.028629064559936523,0.11805933713912964,0.11805933713912964,False,689,2027
shuffle,17,0.8273814916610718,0.15114223957061768,0.15114223957061768,0.6699605882167816,0.6699605882167816,False,689,2027
shuffle,18,0.9429441094398499,-0.06732189655303955,0.06732189655303955,-0.27129127085208893,0.27129127085208893,False,689,2027
shuffle,19,0.9364550709724426,0.1415908932685852,0.1415908932685852,0.6227613985538483,0.6227613985538483,False,689,2027
shuffle,20,0.9363016486167908,0.04623287916183472,0.04623287916183472,0.19201743602752686,0.19201743602752686,False,689,2027
shuffle,21,0.9765693545341492,-0.07991290092468262,0.07991290092468262,-0.3216586485505104,0.3216586485505104,True,689,2027
shuffle,22,0.9727325439453125,-0.06012451648712158,0.06012451648712158,-0.24249382317066193,0.24249382317066193,False,689,2027
shuffle,23,0.9628628492355347,-0.14822104573249817,0.14822104573249817,-0.5972968339920044,0.5972968339920044,True,689,2027
shuffle,24,0.9390596747398376,0.05209493637084961,0.05209493637084961,0.21692541241645813,0.21692541241645813,False,689,2027
shuffle,25,0.8137402534484863,0.14457249641418457,0.14457249641418457,0.6373912990093231,0.6373912990093231,False,689,2027
shuffle,26,0.8945240378379822,-0.14701774716377258,0.14701774716377258,-0.5923704504966736,0.5923704504966736,True,689,2027
shuffle,27,0.9562903642654419,0.09938305616378784,0.09938305616378784,0.42436960339546204,0.42436960339546204,False,689,2027
shuffle,28,0.9545921087265015,0.14212566614151,0.14212566614151,0.6253785789012909,0.6253785789012909,False,689,2027
shuffle,29,0.9277687072753906,0.01602494716644287,0.01602494716644287,0.06578454375267029,0.06578454375267029,False,689,2027
uniform,0,0.7338369488716125,-0.21396848559379578,0.21396848559379578,-0.8698116540908813,0.8698116540908813,True,692,2027
shuffle,0,0.9359843730926514,-0.40681999921798706,0.40681999921798706,-1.845616102218628,1.845616102218628,True,692,2027
shuffle,1,0.9126900434494019,-0.3755219727754593,0.3755219727754593,-1.6527245044708252,1.6527245044708252,True,692,2027
shuffle,2,0.9209614992141724,-0.30480584502220154,0.30480584502220154,-1.278839886188507,1.278839886188507,True,692,2027
shuffle,3,0.961822509765625,-0.351449653506279,0.351449653506279,-1.5174864530563354,1.5174864530563354,True,692,2027
shuffle,4,0.8903103470802307,-0.242953360080719,0.242953360080719,-0.9946380853652954,0.9946380853652954,True,692,2027
shuffle,5,0.9242492318153381,-0.2242288589477539,0.2242288589477539,-0.9135311841964722,0.9135311841964722,True,692,2027
shuffle,6,0.9281132817268372,-0.2726638913154602,0.2726638913154602,-1.127563714981079,1.127563714981079,True,692,2027
shuffle,7,0.8820797204971313,-0.16165310144424438,0.16165310144424438,-0.6529136896133423,0.6529136896133423,True,692,2027
shuffle,8,0.5340681076049805,-0.24779587984085083,0.24779587984085083,-1.0159237384796143,1.0159237384796143,True,692,2027
shuffle,9,0.8380466103553772,-0.056625962257385254,0.056625962257385254,-0.23092514276504517,0.23092514276504517,False,692,2027
shuffle,10,0.8972445726394653,-0.1228293776512146,0.1228293776512146,-0.496161051094532,0.496161051094532,True,692,2027
shuffle,11,0.9044910073280334,-0.24826914072036743,0.24826914072036743,-1.0180112719535828,1.0180112719535828,True,692,2027
shuffle,12,0.9271993041038513,-0.33354148268699646,0.33354148268699646,-1.4226734638214111,1.4226734638214111,True,692,2027
shuffle,13,0.8613157272338867,0.0845298171043396,0.0845298171043396,0.3671116828918457,0.3671116828918457,False,692,2027
shuffle,14,0.9149597883224487,0.13609427213668823,0.13609427213668823,0.6158753633499146,0.6158753633499146,False,692,2027
shuffle,15,0.9265788197517395,-0.3355206251144409,0.3355206251144409,-1.4329379796981812,1.4329379796981812,True,692,2027
shuffle,16,0.8805989027023315,-0.34633736312389374,0.34633736312389374,-1.4899612665176392,1.4899612665176392,True,692,2027
shuffle,17,0.8998624682426453,0.11236172914505005,0.11236172914505005,0.4981984496116638,0.4981984496116638,False,692,2027
shuffle,18,0.903063952922821,-0.19692176580429077,0.19692176580429077,-0.7981444001197815,0.7981444001197815,True,692,2027
shuffle,19,0.9160178303718567,-0.30232539772987366,0.30232539772987366,-1.266837477684021,1.266837477684021,True,692,2027
shuffle,20,0.8538446426391602,0.06468379497528076,0.06468379497528076,0.27733099460601807,0.27733099460601807,False,692,2027
shuffle,21,0.9164397716522217,-0.34230825304985046,0.34230825304985046,-1.4685333967208862,1.4685333967208862,True,692,2027
shuffle,22,0.9269669651985168,-0.2910572290420532,0.2910572290420532,-1.2130413055419922,1.2130413055419922,True,692,2027
shuffle,23,0.4542832374572754,-0.14258337020874023,0.14258337020874023,-0.5756303817033768,0.5756303817033768,True,692,2027
shuffle,24,0.8605596423149109,0.07336229085922241,0.07336229085922241,0.3162553906440735,0.3162553906440735,False,692,2027
shuffle,25,0.9395573139190674,-0.2610052227973938,0.2610052227973938,-1.0747115015983582,1.0747115015983582,True,692,2027
shuffle,26,0.918215274810791,-0.12341132760047913,0.12341132760047913,-0.4984958618879318,0.4984958618879318,True,692,2027
shuffle,27,0.8960863947868347,-0.22387266159057617,0.22387266159057617,-0.9120054841041565,0.9120054841041565,True,692,2027
shuffle,28,0.8965638279914856,-0.3283858001232147,0.3283858001232147,-1.3961663246154785,1.3961663246154785,True,692,2027
shuffle,29,0.933374285697937,-0.2835012972354889,0.2835012972354889,-1.1775957942008972,1.1775957942008972,True,692,2027
uniform,0,0.6708083748817444,-0.4170469641685486,0.4170469641685486,-2.7344917356967926,2.7344917356967926,False,695,2027
shuffle,0,0.8383119106292725,-0.5957066714763641,0.5957066714763641,-3.468502402305603,3.468502402305603,True,695,2027
shuffle,1,0.8715615272521973,-0.37651145458221436,0.37651145458221436,-2.570722818374634,2.570722818374634,False,695,2027
shuffle,2,0.8436909317970276,-0.22427958250045776,0.22427958250045776,-1.8982215523719788,1.8982215523719788,False,695,2027
shuffle,3,0.8844172954559326,-0.6535103023052216,0.6535103023052216,-3.7344409823417664,3.7344409823417664,True,695,2027
shuffle,4,0.748837411403656,-0.26081383228302,0.26081383228302,-2.0732396841049194,2.0732396841049194,False,695,2027
shuffle,5,0.3528481125831604,-0.08604347705841064,0.08604347705841064,-1.0390549898147583,1.0390549898147583,False,695,2027
shuffle,6,0.8960201740264893,-0.4917711913585663,0.4917711913585663,-3.0340501368045807,3.0340501368045807,True,695,2027
shuffle,7,0.8107264041900635,-0.5687337815761566,0.5687337815761566,-3.351805567741394,3.351805567741394,True,695,2027
shuffle,8,0.8905553221702576,-0.49382656812667847,0.49382656812667847,-3.042346879839897,3.042346879839897,True,695,2027
shuffle,9,0.856776773929596,-0.6376197338104248,0.6376197338104248,-3.658700942993164,3.658700942993164,True,695,2027
shuffle,10,0.849676787853241,-0.09322202205657959,0.09322202205657959,-1.0971468687057495,1.0971468687057495,False,695,2027
shuffle,11,0.8033912181854248,-0.2958309054374695,0.2958309054374695,-2.2309678196907043,2.2309678196907043,False,695,2027
shuffle,12,0.8336864709854126,-0.6503423452377319,0.6503423452377319,-3.7191551327705383,3.7191551327705383,True,695,2027
shuffle,13,0.8901864290237427,-0.5000154078006744,0.5000154078006744,-3.067370653152466,3.067370653152466,True,695,2027
shuffle,14,0.9018315672874451,-0.6459812223911285,0.6459812223911285,-3.698267698287964,3.698267698287964,True,695,2027
shuffle,15,0.8794170618057251,-0.5513604581356049,0.5513604581356049,-3.278429627418518,3.278429627418518,True,695,2027
shuffle,16,0.85804283618927,-0.33852988481521606,0.33852988481521606,-2.4138922691345215,2.4138922691345215,False,695,2027
shuffle,17,0.8637708425521851,-0.49588915705680847,0.49588915705680847,-3.0506796687841415,3.0506796687841415,True,695,2027
shuffle,18,0.8102788925170898,-0.5138239860534668,0.5138239860534668,-3.1234643757343292,3.1234643757343292,True,695,2027
shuffle,19,0.8540639877319336,-0.22840124368667603,0.22840124368667603,-1.9186145663261414,1.9186145663261414,False,695,2027
shuffle,20,0.8653477430343628,-0.4613495171070099,0.4613495171070099,-2.9118433594703674,2.9118433594703674,True,695,2027
shuffle,21,0.22063785791397095,-0.017170071601867676,0.017170071601867676,-0.2907552719116211,0.2907552719116211,False,695,2027
shuffle,22,0.8857002258300781,-0.626551628112793,0.626551628112793,-3.60723215341568,3.60723215341568,True,695,2027
shuffle,23,0.8378702402114868,-0.777465432882309,0.777465432882309,-4.449091196060181,4.449091196060181,True,695,2027
shuffle,24,0.8029575347900391,-0.16349124908447266,0.16349124908447266,-1.571629524230957,1.571629524230957,False,695,2027
shuffle,25,0.8590226173400879,-0.38611334562301636,0.38611334562301636,-2.609768256545067,2.609768256545067,False,695,2027
shuffle,26,0.8971809148788452,-0.56737020611763,0.56737020611763,-3.346000522375107,3.346000522375107,True,695,2027
shuffle,27,0.7671967148780823,-0.10442578792572021,0.10442578792572021,-1.1833325624465942,1.1833325624465942,False,695,2027
shuffle,28,0.845281720161438,-0.5839892625808716,0.5839892625808716,-3.4173463582992554,3.4173463582992554,True,695,2027
shuffle,29,0.8734325766563416,-0.575421541929245,0.575421541929245,-3.380399227142334,3.380399227142334,True,695,2027
uniform,0,0.8041849136352539,-0.008316338062286377,0.008316338062286377,-2.783719062805176,2.783719062805176,False,711,2027
shuffle,0,0.9596259593963623,-0.003356337547302246,0.003356337547302246,-1.9594659805297852,1.9594659805297852,False,711,2027
shuffle,1,0.8635067939758301,-0.04004472494125366,0.04004472494125366,-4.337373733520508,4.337373733520508,False,711,2027
shuffle,2,0.8374379277229309,-0.0034500956535339355,0.0034500956535339355,-1.98325777053833,1.98325777053833,False,711,2027
shuffle,3,0.9856805205345154,-0.04221397638320923,0.04221397638320923,-4.391689300537109,4.391689300537109,False,711,2027
shuffle,4,0.9612287282943726,1.9073486328125e-06,1.9073486328125e-06,0.0033559799194335938,0.0033559799194335938,False,711,2027
shuffle,5,0.9550366997718811,-0.007130086421966553,0.007130086421966553,-2.6389288902282715,2.6389288902282715,False,711,2027
shuffle,6,0.9632429480552673,-0.0003914833068847656,0.0003914833068847656,-0.5358376502990723,0.5358376502990723,False,711,2027
shuffle,7,0.9851459264755249,-0.11181265115737915,0.11181265115737915,-5.43317174911499,5.43317174911499,False,711,2027
shuffle,8,0.8303037881851196,-0.01726233959197998,0.01726233959197998,-3.4902448654174805,3.4902448654174805,False,711,2027
shuffle,9,0.960426926612854,-0.008984923362731934,0.008984923362731934,-2.857065200805664,2.857065200805664,False,711,2027
shuffle,10,0.974199116230011,-0.0001766681671142578,0.0001766681671142578,-0.2775421142578125,0.2775421142578125,False,711,2027
shuffle,11,0.7394306063652039,-0.0010869503021240234,0.0010869503021240234,-1.0883960723876953,1.0883960723876953,False,711,2027
shuffle,12,0.9565957188606262,-0.007110953330993652,0.007110953330993652,-2.636415481567383,2.636415481567383,False,711,2027
shuffle,13,0.9791327714920044,-0.055312514305114746,0.055312514305114746,-4.672651290893555,4.672651290893555,False,711,2027
shuffle,14,0.958535373210907,-0.027214407920837402,0.027214407920837402,-3.9442355632781982,3.9442355632781982,False,711,2027
shuffle,15,0.6305961012840271,-0.0038604140281677246,0.0038604140281677246,-2.0812482833862305,2.0812482833862305,False,711,2027
shuffle,16,0.9744412899017334,-0.013938188552856445,0.013938188552856445,-3.2803430557250977,3.2803430557250977,False,711,2027
shuffle,17,0.9774845838546753,-0.02215886116027832,0.02215886116027832,-3.738071918487549,3.738071918487549,False,711,2027
shuffle,18,0.9511011242866516,-0.0697627067565918,0.0697627067565918,-4.918123483657837,4.918123483657837,False,711,2027
shuffle,19,0.9732741117477417,-0.056549251079559326,0.056549251079559326,-4.695858001708984,4.695858001708984,False,711,2027
shuffle,20,0.3884222209453583,-9.930133819580078e-05,9.930133819580078e-05,-0.16527271270751953,0.16527271270751953,False,711,2027
shuffle,21,0.9742753505706787,-0.08967214822769165,0.08967214822769165,-5.189083814620972,5.189083814620972,False,711,2027
shuffle,22,0.9858606457710266,-0.014338195323944092,0.014338195323944092,-3.3079824447631836,3.3079824447631836,False,711,2027
shuffle,23,0.9761968851089478,-0.037731826305389404,0.037731826305389404,-4.276305675506592,4.276305675506592,False,711,2027
shuffle,24,0.862091600894928,-0.0014268755912780762,0.0014268755912780762,-1.2771320343017578,1.2771320343017578,False,711,2027
shuffle,25,0.7265908122062683,0.00025856494903564453,0.00025856494903564453,0.6307144165039062,0.6307144165039062,False,711,2027
shuffle,26,0.9700958132743835,-0.06110662221908569,0.06110662221908569,-4.7774882316589355,4.7774882316589355,False,711,2027
shuffle,27,0.6467537879943848,-0.0009500384330749512,0.0009500384330749512,-1.0011024475097656,1.0011024475097656,False,711,2027
shuffle,28,0.9675485491752625,-0.0238572359085083,0.0238572359085083,-3.8119311332702637,3.8119311332702637,False,711,2027
shuffle,29,0.8690857887268066,-0.00040662288665771484,0.00040662288665771484,-0.5517921447753906,0.5517921447753906,False,711,2027
uniform,0,0.7483888268470764,-0.0015754103660583496,0.0015754103660583496,-1.908761978149414,1.908761978149414,False,721,2027
shuffle,0,0.09641855955123901,1.2159347534179688e-05,1.2159347534179688e-05,0.0454254150390625,0.0454254150390625,False,721,2027
shuffle,1,0.9214227795600891,-0.0005435943603515625,0.0005435943603515625,-1.091897964477539,1.091897964477539,False,721,2027
shuffle,2,0.9018527269363403,-0.0031964778900146484,0.0031964778900146484,-2.539628028869629,2.539628028869629,False,721,2027
shuffle,3,0.9160298109054565,-0.0007402896881103516,0.0007402896881103516,-1.3075628280639648,1.3075628280639648,False,721,2027
shuffle,4,0.9325377345085144,-0.0007976293563842773,0.0007976293563842773,-1.362605094909668,1.362605094909668,False,721,2027
shuffle,5,0.9540773630142212,-0.0031328201293945312,0.0031328201293945312,-2.5210485458374023,2.5210485458374023,False,721,2027
shuffle,6,0.9268553256988525,-0.00790107250213623,0.00790107250213623,-3.4010448455810547,3.4010448455810547,False,721,2027
shuffle,7,0.9537879228591919,-0.010449230670928955,0.010449230670928955,-3.6749181747436523,3.6749181747436523,False,721,2027
shuffle,8,0.9009584188461304,-0.0005657076835632324,0.0005657076835632324,-1.1185965538024902,1.1185965538024902,False,721,2027
shuffle,9,0.8893471360206604,-0.0031215548515319824,0.0031215548515319824,-2.5177202224731445,2.5177202224731445,False,721,2027
shuffle,10,0.9325377941131592,-0.007580161094665527,0.007580161094665527,-3.3606815338134766,3.3606815338134766,False,721,2027
shuffle,11,0.9340373277664185,-0.0007271766662597656,0.0007271766662597656,-1.294504165649414,1.294504165649414,False,721,2027
shuffle,12,0.9268553256988525,-0.01044696569442749,0.01044696569442749,-3.6747069358825684,3.6747069358825684,False,721,2027
shuffle,13,0.9268553256988525,-0.0007138848304748535,0.0007138848304748535,-1.2811851501464844,1.2811851501464844,False,721,2027
shuffle,14,0.8870648145675659,-0.0006429553031921387,0.0006429553031921387,-1.2066164016723633,1.2066164016723633,False,721,2027
shuffle,15,0.8409044146537781,-0.000674128532409668,0.000674128532409668,-1.2401399612426758,1.2401399612426758,False,721,2027
shuffle,16,0.9078245759010315,-0.0034738779067993164,0.0034738779067993164,-2.616793155670166,2.616793155670166,False,721,2027
shuffle,17,0.07259663939476013,4.410743713378906e-06,4.410743713378906e-06,0.016373634338378906,0.016373634338378906,False,721,2027
shuffle,18,0.9502953886985779,-0.0007342100143432617,0.0007342100143432617,-1.3014917373657227,1.3014917373657227,False,721,2027
shuffle,19,0.9448628425598145,-0.0103912353515625,0.0103912353515625,-3.669430732727051,3.669430732727051,False,721,2027
shuffle,20,0.8579481840133667,-0.0005050301551818848,0.0005050301551818848,-1.043623924255371,1.043623924255371,False,721,2027
shuffle,21,0.8798827528953552,-0.0008391141891479492,0.0008391141891479492,-1.4005746841430664,1.4005746841430664,False,721,2027
shuffle,22,0.9122478365898132,-0.0031515955924987793,0.0031515955924987793,-2.5265798568725586,2.5265798568725586,False,721,2027
shuffle,23,0.8823915719985962,-0.0030586719512939453,0.0030586719512939453,-2.4989757537841797,2.4989757537841797,False,721,2027
shuffle,24,0.9071047306060791,-0.0006527304649353027,0.0006527304649353027,-1.2172040939331055,1.2172040939331055,False,721,2027
shuffle,25,0.8981797099113464,-0.0007104277610778809,0.0007104277610778809,-1.2777023315429688,1.2777023315429688,False,721,2027
shuffle,26,0.9068153500556946,-0.0005717873573303223,0.0005717873573303223,-1.125807285308838,1.125807285308838,False,721,2027
shuffle,27,0.8747396469116211,-0.009063363075256348,0.009063363075256348,-3.5351476669311523,3.5351476669311523,False,721,2027
shuffle,28,0.9502954483032227,-0.003412604331970215,0.003412604331970215,-2.6002626419067383,2.6002626419067383,False,721,2027
shuffle,29,0.9129676222801208,-0.004170536994934082,0.004170536994934082,-2.787949562072754,2.787949562072754,False,721,2027
uniform,0,0.8149930834770203,-0.22779202461242676,0.22779202461242676,-2.803726553916931,2.803726553916931,False,730,2027
shuffle,0,0.9725637435913086,-0.19409751892089844,0.19409751892089844,-2.613468647003174,2.613468647003174,False,730,2027
shuffle,1,0.9658083319664001,-0.19747799634933472,0.19747799634933472,-2.6334781646728516,2.6334781646728516,False,730,2027
shuffle,2,0.9244762063026428,-0.17017948627471924,0.17017948627471924,-2.464759588241577,2.464759588241577,False,730,2027
shuffle,3,0.8437907695770264,-0.31411564350128174,0.31411564350128174,-3.2249417901039124,3.2249417901039124,False,730,2027
shuffle,4,0.9676942825317383,-0.17555439472198486,0.17555439472198486,-2.499354600906372,2.499354600906372,False,730,2027
shuffle,5,0.9495694041252136,-0.14005649089813232,0.14005649089813232,-2.2553383111953735,2.2553383111953735,False,730,2027
shuffle,6,0.8564450144767761,-0.024003982543945312,0.024003982543945312,-0.8267316818237305,0.8267316818237305,False,730,2027
shuffle,7,0.29107755422592163,-0.01930457353591919,0.01930457353591919,-0.7075643539428711,0.7075643539428711,False,730,2027
shuffle,8,0.9298884868621826,-0.12718850374221802,0.12718850374221802,-2.1560657024383545,2.1560657024383545,False,730,2027
shuffle,9,0.9603360295295715,-0.6172942519187927,0.6172942519187927,-4.478292763233185,4.478292763233185,True,730,2027
shuffle,10,0.970160961151123,-0.25068849325180054,0.25068849325180054,-2.923162043094635,2.923162043094635,False,730,2027
shuffle,11,0.9689592123031616,-0.4527983069419861,0.4527983069419861,-3.8058898746967316,3.8058898746967316,False,730,2027
shuffle,12,0.966205358505249,-0.06414562463760376,0.06414562463760376,-1.5231528282165527,1.5231528282165527,False,730,2027
shuffle,13,0.84930819272995,-0.3827778100967407,0.3827778100967407,-3.520829528570175,3.520829528570175,False,730,2027
shuffle,14,0.9772489070892334,-0.1883978247642517,0.1883978247642517,-2.57920241355896,2.57920241355896,False,730,2027
shuffle,15,0.9329241514205933,-0.5857194364070892,0.5857194364070892,-4.344074338674545,4.344074338674545,True,730,2027
shuffle,16,0.8718055486679077,-0.14129477739334106,0.14129477739334106,-2.264542818069458,2.264542818069458,False,730,2027
shuffle,17,0.961550772190094,-0.4199349284172058,0.4199349284172058,-3.673355460166931,3.673355460166931,False,730,2027
shuffle,18,0.9756323099136353,-0.15324729681015015,0.15324729681015015,-2.3505815267562866,2.3505815267562866,False,730,2027
shuffle,19,0.9646162986755371,-0.16962504386901855,0.16962504386901855,-2.4611483812332153,2.4611483812332153,False,730,2027
shuffle,20,0.9241991639137268,-0.06213986873626709,0.06213986873626709,-1.4967002868652344,1.4967002868652344,False,730,2027
shuffle,21,0.9709861278533936,-0.4890962541103363,0.4890962541103363,-3.951198600232601,3.951198600232601,True,730,2027
shuffle,22,0.966130256652832,-0.5113253891468048,0.5113253891468048,-4.040268465876579,4.040268465876579,True,730,2027
shuffle,23,0.7531681060791016,-0.019618570804595947,0.019618570804595947,-0.7159478664398193,0.7159478664398193,False,730,2027
shuffle,24,0.8477552533149719,-0.24975919723510742,0.24975919723510742,-2.918444275856018,2.918444275856018,False,730,2027
shuffle,25,0.9632993936538696,-0.8558266758918762,0.8558266758918762,-5.86579966545105,5.86579966545105,True,730,2027
shuffle,26,0.9514354467391968,-0.15187519788742065,0.15187519788742065,-2.3409502506256104,2.3409502506256104,False,730,2027
shuffle,27,0.8114804625511169,-0.09448748826980591,0.09448748826980591,-1.8662700653076172,1.8662700653076172,False,730,2027
shuffle,28,0.9355830550193787,-0.17607945203781128,0.17607945203781128,-2.5026954412460327,2.5026954412460327,False,730,2027
shuffle,29,0.8399127721786499,-0.791324108839035,0.791324108839035,-5.3722275495529175,5.3722275495529175,True,730,2027
uniform,0,0.671860933303833,-0.2454763650894165,0.2454763650894165,-1.750875174999237,1.750875174999237,False,731,2027
shuffle,0,0.8899312615394592,-0.5397419333457947,0.5397419333457947,-2.9693798422813416,2.9693798422813416,True,731,2027
shuffle,1,0.23362550139427185,0.00016641616821289062,0.00016641616821289062,0.0023717880249023438,0.0023717880249023438,False,731,2027
shuffle,2,0.8853474855422974,-0.046669840812683105,0.046669840812683105,-0.530536413192749,0.530536413192749,False,731,2027
shuffle,3,0.8849731683731079,-0.4968901574611664,0.4968901574611664,-2.7915173768997192,2.7915173768997192,True,731,2027
shuffle,4,0.896304190158844,-0.3167001008987427,0.3167001008987427,-2.061889350414276,2.061889350414276,False,731,2027
shuffle,5,0.9180049896240234,-0.37848901748657227,0.37848901748657227,-2.315314918756485,2.315314918756485,False,731,2027
shuffle,6,0.743272602558136,-0.5356753170490265,0.5356753170490265,-2.9522259533405304,2.9522259533405304,True,731,2027
shuffle,7,0.773707926273346,-0.3538600206375122,0.3538600206375122,-2.215442180633545,2.215442180633545,False,731,2027
shuffle,8,0.16407650709152222,-0.011119961738586426,0.011119961738586426,-0.14864206314086914,0.14864206314086914,False,731,2027
shuffle,9,0.8492116332054138,-0.27610599994659424,0.27610599994659424,-1.8880733251571655,1.8880733251571655,False,731,2027
shuffle,10,0.7615056037902832,-0.24135375022888184,0.24135375022888184,-1.7319108843803406,1.7319108843803406,False,731,2027
shuffle,11,0.8624634146690369,-0.4352424442768097,0.4352424442768097,-2.5428410917520523,2.5428410917520523,True,731,2027
shuffle,12,0.7287676334381104,-0.29073190689086914,0.29073190689086914,-1.951604425907135,1.951604425907135,False,731,2027
shuffle,13,0.7770599722862244,-0.13690942525863647,0.13690942525863647,-1.190409541130066,1.190409541130066,False,731,2027
shuffle,14,0.7880972027778625,-0.14810585975646973,0.14810585975646973,-1.2559857368469238,1.2559857368469238,False,731,2027
shuffle,15,0.8480092883110046,-0.5653944313526154,0.5653944313526154,-3.0792890787124634,3.0792890787124634,True,731,2027
shuffle,16,0.8940895795822144,-0.45258551836013794,0.45258551836013794,-2.6123307198286057,2.6123307198286057,True,731,2027
shuffle,17,0.7615704536437988,-0.27278125286102295,0.27278125286102295,-1.8734675645828247,1.8734675645828247,False,731,2027
shuffle,18,0.8860199451446533,-0.2924489974975586,0.2924489974975586,-1.9589906334877014,1.9589906334877014,False,731,2027
shuffle,19,0.8521816730499268,-0.3874019384384155,0.3874019384384155,-2.3512094914913177,2.3512094914913177,False,731,2027
shuffle,20,0.864899754524231,-0.5488061010837555,0.5488061010837555,-3.0078651309013367,3.0078651309013367,True,731,2027
shuffle,21,0.732741117477417,-0.16023510694503784,0.16023510694503784,-1.324448823928833,1.324448823928833,False,731,2027
shuffle,22,0.9134878516197205,-0.19125473499298096,0.19125473499298096,-1.4892804622650146,1.4892804622650146,False,731,2027
shuffle,23,0.727530837059021,-0.32573169469833374,0.32573169469833374,-2.099610447883606,2.099610447883606,False,731,2027
shuffle,24,0.8361863493919373,-0.44213786721229553,0.44213786721229553,-2.5704472362995148,2.5704472362995148,True,731,2027
shuffle,25,0.7667783498764038,-0.2059304118156433,0.2059304118156433,-1.5629683136940002,1.5629683136940002,False,731,2027
shuffle,26,0.8560254573822021,-0.3256012201309204,0.3256012201309204,-2.0990676879882812,2.0990676879882812,False,731,2027
shuffle,27,0.7482305765151978,-0.23462516069412231,0.23462516069412231,-1.70067298412323,1.70067298412323,False,731,2027
shuffle,28,0.8961424827575684,-0.5844066143035889,0.5844066143035889,-3.162975490093231,3.162975490093231,True,731,2027
shuffle,29,0.7770599722862244,-0.32134395837783813,0.32134395837783813,-2.0813213884830475,2.0813213884830475,False,731,2027
uniform,0,0.7379562854766846,-0.01759546995162964,0.01759546995162964,-1.7837648391723633,1.7837648391723633,False,744,2027
shuffle,0,0.9369436502456665,-0.08691775798797607,0.08691775798797607,-3.307891368865967,3.307891368865967,False,744,2027
shuffle,1,0.9830504655838013,-0.0202752947807312,0.0202752947807312,-1.9054040908813477,1.9054040908813477,False,744,2027
shuffle,2,0.9852283000946045,-0.013861596584320068,0.013861596584320068,-1.5864777565002441,1.5864777565002441,False,744,2027
shuffle,3,0.052972689270973206,0.00021070241928100586,0.00021070241928100586,0.06000566482543945,0.06000566482543945,False,744,2027
shuffle,4,0.9852282404899597,-0.028680801391601562,0.028680801391601562,-2.2153491973876953,2.2153491973876953,False,744,2027
shuffle,5,0.9391214847564697,-0.014989078044891357,0.014989078044891357,-1.6500911712646484,1.6500911712646484,False,744,2027
shuffle,6,0.9852282404899597,-0.020334243774414062,0.020334243774414062,-1.9079289436340332,1.9079289436340332,False,744,2027
shuffle,7,0.9369436502456665,-0.026118159294128418,0.026118159294128418,-2.130072593688965,2.130072593688965,False,744,2027
shuffle,8,0.9830504655838013,-0.028887569904327393,0.028887569904327393,-2.2219457626342773,2.2219457626342773,False,744,2027
shuffle,9,0.05079486966133118,0.0002983212471008301,0.0002983212471008301,0.08601808547973633,0.08601808547973633,False,744,2027
shuffle,10,0.9805401563644409,-0.02111518383026123,0.02111518383026123,-1.9407939910888672,1.9407939910888672,False,744,2027
shuffle,11,0.9369436502456665,-0.08507645130157471,0.08507645130157471,-3.2853243350982666,3.2853243350982666,False,744,2027
shuffle,12,0.052972692996263504,0.0003184676170349121,0.0003184676170349121,0.09212923049926758,0.09212923049926758,False,744,2027
shuffle,13,0.9369436502456665,-0.08609479665756226,0.08609479665756226,-3.2978568077087402,3.2978568077087402,False,744,2027
shuffle,14,0.9830504655838013,-0.0202752947807312,0.0202752947807312,-1.9054040908813477,1.9054040908813477,False,744,2027
shuffle,15,0.9369436502456665,-0.014961540699005127,0.014961540699005127,-1.6485798358917236,1.6485798358917236,False,744,2027
shuffle,16,0.004688129760324955,9.5367431640625e-07,9.5367431640625e-07,0.00023794174194335938,0.00023794174194335938,False,744,2027
shuffle,17,0.9391214847564697,-0.015087485313415527,0.015087485313415527,-1.6554646492004395,1.6554646492004395,False,744,2027
shuffle,18,0.9369436502456665,-0.018447160720825195,0.018447160720825195,-1.8239738941192627,1.8239738941192627,False,744,2027
shuffle,19,0.9391214847564697,-0.026003539562225342,0.026003539562225342,-2.1260921955108643,2.1260921955108643,False,744,2027
shuffle,20,0.9391214847564697,-0.026003539562225342,0.026003539562225342,-2.1260921955108643,2.1260921955108643,False,744,2027
shuffle,21,0.048284560441970825,0.00019234418869018555,0.00019234418869018555,0.05460309982299805,0.05460309982299805,False,744,2027
shuffle,22,0.9391214847564697,-0.012069642543792725,0.012069642543792725,-1.4765715599060059,1.4765715599060059,False,744,2027
shuffle,23,0.050794873386621475,0.00032079219818115234,0.00032079219818115234,0.09283113479614258,0.09283113479614258,False,744,2027
shuffle,24,0.9830504059791565,-0.020458579063415527,0.020458579063415527,-1.9132306575775146,1.9132306575775146,False,744,2027
shuffle,25,0.9830504059791565,-0.020604372024536133,0.020604372024536133,-1.9194133281707764,1.9194133281707764,False,744,2027
shuffle,26,0.9830504059791565,-0.013883590698242188,0.013883590698242188,-1.5877556800842285,1.5877556800842285,False,744,2027
shuffle,27,0.048284560441970825,0.00018143653869628906,0.00018143653869628906,0.0514378547668457,0.0514378547668457,False,744,2027
shuffle,28,0.050794873386621475,0.00032079219818115234,0.00032079219818115234,0.09283113479614258,0.09283113479614258,False,744,2027
shuffle,29,0.9852282404899597,-0.014059841632843018,0.014059841632843018,-1.597951889038086,1.597951889038086,False,744,2027
uniform,0,0.7571347951889038,-0.010691940784454346,0.010691940784454346,-2.131161689758301,2.131161689758301,False,747,2027
shuffle,0,0.8162057399749756,-0.004198908805847168,0.004198908805847168,-1.3601322174072266,1.3601322174072266,False,747,2027
shuffle,1,0.9402830600738525,-0.028077900409698486,0.028077900409698486,-3.037214994430542,3.037214994430542,False,747,2027
shuffle,2,0.9244146943092346,-0.01567608118057251,0.01567608118057251,-2.4799728393554688,2.4799728393554688,False,747,2027
shuffle,3,0.859196126461029,-0.011807680130004883,0.011807680130004883,-2.22015380859375,2.22015380859375,False,747,2027
shuffle,4,0.9338264465332031,-0.0029293298721313477,0.0029293298721313477,-1.104680061340332,1.104680061340332,False,747,2027
shuffle,5,0.872761070728302,-0.01896458864212036,0.01896458864212036,-2.6588997840881348,2.6588997840881348,False,747,2027
shuffle,6,0.9605525135993958,-0.0055786967277526855,0.0055786967277526855,-1.5797977447509766,1.5797977447509766,False,747,2027
shuffle,7,0.8449084162712097,-0.025801658630371094,0.025801658630371094,-2.954674243927002,2.954674243927002,False,747,2027
shuffle,8,0.9675692319869995,-0.02530992031097412,0.02530992031097412,-2.9359660148620605,2.9359660148620605,False,747,2027
shuffle,9,0.8900397419929504,-0.015145719051361084,0.015145719051361084,-2.447988986968994,2.447988986968994,False,747,2027
shuffle,10,0.974323570728302,-0.018215537071228027,0.018215537071228027,-2.620767593383789,2.620767593383789,False,747,2027
shuffle,11,0.5634854435920715,-0.004485964775085449,0.004485964775085449,-1.4099183082580566,1.4099183082580566,False,747,2027
shuffle,12,0.9065792560577393,-0.01676046848297119,0.01676046848297119,-2.542447090148926,2.542447090148926,False,747,2027
shuffle,13,0.8104270696640015,-0.013062775135040283,0.013062775135040283,-2.3118247985839844,2.3118247985839844,False,747,2027
shuffle,14,0.8201236128807068,-0.00972127914428711,0.00972127914428711,-2.0469183921813965,2.0469183921813965,False,747,2027
shuffle,15,0.9246494770050049,-0.00737154483795166,0.00737154483795166,-1.8085746765136719,1.8085746765136719,False,747,2027
shuffle,16,0.9827201962471008,-0.00930929183959961,0.00930929183959961,-2.008953094482422,2.008953094482422,False,747,2027
shuffle,17,0.8585930466651917,-0.0039612650871276855,0.0039612650871276855,-1.316965103149414,1.316965103149414,False,747,2027
shuffle,18,0.820754885673523,-0.026214301586151123,0.026214301586151123,-2.970123291015625,2.970123291015625,False,747,2027
shuffle,19,0.7497445940971375,-0.005980789661407471,0.005980789661407471,-1.6357665061950684,1.6357665061950684,False,747,2027
shuffle,20,0.803987443447113,-0.014020383358001709,0.014020383358001709,-2.376667022705078,2.376667022705078,False,747,2027
shuffle,21,0.8350216746330261,-0.005212128162384033,0.005212128162384033,-1.5259222984313965,1.5259222984313965,False,747,2027
shuffle,22,0.9660026431083679,-0.003084897994995117,0.003084897994995117,-1.1396965980529785,1.1396965980529785,False,747,2027
shuffle,23,0.9473099708557129,-0.015600979328155518,0.015600979328155518,-2.4755077362060547,2.4755077362060547,False,747,2027
shuffle,24,0.642921507358551,-0.0024846792221069336,0.0024846792221069336,-0.9973640441894531,0.9973640441894531,False,747,2027
shuffle,25,0.9749047756195068,-0.016263723373413086,0.016263723373413086,-2.5142922401428223,2.5142922401428223,False,747,2027
shuffle,26,0.6524429321289062,-0.0010691285133361816,0.0010691285133361816,-0.5511231422424316,0.5511231422424316,False,747,2027
shuffle,27,0.7674691081047058,-0.0038909316062927246,0.0038909316062927246,-1.3038520812988281,1.3038520812988281,False,747,2027
shuffle,28,0.9675726294517517,-0.0024530887603759766,0.0024530887603759766,-0.9893045425415039,0.9893045425415039,False,747,2027
shuffle,29,0.9158923029899597,-0.019795596599578857,0.019795596599578857,-2.6996347904205322,2.6996347904205322,False,747,2027
uniform,0,0.7746996283531189,-0.6027799844741821,0.6027799844741821,-2.9281315207481384,2.9281315207481384,True,748,2027
shuffle,0,0.9172927737236023,-0.5384198576211929,0.5384198576211929,-2.4371439814567566,2.4371439814567566,True,748,2027
shuffle,1,0.9572392702102661,-0.6016620099544525,0.6016620099544525,-2.9179686903953552,2.9179686903953552,True,748,2027
shuffle,2,0.21861541271209717,-0.10961967706680298,0.10961967706680298,-0.5018734335899353,0.5018734335899353,False,748,2027
shuffle,3,0.9588858485221863,-0.39106976985931396,0.39106976985931396,-1.6615411639213562,1.6615411639213562,True,748,2027
shuffle,4,0.8927130699157715,-0.41183122992515564,0.41183122992515564,-1.755962073802948,1.755962073802948,True,748,2027
shuffle,5,0.9657583236694336,-0.43573901057243347,0.43573901057243347,-1.868941605091095,1.868941605091095,True,748,2027
shuffle,6,0.854973554611206,-0.3467264771461487,0.3467264771461487,-1.4686985909938812,1.4686985909938812,True,748,2027
shuffle,7,0.9172239899635315,-0.7023938167840242,0.7023938167840242,-4.621183812618256,4.621183812618256,True,748,2027
shuffle,8,0.9546573162078857,-0.7088256161659956,0.7088256161659956,-4.916164338588715,4.916164338588715,True,748,2027
shuffle,9,0.8511584401130676,-0.6639613583683968,0.6639613583683968,-3.6658231616020203,3.6658231616020203,True,748,2027
shuffle,10,0.892519474029541,-0.4491581916809082,0.4491581916809082,-1.9347180724143982,1.9347180724143982,True,748,2027
shuffle,11,0.8839765787124634,-0.7079943548887968,0.7079943548887968,-4.8730189204216,4.8730189204216,True,748,2027
shuffle,12,0.9425587058067322,-0.6769676990807056,0.6769676990807056,-3.9063915610313416,3.9063915610313416,True,748,2027
shuffle,13,0.8835450410842896,-0.386168509721756,0.386168509721756,-1.6396820545196533,1.6396820545196533,True,748,2027
shuffle,14,0.8947194814682007,-0.35989347100257874,0.35989347100257874,-1.5248969197273254,1.5248969197273254,True,748,2027
shuffle,15,0.9670719504356384,-0.7089768946170807,0.7089768946170807,-4.924212396144867,4.924212396144867,True,748,2027
shuffle,16,0.8559796810150146,-0.6651765182614326,0.6651765182614326,-3.6862587332725525,3.6862587332725525,True,748,2027
shuffle,17,0.9486844539642334,-0.5328684449195862,0.5328684449195862,-2.401417553424835,2.401417553424835,True,748,2027
shuffle,18,0.9581167697906494,-0.3720433712005615,0.3720433712005615,-1.5775014758110046,1.5775014758110046,True,748,2027
shuffle,19,0.9724593162536621,-0.7131205070763826,0.7131205070763826,-5.173140466213226,5.173140466213226,True,748,2027
shuffle,20,0.9143547415733337,-0.493569552898407,0.493569552898407,-2.1679261326789856,2.1679261326789856,True,748,2027
shuffle,21,0.9626532793045044,-0.6794345639646053,0.6794345639646053,-3.958469331264496,3.958469331264496,True,748,2027
shuffle,22,0.1876952052116394,-0.016026973724365234,0.016026973724365234,-0.07952475547790527,0.07952475547790527,False,748,2027
shuffle,23,0.8997452855110168,-0.6549557074904442,0.6549557074904442,-3.5247010588645935,3.5247010588645935,True,748,2027
shuffle,24,0.9620526432991028,-0.5974857360124588,0.5974857360124588,-2.8806716799736023,2.8806716799736023,True,748,2027
shuffle,25,0.862417995929718,-0.4688035249710083,0.4688035249710083,-2.0346378684043884,2.0346378684043884,True,748,2027
shuffle,26,0.8036035299301147,-0.6958009004592896,0.6958009004592896,-4.385813415050507,4.385813415050507,True,748,2027
shuffle,27,0.8219231963157654,-0.6434878185391426,0.6434878185391426,-3.366543710231781,3.366543710231781,True,748,2027
shuffle,28,0.9535245895385742,-0.32922086119651794,0.32922086119651794,-1.3951115012168884,1.3951115012168884,True,748,2027
shuffle,29,0.9134073257446289,-0.6797819435596466,0.6797819435596466,-3.966003119945526,3.966003119945526,True,748,2027
uniform,0,0.7476306557655334,-0.10844665765762329,0.10844665765762329,-1.068897008895874,1.068897008895874,False,757,2027
shuffle,0,0.9183667898178101,-0.12961816787719727,0.12961816787719727,-1.2077184915542603,1.2077184915542603,False,757,2027
shuffle,1,0.8946319222450256,-0.11192154884338379,0.11192154884338379,-1.0925297737121582,1.0925297737121582,False,757,2027
shuffle,2,0.9480928182601929,-0.13408243656158447,0.13408243656158447,-1.2355384826660156,1.2355384826660156,False,757,2027
shuffle,3,0.93548583984375,-0.18136554956436157,0.18136554956436157,-1.5060616731643677,1.5060616731643677,False,757,2027
shuffle,4,0.8838358521461487,-0.20188385248184204,0.20188385248184204,-1.612597405910492,1.612597405910492,False,757,2027
shuffle,5,0.9147557020187378,-0.2568397521972656,0.2568397521972656,-1.8757065534591675,1.8757065534591675,False,757,2027
shuffle,6,0.9110769033432007,-0.17213255167007446,0.17213255167007446,-1.4562374353408813,1.4562374353408813,False,757,2027
shuffle,7,0.7896809577941895,-0.19880378246307373,0.19880378246307373,-1.5969440937042236,1.5969440937042236,False,757,2027
shuffle,8,0.6780440211296082,-0.13668912649154663,0.13668912649154663,-1.251571774482727,1.251571774482727,False,757,2027
shuffle,9,0.661031186580658,-0.16614192724227905,0.16614192724227905,-1.423211693763733,1.423211693763733,False,757,2027
shuffle,10,0.9270553588867188,-0.03149008750915527,0.03149008750915527,-0.4106132984161377,0.4106132984161377,False,757,2027
shuffle,11,0.9021050930023193,-0.13159966468811035,0.13159966468811035,-1.2201240062713623,1.2201240062713623,False,757,2027
shuffle,12,0.9091362953186035,-0.18383878469467163,0.18383878469467163,-1.5191986560821533,1.5191986560821533,False,757,2027
shuffle,13,0.9204307794570923,-0.06745481491088867,0.06745481491088867,-0.7574958801269531,0.7574958801269531,False,757,2027
shuffle,14,0.8986672759056091,-0.09814584255218506,0.09814584255218506,-0.9966297149658203,0.9966297149658203,False,757,2027
shuffle,15,0.9175193905830383,-0.09059244394302368,0.09059244394302368,-0.941342830657959,0.941342830657959,False,757,2027
shuffle,16,0.6494585871696472,-0.018772423267364502,0.018772423267364502,-0.2611830234527588,0.2611830234527588,False,757,2027
shuffle,17,0.6503691077232361,-0.028746306896209717,0.028746306896209717,-0.3798689842224121,0.3798689842224121,False,757,2027
shuffle,18,0.8790815472602844,-0.24055004119873047,0.24055004119873047,-1.8005378246307373,1.8005378246307373,False,757,2027
shuffle,19,0.7728248834609985,-0.13111913204193115,0.13111913204193115,-1.2171242237091064,1.2171242237091064,False,757,2027
shuffle,20,0.9297356009483337,-0.0601956844329834,0.0601956844329834,-0.6944375038146973,0.6944375038146973,False,757,2027
shuffle,21,0.9054399728775024,-0.007534384727478027,0.007534384727478027,-0.11183857917785645,0.11183857917785645,False,757,2027
shuffle,22,0.6335455775260925,0.02583235502243042,0.02583235502243042,0.4968681335449219,0.4968681335449219,False,757,2027
shuffle,23,0.9310048222541809,-0.11624068021774292,0.11624068021774292,-1.1214163303375244,1.1214163303375244,False,757,2027
shuffle,24,0.9272804856300354,-0.11560213565826416,0.11560213565826416,-1.1171786785125732,1.1171786785125732,False,757,2027
shuffle,25,0.9113772511482239,-0.13308292627334595,0.13308292627334595,-1.2293500900268555,1.2293500900268555,False,757,2027
shuffle,26,0.912589967250824,-0.08851516246795654,0.08851516246795654,-0.9257678985595703,0.9257678985595703,False,757,2027
shuffle,27,0.6202471256256104,-0.13112163543701172,0.13112163543701172,-1.217139720916748,1.217139720916748,False,757,2027
shuffle,28,0.9198910593986511,-0.06464874744415283,0.06464874744415283,-0.7334644794464111,0.7334644794464111,False,757,2027
shuffle,29,0.9030421376228333,-0.09119600057601929,0.09119600057601929,-0.9458370208740234,0.9458370208740234,False,757,2027
uniform,0,0.5065663456916809,-0.004006862640380859,0.004006862640380859,-1.2115888595581055,1.2115888595581055,False,778,2027
shuffle,0,0.752354085445404,-0.011699557304382324,0.011699557304382324,-2.072052478790283,2.072052478790283,False,778,2027
shuffle,1,0.6994737386703491,-0.00874638557434082,0.00874638557434082,-1.820281982421875,1.820281982421875,False,778,2027
shuffle,2,0.46283164620399475,-0.0037122368812561035,0.0037122368812561035,-1.1583690643310547,1.1583690643310547,False,778,2027
shuffle,3,0.3017290532588959,-0.0013017058372497559,0.0013017058372497559,-0.5677156448364258,0.5677156448364258,False,778,2027
shuffle,4,0.7089053392410278,-0.0038901567459106445,0.0038901567459106445,-1.1908464431762695,1.1908464431762695,False,778,2027
shuffle,5,0.36105069518089294,-0.0008065104484558105,0.0008065104484558105,-0.38749027252197266,0.38749027252197266,False,778,2027
shuffle,6,0.4587189853191376,-0.003283679485321045,0.003283679485321045,-1.0755605697631836,1.0755605697631836,False,778,2027
shuffle,7,0.49290797114372253,-0.0019600391387939453,0.0019600391387939453,-0.7661714553833008,0.7661714553833008,False,778,2027
shuffle,8,0.6889169812202454,-0.0021224021911621094,0.0021224021911621094,-0.8096237182617188,0.8096237182617188,False,778,2027
shuffle,9,0.6666088700294495,-0.0018532872200012207,0.0018532872200012207,-0.7365150451660156,0.7365150451660156,False,778,2027
shuffle,10,0.3245149552822113,-0.0022540688514709473,0.0022540688514709473,-0.8435378074645996,0.8435378074645996,False,778,2027
shuffle,11,0.6905380487442017,-0.002673029899597168,0.002673029899597168,-0.9444732666015625,0.9444732666015625,False,778,2027
shuffle,12,0.49489864706993103,-0.0015566349029541016,0.0015566349029541016,-0.6492490768432617,0.6492490768432617,False,778,2027
shuffle,13,0.517365038394928,-0.008123934268951416,0.008123934268951416,-1.7582683563232422,1.7582683563232422,False,778,2027
shuffle,14,0.6731887459754944,-0.002769172191619873,0.002769172191619873,-0.9662947654724121,0.9662947654724121,False,778,2027
shuffle,15,0.6771656274795532,-0.0014671683311462402,0.0014671683311462402,-0.6213846206665039,0.6213846206665039,False,778,2027
shuffle,16,0.48266685009002686,-0.0025690197944641113,0.0025690197944641113,-0.9203596115112305,0.9203596115112305,False,778,2027
shuffle,17,0.4896204471588135,-0.0015567541122436523,0.0015567541122436523,-0.6492977142333984,0.6492977142333984,False,778,2027
shuffle,18,0.6390222311019897,-0.0019632577896118164,0.0019632577896118164,-0.7670459747314453,0.7670459747314453,False,778,2027
shuffle,19,0.46614646911621094,-0.0009631514549255371,0.0009631514549255371,-0.4480476379394531,0.4480476379394531,False,778,2027
shuffle,20,0.3440343141555786,-0.000797569751739502,0.000797569751739502,-0.3839130401611328,0.3839130401611328,False,778,2027
shuffle,21,0.4932640492916107,-0.006925761699676514,0.006925761699676514,-1.6271071434020996,1.6271071434020996,False,778,2027
shuffle,22,0.47866690158843994,-0.0016197562217712402,0.0016197562217712402,-0.6684598922729492,0.6684598922729492,False,778,2027
shuffle,23,0.7364784479141235,-0.016623616218566895,0.016623616218566895,-2.3898544311523438,2.3898544311523438,False,778,2027
shuffle,24,0.35693803429603577,-0.0004903078079223633,0.0004903078079223633,-0.2528061866760254,0.2528061866760254,False,778,2027
shuffle,25,0.47902294993400574,-0.005866825580596924,0.005866825580596924,-1.4952020645141602,1.4952020645141602,False,778,2027
shuffle,26,0.6824440956115723,-0.0095633864402771,0.0095633864402771,-1.8963489532470703,1.8963489532470703,False,778,2027
shuffle,27,0.7080802321434021,-0.009059906005859375,0.009059906005859375,-1.850144386291504,1.850144386291504,False,778,2027
shuffle,28,0.6946911811828613,-0.0017627477645874023,0.0017627477645874023,-0.7106685638427734,0.7106685638427734,False,778,2027
shuffle,29,0.6609338521957397,-0.004935562610626221,0.004935562610626221,-1.3630928993225098,1.3630928993225098,False,778,2027
uniform,0,0.7290416955947876,-0.007090508937835693,0.007090508937835693,-0.805020809173584,0.805020809173584,False,780,2027
shuffle,0,0.8482542634010315,-0.0014725327491760254,0.0014725327491760254,-0.2274489402770996,0.2274489402770996,False,780,2027
shuffle,1,0.8893052339553833,0.0011428594589233398,0.0011428594589233398,0.22023630142211914,0.22023630142211914,False,780,2027
shuffle,2,0.8794312477111816,-0.03683459758758545,0.03683459758758545,-2.0313382148742676,2.0313382148742676,False,780,2027
shuffle,3,0.8735559582710266,0.0006282329559326172,0.0006282329559326172,0.1150960922241211,0.1150960922241211,False,780,2027
shuffle,4,0.10297870635986328,0.00101393461227417,0.00101393461227417,0.1928577423095703,0.1928577423095703,False,780,2027
shuffle,5,0.9172529578208923,-0.011732280254364014,0.011732280254364014,-1.117109775543213,1.117109775543213,False,780,2027
shuffle,6,0.08394238352775574,0.000492095947265625,0.000492095947265625,0.08901405334472656,0.08901405334472656,False,780,2027
shuffle,7,0.8784831762313843,-0.00018787384033203125,0.00018787384033203125,-0.032036781311035156,0.032036781311035156,False,780,2027
shuffle,8,0.9190722107887268,-0.0002129673957824707,0.0002129673957824707,-0.036240577697753906,0.036240577697753906,False,780,2027
shuffle,9,0.904487669467926,0.001258254051208496,0.001258254051208496,0.2453908920288086,0.2453908920288086,False,780,2027
shuffle,10,0.8960204720497131,-0.07438927888870239,0.07438927888870239,-2.702988624572754,2.702988624572754,False,780,2027
shuffle,11,0.8670397400856018,-0.035335421562194824,0.035335421562194824,-1.9939837455749512,1.9939837455749512,False,780,2027
shuffle,12,0.91469407081604,-0.007843077182769775,0.007843077182769775,-0.8624892234802246,0.8624892234802246,False,780,2027
shuffle,13,0.8712252378463745,-0.0012018084526062012,0.0012018084526062012,-0.1892862319946289,0.1892862319946289,False,780,2027
shuffle,14,0.9246925115585327,-0.07314801216125488,0.07314801216125488,-2.6860411167144775,2.6860411167144775,False,780,2027
shuffle,15,0.8803024291992188,-0.0006857514381408691,0.0006857514381408691,-0.11230182647705078,0.11230182647705078,False,780,2027
shuffle,16,0.8742597699165344,-0.004877030849456787,0.004877030849456787,-0.614509105682373,0.614509105682373,False,780,2027
shuffle,17,0.9332071542739868,-0.06945544481277466,0.06945544481277466,-2.634143829345703,2.634143829345703,False,780,2027
shuffle,18,0.09778261184692383,-0.0003291964530944824,0.0003291964530944824,-0.05547666549682617,0.05547666549682617,False,780,2027
shuffle,19,0.9001011848449707,-0.0017560720443725586,0.0017560720443725586,-0.2659444808959961,0.2659444808959961,False,780,2027
shuffle,20,0.9458892941474915,-0.00030237436294555664,0.00030237436294555664,-0.05105781555175781,0.05105781555175781,False,780,2027
shuffle,21,0.9489564299583435,-0.010885119438171387,0.010885119438171387,-1.066746711730957,1.066746711730957,False,780,2027
shuffle,22,0.9012196063995361,-0.001087188720703125,0.001087188720703125,-0.17269039154052734,0.17269039154052734,False,780,2027
shuffle,23,0.9224490523338318,0.0008285641670227051,0.0008285641670227051,0.15473175048828125,0.15473175048828125,False,780,2027
shuffle,24,0.900007426738739,-0.00661158561706543,0.00661158561706543,-0.7666969299316406,0.7666969299316406,False,780,2027
shuffle,25,0.8992355465888977,-0.03507184982299805,0.03507184982299805,-1.98728346824646,1.98728346824646,False,780,2027
shuffle,26,0.8747681379318237,-0.0015355944633483887,0.0015355944633483887,-0.23614978790283203,0.23614978790283203,False,780,2027
shuffle,27,0.11818835884332657,0.00021523237228393555,0.00021523237228393555,0.03795623779296875,0.03795623779296875,False,780,2027
shuffle,28,0.8796016573905945,0.0009375214576721191,0.0009375214576721191,0.17695903778076172,0.17695903778076172,False,780,2027
shuffle,29,0.8747122287750244,-0.012274026870727539,0.012274026870727539,-1.1480844020843506,1.1480844020843506,False,780,2027
uniform,0,0.6519289016723633,-0.005612313747406006,0.005612313747406006,-0.15367794036865234,0.15367794036865234,False,782,2027
shuffle,0,0.8877289295196533,-0.004184901714324951,0.004184901714324951,-0.11661052703857422,0.11661052703857422,False,782,2027
shuffle,1,0.7854328751564026,-0.055856287479400635,0.055856287479400635,-1.009660005569458,1.009660005569458,False,782,2027
shuffle,2,0.8355720639228821,-0.057084858417510986,0.057084858417510986,-1.0244121551513672,1.0244121551513672,False,782,2027
shuffle,3,0.7013649344444275,-0.000976860523223877,0.000976860523223877,-0.02836775779724121,0.02836775779724121,False,782,2027
shuffle,4,0.8325777649879456,-0.08622735738754272,0.08622735738754272,-1.3314200639724731,1.3314200639724731,False,782,2027
shuffle,5,0.8523465394973755,-0.02013850212097168,0.02013850212097168,-0.47327399253845215,0.47327399253845215,False,782,2027
shuffle,6,0.7362992167472839,-0.008149981498718262,0.008149981498718262,-0.21661615371704102,0.21661615371704102,False,782,2027
shuffle,7,0.8170550465583801,-0.000303804874420166,0.000303804874420166,-0.008901596069335938,0.008901596069335938,False,782,2027
shuffle,8,0.7502412796020508,0.007261872291564941,0.007261872291564941,0.23837995529174805,0.23837995529174805,False,782,2027
shuffle,9,0.8750036358833313,-0.030077219009399414,0.030077219009399414,-0.6489601135253906,0.6489601135253906,False,782,2027
shuffle,10,0.8536792397499084,-0.019945085048675537,0.019945085048675537,-0.46956777572631836,0.46956777572631836,False,782,2027
shuffle,11,0.8308231234550476,-0.053344547748565674,0.053344547748565674,-0.9789361953735352,0.9789361953735352,False,782,2027
shuffle,12,0.8466222882270813,-0.030750155448913574,0.030750155448913574,-0.6599323749542236,0.6599323749542236,False,782,2027
shuffle,13,0.7980145215988159,-0.0026065707206726074,0.0026065707206726074,-0.0740959644317627,0.0740959644317627,False,782,2027
shuffle,14,0.7929787635803223,-0.011795639991760254,0.011795639991760254,-0.30114221572875977,0.30114221572875977,False,782,2027
shuffle,15,0.6620566248893738,-0.002258896827697754,0.002258896827697754,-0.06450033187866211,0.06450033187866211,False,782,2027
shuffle,16,0.8415718674659729,0.012383878231048584,0.012383878231048584,0.4459700584411621,0.4459700584411621,False,782,2027
shuffle,17,0.8122400045394897,-0.02665078639984131,0.02665078639984131,-0.591402530670166,0.591402530670166,False,782,2027
shuffle,18,0.8380603194236755,0.005949974060058594,0.005949974060058594,0.1911783218383789,0.1911783218383789,False,782,2027
shuffle,19,0.8610886335372925,0.013907015323638916,0.013907015323638916,0.5165419578552246,0.5165419578552246,False,782,2027
shuffle,20,0.7294723987579346,-0.007635176181793213,0.007635176181793213,-0.20414018630981445,0.20414018630981445,False,782,2027
shuffle,21,0.8094374537467957,-0.007295548915863037,0.007295548915863037,-0.1958293914794922,0.1958293914794922,False,782,2027
shuffle,22,0.6836860775947571,0.02409660816192627,0.02409660816192627,1.177009105682373,1.177009105682373,False,782,2027
shuffle,23,0.7196207046508789,0.003718435764312744,0.003718435764312744,0.11541366577148438,0.11541366577148438,False,782,2027
shuffle,24,0.9354569911956787,0.009015798568725586,0.009015798568725586,0.3049609661102295,0.3049609661102295,False,782,2027
shuffle,25,0.5104249119758606,-0.0759478211402893,0.0759478211402893,-1.2313499450683594,1.2313499450683594,False,782,2027
shuffle,26,0.8537516593933105,-0.03229820728302002,0.03229820728302002,-0.6847851276397705,0.6847851276397705,False,782,2027
shuffle,27,0.7676377296447754,0.013948559761047363,0.013948559761047363,0.5185351371765137,0.5185351371765137,False,782,2027
shuffle,28,0.8768844604492188,-0.00932246446609497,0.00932246446609497,-0.24451589584350586,0.24451589584350586,False,782,2027
shuffle,29,0.8921915292739868,-0.02903813123703003,0.02903813123703003,-0.6318073272705078,0.6318073272705078,False,782,2027
uniform,0,0.6032648682594299,-0.09793776273727417,0.09793776273727417,-0.7622570991516113,0.7622570991516113,False,785,2027
shuffle,0,0.7749755382537842,-0.0782632827758789,0.0782632827758789,-0.6373119354248047,0.6373119354248047,False,785,2027
shuffle,1,0.7661214470863342,-0.01612234115600586,0.01612234115600586,-0.1575174331665039,0.1575174331665039,False,785,2027
shuffle,2,0.7454614043235779,0.01654672622680664,0.01654672622680664,0.18488216400146484,0.18488216400146484,False,785,2027
shuffle,3,0.8725944757461548,-0.24891185760498047,0.24891185760498047,-1.5232626795768738,1.5232626795768738,False,785,2027
shuffle,4,0.811066210269928,-0.1676393747329712,0.1676393747329712,-1.1457816362380981,1.1457816362380981,False,785,2027
shuffle,5,0.7725728154182434,-0.02212965488433838,0.02212965488433838,-0.21170687675476074,0.21170687675476074,False,785,2027
shuffle,6,0.7466225624084473,-0.11149066686630249,0.11149066686630249,-0.8432412147521973,0.8432412147521973,False,785,2027
shuffle,7,0.9040026068687439,-0.2909695506095886,0.2909695506095886,-1.7023176550865173,1.7023176550865173,False,785,2027
shuffle,8,0.5597344040870667,-0.10908335447311401,0.10908335447311401,-0.8291282653808594,0.8291282653808594,False,785,2027
shuffle,9,0.7092239856719971,-0.0912923812866211,0.0912923812866211,-0.7211043834686279,0.7211043834686279,False,785,2027
shuffle,10,0.6285764575004578,-0.051647305488586426,0.051647305488586426,-0.45083045959472656,0.45083045959472656,False,785,2027
shuffle,11,0.8117932677268982,-0.1162002682685852,0.1162002682685852,-0.8705343008041382,0.8705343008041382,False,785,2027
shuffle,12,0.7248930931091309,-0.2034788727760315,0.2034788727760315,-1.3188044428825378,1.3188044428825378,False,785,2027
shuffle,13,0.8625948429107666,-0.05224883556365967,0.05224883556365967,-0.4553098678588867,0.4553098678588867,False,785,2027
shuffle,14,0.6556349992752075,-0.015490412712097168,0.015490412712097168,-0.1516871452331543,0.1516871452331543,False,785,2027
shuffle,15,0.8408737182617188,-0.1839275360107422,0.1839275360107422,-1.2259572744369507,1.2259572744369507,False,785,2027
shuffle,16,0.7413342595100403,-0.32216161489486694,0.32216161489486694,-1.8308970928192139,1.8308970928192139,False,785,2027
shuffle,17,0.6082647442817688,0.005863189697265625,0.005863189697265625,0.06243276596069336,0.06243276596069336,False,785,2027
shuffle,18,0.7003742456436157,-0.08452099561691284,0.08452099561691284,-0.6780949831008911,0.6780949831008911,False,785,2027
shuffle,19,0.7447304129600525,-0.1600174903869629,0.1600174903869629,-1.1072628498077393,1.1072628498077393,False,785,2027
shuffle,20,0.6533188819885254,-0.01068723201751709,0.01068723201751709,-0.10651206970214844,0.10651206970214844,False,785,2027
shuffle,21,0.7788335680961609,-0.05796778202056885,0.05796778202056885,-0.4972342252731323,0.4972342252731323,False,785,2027
shuffle,22,0.7446685433387756,-0.18782883882522583,0.18782883882522583,-1.2447621822357178,1.2447621822357178,False,785,2027
shuffle,23,0.7412797808647156,-0.21709173917770386,0.21709173917770386,-1.3815624117851257,1.3815624117851257,False,785,2027
shuffle,24,0.8708428144454956,-0.302203893661499,0.302203893661499,-1.7489597797393799,1.7489597797393799,False,785,2027
shuffle,25,0.5846862196922302,-0.12322735786437988,0.12322735786437988,-0.9105100631713867,0.9105100631713867,False,785,2027
shuffle,26,0.7566077709197998,-0.11812174320220947,0.11812174320220947,-0.88155198097229,0.88155198097229,False,785,2027
shuffle,27,0.876315712928772,-0.3059539794921875,0.3059539794921875,-1.764440268278122,1.764440268278122,False,785,2027
shuffle,28,0.7926111221313477,-0.18054533004760742,0.18054533004760742,-1.2095346450805664,1.2095346450805664,False,785,2027
shuffle,29,0.7209928035736084,-0.06498128175735474,0.06498128175735474,-0.5470964908599854,0.5470964908599854,False,785,2027
uniform,0,0.5859018564224243,-0.012871146202087402,0.012871146202087402,-1.5439677238464355,1.5439677238464355,False,792,2027
shuffle,0,0.8819820880889893,-0.005896389484405518,0.005896389484405518,-0.9840993881225586,0.9840993881225586,False,792,2027
shuffle,1,0.01311564166098833,-3.4809112548828125e-05,3.4809112548828125e-05,-0.00980520248413086,0.00980520248413086,False,792,2027
shuffle,2,0.6119285225868225,-0.009322702884674072,0.009322702884674072,-1.296957015991211,1.296957015991211,False,792,2027
shuffle,3,0.3366888165473938,-0.016611039638519287,0.016611039638519287,-1.752927303314209,1.752927303314209,False,792,2027
shuffle,4,0.6119284629821777,-0.010130047798156738,0.010130047798156738,-1.3585906028747559,1.3585906028747559,False,792,2027
shuffle,5,0.341874897480011,-0.017252326011657715,0.017252326011657715,-1.7848877906799316,1.7848877906799316,False,792,2027
shuffle,6,0.6179500222206116,-0.06622928380966187,0.06622928380966187,-3.0463714599609375,3.0463714599609375,False,792,2027
shuffle,7,0.6179500222206116,-0.059570252895355225,0.059570252895355225,-2.938948631286621,2.938948631286621,False,792,2027
shuffle,8,0.8871681690216064,-0.015169858932495117,0.015169858932495117,-1.6772980690002441,1.6772980690002441,False,792,2027
shuffle,9,0.8828175067901611,-0.03122127056121826,0.03122127056121826,-2.3129281997680664,2.3129281997680664,False,792,2027
shuffle,10,0.6179500818252563,-0.06891059875488281,0.06891059875488281,-3.086963653564453,3.086963653564453,False,792,2027
shuffle,11,0.6119284629821777,-0.00696253776550293,0.00696253776550293,-1.092073917388916,1.092073917388916,False,792,2027
shuffle,12,0.8828175067901611,-0.028369545936584473,0.028369545936584473,-2.224411964416504,2.224411964416504,False,792,2027
shuffle,13,0.2779831886291504,0.0009616613388061523,0.0009616613388061523,0.31656503677368164,0.31656503677368164,False,792,2027
shuffle,14,0.0008354410529136658,-6.318092346191406e-06,6.318092346191406e-06,-0.00176239013671875,0.00176239013671875,False,792,2027
shuffle,15,0.3295947015285492,-0.01667344570159912,0.01667344570159912,-1.7560787200927734,1.7560787200927734,False,792,2027
shuffle,16,0.8828175067901611,-0.03355085849761963,0.03355085849761963,-2.380186080932617,2.380186080932617,False,792,2027
shuffle,17,0.2831692695617676,0.0004889369010925293,0.0004889369010925293,0.14853620529174805,0.14853620529174805,False,792,2027
shuffle,18,0.8819820880889893,-0.0054923295974731445,0.0054923295974731445,-0.9399905204772949,0.9399905204772949,False,792,2027
shuffle,19,0.6119284629821777,-0.06459492444992065,0.06459492444992065,-3.0209169387817383,3.0209169387817383,False,792,2027
shuffle,20,0.6059069633483887,0.0006576776504516602,0.0006576776504516602,0.20536422729492188,0.20536422729492188,False,792,2027
shuffle,21,0.8880037069320679,-0.015598833560943604,0.015598833560943604,-1.700390338897705,1.700390338897705,False,792,2027
shuffle,22,0.6127639412879944,-0.006928920745849609,0.006928920745849609,-1.0888433456420898,1.0888433456420898,False,792,2027
shuffle,23,0.28919076919555664,0.0005788803100585938,0.0005788803100585938,0.17843294143676758,0.17843294143676758,False,792,2027
shuffle,24,0.8880035877227783,-0.005414605140686035,0.005414605140686035,-0.9312715530395508,0.9312715530395508,False,792,2027
shuffle,25,0.6171146035194397,-0.007109940052032471,0.007109940052032471,-1.1061463356018066,1.1061463356018066,False,792,2027
shuffle,26,0.2700536251068115,0.0020796656608581543,0.0020796656608581543,0.8823590278625488,0.8823590278625488,False,792,2027
shuffle,27,0.6110930442810059,-0.008611679077148438,0.008611679077148438,-1.239428997039795,1.239428997039795,False,792,2027
shuffle,28,0.6119285225868225,-0.008686482906341553,0.008686482906341553,-1.2456355094909668,1.2456355094909668,False,792,2027
shuffle,29,0.8757233619689941,-0.014627635478973389,0.014627635478973389,-1.6473581790924072,1.6473581790924072,False,792,2027
uniform,0,0.6400305032730103,-0.007233738899230957,0.007233738899230957,-0.693572998046875,0.693572998046875,False,793,2027
shuffle,0,0.8654689788818359,-0.017289817333221436,0.017289817333221436,-1.2287232875823975,1.2287232875823975,False,793,2027
shuffle,1,0.7213631868362427,0.00019377470016479492,0.00019377470016479492,0.02696084976196289,0.02696084976196289,False,793,2027
shuffle,2,0.7429407238960266,-0.026139676570892334,0.026139676570892334,-1.5448803901672363,1.5448803901672363,False,793,2027
shuffle,3,0.8727083206176758,-0.012048304080963135,0.012048304080963135,-0.9840178489685059,0.9840178489685059,False,793,2027
shuffle,4,0.8170099258422852,-0.016622841358184814,0.016622841358184814,-1.2005829811096191,1.2005829811096191,False,793,2027
shuffle,5,0.7783474922180176,-0.001853346824645996,0.001853346824645996,-0.22716236114501953,0.22716236114501953,False,793,2027
shuffle,6,0.8144252300262451,-0.0004031062126159668,0.0004031062126159668,-0.05391073226928711,0.05391073226928711,False,793,2027
shuffle,7,0.753224790096283,-0.022309720516204834,0.022309720516204834,-1.4194176197052002,1.4194176197052002,False,793,2027
shuffle,8,0.5914791822433472,0.0021329522132873535,0.0021329522132873535,0.3457951545715332,0.3457951545715332,False,793,2027
shuffle,9,0.5396779179573059,-0.0029774904251098633,0.0029774904251098633,-0.34372997283935547,0.34372997283935547,False,793,2027
shuffle,10,0.7817287445068359,-0.007419109344482422,0.007419109344482422,-0.7064056396484375,0.7064056396484375,False,793,2027
shuffle,11,0.9159276485443115,-0.006421804428100586,0.006421804428100586,-0.635406494140625,0.635406494140625,False,793,2027
shuffle,12,0.7863490581512451,-0.0006421208381652832,0.0006421208381652832,-0.08457660675048828,0.08457660675048828,False,793,2027
shuffle,13,0.4775722026824951,-0.004688620567321777,0.004688620567321777,-0.4989786148071289,0.4989786148071289,False,793,2027
shuffle,14,0.8225340843200684,-0.026541411876678467,0.026541411876678467,-1.5572266578674316,1.5572266578674316,False,793,2027
shuffle,15,0.9204491376876831,-0.013193070888519287,0.013193070888519287,-1.0425682067871094,1.0425682067871094,False,793,2027
shuffle,16,0.8401330709457397,-0.0058585405349731445,0.0058585405349731445,-0.5930209159851074,0.5930209159851074,False,793,2027
shuffle,17,0.9728419780731201,-0.009770095348358154,0.009770095348358154,-0.8566555976867676,0.8566555976867676,False,793,2027
shuffle,18,0.8707036972045898,-0.013901770114898682,0.013901770114898682,-1.0772342681884766,1.0772342681884766,False,793,2027
shuffle,19,0.9469940066337585,-0.006276249885559082,0.006276249885559082,-0.6246223449707031,0.6246223449707031,False,793,2027
shuffle,20,0.8331746459007263,-0.06158930063247681,0.06158930063247681,-2.304476261138916,2.304476261138916,False,793,2027
shuffle,21,0.801186740398407,-0.04064983129501343,0.04064983129501343,-1.9201068878173828,1.9201068878173828,False,793,2027
shuffle,22,0.8993438482284546,0.0050841569900512695,0.0050841569900512695,1.186624526977539,1.186624526977539,False,793,2027
shuffle,23,0.929179847240448,-0.07649630308151245,0.07649630308151245,-2.5164151191711426,2.5164151191711426,False,793,2027
shuffle,24,0.5565489530563354,-0.012453854084014893,0.012453854084014893,-1.0051345825195312,1.0051345825195312,False,793,2027
shuffle,25,0.9303130507469177,-0.0033751726150512695,0.0033751726150512695,-0.38196229934692383,0.38196229934692383,False,793,2027
shuffle,26,0.8658559322357178,-0.017908871173858643,0.017908871173858643,-1.2541892528533936,1.2541892528533936,False,793,2027
shuffle,27,0.8328720331192017,0.000806272029876709,0.000806272029876709,0.11725997924804688,0.11725997924804688,False,793,2027
shuffle,28,0.559415876865387,0.0008144974708557129,0.0008144974708557129,0.11854267120361328,0.11854267120361328,False,793,2027
shuffle,29,0.8772067427635193,-0.014301538467407227,0.014301538467407227,-1.0962886810302734,1.0962886810302734,False,793,2027
uniform,0,0.5487754344940186,-0.03475821018218994,0.03475821018218994,-0.1588117480278015,0.1588117480278015,False,826,2027
shuffle,0,0.5439056754112244,-0.14592158794403076,0.14592158794403076,-0.6255654394626617,0.6255654394626617,False,826,2027
shuffle,1,0.7700324058532715,-0.05050760507583618,0.05050760507583618,-0.2281177043914795,0.2281177043914795,False,826,2027
shuffle,2,0.4527936279773712,-0.04990190267562866,0.04990190267562866,-0.22547852993011475,0.22547852993011475,False,826,2027
shuffle,3,0.45323508977890015,-0.03214031457901001,0.03214031457901001,-0.14714688062667847,0.14714688062667847,False,826,2027
shuffle,4,0.6363459825515747,0.021415233612060547,0.021415233612060547,0.10282033681869507,0.10282033681869507,False,826,2027
shuffle,5,0.5027536749839783,0.025952279567718506,0.025952279567718506,0.12518393993377686,0.12518393993377686,False,826,2027
shuffle,6,0.7414941787719727,-0.16090697050094604,0.16090697050094604,-0.6858971267938614,0.6858971267938614,False,826,2027
shuffle,7,0.7371301054954529,-0.09951925277709961,0.09951925277709961,-0.4360230267047882,0.4360230267047882,False,826,2027
shuffle,8,0.7371301651000977,-0.10224175453186035,0.10224175453186035,-0.44729912281036377,0.44729912281036377,False,826,2027
shuffle,9,0.5820055603981018,-0.016083717346191406,0.016083717346191406,-0.0745956301689148,0.0745956301689148,False,826,2027
shuffle,10,0.7414941787719727,-0.20757415890693665,0.20757415890693665,-0.8727643638849258,0.8727643638849258,True,826,2027
shuffle,11,0.7484825253486633,-0.03833991289138794,0.03833991289138794,-0.1747022271156311,0.1747022271156311,False,826,2027
shuffle,12,0.6297993063926697,0.01907259225845337,0.01907259225845337,0.09135717153549194,0.09135717153549194,False,826,2027
shuffle,13,0.7275053858757019,0.11639738082885742,0.11639738082885742,0.6326039433479309,0.6326039433479309,False,826,2027
shuffle,14,0.9035028219223022,-0.1111488938331604,0.1111488938331604,-0.4840329885482788,0.4840329885482788,False,826,2027
shuffle,15,0.4501529335975647,-0.12664663791656494,0.12664663791656494,-0.5474365949630737,0.5474365949630737,False,826,2027
shuffle,16,0.7195918560028076,0.14641278982162476,0.14641278982162476,0.8407315611839294,0.8407315611839294,False,826,2027
shuffle,17,0.583370566368103,0.06900471448898315,0.06900471448898315,0.34983354806900024,0.34983354806900024,False,826,2027
shuffle,18,0.595185399055481,-0.030217528343200684,0.030217528343200684,-0.13855087757110596,0.13855087757110596,False,826,2027
shuffle,19,0.7511189579963684,-0.09931075572967529,0.09931075572967529,-0.4351586699485779,0.4351586699485779,False,826,2027
shuffle,20,0.4817669987678528,0.042999863624572754,0.042999863624572754,0.211270272731781,0.211270272731781,False,826,2027
shuffle,21,0.7672814726829529,0.14253658056259155,0.14253658056259155,0.8121975064277649,0.8121975064277649,False,826,2027
shuffle,22,0.7651074528694153,-0.06948715448379517,0.06948715448379517,-0.309866726398468,0.309866726398468,False,826,2027
shuffle,23,0.4506986141204834,0.025809824466705322,0.025809824466705322,0.12447845935821533,0.12447845935821533,False,826,2027
shuffle,24,0.3412027657032013,-0.06813979148864746,0.06813979148864746,-0.30412065982818604,0.30412065982818604,False,826,2027
shuffle,25,0.7585698366165161,-0.06863397359848022,0.06863397359848022,-0.3062291145324707,0.3062291145324707,False,826,2027
shuffle,26,0.31401851773262024,0.07218080759048462,0.07218080759048462,0.3674476742744446,0.3674476742744446,False,826,2027
shuffle,27,0.6748974919319153,-0.17453384399414062,0.17453384399414062,-0.7405522093176842,0.7405522093176842,False,826,2027
shuffle,28,0.7585697770118713,-0.14536041021347046,0.14536041021347046,-0.6233000755310059,0.6233000755310059,False,826,2027
shuffle,29,0.8947911858558655,-0.045941054821014404,0.045941054821014404,-0.20816999673843384,0.20816999673843384,False,826,2027
uniform,0,0.7973496317863464,-0.08543580770492554,0.08543580770492554,-0.522254228591919,0.522254228591919,False,838,2027
shuffle,0,0.7442034482955933,-0.3817386329174042,0.3817386329174042,-1.8040786385536194,1.8040786385536194,True,838,2027
shuffle,1,0.9799582958221436,-0.19513052701950073,0.19513052701950073,-1.0422385931015015,1.0422385931015015,False,838,2027
shuffle,2,0.8957011699676514,-0.1305086612701416,0.1305086612701416,-0.7489664554595947,0.7489664554595947,False,838,2027
shuffle,3,0.9784349203109741,-0.2552776336669922,0.2552776336669922,-1.2950442135334015,1.2950442135334015,False,838,2027
shuffle,4,0.9794796705245972,-0.10175645351409912,0.10175645351409912,-0.607074499130249,0.607074499130249,False,838,2027
shuffle,5,0.9665512442588806,0.08973562717437744,0.08973562717437744,0.876251220703125,0.876251220703125,False,838,2027
shuffle,6,0.9656329154968262,-0.13515782356262207,0.13515782356262207,-0.7711324691772461,0.7711324691772461,False,838,2027
shuffle,7,0.978404700756073,-0.6718652099370956,0.6718652099370956,-3.2567596435546875,3.2567596435546875,True,838,2027
shuffle,8,0.9949573278427124,0.054753005504608154,0.054753005504608154,0.46227502822875977,0.46227502822875977,False,838,2027
shuffle,9,0.9782570004463196,-0.5394522547721863,0.5394522547721863,-2.486356198787689,2.486356198787689,True,838,2027
shuffle,10,0.9544194936752319,-0.584519237279892,0.584519237279892,-2.7146259546279907,2.7146259546279907,True,838,2027
shuffle,11,0.9824961423873901,0.08488917350769043,0.08488917350769043,0.8097949028015137,0.8097949028015137,False,838,2027
shuffle,12,0.9785543084144592,0.14130699634552002,0.14130699634552002,2.043799877166748,2.043799877166748,False,838,2027
shuffle,13,0.7324199080467224,-0.3427697718143463,0.3427697718143463,-1.647604063153267,1.647604063153267,True,838,2027
shuffle,14,0.9657686948776245,-0.5232179760932922,0.5232179760932922,-2.4093465209007263,2.4093465209007263,True,838,2027
shuffle,15,0.9799323678016663,-0.3057239055633545,0.3057239055633545,-1.4993022233247757,1.4993022233247757,False,838,2027
shuffle,16,0.8863101601600647,-0.2816454768180847,0.2816454768180847,-1.4023557752370834,1.4023557752370834,False,838,2027
shuffle,17,0.9642871022224426,-0.0966842770576477,0.0966842770576477,-0.5810801982879639,0.5810801982879639,False,838,2027
shuffle,18,0.993270218372345,0.07355093955993652,0.07355093955993652,0.6673364639282227,0.6673364639282227,False,838,2027
shuffle,19,0.9659665822982788,-0.7255327627062798,0.7255327627062798,-3.72243070602417,3.72243070602417,True,838,2027
shuffle,20,0.8673327565193176,-0.1102030873298645,0.1102030873298645,-0.6496824026107788,0.6496824026107788,False,838,2027
shuffle,21,0.9924350380897522,0.10968762636184692,0.10968762636184692,1.1984515190124512,1.1984515190124512,False,838,2027
shuffle,22,0.9936408996582031,-0.254469096660614,0.254469096660614,-1.2917280197143555,1.2917280197143555,False,838,2027
shuffle,23,0.8827043771743774,-0.6133591532707214,0.6133591532707214,-2.8754336833953857,2.8754336833953857,True,838,2027
shuffle,24,0.7442305088043213,-0.07911980152130127,0.07911980152130127,-0.4884603023529053,0.4884603023529053,False,838,2027
shuffle,25,0.9928900003433228,-0.013765990734100342,0.013765990734100342,-0.09607625007629395,0.09607625007629395,False,838,2027
shuffle,26,0.9795455932617188,0.04642534255981445,0.04642534255981445,0.381001353263855,0.381001353263855,False,838,2027
shuffle,27,0.9823735356330872,-0.3373070955276489,0.3373070955276489,-1.6257494315505028,1.6257494315505028,True,838,2027
shuffle,28,0.8824090957641602,-0.7346546724438667,0.7346546724438667,-3.8209073543548584,3.8209073543548584,True,838,2027
shuffle,29,0.8843140006065369,-0.015672504901885986,0.015672504901885986,-0.10892331600189209,0.10892331600189209,False,838,2027
uniform,0,0.8011407852172852,-0.0014545917510986328,0.0014545917510986328,-1.367931842803955,1.367931842803955,False,844,2027
shuffle,0,0.4058343470096588,-3.594160079956055e-05,3.594160079956055e-05,-0.06982851028442383,0.06982851028442383,False,844,2027
shuffle,1,0.6955477595329285,-0.0001429915428161621,0.0001429915428161621,-0.2526407241821289,0.2526407241821289,False,844,2027
shuffle,2,0.9795349836349487,-0.0016535520553588867,0.0016535520553588867,-1.4651741981506348,1.4651741981506348,False,844,2027
shuffle,3,0.9577797651290894,-0.005768239498138428,0.005768239498138428,-2.5382909774780273,2.5382909774780273,False,844,2027
shuffle,4,0.9543858170509338,-0.004717528820037842,0.004717528820037842,-2.3537068367004395,2.3537068367004395,False,844,2027
shuffle,5,0.9789468050003052,0.00015628337860107422,0.00015628337860107422,0.37668752670288086,0.37668752670288086,False,844,2027
shuffle,6,0.9796276092529297,-0.10072797536849976,0.10072797536849976,-5.420916795730591,5.420916795730591,False,844,2027
shuffle,7,0.6844770312309265,-0.00012111663818359375,0.00012111663818359375,-0.21787357330322266,0.21787357330322266,False,844,2027
shuffle,8,0.9727106094360352,-0.007986783981323242,0.007986783981323242,-2.843628406524658,2.843628406524658,False,844,2027
shuffle,9,0.9802833795547485,-0.0006282925605773926,0.0006282925605773926,-0.8167762756347656,0.8167762756347656,False,844,2027
shuffle,10,0.9739490151405334,-0.0021181702613830566,0.0021181702613830566,-1.661120891571045,1.661120891571045,False,844,2027
shuffle,11,0.9363598227500916,-0.006946384906768799,0.006946384906768799,-2.7117600440979004,2.7117600440979004,False,844,2027
shuffle,12,0.8717420697212219,-4.011392593383789e-05,4.011392593383789e-05,-0.07765722274780273,0.07765722274780273,False,844,2027
shuffle,13,0.879057765007019,-0.007999181747436523,0.007999181747436523,-2.8450942039489746,2.8450942039489746,False,844,2027
shuffle,14,0.8924349546432495,-0.0070601701736450195,0.0070601701736450195,-2.7270426750183105,2.7270426750183105,False,844,2027
shuffle,15,0.412939190864563,-0.0022597312927246094,0.0022597312927246094,-1.7139801979064941,1.7139801979064941,False,844,2027
shuffle,16,0.9348439574241638,-0.0022125244140625,0.0022125244140625,-1.696662425994873,1.696662425994873,False,844,2027
shuffle,17,0.9839400053024292,-0.026475727558135986,0.026475727558135986,-4.019042491912842,4.019042491912842,False,844,2027
shuffle,18,0.958759605884552,-0.0013257265090942383,0.0013257265090942383,-1.2994842529296875,1.2994842529296875,False,844,2027
shuffle,19,0.9331918954849243,-0.001770317554473877,0.001770317554473877,-1.518144130706787,1.518144130706787,False,844,2027
shuffle,20,0.9672053456306458,-0.0013037323951721191,0.0013037323951721191,-1.2873778343200684,1.2873778343200684,False,844,2027
shuffle,21,0.9675583839416504,-0.025260090827941895,0.025260090827941895,-3.971682548522949,3.971682548522949,False,844,2027
shuffle,22,0.9626309275627136,-0.001302480697631836,0.001302480697631836,-1.2866592407226562,1.2866592407226562,False,844,2027
shuffle,23,0.6969829797744751,-0.0009060502052307129,0.0009060502052307129,-1.0375890731811523,1.0375890731811523,False,844,2027
shuffle,24,0.8785730600357056,-0.0002154707908630371,0.0002154707908630371,-0.3599057197570801,0.3599057197570801,False,844,2027
shuffle,25,0.9766008853912354,0.00025850534439086914,0.00025850534439086914,0.7322220802307129,0.7322220802307129,False,844,2027
shuffle,26,0.9713234901428223,-0.00682985782623291,0.00682985782623291,-2.695866107940674,2.695866107940674,False,844,2027
shuffle,27,0.9670706391334534,-0.006557166576385498,0.006557166576385498,-2.6576695442199707,2.6576695442199707,False,844,2027
shuffle,28,0.9749529957771301,-3.1888484954833984e-05,3.1888484954833984e-05,-0.06228208541870117,0.06228208541870117,False,844,2027
shuffle,29,0.8482441306114197,-0.002086639404296875,0.002086639404296875,-1.648998737335205,1.648998737335205,False,844,2027
uniform,0,0.809669554233551,0.11861693859100342,0.11861693859100342,1.0084645748138428,1.0084645748138428,False,846,2027
shuffle,0,0.968768835067749,0.07801872491836548,0.07801872491836548,0.5748674869537354,0.5748674869537354,False,846,2027
shuffle,1,0.9768078327178955,0.1411789059638977,0.1411789059638977,1.338801383972168,1.338801383972168,False,846,2027
shuffle,2,0.04792708903551102,-0.02540278434753418,0.02540278434753418,-0.14968550205230713,0.14968550205230713,False,846,2027
shuffle,3,0.9042306542396545,0.18575698137283325,0.18575698137283325,2.6135575771331787,2.6135575771331787,False,846,2027
shuffle,4,0.9595738649368286,0.183688223361969,0.183688223361969,2.505204916000366,2.505204916000366,False,846,2027
shuffle,5,0.9559479355812073,0.155181884765625,0.155181884765625,1.6048567295074463,1.6048567295074463,False,846,2027
shuffle,6,0.977649450302124,0.13423901796340942,0.13423901796340942,1.226919412612915,1.226919412612915,False,846,2027
shuffle,7,0.916218638420105,-0.11413735151290894,0.11413735151290894,-0.5988038182258606,0.5988038182258606,False,846,2027
shuffle,8,0.9686893224716187,0.1376814842224121,0.1376814842224121,1.2810616493225098,1.2810616493225098,False,846,2027
shuffle,9,0.9768077731132507,-0.006696462631225586,0.006696462631225586,-0.04071545600891113,0.04071545600891113,False,846,2027
shuffle,10,0.9775700569152832,0.15212714672088623,0.15212714672088623,1.5411999225616455,1.5411999225616455,False,846,2027
shuffle,11,0.9580494165420532,0.08811432123184204,0.08811432123184204,0.6697368621826172,0.6697368621826172,False,846,2027
shuffle,12,0.9804337620735168,0.14143162965774536,0.14143162965774536,1.3430876731872559,1.3430876731872559,False,846,2027
shuffle,13,0.9168785214424133,0.07795912027359009,0.07795912027359009,0.574326753616333,0.574326753616333,False,846,2027
shuffle,14,0.9924359321594238,0.14076632261276245,0.14076632261276245,1.331836462020874,1.331836462020874,False,846,2027
shuffle,15,0.9546661376953125,0.13808178901672363,0.13808178901672363,1.2875256538391113,1.2875256538391113,False,846,2027
shuffle,16,0.9411613941192627,0.18468546867370605,0.18468546867370605,2.556034803390503,2.556034803390503,False,846,2027
shuffle,17,0.972174882888794,0.0921662449836731,0.0921662449836731,0.7098348140716553,0.7098348140716553,False,846,2027
shuffle,18,0.993034839630127,-0.01737368106842041,0.01737368106842041,-0.10372352600097656,0.10372352600097656,False,846,2027
shuffle,19,0.9101452827453613,-0.13468140363693237,0.13468140363693237,-0.6919422149658203,0.6919422149658203,False,846,2027
shuffle,20,0.9318468570709229,0.19218361377716064,0.19218361377716064,3.0481150150299072,3.0481150150299072,False,846,2027
shuffle,21,0.03975267708301544,-0.002049267292022705,0.002049267292022705,-0.012562990188598633,0.012562990188598633,False,846,2027
shuffle,22,0.9265127778053284,0.09245586395263672,0.09245586395263672,0.7127487659454346,0.7127487659454346,False,846,2027
shuffle,23,0.08403082937002182,-0.011648893356323242,0.011648893356323242,-0.070220947265625,0.070220947265625,False,846,2027
shuffle,24,0.9588116407394409,0.09489381313323975,0.09489381313323975,0.7375459671020508,0.7375459671020508,False,846,2027
shuffle,25,0.9775700569152832,0.15661406517028809,0.15661406517028809,1.6360056400299072,1.6360056400299072,False,846,2027
shuffle,26,0.9412005543708801,-0.11452299356460571,0.11452299356460571,-0.6005806922912598,0.6005806922912598,False,846,2027
shuffle,27,0.9796715974807739,0.09139740467071533,0.09139740467071533,0.7021298408508301,0.7021298408508301,False,846,2027
shuffle,28,0.9265356063842773,0.16214054822921753,0.16214054822921753,1.765207290649414,1.765207290649414,False,846,2027
shuffle,29,0.9560273289680481,-0.11764383316040039,0.11764383316040039,-0.6149156093597412,0.6149156093597412,False,846,2027
uniform,0,0.4158029556274414,0.009366095066070557,0.009366095066070557,0.5803103446960449,0.5803103446960449,False,853,2027
shuffle,0,0.5930886268615723,0.014242589473724365,0.014242589473724365,1.0972533226013184,1.0972533226013184,False,853,2027
shuffle,1,0.5042484402656555,0.005270242691040039,0.005270242691040039,0.2860417366027832,0.2860417366027832,False,853,2027
shuffle,2,0.7162066698074341,0.004373073577880859,0.004373073577880859,0.2314438819885254,0.2314438819885254,False,853,2027
shuffle,3,0.6080697178840637,0.016376197338104248,0.016376197338104248,1.4454917907714844,1.4454917907714844,False,853,2027
shuffle,4,0.6257275938987732,0.01287013292312622,0.01287013292312622,0.9234309196472168,0.9234309196472168,False,853,2027
shuffle,5,0.5601460337638855,0.017594456672668457,0.017594456672668457,1.716057300567627,1.716057300567627,False,853,2027
shuffle,6,0.6013364791870117,0.011829376220703125,0.011829376220703125,0.8089661598205566,0.8089661598205566,False,853,2027
shuffle,7,0.5841643214225769,0.014038801193237305,0.014038801193237305,1.0694842338562012,1.0694842338562012,False,853,2027
shuffle,8,0.5787415504455566,-0.0033842921257019043,0.0033842921257019043,-0.14942264556884766,0.14942264556884766,False,853,2027
shuffle,9,0.5751165151596069,-0.007103860378265381,0.007103860378265381,-0.29236435890197754,0.29236435890197754,False,853,2027
shuffle,10,0.4286658763885498,-0.006296634674072266,0.006296634674072266,-0.2629408836364746,0.2629408836364746,False,853,2027
shuffle,11,0.392941951751709,0.009016335010528564,0.009016335010528564,0.5516152381896973,0.5516152381896973,False,853,2027
shuffle,12,0.7259459495544434,0.017364799976348877,0.017364799976348877,1.6592087745666504,1.6592087745666504,False,853,2027
shuffle,13,0.4130001962184906,0.012411653995513916,0.012411653995513916,0.8714203834533691,0.8714203834533691,False,853,2027
shuffle,14,0.5069396495819092,0.007179856300354004,0.007179856300354004,0.4128737449645996,0.4128737449645996,False,853,2027
shuffle,15,0.44597727060317993,0.012286722660064697,0.012286722660064697,0.8576874732971191,0.8576874732971191,False,853,2027
shuffle,16,0.3922441899776459,-0.011618614196777344,0.011618614196777344,-0.4434080123901367,0.4434080123901367,False,853,2027
shuffle,17,0.551111102104187,0.0064858198165893555,0.0064858198165893555,0.36495447158813477,0.36495447158813477,False,853,2027
shuffle,18,0.5841643214225769,0.01231372356414795,0.01231372356414795,0.8606414794921875,0.8606414794921875,False,853,2027
shuffle,19,0.6148630976676941,0.01826930046081543,0.01826930046081543,1.9045758247375488,1.9045758247375488,False,853,2027
shuffle,20,0.7071064114570618,0.014223814010620117,0.014223814010620117,1.0946497917175293,1.0946497917175293,False,853,2027
shuffle,21,0.5818003416061401,0.007700026035308838,0.007700026035308838,0.4503054618835449,0.4503054618835449,False,853,2027
shuffle,22,0.3233901858329773,0.005427181720733643,0.005427181720733643,0.2958946228027344,0.2958946228027344,False,853,2027
shuffle,23,0.4378153383731842,0.0062406063079833984,0.0062406063079833984,0.3485417366027832,0.3485417366027832,False,853,2027
shuffle,24,0.596599817276001,-0.004132568836212158,0.004132568836212158,-0.17977619171142578,0.17977619171142578,False,853,2027
shuffle,25,0.5994423627853394,0.014574110507965088,0.014574110507965088,1.1441044807434082,1.1441044807434082,False,853,2027
shuffle,26,0.5905625820159912,0.004653573036193848,0.004653573036193848,0.24820470809936523,0.24820470809936523,False,853,2027
shuffle,27,0.620718240737915,0.012694299221038818,0.012694299221038818,0.9031763076782227,0.9031763076782227,False,853,2027
shuffle,28,0.5815657377243042,0.008987009525299072,0.008987009525299072,0.5492515563964844,0.5492515563964844,False,853,2027
shuffle,29,0.5298024415969849,-0.007017850875854492,0.007017850875854492,-0.28926563262939453,0.28926563262939453,False,853,2027
uniform,0,0.6379836797714233,0.16156888008117676,0.16156888008117676,1.3217976093292236,1.3217976093292236,False,856,2027
shuffle,0,0.8865116238594055,0.20954781770706177,0.20954781770706177,2.3445541858673096,2.3445541858673096,False,856,2027
shuffle,1,0.8978767395019531,-0.07473742961883545,0.07473742961883545,-0.37568628787994385,0.37568628787994385,False,856,2027
shuffle,2,0.8935250043869019,0.21830719709396362,0.21830719709396362,2.7102644443511963,2.7102644443511963,False,856,2027
shuffle,3,0.8626892566680908,0.2179473638534546,0.2179473638534546,2.6924402713775635,2.6924402713775635,False,856,2027
shuffle,4,0.8734795451164246,0.1714685559272766,0.1714685559272766,1.4697530269622803,1.4697530269622803,False,856,2027
shuffle,5,0.8468359708786011,0.21819627285003662,0.21819627285003662,2.7047359943389893,2.7047359943389893,False,856,2027
shuffle,6,0.5094021558761597,0.20654666423797607,0.20654666423797607,2.243610143661499,2.243610143661499,False,856,2027
shuffle,7,0.816989004611969,0.14234226942062378,0.14234226942062378,1.078291654586792,1.078291654586792,False,856,2027
shuffle,8,0.5405205488204956,0.04426932334899902,0.04426932334899902,0.2616159915924072,0.2616159915924072,False,856,2027
shuffle,9,0.8133615255355835,-0.01764613389968872,0.01764613389968872,-0.09476184844970703,0.09476184844970703,False,856,2027
shuffle,10,0.8273147940635681,0.04950511455535889,0.04950511455535889,0.2953869104385376,0.2953869104385376,False,856,2027
shuffle,11,0.8308230638504028,0.1900641918182373,0.1900641918182373,1.8130347728729248,1.8130347728729248,False,856,2027
shuffle,12,0.8885460495948792,0.22273778915405273,0.22273778915405273,2.959155321121216,2.959155321121216,False,856,2027
shuffle,13,0.8241117596626282,0.22339671850204468,0.22339671850204468,3.001873254776001,3.001873254776001,False,856,2027
shuffle,14,0.8849614858627319,0.2313498854637146,0.2313498854637146,3.74027943611145,3.74027943611145,False,856,2027
shuffle,15,0.5543834567070007,0.11500835418701172,0.11500835418701172,0.7979488372802734,0.7979488372802734,False,856,2027
shuffle,16,0.5504727363586426,0.051421165466308594,0.051421165466308594,0.3079237937927246,0.3079237937927246,False,856,2027
shuffle,17,0.6974156498908997,0.015207290649414062,0.015207290649414062,0.08559596538543701,0.08559596538543701,False,856,2027
shuffle,18,0.5186878442764282,-0.25755149126052856,0.25755149126052856,-1.1447618082165718,1.1447618082165718,False,856,2027
shuffle,19,0.8189452290534973,0.2010517120361328,0.2010517120361328,2.080334424972534,2.080334424972534,False,856,2027
shuffle,20,0.887931227684021,0.20367646217346191,0.20367646217346191,2.1552441120147705,2.1552441120147705,False,856,2027
shuffle,21,0.601301372051239,-0.057311296463012695,0.057311296463012695,-0.29342544078826904,0.29342544078826904,False,856,2027
shuffle,22,0.8433090448379517,0.21152716875076294,0.21152716875076294,2.416799783706665,2.416799783706665,False,856,2027
shuffle,23,0.8114199638366699,0.16124868392944336,0.16124868392944336,1.3173110485076904,1.3173110485076904,False,856,2027
shuffle,24,0.5235536098480225,-0.0479314923286438,0.0479314923286438,-0.24799323081970215,0.24799323081970215,False,856,2027
shuffle,25,0.8775970339775085,0.20270311832427979,0.20270311832427979,2.1268556118011475,2.1268556118011475,False,856,2027
shuffle,26,0.9463417530059814,0.13814276456832886,0.13814276456832886,1.0309925079345703,1.0309925079345703,False,856,2027
shuffle,27,0.5430312752723694,0.15039336681365967,0.15039336681365967,1.174375295639038,1.174375295639038,False,856,2027
shuffle,28,0.7392716407775879,-0.17322009801864624,0.17322009801864624,-0.8037283420562744,0.8037283420562744,False,856,2027
shuffle,29,0.5698960423469543,0.19028866291046143,0.19028866291046143,1.817892074584961,1.817892074584961,False,856,2027
uniform,0,0.7874554395675659,-0.07609570026397705,0.07609570026397705,-1.3788833618164062,1.3788833618164062,False,860,2027
shuffle,0,0.9478320479393005,-0.02916628122329712,0.02916628122329712,-0.7332448959350586,0.7332448959350586,False,860,2027
shuffle,1,0.9437100887298584,-0.14611464738845825,0.14611464738845825,-1.972362756729126,1.972362756729126,False,860,2027
shuffle,2,0.9446196556091309,-0.2899194359779358,0.2899194359779358,-2.7643226385116577,2.7643226385116577,False,860,2027
shuffle,3,0.9644631147384644,-0.11707103252410889,0.11707103252410889,-1.755987524986267,1.755987524986267,False,860,2027
shuffle,4,0.9533490538597107,-0.13924157619476318,0.13924157619476318,-1.9239393472671509,1.9239393472671509,False,860,2027
shuffle,5,0.9393128752708435,-0.29593604803085327,0.29593604803085327,-2.791903257369995,2.791903257369995,False,860,2027
shuffle,6,0.7406151294708252,-0.12968897819519043,0.12968897819519043,-1.8539320230484009,1.8539320230484009,False,860,2027
shuffle,7,0.9535677433013916,-0.020663857460021973,0.020663857460021973,-0.5650866031646729,0.5650866031646729,False,860,2027
shuffle,8,0.9394344091415405,-0.11211681365966797,0.11211681365966797,-1.7156072854995728,1.7156072854995728,False,860,2027
shuffle,9,0.9405584931373596,-0.1450035572052002,0.1450035572052002,-1.9646387100219727,1.9646387100219727,False,860,2027
shuffle,10,0.8402775526046753,0.005157113075256348,0.005157113075256348,0.20402860641479492,0.20402860641479492,False,860,2027
shuffle,11,0.8848626017570496,0.023254334926605225,0.023254334926605225,1.698737621307373,1.698737621307373,False,860,2027
shuffle,12,0.7921673059463501,0.016940593719482422,0.016940593719482422,0.9139008522033691,0.9139008522033691,False,860,2027
shuffle,13,0.9415724277496338,-0.5781155824661255,0.5781155824661255,-3.95842844247818,3.95842844247818,True,860,2027
shuffle,14,0.9897252917289734,0.013644516468048096,0.013644516468048096,0.6618485450744629,0.6618485450744629,False,860,2027
shuffle,15,0.904134213924408,-0.016949892044067383,0.016949892044067383,-0.48282861709594727,0.48282861709594727,False,860,2027
shuffle,16,0.942912220954895,-0.1548525094985962,0.1548525094985962,-2.0318055152893066,2.0318055152893066,False,860,2027
shuffle,17,0.9728025794029236,-0.02334970235824585,0.02334970235824585,-0.6209874153137207,0.6209874153137207,False,860,2027
shuffle,18,0.8653972744941711,0.020857691764831543,0.020857691764831543,1.3266830444335938,1.3266830444335938,False,860,2027
shuffle,19,0.8234891891479492,-0.024008452892303467,0.024008452892303467,-0.6342792510986328,0.6342792510986328,False,860,2027
shuffle,20,0.8589946031570435,-0.09730219841003418,0.09730219841003418,-1.5872802734375,1.5872802734375,False,860,2027
shuffle,21,0.9425970315933228,-0.012690186500549316,0.012690186500549316,-0.3802220821380615,0.3802220821380615,False,860,2027
shuffle,22,0.8759039640426636,-0.12050443887710571,0.12050443887710571,-1.783308982849121,1.783308982849121,False,860,2027
shuffle,23,0.9691352844238281,-0.2331157922744751,0.2331157922744751,-2.4878450632095337,2.4878450632095337,False,860,2027
shuffle,24,0.9530949592590332,-0.03679823875427246,0.03679823875427246,-0.8654398918151855,0.8654398918151855,False,860,2027
shuffle,25,0.9697971343994141,-0.01791703701019287,0.01791703701019287,-0.5048460960388184,0.5048460960388184,False,860,2027
shuffle,26,0.9010835289955139,-0.22742623090744019,0.22742623090744019,-2.458189606666565,2.458189606666565,False,860,2027
shuffle,27,0.9932534694671631,-0.20229899883270264,0.20229899883270264,-2.321678876876831,2.321678876876831,False,860,2027
shuffle,28,0.9511547088623047,-0.08452951908111572,0.08452951908111572,-1.4658136367797852,1.4658136367797852,False,860,2027
shuffle,29,0.946576714515686,-0.028521060943603516,0.028521060943603516,-0.7213296890258789,0.7213296890258789,False,860,2027
uniform,0,0.846802830696106,-0.04680711030960083,0.04680711030960083,-3.5198440551757812,3.5198440551757812,False,864,2027
shuffle,0,0.987296462059021,-0.11333870887756348,0.11333870887756348,-4.458263397216797,4.458263397216797,False,864,2027
shuffle,1,0.971563458442688,-0.05962282419204712,0.05962282419204712,-3.7687082290649414,3.7687082290649414,False,864,2027
shuffle,2,0.01080167107284069,-1.33514404296875e-05,1.33514404296875e-05,-0.008840560913085938,0.008840560913085938,False,864,2027
shuffle,3,0.9823668003082275,-0.11746901273727417,0.11746901273727417,-4.498274326324463,4.498274326324463,False,864,2027
shuffle,4,0.982430100440979,-0.23330622911453247,0.23330622911453247,-5.31913423538208,5.31913423538208,False,864,2027
shuffle,5,0.988197922706604,-0.11843240261077881,0.11843240261077881,-4.507433772087097,4.507433772087097,False,864,2027
shuffle,6,0.982430100440979,-0.004163563251495361,0.004163563251495361,-1.332542896270752,1.332542896270752,False,864,2027
shuffle,7,0.9707253575325012,-0.08530855178833008,0.08530855178833008,-4.147265434265137,4.147265434265137,False,864,2027
shuffle,8,0.982430100440979,-0.0041852593421936035,0.0041852593421936035,-1.3363819122314453,1.3363819122314453,False,864,2027
shuffle,9,0.982430100440979,-0.060369789600372314,0.060369789600372314,-3.7816507816314697,3.7816507816314697,False,864,2027
shuffle,10,0.9923264980316162,-0.1336308717727661,0.1336308717727661,-4.644169092178345,4.644169092178345,False,864,2027
shuffle,11,0.9881346225738525,-0.1323278546333313,0.1323278546333313,-4.63297426700592,4.63297426700592,False,864,2027
shuffle,12,0.9815269708633423,-0.10734879970550537,0.10734879970550537,-4.397950172424316,4.397950172424316,False,864,2027
shuffle,13,0.9923281669616699,-0.11908960342407227,0.11908960342407227,-4.513645529747009,4.513645529747009,False,864,2027
shuffle,14,0.9716922044754028,-0.10960054397583008,0.10960054397583008,-4.420956134796143,4.420956134796143,False,864,2027
shuffle,15,0.9881346225738525,-0.1158289909362793,0.1158289909362793,-4.4825334548950195,4.4825334548950195,False,864,2027
shuffle,16,0.9716905355453491,-0.05670350790023804,0.05670350790023804,-3.7166640758514404,3.7166640758514404,False,864,2027
shuffle,17,0.9823684692382812,-0.12889647483825684,0.12889647483825684,-4.603045582771301,4.603045582771301,False,864,2027
shuffle,18,0.9923281669616699,-0.11460745334625244,0.11460745334625244,-4.47068452835083,4.47068452835083,False,864,2027
shuffle,19,0.9766606092453003,-0.05933278799057007,0.05933278799057007,-3.763643741607666,3.763643741607666,False,864,2027
shuffle,20,0.9766623377799988,-0.12787073850631714,0.12787073850631714,-4.593969702720642,4.593969702720642,False,864,2027
shuffle,21,0.9865565299987793,-0.12849020957946777,0.12849020957946777,-4.599458932876587,4.599458932876587,False,864,2027
shuffle,22,0.9756953716278076,-0.085837721824646,0.085837721824646,-4.153921604156494,4.153921604156494,False,864,2027
shuffle,23,0.020760953426361084,-5.227327346801758e-05,5.227327346801758e-05,-0.03424072265625,0.03424072265625,False,864,2027
shuffle,24,0.9866219758987427,-0.0041561126708984375,0.0041561126708984375,-1.3312249183654785,1.3312249183654785,False,864,2027
shuffle,25,0.9866203665733337,-0.11420303583145142,0.11420303583145142,-4.466738224029541,4.466738224029541,False,864,2027
shuffle,26,0.976723849773407,-0.003959715366363525,0.003959715366363525,-1.2956933975219727,1.2956933975219727,False,864,2027
shuffle,27,0.9865603446960449,-0.004082798957824707,0.004082798957824707,-1.3181037902832031,1.3181037902832031,False,864,2027
shuffle,28,0.9774600267410278,-0.23202890157699585,0.23202890157699585,-5.312011480331421,5.312011480331421,False,864,2027
shuffle,29,0.02076307125389576,8.165836334228516e-06,8.165836334228516e-06,0.00554656982421875,0.00554656982421875,False,864,2027
uniform,0,0.8309948444366455,-0.04788476228713989,0.04788476228713989,-2.7652950286865234,2.7652950286865234,False,871,2027
shuffle,0,0.9949833154678345,-0.2626822590827942,0.2626822590827942,-4.6685551404953,4.6685551404953,False,871,2027
shuffle,1,0.5739531517028809,-0.008297741413116455,0.008297741413116455,-1.2458267211914062,1.2458267211914062,False,871,2027
shuffle,2,0.9924874901771545,-0.01869356632232666,0.01869356632232666,-1.892653465270996,1.892653465270996,False,871,2027
shuffle,3,0.97893887758255,-0.050877273082733154,0.050877273082733154,-2.8251760005950928,2.8251760005950928,False,871,2027
shuffle,4,0.9946355223655701,-0.1661396026611328,0.1661396026611328,-4.094235420227051,4.094235420227051,False,871,2027
shuffle,5,0.9890719056129456,-0.029057860374450684,0.029057860374450684,-2.288095474243164,2.288095474243164,False,871,2027
shuffle,6,0.935366690158844,-0.1598535180091858,0.1598535180091858,-4.048910140991211,4.048910140991211,False,871,2027
shuffle,7,0.9909635782241821,-0.25859367847442627,0.25859367847442627,-4.647514343261719,4.647514343261719,False,871,2027
shuffle,8,0.9388628602027893,-0.15698635578155518,0.15698635578155518,-4.027769923210144,4.027769923210144,False,871,2027
shuffle,9,0.9825891256332397,-0.1815897822380066,0.1815897822380066,-4.200233459472656,4.200233459472656,False,871,2027
shuffle,10,0.5214753150939941,-0.014417767524719238,0.014417767524719238,-1.6731081008911133,1.6731081008911133,False,871,2027
shuffle,11,0.9384211301803589,-0.07081890106201172,0.07081890106201172,-3.1594438552856445,3.1594438552856445,False,871,2027
shuffle,12,0.9863672852516174,-0.01903444528579712,0.01903444528579712,-1.908320665359497,1.908320665359497,False,871,2027
shuffle,13,0.9869726896286011,-0.03255242109298706,0.03255242109298706,-2.393991470336914,2.393991470336914,False,871,2027
shuffle,14,0.9892246127128601,-0.010397672653198242,0.010397672653198242,-1.4131784439086914,1.4131784439086914,False,871,2027
shuffle,15,0.9802109599113464,-0.11941152811050415,0.11941152811050415,-3.7170395851135254,3.7170395851135254,False,871,2027
shuffle,16,0.947737455368042,-0.13281852006912231,0.13281852006912231,-3.836057662963867,3.836057662963867,False,871,2027
shuffle,17,0.9893612861633301,-0.0018652677536010742,0.0018652677536010742,-0.44014549255371094,0.44014549255371094,False,871,2027
shuffle,18,0.9905500411987305,-0.011412858963012695,0.011412858963012695,-1.4852523803710938,1.4852523803710938,False,871,2027
shuffle,19,0.5214070677757263,-0.023026227951049805,0.023026227951049805,-2.076231002807617,2.076231002807617,False,871,2027
shuffle,20,0.9606777429580688,-0.055372416973114014,0.055372416973114014,-2.9095191955566406,2.9095191955566406,False,871,2027
shuffle,21,0.9544082880020142,-0.028283536434173584,0.028283536434173584,-2.2631418704986572,2.2631418704986572,False,871,2027
shuffle,22,0.963077962398529,-0.022616803646087646,0.022616803646087646,-2.060192823410034,2.060192823410034,False,871,2027
shuffle,23,0.9301247000694275,-0.07609236240386963,0.07609236240386963,-3.23380708694458,3.23380708694458,False,871,2027
shuffle,24,0.9627037048339844,-0.1461247205734253,0.1461247205734253,-3.944788932800293,3.944788932800293,False,871,2027
shuffle,25,0.993407130241394,-0.08173632621765137,0.08173632621765137,-3.3085575103759766,3.3085575103759766,False,871,2027
shuffle,26,0.5426390767097473,0.0008814334869384766,0.0008814334869384766,0.3018922805786133,0.3018922805786133,False,871,2027
shuffle,27,0.9941128492355347,-0.018968045711517334,0.018968045711517334,-1.9052884578704834,1.9052884578704834,False,871,2027
shuffle,28,0.9893603324890137,-0.030733823776245117,0.030733823776245117,-2.3401882648468018,2.3401882648468018,False,871,2027
shuffle,29,0.992547333240509,-0.01625955104827881,0.01625955104827881,-1.7733969688415527,1.7733969688415527,False,871,2027
