kind,trial,attention_tv,probability_change,abs_probability_change,margin_change,abs_margin_change,label_changed,idx,model_seed
uniform,0,0.7682624459266663,-0.0013073086738586426,0.0013073086738586426,-3.2664852142333984,3.2664852142333984,False,0,2028
shuffle,0,0.8078747391700745,-0.00011229515075683594,0.00011229515075683594,-1.151637077331543,1.151637077331543,False,0,2028
shuffle,1,0.189380943775177,-4.8279762268066406e-05,4.8279762268066406e-05,-0.6576318740844727,0.6576318740844727,False,0,2028
shuffle,2,0.9669800996780396,-0.0013282299041748047,0.0013282299041748047,-3.2817840576171875,3.2817840576171875,False,0,2028
shuffle,3,0.9698591232299805,-0.00040262937545776367,0.00040262937545776367,-2.1700239181518555,2.1700239181518555,False,0,2028
shuffle,4,0.9928387403488159,-0.02357029914855957,0.02357029914855957,-6.144383907318115,6.144383907318115,False,0,2028
shuffle,5,0.981387734413147,-0.0010995864868164062,0.0010995864868164062,-3.100459575653076,3.100459575653076,False,0,2028
shuffle,6,0.9665032625198364,-0.0010146498680114746,0.0010146498680114746,-3.023754596710205,3.023754596710205,False,0,2028
shuffle,7,0.8194194436073303,-0.00663524866104126,0.00663524866104126,-4.86518669128418,4.86518669128418,False,0,2028
shuffle,8,0.9544215202331543,-0.00019866228103637695,0.00019866228103637695,-1.5743961334228516,1.5743961334228516,False,0,2028
shuffle,9,0.9687034487724304,-0.003040134906768799,0.003040134906768799,-4.0902204513549805,4.0902204513549805,False,0,2028
shuffle,10,0.9681892395019531,-0.00021725893020629883,0.00021725893020629883,-1.6457653045654297,1.6457653045654297,False,0,2028
shuffle,11,0.9819018840789795,-0.000891268253326416,0.000891268253326416,-2.9006705284118652,2.9006705284118652,False,0,2028
shuffle,12,0.980779767036438,-0.016050279140472412,0.016050279140472412,-5.753479957580566,5.753479957580566,False,0,2028
shuffle,13,0.9681731462478638,-0.0007668137550354004,0.0007668137550354004,-2.759040355682373,2.759040355682373,False,0,2028
shuffle,14,0.9670737385749817,-0.00020903348922729492,0.00020903348922729492,-1.6148576736450195,1.6148576736450195,False,0,2028
shuffle,15,0.9945085644721985,-0.022726118564605713,0.022726118564605713,-6.10713005065918,6.10713005065918,False,0,2028
shuffle,16,0.9686919450759888,-0.0005996823310852051,0.0005996823310852051,-2.530449867248535,2.530449867248535,False,0,2028
shuffle,17,0.8210679888725281,-0.00039499998092651367,0.00039499998092651367,-2.153134346008301,2.153134346008301,False,0,2028
shuffle,18,0.18551090359687805,-2.181529998779297e-05,2.181529998779297e-05,-0.3494834899902344,0.3494834899902344,False,0,2028
shuffle,19,0.9923083782196045,-0.039382100105285645,0.039382100105285645,-6.673153877258301,6.673153877258301,False,0,2028
shuffle,20,0.6460999250411987,-5.424022674560547e-05,5.424022674560547e-05,-0.7150688171386719,0.7150688171386719,False,0,2028
shuffle,21,0.9687034487724304,-0.0010657906532287598,0.0010657906532287598,-3.0706582069396973,3.0706582069396973,False,0,2028
shuffle,22,0.9933527708053589,-0.03932541608810425,0.03932541608810425,-6.671658515930176,6.671658515930176,False,0,2028
shuffle,23,0.6493560671806335,-5.4717063903808594e-05,5.4717063903808594e-05,-0.7194042205810547,0.7194042205810547,False,0,2028
shuffle,24,0.7953503131866455,-0.00016671419143676758,0.00016671419143676758,-1.437809944152832,1.437809944152832,False,0,2028
shuffle,25,0.9813878536224365,-0.0011740326881408691,0.0011740326881408691,-3.163147449493408,3.163147449493408,False,0,2028
shuffle,26,0.9813100695610046,-0.01056206226348877,0.01056206226348877,-5.331132888793945,5.331132888793945,False,0,2028
shuffle,27,0.9933529496192932,-0.006882429122924805,0.006882429122924805,-4.901729583740234,4.901729583740234,False,0,2028
shuffle,28,0.9790984988212585,-0.002970099449157715,0.002970099449157715,-4.067235469818115,4.067235469818115,False,0,2028
shuffle,29,0.8057615756988525,-0.000341951847076416,0.000341951847076416,-2.0267791748046875,2.0267791748046875,False,0,2028
uniform,0,0.6643271446228027,-0.005555927753448486,0.005555927753448486,-0.31758832931518555,0.31758832931518555,False,5,2028
shuffle,0,0.8593872785568237,-0.01219630241394043,0.01219630241394043,-0.6022322177886963,0.6022322177886963,False,5,2028
shuffle,1,0.7373414635658264,-0.00858771800994873,0.00858771800994873,-0.4571654796600342,0.4571654796600342,False,5,2028
shuffle,2,0.7900923490524292,0.0011458396911621094,0.0011458396911621094,0.07966423034667969,0.07966423034667969,False,5,2028
shuffle,3,0.7009841799736023,-0.017193973064422607,0.017193973064422607,-0.7750706672668457,0.7750706672668457,False,5,2028
shuffle,4,0.789455235004425,0.007543504238128662,0.007543504238128662,0.6948280334472656,0.6948280334472656,False,5,2028
shuffle,5,0.9481572508811951,-0.03220832347869873,0.03220832347869873,-1.1717562675476074,1.1717562675476074,False,5,2028
shuffle,6,0.6484776139259338,0.00738602876663208,0.00738602876663208,0.6742448806762695,0.6742448806762695,False,5,2028
shuffle,7,0.5752458572387695,-0.07846838235855103,0.07846838235855103,-1.9027314186096191,1.9027314186096191,False,5,2028
shuffle,8,0.8037548065185547,0.007789671421051025,0.007789671421051025,0.7278423309326172,0.7278423309326172,False,5,2028
shuffle,9,0.9197326898574829,-0.04285198450088501,0.04285198450088501,-1.3856191635131836,1.3856191635131836,False,5,2028
shuffle,10,0.9260592460632324,-0.05249971151351929,0.05249971151351929,-1.5497119426727295,1.5497119426727295,False,5,2028
shuffle,11,0.6622393131256104,0.005965769290924072,0.005965769290924072,0.50537109375,0.50537109375,False,5,2028
shuffle,12,0.9267072081565857,0.004769802093505859,0.004769802093505859,0.38210487365722656,0.38210487365722656,False,5,2028
shuffle,13,0.6752738356590271,0.00012630224227905273,0.00012630224227905273,0.008487701416015625,0.008487701416015625,False,5,2028
shuffle,14,0.80622398853302,-0.006978392601013184,0.006978392601013184,-0.38539838790893555,0.38539838790893555,False,5,2028
shuffle,15,0.8646338582038879,-0.0033124685287475586,0.0033124685287475586,-0.20078110694885254,0.20078110694885254,False,5,2028
shuffle,16,0.7699292302131653,0.011022508144378662,0.011022508144378662,1.3066120147705078,1.3066120147705078,False,5,2028
shuffle,17,0.6947343945503235,0.0061383843421936035,0.0061383843421936035,0.524467945098877,0.524467945098877,False,5,2028
shuffle,18,0.9827279448509216,-0.0324283242225647,0.0324283242225647,-1.1766188144683838,1.1766188144683838,False,5,2028
shuffle,19,0.830858051776886,0.01019895076751709,0.01019895076751709,1.124964714050293,1.124964714050293,False,5,2028
shuffle,20,0.7515201568603516,-0.04584670066833496,0.04584670066833496,-1.439122200012207,1.439122200012207,False,5,2028
shuffle,21,0.655551552772522,0.0028169751167297363,0.0028169751167297363,0.20816707611083984,0.20816707611083984,False,5,2028
shuffle,22,0.9279974102973938,0.009811639785766602,0.009811639785766602,1.0496587753295898,1.0496587753295898,False,5,2028
shuffle,23,0.9215621948242188,-0.003949999809265137,0.003949999809265137,-0.23533010482788086,0.23533010482788086,False,5,2028
shuffle,24,0.7295582294464111,-0.024177908897399902,0.024177908897399902,-0.9776721000671387,0.9776721000671387,False,5,2028
shuffle,25,0.9333587288856506,0.0007545351982116699,0.0007545351982116699,0.05175924301147461,0.05175924301147461,False,5,2028
shuffle,26,0.7748505473136902,0.0008655786514282227,0.0008655786514282227,0.05959796905517578,0.05959796905517578,False,5,2028
shuffle,27,0.6171467304229736,-0.006566166877746582,0.006566166877746582,-0.3661932945251465,0.3661932945251465,False,5,2028
shuffle,28,0.5555726289749146,-0.06525510549545288,0.06525510549545288,-1.7361574172973633,1.7361574172973633,False,5,2028
shuffle,29,0.9237343072891235,-0.028383255004882812,0.028383255004882812,-1.083582878112793,1.083582878112793,False,5,2028
uniform,0,0.7277218103408813,-0.16159170866012573,0.16159170866012573,-1.547600269317627,1.547600269317627,False,6,2028
shuffle,0,0.9565789699554443,-0.0771837830543518,0.0771837830543518,-0.9537085294723511,0.9537085294723511,False,6,2028
shuffle,1,0.05049099400639534,0.0004817843437194824,0.0004817843437194824,0.009181737899780273,0.009181737899780273,False,6,2028
shuffle,2,0.9780375957489014,-0.08340775966644287,0.08340775966644287,-1.0066527128219604,1.0066527128219604,False,6,2028
shuffle,3,0.9780375361442566,-0.28320908546447754,0.28320908546447754,-2.160815179347992,2.160815179347992,False,6,2028
shuffle,4,0.9490051865577698,-0.29199719429016113,0.29199719429016113,-2.199792265892029,2.199792265892029,False,6,2028
shuffle,5,0.9490051865577698,-0.28800445795059204,0.28800445795059204,-2.182142734527588,2.182142734527588,False,6,2028
shuffle,6,0.05036690831184387,-0.0009605884552001953,0.0009605884552001953,-0.018085718154907227,0.018085718154907227,False,6,2028
shuffle,7,0.8986383080482483,-0.3276480436325073,0.3276480436325073,-2.353589355945587,2.353589355945587,False,6,2028
shuffle,8,0.9780375361442566,-0.3003343343734741,0.3003343343734741,-2.2363460659980774,2.2363460659980774,False,6,2028
shuffle,9,0.05049099400639534,-0.0009699463844299316,0.0009699463844299316,-0.018259048461914062,0.018259048461914062,False,6,2028
shuffle,10,0.9275466203689575,-0.34316563606262207,0.34316563606262207,-2.418750911951065,2.418750911951065,False,6,2028
shuffle,11,0.9063361287117004,-0.32794028520584106,0.32794028520584106,-2.3548255562782288,2.3548255562782288,False,6,2028
shuffle,12,0.9276706576347351,-0.2631899118423462,0.2631899118423462,-2.0701112747192383,2.0701112747192383,False,6,2028
shuffle,13,0.9276707172393799,-0.34471791982650757,0.34471791982650757,-2.42521995306015,2.42521995306015,False,6,2028
shuffle,14,0.9275465607643127,-0.28008633852005005,0.28008633852005005,-2.1468480825424194,2.1468480825424194,False,6,2028
shuffle,15,0.9275465607643127,-0.26315224170684814,0.26315224170684814,-2.0699377059936523,2.0699377059936523,False,6,2028
shuffle,16,0.9565789103507996,-0.2625783085823059,0.2625783085823059,-2.0672943592071533,2.0672943592071533,False,6,2028
shuffle,17,0.05049099773168564,0.002702057361602783,0.002702057361602783,0.05249142646789551,0.05249142646789551,False,6,2028
shuffle,18,0.9276706576347351,-0.30713093280792236,0.30713093280792236,-2.2658624053001404,2.2658624053001404,False,6,2028
shuffle,19,0.9567030072212219,-0.08465069532394409,0.08465069532394409,-1.0169858932495117,1.0169858932495117,False,6,2028
shuffle,20,0.9490052461624146,-0.35679560899734497,0.35679560899734497,-2.4752821922302246,2.4752821922302246,False,6,2028
shuffle,21,0.9780375361442566,-0.2907705307006836,0.2907705307006836,-2.194379985332489,2.194379985332489,False,6,2028
shuffle,22,0.9567030072212219,-0.27503520250320435,0.27503520250320435,-2.124118447303772,2.124118447303772,False,6,2028
shuffle,23,0.9490051865577698,-0.26234763860702515,0.26234763860702515,-2.066231369972229,2.066231369972229,False,6,2028
shuffle,24,0.9490051865577698,-0.2623051404953003,0.2623051404953003,-2.0660353899002075,2.0660353899002075,False,6,2028
shuffle,25,0.9567030072212219,-0.27503520250320435,0.27503520250320435,-2.124118447303772,2.124118447303772,False,6,2028
shuffle,26,0.9780375957489014,-0.3035288453102112,0.3035288453102112,-2.2502498030662537,2.2502498030662537,False,6,2028
shuffle,27,0.9275465607643127,-0.2851957082748413,0.2851957082748413,-2.169668197631836,2.169668197631836,False,6,2028
shuffle,28,0.9276706576347351,-0.30709439516067505,0.30709439516067505,-2.2657047510147095,2.2657047510147095,False,6,2028
shuffle,29,0.9780375361442566,-0.30025893449783325,0.30025893449783325,-2.2360172867774963,2.2360172867774963,False,6,2028
uniform,0,0.7805606722831726,-0.0021637678146362305,0.0021637678146362305,-0.07066869735717773,0.07066869735717773,False,16,2028
shuffle,0,0.9417613744735718,0.013065040111541748,0.013065040111541748,0.5714607238769531,0.5714607238769531,False,16,2028
shuffle,1,0.9798315167427063,0.013853192329406738,0.013853192329406738,0.618384838104248,0.618384838104248,False,16,2028
shuffle,2,0.2497664988040924,0.0008617639541625977,0.0008617639541625977,0.029506683349609375,0.029506683349609375,False,16,2028
shuffle,3,0.9394394159317017,0.00597989559173584,0.00597989559173584,0.2239999771118164,0.2239999771118164,False,16,2028
shuffle,4,0.2514394223690033,-0.0047792792320251465,0.0047792792320251465,-0.15029597282409668,0.15029597282409668,False,16,2028
shuffle,5,0.9653268456459045,0.013943076133728027,0.013943076133728027,0.6238775253295898,0.6238775253295898,False,16,2028
shuffle,6,0.9209620952606201,0.0035964250564575195,0.0035964250564575195,0.12896418571472168,0.12896418571472168,False,16,2028
shuffle,7,0.9633850455284119,0.02739793062210083,0.02739793062210083,2.2997374534606934,2.2997374534606934,False,16,2028
shuffle,8,0.9401123523712158,0.024270713329315186,0.024270713329315186,1.6070771217346191,1.6070771217346191,False,16,2028
shuffle,9,0.9252402782440186,0.024636387825012207,0.024636387825012207,1.6674675941467285,1.6674675941467285,False,16,2028
shuffle,10,0.9518764615058899,0.012530326843261719,0.012530326843261719,0.5407881736755371,0.5407881736755371,False,16,2028
shuffle,11,0.8337865471839905,0.016679883003234863,0.016679883003234863,0.8067665100097656,0.8067665100097656,False,16,2028
shuffle,12,0.9461180567741394,0.013856291770935059,0.013856291770935059,0.6185793876647949,0.6185793876647949,False,16,2028
shuffle,13,0.9461554288864136,0.016727447509765625,0.016727447509765625,0.8102455139160156,0.8102455139160156,False,16,2028
shuffle,14,0.8365837335586548,-0.009748280048370361,0.009748280048370361,-0.2870645523071289,0.2870645523071289,False,16,2028
shuffle,15,0.9315451979637146,0.0249059796333313,0.0249059796333313,1.7144055366516113,1.7144055366516113,False,16,2028
shuffle,16,0.9095249176025391,0.012999117374420166,0.012999117374420166,0.5676255226135254,0.5676255226135254,False,16,2028
shuffle,17,0.9818137288093567,-0.00016254186630249023,0.00016254186630249023,-0.005473136901855469,0.005473136901855469,False,16,2028
shuffle,18,0.7734125852584839,0.012571752071380615,0.012571752071380615,0.5431327819824219,0.5431327819824219,False,16,2028
shuffle,19,0.7922461032867432,-0.17295348644256592,0.17295348644256592,-2.0928754806518555,2.0928754806518555,False,16,2028
shuffle,20,0.7709294557571411,-0.01755756139755249,0.01755756139755249,-0.47237110137939453,0.47237110137939453,False,16,2028
shuffle,21,0.9425337910652161,-0.08864301443099976,0.08864301443099976,-1.4573142528533936,1.4573142528533936,False,16,2028
shuffle,22,0.9844976663589478,-0.06901586055755615,0.06901586055755615,-1.2553482055664062,1.2553482055664062,False,16,2028
shuffle,23,0.9182748794555664,-0.23463845252990723,0.23463845252990723,-2.4382435083389282,2.4382435083389282,False,16,2028
shuffle,24,0.9266430139541626,-0.3102254271507263,0.3102254271507263,-2.7975775003433228,2.7975775003433228,False,16,2028
shuffle,25,0.927174985408783,0.01581549644470215,0.01581549644470215,0.7454218864440918,0.7454218864440918,False,16,2028
shuffle,26,0.9793893694877625,-0.08426624536514282,0.08426624536514282,-1.4149456024169922,1.4149456024169922,False,16,2028
shuffle,27,0.9433407187461853,-0.0791090726852417,0.0791090726852417,-1.3631792068481445,1.3631792068481445,False,16,2028
shuffle,28,0.9502752423286438,0.02008157968521118,0.02008157968521118,1.0916295051574707,1.0916295051574707,False,16,2028
shuffle,29,0.9843874573707581,-0.02520883083343506,0.02520883083343506,-0.6280441284179688,0.6280441284179688,False,16,2028
uniform,0,0.7378453016281128,-0.15668213367462158,0.15668213367462158,-2.877260684967041,2.877260684967041,False,18,2028
shuffle,0,0.9855414032936096,-0.5094021856784821,0.5094021856784821,-4.560329034924507,4.560329034924507,True,18,2028
shuffle,1,0.297301709651947,-0.036836862564086914,0.036836862564086914,-1.4918763637542725,1.4918763637542725,False,18,2028
shuffle,2,0.9070837497711182,-0.27939319610595703,0.27939319610595703,-3.585395574569702,3.585395574569702,False,18,2028
shuffle,3,0.9193359017372131,-0.19639551639556885,0.19639551639556885,-3.138458490371704,3.138458490371704,False,18,2028
shuffle,4,0.7758457660675049,-0.4698851704597473,0.4698851704597473,-4.402178339660168,4.402178339660168,False,18,2028
shuffle,5,0.7094839215278625,-0.030299365520477295,0.030299365520477295,-1.338843822479248,1.338843822479248,False,18,2028
shuffle,6,0.7003145813941956,-0.07559949159622192,0.07559949159622192,-2.124789237976074,2.124789237976074,False,18,2028
shuffle,7,0.77320396900177,-0.06414800882339478,0.06414800882339478,-1.9708986282348633,1.9708986282348633,False,18,2028
shuffle,8,0.8571425080299377,-0.34844279289245605,0.34844279289245605,-3.900969386100769,3.900969386100769,False,18,2028
shuffle,9,0.9872073531150818,-0.03387272357940674,0.03387272357940674,-1.4251201152801514,1.4251201152801514,False,18,2028
shuffle,10,0.9193947315216064,-0.4861539602279663,0.4861539602279663,-4.467289388179779,4.467289388179779,False,18,2028
shuffle,11,0.9767019152641296,-0.007233619689941406,0.007233619689941406,-0.5045127868652344,0.5045127868652344,False,18,2028
shuffle,12,0.9045198559761047,-0.029722630977630615,0.029722630977630615,-1.324258804321289,1.324258804321289,False,18,2028
shuffle,13,0.29417306184768677,-0.01593315601348877,0.01593315601348877,-0.8994464874267578,0.8994464874267578,False,18,2028
shuffle,14,0.9778476357460022,-0.45283156633377075,0.45283156633377075,-4.333751708269119,4.333751708269119,False,18,2028
shuffle,15,0.9766644835472107,-0.04517948627471924,0.04517948627471924,-1.6607203483581543,1.6607203483581543,False,18,2028
shuffle,16,0.9897714257240295,-0.7549206614494324,0.7549206614494324,-5.664457559585571,5.664457559585571,True,18,2028
shuffle,17,0.28333762288093567,0.0010306835174560547,0.0010306835174560547,0.09729671478271484,0.09729671478271484,False,18,2028
shuffle,18,0.8980993032455444,-0.0025436878204345703,0.0025436878204345703,-0.2067270278930664,0.2067270278930664,False,18,2028
shuffle,19,0.9855414032936096,-0.7420962750911713,0.7420962750911713,-5.594187498092651,5.594187498092651,True,18,2028
shuffle,20,0.9203381538391113,-0.25752365589141846,0.25752365589141846,-3.4767998456954956,3.4767998456954956,False,18,2028
shuffle,21,0.9860489964485168,-0.4566330313682556,0.4566330313682556,-4.349028259515762,4.349028259515762,False,18,2028
shuffle,22,0.7742037773132324,-0.336192786693573,0.336192786693573,-3.8473671674728394,3.8473671674728394,False,18,2028
shuffle,23,0.7654932737350464,-0.004438459873199463,0.004438459873199463,-0.3375282287597656,0.3375282287597656,False,18,2028
shuffle,24,0.9083144664764404,-0.20144593715667725,0.20144593715667725,-3.1688859462738037,3.1688859462738037,False,18,2028
shuffle,25,0.28933557868003845,0.0008117556571960449,0.0008117556571960449,0.07583808898925781,0.07583808898925781,False,18,2028
shuffle,26,0.9751889109611511,0.005142688751220703,0.005142688751220703,0.6174526214599609,0.6174526214599609,False,18,2028
shuffle,27,0.97359299659729,-0.00805044174194336,0.00805044174194336,-0.5486278533935547,0.5486278533935547,False,18,2028
shuffle,28,0.9137967228889465,-0.4206690192222595,0.4206690192222595,-4.203646302223206,4.203646302223206,False,18,2028
shuffle,29,0.2837162911891937,0.001164853572845459,0.001164853572845459,0.11066722869873047,0.11066722869873047,False,18,2028
uniform,0,0.7404604554176331,-0.14697158336639404,0.14697158336639404,-2.795271396636963,2.795271396636963,False,51,2028
shuffle,0,0.9215424656867981,0.004755496978759766,0.004755496978759766,0.5469474792480469,0.5469474792480469,False,51,2028
shuffle,1,0.8214829564094543,0.004632234573364258,0.004632234573364258,0.5283412933349609,0.5283412933349609,False,51,2028
shuffle,2,0.8675588369369507,-0.0925830602645874,0.0925830602645874,-2.3118157386779785,2.3118157386779785,False,51,2028
shuffle,3,0.7967430353164673,-0.004408061504364014,0.004408061504364014,-0.3322763442993164,0.3322763442993164,False,51,2028
shuffle,4,0.8328521251678467,0.007400035858154297,0.007400035858154297,1.0607919692993164,1.0607919692993164,False,51,2028
shuffle,5,0.9251965880393982,-0.21926522254943848,0.21926522254943848,-3.2611764669418335,3.2611764669418335,False,51,2028
shuffle,6,0.9432393312454224,-0.5708403289318085,0.5708403289318085,-4.7977681159973145,4.7977681159973145,True,51,2028
shuffle,7,0.8677806258201599,-0.558907687664032,0.558907687664032,-4.748898863792419,4.748898863792419,True,51,2028
shuffle,8,0.9393408894538879,-0.616239994764328,0.616239994764328,-4.987890601158142,4.987890601158142,True,51,2028
shuffle,9,0.8133098483085632,0.0058689117431640625,0.0058689117431640625,0.7325992584228516,0.7325992584228516,False,51,2028
shuffle,10,0.9388378262519836,-0.847047820687294,0.847047820687294,-6.268097162246704,6.268097162246704,True,51,2028
shuffle,11,0.7768378853797913,-0.0833432674407959,0.0833432674407959,-2.208465337753296,2.208465337753296,False,51,2028
shuffle,12,0.9186610579490662,-0.5470072031021118,0.5470072031021118,-4.700493425130844,4.700493425130844,True,51,2028
shuffle,13,0.7781999111175537,-0.09614074230194092,0.09614074230194092,-2.349447250366211,2.349447250366211,False,51,2028
shuffle,14,0.778870701789856,-0.015983521938323975,0.015983521938323975,-0.8945107460021973,0.8945107460021973,False,51,2028
shuffle,15,0.8985990285873413,-0.07700437307357788,0.07700437307357788,-2.132211208343506,2.132211208343506,False,51,2028
shuffle,16,0.8058278560638428,-0.254131555557251,0.254131555557251,-3.44834041595459,3.44834041595459,False,51,2028
shuffle,17,0.910965621471405,-0.4911036491394043,0.4911036491394043,-4.475809887051582,4.475809887051582,True,51,2028
shuffle,18,0.8375763893127441,0.0041768550872802734,0.0041768550872802734,0.4624166488647461,0.4624166488647461,False,51,2028
shuffle,19,0.9425844550132751,-0.4773837924003601,0.4773837924003601,-4.420922711491585,4.420922711491585,False,51,2028
shuffle,20,0.8282988667488098,-0.02983224391937256,0.02983224391937256,-1.3185815811157227,1.3185815811157227,False,51,2028
shuffle,21,0.9282962083816528,-0.556550920009613,0.556550920009613,-4.739288330078125,4.739288330078125,True,51,2028
shuffle,22,0.9201003313064575,-0.511147528886795,0.511147528886795,-4.5560462474823,4.5560462474823,True,51,2028
shuffle,23,0.920867383480072,-0.7750480473041534,0.7750480473041534,-5.769369840621948,5.769369840621948,True,51,2028
shuffle,24,0.8697353005409241,-0.8346382081508636,0.8346382081508636,-6.169520020484924,6.169520020484924,True,51,2028
shuffle,25,0.8913933038711548,0.0062749385833740234,0.0062749385833740234,0.8097753524780273,0.8097753524780273,False,51,2028
shuffle,26,0.9287453293800354,-0.16606014966964722,0.16606014966964722,-2.932039260864258,2.932039260864258,False,51,2028
shuffle,27,0.9400323629379272,-0.8074321299791336,0.8074321299791336,-5.974149465560913,5.974149465560913,True,51,2028
shuffle,28,0.9423626065254211,-0.03935527801513672,0.03935527801513672,-1.5365276336669922,1.5365276336669922,False,51,2028
shuffle,29,0.9311288595199585,-0.003344297409057617,0.003344297409057617,-0.26135826110839844,0.26135826110839844,False,51,2028
uniform,0,0.6840158104896545,-0.012150585651397705,0.012150585651397705,-2.2517037391662598,2.2517037391662598,False,52,2028
shuffle,0,0.7382341623306274,-0.006767213344573975,0.006767213344573975,-1.742307186126709,1.742307186126709,False,52,2028
shuffle,1,0.8867281675338745,-0.031045854091644287,0.031045854091644287,-3.1421077251434326,3.1421077251434326,False,52,2028
shuffle,2,0.8828604817390442,-0.16756093502044678,0.16756093502044678,-4.943097114562988,4.943097114562988,False,52,2028
shuffle,3,0.9659639596939087,-0.31921452283859253,0.31921452283859253,-5.7850340604782104,5.7850340604782104,False,52,2028
shuffle,4,0.8017193675041199,-0.009179234504699707,0.009179234504699707,-2.0021615028381348,2.0021615028381348,False,52,2028
shuffle,5,0.8021963834762573,-0.014992833137512207,0.014992833137512207,-2.4443864822387695,2.4443864822387695,False,52,2028
shuffle,6,0.96689373254776,-0.08081012964248657,0.08081012964248657,-4.123713493347168,4.123713493347168,False,52,2028
shuffle,7,0.9121258854866028,-0.028413712978363037,0.028413712978363037,-3.054917812347412,3.054917812347412,False,52,2028
shuffle,8,0.7712368965148926,-0.011188030242919922,0.011188030242919922,-2.177314281463623,2.177314281463623,False,52,2028
shuffle,9,0.845661461353302,-0.01796877384185791,0.01796877384185791,-2.613781452178955,2.613781452178955,False,52,2028
shuffle,10,0.8560470342636108,-0.0002149343490600586,0.0002149343490600586,-0.1386246681213379,0.1386246681213379,False,52,2028
shuffle,11,0.8203166723251343,0.0006044507026672363,0.0006044507026672363,0.5405764579772949,0.5405764579772949,False,52,2028
shuffle,12,0.9401283264160156,-0.07804572582244873,0.07804572582244873,-4.086522579193115,4.086522579193115,False,52,2028
shuffle,13,0.7719773650169373,-0.0001322627067565918,0.0001322627067565918,-0.08750772476196289,0.08750772476196289,False,52,2028
shuffle,14,0.9132524132728577,-0.019528985023498535,0.019528985023498535,-2.6926584243774414,2.6926584243774414,False,52,2028
shuffle,15,0.8476209044456482,-0.010401666164398193,0.010401666164398193,-2.1122679710388184,2.1122679710388184,False,52,2028
shuffle,16,0.9263193607330322,-0.04632836580276489,0.04632836580276489,-3.543503761291504,3.543503761291504,False,52,2028
shuffle,17,0.8233091831207275,-0.14972800016403198,0.14972800016403198,-4.810357928276062,4.810357928276062,False,52,2028
shuffle,18,0.9131521582603455,-0.019944608211517334,0.019944608211517334,-2.7126998901367188,2.7126998901367188,False,52,2028
shuffle,19,0.8368304371833801,-0.020907878875732422,0.020907878875732422,-2.7577319145202637,2.7577319145202637,False,52,2028
shuffle,20,0.8974063396453857,-0.016867637634277344,0.016867637634277344,-2.5542759895324707,2.5542759895324707,False,52,2028
shuffle,21,0.9028433561325073,-0.048963963985443115,0.048963963985443115,-3.599973678588867,3.599973678588867,False,52,2028
shuffle,22,0.8792021870613098,-0.008954882621765137,0.008954882621765137,-1.9806056022644043,1.9806056022644043,False,52,2028
shuffle,23,0.8679293990135193,-0.009204208850860596,0.009204208850860596,-2.004530429840088,2.004530429840088,False,52,2028
shuffle,24,0.8943756818771362,-0.0113753080368042,0.0113753080368042,-2.1922221183776855,2.1922221183776855,False,52,2028
shuffle,25,0.9433311820030212,0.00019180774688720703,0.00019180774688720703,0.1422133445739746,0.1422133445739746,False,52,2028
shuffle,26,0.8869812488555908,-0.15415102243423462,0.15415102243423462,-4.844419956207275,4.844419956207275,False,52,2028
shuffle,27,0.8409535884857178,-0.06923621892929077,0.06923621892929077,-3.9595422744750977,3.9595422744750977,False,52,2028
shuffle,28,0.7816972732543945,-0.00026738643646240234,0.00026738643646240234,-0.16966485977172852,0.16966485977172852,False,52,2028
shuffle,29,0.759521484375,0.0004665255546569824,0.0004665255546569824,0.3891730308532715,0.3891730308532715,False,52,2028
uniform,0,0.8490167260169983,-0.4554929733276367,0.4554929733276367,-2.8952417448163033,2.8952417448163033,True,56,2028
shuffle,0,0.962491512298584,-0.23593956232070923,0.23593956232070923,-1.9619174003601074,1.9619174003601074,False,56,2028
shuffle,1,0.9561963081359863,-0.6353184282779694,0.6353184282779694,-3.6544586420059204,3.6544586420059204,True,56,2028
shuffle,2,0.9664545655250549,-0.2880813479423523,0.2880813479423523,-2.203402519226074,2.203402519226074,False,56,2028
shuffle,3,0.9646134376525879,-0.1372087597846985,0.1372087597846985,-1.4160408973693848,1.4160408973693848,False,56,2028
shuffle,4,0.9246554374694824,-0.4501572549343109,0.4501572549343109,-2.873893942683935,2.873893942683935,True,56,2028
shuffle,5,0.9511629343032837,-0.46941617131233215,0.46941617131233215,-2.951001286506653,2.951001286506653,True,56,2028
shuffle,6,0.9678137302398682,-0.46199557185173035,0.46199557185173035,-2.921270288527012,2.921270288527012,True,56,2028
shuffle,7,0.9534921646118164,-0.18234127759933472,0.18234127759933472,-1.6850147247314453,1.6850147247314453,False,56,2028
shuffle,8,0.9490330219268799,-0.6625517308712006,0.6625517308712006,-3.7850431203842163,3.7850431203842163,True,56,2028
shuffle,9,0.9405744075775146,-0.164608895778656,0.164608895778656,-1.5841879844665527,1.5841879844665527,False,56,2028
shuffle,10,0.9601473212242126,-0.793303593993187,0.793303593993187,-4.57231605052948,4.57231605052948,True,56,2028
shuffle,11,0.08586996048688889,0.00169450044631958,0.00169450044631958,0.03344225883483887,0.03344225883483887,False,56,2028
shuffle,12,0.08393896371126175,0.005660533905029297,0.005660533905029297,0.11587262153625488,0.11587262153625488,False,56,2028
shuffle,13,0.9776620864868164,-0.17059743404388428,0.17059743404388428,-1.618863821029663,1.618863821029663,False,56,2028
shuffle,14,0.9752060174942017,-0.49015864729881287,0.49015864729881287,-3.034372866153717,3.034372866153717,True,56,2028
shuffle,15,0.9667256474494934,-0.7782503813505173,0.7782503813505173,-4.460150241851807,4.460150241851807,True,56,2028
shuffle,16,0.939556896686554,-0.6763210892677307,0.6763210892677307,-3.853934168815613,3.853934168815613,True,56,2028
shuffle,17,0.9731676578521729,-0.8308470994234085,0.8308470994234085,-4.89867091178894,4.89867091178894,True,56,2028
shuffle,18,0.9795600771903992,-0.7747446298599243,0.7747446298599243,-4.435200333595276,4.435200333595276,True,56,2028
shuffle,19,0.9787037968635559,-0.33282649517059326,0.33282649517059326,-2.396675854921341,2.396675854921341,False,56,2028
shuffle,20,0.9717934131622314,-0.5003189444541931,0.5003189444541931,-3.07541985809803,3.07541985809803,True,56,2028
shuffle,21,0.9661691784858704,-0.8298786357045174,0.8298786357045174,-4.889173269271851,4.889173269271851,True,56,2028
shuffle,22,0.9666741490364075,-0.2542266845703125,0.2542266845703125,-2.049107789993286,2.049107789993286,False,56,2028
shuffle,23,0.9329555630683899,-0.15859156847000122,0.15859156847000122,-1.5486514568328857,1.5486514568328857,False,56,2028
shuffle,24,0.9632022380828857,-0.34296542406082153,0.34296542406082153,-2.4392074644565582,2.4392074644565582,False,56,2028
shuffle,25,0.9615073204040527,-0.7211463004350662,0.7211463004350662,-4.095539212226868,4.095539212226868,True,56,2028
shuffle,26,0.9679368734359741,-0.1170693039894104,0.1170693039894104,-1.2803740501403809,1.2803740501403809,False,56,2028
shuffle,27,0.9184330105781555,-0.16522669792175293,0.16522669792175293,-1.5877965688705444,1.5877965688705444,False,56,2028
shuffle,28,0.9496943354606628,-0.17869800329208374,0.17869800329208374,-1.6647429466247559,1.6647429466247559,False,56,2028
shuffle,29,0.9466894268989563,-0.8271480798721313,0.8271480798721313,-4.8627612590789795,4.8627612590789795,True,56,2028
uniform,0,0.5822556018829346,-0.11121892929077148,0.11121892929077148,-1.7544498443603516,1.7544498443603516,False,57,2028
shuffle,0,0.5923717021942139,-0.19460415840148926,0.19460415840148926,-2.3282759189605713,2.3282759189605713,False,57,2028
shuffle,1,0.8565472960472107,-0.028463244438171387,0.028463244438171387,-0.7496147155761719,0.7496147155761719,False,57,2028
shuffle,2,0.4528544545173645,-0.033675432205200195,0.033675432205200195,-0.844970703125,0.844970703125,False,57,2028
shuffle,3,0.9327371716499329,-0.14488285779953003,0.14488285779953003,-2.0122740268707275,2.0122740268707275,False,57,2028
shuffle,4,0.8303197622299194,-0.07813066244125366,0.07813066244125366,-1.4431343078613281,1.4431343078613281,False,57,2028
shuffle,5,0.2971377372741699,-0.15470629930496216,0.15470629930496216,-2.0797868967056274,2.0797868967056274,False,57,2028
shuffle,6,0.596055269241333,-0.042412519454956055,0.042412519454956055,-0.9888484477996826,0.9888484477996826,False,57,2028
shuffle,7,0.6911759376525879,-0.11604797840118408,0.11604797840118408,-1.794411301612854,1.794411301612854,False,57,2028
shuffle,8,0.8548401594161987,-0.2240259051322937,0.2240259051322937,-2.4914708137512207,2.4914708137512207,False,57,2028
shuffle,9,0.5456013083457947,-0.18587350845336914,0.18587350845336914,-2.2769269943237305,2.2769269943237305,False,57,2028
shuffle,10,0.5972409248352051,-0.055929481983184814,0.055929481983184814,-1.1814079284667969,1.1814079284667969,False,57,2028
shuffle,11,0.4975293278694153,-0.1663866639137268,0.1663866639137268,-2.1564643383026123,2.1564643383026123,False,57,2028
shuffle,12,0.37907901406288147,-0.03717052936553955,0.03717052936553955,-0.9047040939331055,0.9047040939331055,False,57,2028
shuffle,13,0.588899552822113,-0.17238974571228027,0.17238974571228027,-2.1945046186447144,2.1945046186447144,False,57,2028
shuffle,14,0.9326165914535522,-0.5625284612178802,0.5625284612178802,-3.9466382265090942,3.9466382265090942,True,57,2028
shuffle,15,0.6697457432746887,-0.02952951192855835,0.02952951192855835,-0.7697868347167969,0.7697868347167969,False,57,2028
shuffle,16,0.6994446516036987,-0.04201740026473999,0.04201740026473999,-0.9827146530151367,0.9827146530151367,False,57,2028
shuffle,17,0.8318068981170654,-0.7252181023359299,0.7252181023359299,-4.6950966119766235,4.6950966119766235,True,57,2028
shuffle,18,0.7811395525932312,-0.25273388624191284,0.25273388624191284,-2.6388379335403442,2.6388379335403442,False,57,2028
shuffle,19,0.7802485823631287,-0.22077161073684692,0.22077161073684692,-2.474086284637451,2.474086284637451,False,57,2028
shuffle,20,0.765300452709198,-0.028236865997314453,0.028236865997314453,-0.7452850341796875,0.7452850341796875,False,57,2028
shuffle,21,0.5526421070098877,0.012123584747314453,0.012123584747314453,0.6085109710693359,0.6085109710693359,False,57,2028
shuffle,22,0.7205798029899597,0.012024879455566406,0.012024879455566406,0.6017947196960449,0.6017947196960449,False,57,2028
shuffle,23,0.9372801184654236,-0.6483744382858276,0.6483744382858276,-4.317215800285339,4.317215800285339,True,57,2028
shuffle,24,0.8998368978500366,-0.47649049758911133,0.47649049758911133,-3.59858438372612,3.59858438372612,True,57,2028
shuffle,25,0.6509707570075989,-0.027785301208496094,0.027785301208496094,-0.7365989685058594,0.7365989685058594,False,57,2028
shuffle,26,0.5557118058204651,-0.027632534503936768,0.027632534503936768,-0.7336452007293701,0.7336452007293701,False,57,2028
shuffle,27,0.8248428702354431,-0.6432676911354065,0.6432676911354065,-4.29401707649231,4.29401707649231,True,57,2028
shuffle,28,0.8681833148002625,-0.31290143728256226,0.31290143728256226,-2.920887589454651,2.920887589454651,False,57,2028
shuffle,29,0.3696339428424835,-0.1515408754348755,0.1515408754348755,-2.0583512783050537,2.0583512783050537,False,57,2028
uniform,0,0.6276445388793945,-0.2640879154205322,0.2640879154205322,-1.734665036201477,1.734665036201477,False,74,2028
shuffle,0,0.8994387984275818,-0.18627327680587769,0.18627327680587769,-1.3709973096847534,1.3709973096847534,False,74,2028
shuffle,1,0.7961415648460388,-0.12372827529907227,0.12372827529907227,-1.0287609100341797,1.0287609100341797,False,74,2028
shuffle,2,0.7297289967536926,-0.6257817447185516,0.6257817447185516,-3.2579739689826965,3.2579739689826965,True,74,2028
shuffle,3,0.6767854690551758,-0.05682957172393799,0.05682957172393799,-0.565950870513916,0.565950870513916,False,74,2028
shuffle,4,0.7822705507278442,0.010047376155853271,0.010047376155853271,0.13331842422485352,0.13331842422485352,False,74,2028
shuffle,5,0.8031721115112305,-0.48583492636680603,0.48583492636680603,-2.6422826051712036,2.6422826051712036,True,74,2028
shuffle,6,0.7588433623313904,-0.6875378638505936,0.6875378638505936,-3.5833511352539062,3.5833511352539062,True,74,2028
shuffle,7,0.7676792144775391,-0.5240760743618011,0.5240760743618011,-2.8007212579250336,2.8007212579250336,True,74,2028
shuffle,8,0.795956015586853,-0.505998432636261,0.505998432636261,-2.72524356842041,2.72524356842041,True,74,2028
shuffle,9,0.7407326698303223,-0.05932551622390747,0.05932551622390747,-0.5860484838485718,0.5860484838485718,False,74,2028
shuffle,10,0.8943575024604797,-0.603666365146637,0.603666365146637,-3.152230143547058,3.152230143547058,True,74,2028
shuffle,11,0.7818881273269653,-0.5956082344055176,0.5956082344055176,-3.1147626638412476,3.1147626638412476,True,74,2028
shuffle,12,0.7013595700263977,-0.5291275680065155,0.5291275680065155,-2.822032153606415,2.822032153606415,True,74,2028
shuffle,13,0.8941720128059387,-0.5582578182220459,0.5582578182220459,-2.9471797943115234,2.9471797943115234,True,74,2028
shuffle,14,0.7832202911376953,-0.02835226058959961,0.02835226058959961,-0.31298184394836426,0.31298184394836426,False,74,2028
shuffle,15,0.7681679129600525,-0.5972497761249542,0.5972497761249542,-3.122352957725525,3.122352957725525,True,74,2028
shuffle,16,0.9090852737426758,0.004773914813995361,0.004773914813995361,0.06149864196777344,0.06149864196777344,False,74,2028
shuffle,17,0.8088347315788269,-0.05574357509613037,0.05574357509613037,-0.557115912437439,0.557115912437439,False,74,2028
shuffle,18,0.7014058232307434,-0.10323464870452881,0.10323464870452881,-0.9009275436401367,0.9009275436401367,False,74,2028
shuffle,19,0.20703811943531036,-0.029736816883087158,0.029736816883087158,-0.32645606994628906,0.32645606994628906,False,74,2028
shuffle,20,0.839913010597229,-0.06019860506057739,0.06019860506057739,-0.5930118560791016,0.5930118560791016,False,74,2028
shuffle,21,0.9046127200126648,-0.760112926363945,0.760112926363945,-4.061835289001465,4.061835289001465,True,74,2028
shuffle,22,0.7506573796272278,-0.565470963716507,0.565470963716507,-2.9788489937782288,2.9788489937782288,True,74,2028
shuffle,23,0.8899750113487244,-0.1324763298034668,0.1324763298034668,-1.0805408954620361,1.0805408954620361,False,74,2028
shuffle,24,0.7537156343460083,-0.5857910513877869,0.5857910513877869,-3.0697973370552063,3.0697973370552063,True,74,2028
shuffle,25,0.7754623293876648,-0.23284608125686646,0.23284608125686646,-1.5944942831993103,1.5944942831993103,False,74,2028
shuffle,26,0.811589777469635,0.02059149742126465,0.02059149742126465,0.2915675640106201,0.2915675640106201,False,74,2028
shuffle,27,0.9143983721733093,-0.031318068504333496,0.031318068504333496,-0.3416764736175537,0.3416764736175537,False,74,2028
shuffle,28,0.928804337978363,-0.7512687593698502,0.7512687593698502,-3.9950233697891235,3.9950233697891235,True,74,2028
shuffle,29,0.7798373699188232,-0.5770206451416016,0.5770206451416016,-3.0302109718322754,3.0302109718322754,True,74,2028
uniform,0,0.8498061299324036,-0.20878595113754272,0.20878595113754272,-4.827793598175049,4.827793598175049,False,88,2028
shuffle,0,0.9498741030693054,-0.5229120254516602,0.5229120254516602,-6.247448548674583,6.247448548674583,True,88,2028
shuffle,1,0.9757813215255737,-0.7229648530483246,0.7229648530483246,-7.117078065872192,7.117078065872192,True,88,2028
shuffle,2,0.9823786020278931,-0.6510587930679321,0.6510587930679321,-6.780284345149994,6.780284345149994,True,88,2028
shuffle,3,0.8377668261528015,-0.03105992078781128,0.03105992078781128,-2.775575637817383,2.775575637817383,False,88,2028
shuffle,4,0.8306913375854492,-0.006371855735778809,0.006371855735778809,-1.3888344764709473,1.3888344764709473,False,88,2028
shuffle,5,0.9682116508483887,-0.831759586930275,0.831759586930275,-7.760661005973816,7.760661005973816,True,88,2028
shuffle,6,0.9452295303344727,-0.6873920857906342,0.6873920857906342,-6.945085883140564,6.945085883140564,True,88,2028
shuffle,7,0.9695039987564087,-0.011918783187866211,0.011918783187866211,-1.8964695930480957,1.8964695930480957,False,88,2028
shuffle,8,0.9805111885070801,-0.7087406814098358,0.7087406814098358,-7.046817481517792,7.046817481517792,True,88,2028
shuffle,9,0.9652279019355774,-0.027328312397003174,0.027328312397003174,-2.6524739265441895,2.6524739265441895,False,88,2028
shuffle,10,0.8320504426956177,-0.02593761682510376,0.02593761682510376,-2.6026885509490967,2.6026885509490967,False,88,2028
shuffle,11,0.9532790184020996,-0.8612078577280045,0.8612078577280045,-7.990513205528259,7.990513205528259,True,88,2028
shuffle,12,0.9847443699836731,-0.01141422986984253,0.01141422986984253,-1.859389305114746,1.859389305114746,False,88,2028
shuffle,13,0.9653160572052002,-0.3512759804725647,0.3512759804725647,-5.54309743642807,5.54309743642807,False,88,2028
shuffle,14,0.9817720651626587,-0.04710221290588379,0.04710221290588379,-3.1865599155426025,3.1865599155426025,False,88,2028
shuffle,15,0.9730316996574402,-0.4342641234397888,0.4342641234397888,-5.891387462615967,5.891387462615967,False,88,2028
shuffle,16,0.9721270799636841,-0.022565007209777832,0.022565007209777832,-2.4712328910827637,2.4712328910827637,False,88,2028
shuffle,17,0.9774819612503052,-0.04856288433074951,0.04856288433074951,-3.2173330783843994,3.2173330783843994,False,88,2028
shuffle,18,0.9712018966674805,-0.5036580562591553,0.5036580562591553,-6.1703499257564545,6.1703499257564545,True,88,2028
shuffle,19,0.948283851146698,-0.053989291191101074,0.053989291191101074,-3.3247499465942383,3.3247499465942383,False,88,2028
shuffle,20,0.9667155742645264,-0.2873855233192444,0.2873855233192444,-5.249462783336639,5.249462783336639,False,88,2028
shuffle,21,0.9835538864135742,-0.8780010342597961,0.8780010342597961,-8.14089548587799,8.14089548587799,True,88,2028
shuffle,22,0.8252960443496704,-0.37957608699798584,0.37957608699798584,-5.664884686470032,5.664884686470032,False,88,2028
shuffle,23,0.9596089124679565,-0.6736504435539246,0.6736504435539246,-6.8816468715667725,6.8816468715667725,True,88,2028
shuffle,24,0.9670655131340027,-0.6304885149002075,0.6304885149002075,-6.690664887428284,6.690664887428284,True,88,2028
shuffle,25,0.9716119170188904,-0.18615007400512695,0.18615007400512695,-4.6859846115112305,4.6859846115112305,False,88,2028
shuffle,26,0.971820056438446,-0.023399770259857178,0.023399770259857178,-2.5053305625915527,2.5053305625915527,False,88,2028
shuffle,27,0.8102518916130066,-0.047103285789489746,0.047103285789489746,-3.18658447265625,3.18658447265625,False,88,2028
shuffle,28,0.9690994024276733,-0.07807916402816772,0.07807916402816772,-3.707735538482666,3.707735538482666,False,88,2028
shuffle,29,0.9828745126724243,-0.05737429857254028,0.05737429857254028,-3.3869071006774902,3.3869071006774902,False,88,2028
uniform,0,0.5609519481658936,-0.002228677272796631,0.002228677272796631,-0.01048809289932251,0.01048809289932251,False,101,2028
shuffle,0,0.6184865832328796,0.10272806882858276,0.10272806882858276,0.5481982231140137,0.5481982231140137,False,101,2028
shuffle,1,0.35282379388809204,-0.08461368083953857,0.08461368083953857,-0.3745403587818146,0.3745403587818146,False,101,2028
shuffle,2,0.5539708733558655,0.10223877429962158,0.10223877429962158,0.545170783996582,0.545170783996582,False,101,2028
shuffle,3,0.7809803485870361,-0.131236732006073,0.131236732006073,-0.5669940710067749,0.5669940710067749,False,101,2028
shuffle,4,0.6921597123146057,-0.1897851824760437,0.1897851824760437,-0.8025675341486931,0.8025675341486931,False,101,2028
shuffle,5,0.583030104637146,0.04355752468109131,0.04355752468109131,0.21477317810058594,0.21477317810058594,False,101,2028
shuffle,6,0.7060947418212891,-0.08743572235107422,0.08743572235107422,-0.38638901710510254,0.38638901710510254,False,101,2028
shuffle,7,0.6382749080657959,0.13114839792251587,0.13114839792251587,0.7344315052032471,0.7344315052032471,False,101,2028
shuffle,8,0.8495117425918579,-0.06596380472183228,0.06596380472183228,-0.29541176557540894,0.29541176557540894,False,101,2028
shuffle,9,0.6857956051826477,0.06930047273635864,0.06930047273635864,0.3526020050048828,0.3526020050048828,False,101,2028
shuffle,10,0.7134665250778198,-0.152698814868927,0.152698814868927,-0.6538240313529968,0.6538240313529968,False,101,2028
shuffle,11,0.7485352158546448,-0.11946344375610352,0.11946344375610352,-0.5189729332923889,0.5189729332923889,False,101,2028
shuffle,12,0.5656898617744446,-0.0017244219779968262,0.0017244219779968262,-0.008118629455566406,0.008118629455566406,False,101,2028
shuffle,13,0.8022046685218811,0.04339951276779175,0.04339951276779175,0.21395540237426758,0.21395540237426758,False,101,2028
shuffle,14,0.590972363948822,-0.08286106586456299,0.08286106586456299,-0.36716634035110474,0.36716634035110474,False,101,2028
shuffle,15,0.7206878662109375,0.014162123203277588,0.014162123203277588,0.06768643856048584,0.06768643856048584,False,101,2028
shuffle,16,0.8227251768112183,0.10283029079437256,0.10283029079437256,0.5488309860229492,0.5488309860229492,False,101,2028
shuffle,17,0.5254494547843933,-0.0031110644340515137,0.0031110644340515137,-0.014628767967224121,0.014628767967224121,False,101,2028
shuffle,18,0.2539658844470978,-0.0360867977142334,0.0360867977142334,-0.1650809645652771,0.1650809645652771,False,101,2028
shuffle,19,0.8295086622238159,0.09261494874954224,0.09261494874954224,0.4867042303085327,0.4867042303085327,False,101,2028
shuffle,20,0.7083821296691895,0.07343918085098267,0.07343918085098267,0.3757011890411377,0.3757011890411377,False,101,2028
shuffle,21,0.7442489266395569,0.04606145620346069,0.04606145620346069,0.22777342796325684,0.22777342796325684,False,101,2028
shuffle,22,0.5997298955917358,0.03142303228378296,0.03142303228378296,0.15287339687347412,0.15287339687347412,False,101,2028
shuffle,23,0.6606718897819519,0.04511988162994385,0.04511988162994385,0.22287559509277344,0.22287559509277344,False,101,2028
shuffle,24,0.632209062576294,0.08349025249481201,0.08349025249481201,0.43302905559539795,0.43302905559539795,False,101,2028
shuffle,25,0.4658965468406677,0.1142035722732544,0.1142035722732544,0.6208193302154541,0.6208193302154541,False,101,2028
shuffle,26,0.6573927402496338,0.07717758417129517,0.07717758417129517,0.39681506156921387,0.39681506156921387,False,101,2028
shuffle,27,0.7986674308776855,0.02407217025756836,0.02407217025756836,0.11620748043060303,0.11620748043060303,False,101,2028
shuffle,28,0.8072263598442078,-0.10782718658447266,0.10782718658447266,-0.471167653799057,0.471167653799057,False,101,2028
shuffle,29,0.7830196022987366,0.038244664669036865,0.038244664669036865,0.18745207786560059,0.18745207786560059,False,101,2028
uniform,0,0.8159453272819519,-0.001279592514038086,0.001279592514038086,-2.0265026092529297,2.0265026092529297,False,103,2028
shuffle,0,0.9687252044677734,-0.0006195306777954102,0.0006195306777954102,-1.4319849014282227,1.4319849014282227,False,103,2028
shuffle,1,0.19797080755233765,-5.555152893066406e-05,5.555152893066406e-05,-0.25127315521240234,0.25127315521240234,False,103,2028
shuffle,2,0.806742250919342,-0.0023016929626464844,0.0023016929626464844,-2.554257869720459,2.554257869720459,False,103,2028
shuffle,3,0.959037184715271,-0.0005072951316833496,0.0005072951316833496,-1.283557415008545,1.283557415008545,False,103,2028
shuffle,4,0.969629168510437,-0.0058515071868896484,0.0058515071868896484,-3.442427635192871,3.442427635192871,False,103,2028
shuffle,5,0.8303248286247253,-0.0010129809379577637,0.0010129809379577637,-1.826645851135254,1.826645851135254,False,103,2028
shuffle,6,0.9676551818847656,-0.006776690483093262,0.006776690483093262,-3.585747718811035,3.585747718811035,False,103,2028
shuffle,7,0.9688702821731567,-0.007881402969360352,0.007881402969360352,-3.733954429626465,3.733954429626465,False,103,2028
shuffle,8,0.9679309725761414,-0.0034084320068359375,0.0034084320068359375,-2.922316551208496,2.922316551208496,False,103,2028
shuffle,9,0.828579843044281,-0.0007875561714172363,0.0007875561714172363,-1.6198372840881348,1.6198372840881348,False,103,2028
shuffle,10,0.8295424580574036,-0.0006066560745239258,0.0006066560745239258,-1.4161310195922852,1.4161310195922852,False,103,2028
shuffle,11,0.9700806736946106,-0.0005543231964111328,0.0005543231964111328,-1.3483495712280273,1.3483495712280273,False,103,2028
shuffle,12,0.9695621132850647,-0.00743478536605835,0.00743478536605835,-3.67661714553833,3.67661714553833,False,103,2028
shuffle,13,0.9908357262611389,-0.0067081451416015625,0.0067081451416015625,-3.575802803039551,3.575802803039551,False,103,2028
shuffle,14,0.9925615787506104,-0.002600550651550293,0.002600550651550293,-2.667609214782715,2.667609214782715,False,103,2028
shuffle,15,0.9683826565742493,-0.0031623244285583496,0.0031623244285583496,-2.8513455390930176,2.8513455390930176,False,103,2028
shuffle,16,0.9918210506439209,-0.0002734065055847168,0.0002734065055847168,-0.8780608177185059,0.8780608177185059,False,103,2028
shuffle,17,0.9829860925674438,-0.0005267858505249023,0.0005267858505249023,-1.3109135627746582,1.3109135627746582,False,103,2028
shuffle,18,0.17401845753192902,-5.364418029785156e-05,5.364418029785156e-05,-0.24338722229003906,0.24338722229003906,False,103,2028
shuffle,19,0.9686762094497681,-0.0003510713577270508,0.0003510713577270508,-1.031595230102539,1.031595230102539,False,103,2028
shuffle,20,0.9910535216331482,-0.004163682460784912,0.004163682460784912,-3.113377094268799,3.113377094268799,False,103,2028
shuffle,21,0.9810610413551331,-0.0029888153076171875,0.0029888153076171875,-2.798081874847412,2.798081874847412,False,103,2028
shuffle,22,0.9930678009986877,-0.002278566360473633,0.002278566360473633,-2.5449228286743164,2.5449228286743164,False,103,2028
shuffle,23,0.9590728282928467,-0.0002148151397705078,0.0002148151397705078,-0.7441015243530273,0.7441015243530273,False,103,2028
shuffle,24,0.8215762972831726,-0.004696369171142578,0.004696369171142578,-3.2292394638061523,3.2292394638061523,False,103,2028
shuffle,25,0.9925616383552551,-0.0004323720932006836,0.0004323720932006836,-1.1706123352050781,1.1706123352050781,False,103,2028
shuffle,26,0.9597645401954651,-0.008755147457122803,0.008755147457122803,-3.8375778198242188,3.8375778198242188,False,103,2028
shuffle,27,0.9699779748916626,-0.006297886371612549,0.006297886371612549,-3.5141220092773438,3.5141220092773438,False,103,2028
shuffle,28,0.8300121426582336,-0.0026973485946655273,0.0026973485946655273,-2.7017507553100586,2.7017507553100586,False,103,2028
shuffle,29,0.9724606275558472,-0.0012277960777282715,0.0012277960777282715,-1.9906949996948242,1.9906949996948242,False,103,2028
uniform,0,0.6418530941009521,-0.1042017936706543,0.1042017936706543,-0.6692687273025513,0.6692687273025513,False,121,2028
shuffle,0,0.9095879197120667,-0.11105704307556152,0.11105704307556152,-0.7055007219314575,0.7055007219314575,False,121,2028
shuffle,1,0.7971674203872681,-0.03248870372772217,0.03248870372772217,-0.23991847038269043,0.23991847038269043,False,121,2028
shuffle,2,0.7818349599838257,-0.17213451862335205,0.17213451862335205,-1.0045758485794067,1.0045758485794067,False,121,2028
shuffle,3,0.2917325496673584,-0.004043519496917725,0.004043519496917725,-0.03209638595581055,0.03209638595581055,False,121,2028
shuffle,4,0.8802720904350281,-0.14010250568389893,0.14010250568389893,-0.8524938821792603,0.8524938821792603,False,121,2028
shuffle,5,0.6387343406677246,0.03618806600570679,0.03618806600570679,0.3267343044281006,0.3267343044281006,False,121,2028
shuffle,6,0.7712960839271545,0.05049788951873779,0.05049788951873779,0.4825432300567627,0.4825432300567627,False,121,2028
shuffle,7,0.767272412776947,0.011891424655914307,0.011891424655914307,0.09889078140258789,0.09889078140258789,False,121,2028
shuffle,8,0.874794065952301,-0.18072748184204102,0.18072748184204102,-1.043921709060669,1.043921709060669,False,121,2028
shuffle,9,0.5546542406082153,-0.020118772983551025,0.020118772983551025,-0.15307998657226562,0.15307998657226562,False,121,2028
shuffle,10,0.8084855675697327,0.011487185955047607,0.011487185955047607,0.09541010856628418,0.09541010856628418,False,121,2028
shuffle,11,0.8045361638069153,-0.050756216049194336,0.050756216049194336,-0.35993456840515137,0.35993456840515137,False,121,2028
shuffle,12,0.860616147518158,0.05775773525238037,0.05775773525238037,0.569751501083374,0.569751501083374,False,121,2028
shuffle,13,0.7926285266876221,-0.03254067897796631,0.03254067897796631,-0.24027347564697266,0.24027347564697266,False,121,2028
shuffle,14,0.7765194773674011,-0.06410068273544312,0.06410068273544312,-0.4423626661300659,0.4423626661300659,False,121,2028
shuffle,15,0.8808532953262329,-0.030711472034454346,0.030711472034454346,-0.22774112224578857,0.22774112224578857,False,121,2028
shuffle,16,0.8093260526657104,-0.13303744792938232,0.13303744792938232,-0.8176283836364746,0.8176283836364746,False,121,2028
shuffle,17,0.7798033952713013,-0.10307401418685913,0.10307401418685913,-0.663245439529419,0.663245439529419,False,121,2028
shuffle,18,0.8075454831123352,-0.04785358905792236,0.04785358905792236,-0.3414522409439087,0.3414522409439087,False,121,2028
shuffle,19,0.7990818023681641,0.03301888704299927,0.03301888704299927,0.29467153549194336,0.29467153549194336,False,121,2028
shuffle,20,0.8584077954292297,-0.19013822078704834,0.19013822078704834,-1.0864053964614868,1.0864053964614868,False,121,2028
shuffle,21,0.8739146590232849,-0.005599498748779297,0.005599498748779297,-0.044257521629333496,0.044257521629333496,False,121,2028
shuffle,22,0.8788778781890869,-0.10848879814147949,0.10848879814147949,-0.6920022964477539,0.6920022964477539,False,121,2028
shuffle,23,0.820939838886261,-0.3989848494529724,0.3989848494529724,-1.9474645107984543,1.9474645107984543,True,121,2028
shuffle,24,0.837841272354126,-0.3388184905052185,0.3388184905052185,-1.7062976844608784,1.7062976844608784,False,121,2028
shuffle,25,0.883110523223877,-0.09511572122573853,0.09511572122573853,-0.6202090978622437,0.6202090978622437,False,121,2028
shuffle,26,0.6406075954437256,0.024080216884613037,0.024080216884613037,0.20828700065612793,0.20828700065612793,False,121,2028
shuffle,27,0.7310097813606262,-0.03264135122299194,0.03264135122299194,-0.24095988273620605,0.24095988273620605,False,121,2028
shuffle,28,0.7721126079559326,-0.25249147415161133,0.25249147415161133,-1.3552576303482056,1.3552576303482056,False,121,2028
shuffle,29,0.8552772998809814,-0.2814333438873291,0.2814333438873291,-1.4746967554092407,1.4746967554092407,False,121,2028
uniform,0,0.5002248883247375,-0.13316738605499268,0.13316738605499268,-0.6520177125930786,0.6520177125930786,False,123,2028
shuffle,0,0.7308722734451294,-0.26404160261154175,0.26404160261154175,-1.1911487877368927,1.1911487877368927,False,123,2028
shuffle,1,0.7274433374404907,-0.0058362483978271484,0.0058362483978271484,-0.03306245803833008,0.03306245803833008,False,123,2028
shuffle,2,0.6953350305557251,-0.27356475591659546,0.27356475591659546,-1.229246735572815,1.229246735572815,False,123,2028
shuffle,3,0.659466028213501,0.007616519927978516,0.007616519927978516,0.04407024383544922,0.04407024383544922,False,123,2028
shuffle,4,0.6877793669700623,-0.1495766043663025,0.1495766043663025,-0.7226290702819824,0.7226290702819824,False,123,2028
shuffle,5,0.781680703163147,-0.19657176733016968,0.19657176733016968,-0.9187655746936798,0.9187655746936798,False,123,2028
shuffle,6,0.707605242729187,-0.2700044512748718,0.2700044512748718,-1.2150050699710846,1.2150050699710846,False,123,2028
shuffle,7,0.7570251226425171,-0.0382726788520813,0.0382726788520813,-0.20714235305786133,0.20714235305786133,False,123,2028
shuffle,8,0.7274613380432129,-0.14191871881484985,0.14191871881484985,-0.6898401975631714,0.6898401975631714,False,123,2028
shuffle,9,0.7988495230674744,-0.2550278902053833,0.2550278902053833,-1.1550628542900085,1.1550628542900085,False,123,2028
shuffle,10,0.7963353395462036,-0.04849231243133545,0.04849231243133545,-0.2590685486793518,0.2590685486793518,False,123,2028
shuffle,11,0.7050731182098389,-0.03324317932128906,0.03324317932128906,-0.18111634254455566,0.18111634254455566,False,123,2028
shuffle,12,0.7211162447929382,-0.3153690993785858,0.3153690993785858,-1.3968440294265747,1.3968440294265747,True,123,2028
shuffle,13,0.8643127083778381,-0.07859605550765991,0.07859605550765991,-0.4055020809173584,0.4055020809173584,False,123,2028
shuffle,14,0.7225626707077026,-0.17416143417358398,0.17416143417358398,-0.8261998891830444,0.8261998891830444,False,123,2028
shuffle,15,0.8123605847358704,-0.2774888277053833,0.2774888277053833,-1.2449431717395782,1.2449431717395782,True,123,2028
shuffle,16,0.6361989974975586,-0.28551027178764343,0.28551027178764343,-1.2770367860794067,1.2770367860794067,True,123,2028
shuffle,17,0.6915165781974792,-0.10553634166717529,0.10553634166717529,-0.5297577977180481,0.5297577977180481,False,123,2028
shuffle,18,0.6619982123374939,-0.10952454805374146,0.10952454805374146,-0.5476986169815063,0.5476986169815063,False,123,2028
shuffle,19,0.7865614295005798,-0.15406715869903564,0.15406715869903564,-0.7417313456535339,0.7417313456535339,False,123,2028
shuffle,20,0.7828243374824524,-0.14155179262161255,0.14155179262161255,-0.6882622241973877,0.6882622241973877,False,123,2028
shuffle,21,0.7865793704986572,-0.24422842264175415,0.24422842264175415,-1.1117605566978455,1.1117605566978455,False,123,2028
shuffle,22,0.6754912734031677,-0.10527068376541138,0.10527068376541138,-0.5285588502883911,0.5285588502883911,False,123,2028
shuffle,23,0.6619982123374939,-0.10086202621459961,0.10086202621459961,-0.5085912346839905,0.5085912346839905,False,123,2028
shuffle,24,0.594002902507782,-0.27163010835647583,0.27163010835647583,-1.2215079069137573,1.2215079069137573,False,123,2028
shuffle,25,0.31074559688568115,-0.008524417877197266,0.008524417877197266,-0.048094987869262695,0.048094987869262695,False,123,2028
shuffle,26,0.6755092144012451,-0.12790429592132568,0.12790429592132568,-0.6290770769119263,0.6290770769119263,False,123,2028
shuffle,27,0.734627366065979,-0.11225968599319458,0.11225968599319458,-0.559941828250885,0.559941828250885,False,123,2028
shuffle,28,0.6619802713394165,0.0140153169631958,0.0140153169631958,0.08195865154266357,0.08195865154266357,False,123,2028
shuffle,29,0.8643126487731934,-0.048004865646362305,0.048004865646362305,-0.25661951303482056,0.25661951303482056,False,123,2028
uniform,0,0.7903550267219543,-0.0356559157371521,0.0356559157371521,-1.0149967670440674,1.0149967670440674,False,134,2028
shuffle,0,0.9571088552474976,0.003153860569000244,0.003153860569000244,0.1618962287902832,0.1618962287902832,False,134,2028
shuffle,1,0.9763218760490417,-0.031242847442626953,0.031242847442626953,-0.9299657344818115,0.9299657344818115,False,134,2028
shuffle,2,0.9512237906455994,-0.003857731819152832,0.003857731819152832,-0.16901803016662598,0.16901803016662598,False,134,2028
shuffle,3,0.8687792420387268,-0.12218201160430908,0.12218201160430908,-2.033130645751953,2.033130645751953,False,134,2028
shuffle,4,0.8768793344497681,0.007797122001647949,0.007797122001647949,0.458514928817749,0.458514928817749,False,134,2028
shuffle,5,0.9622573852539062,-0.0036817193031311035,0.0036817193031311035,-0.16186976432800293,0.16186976432800293,False,134,2028
shuffle,6,0.9301599860191345,-0.13495546579360962,0.13495546579360962,-2.133331298828125,2.133331298828125,False,134,2028
shuffle,7,0.9486977458000183,-0.038011789321899414,0.038011789321899414,-1.0578951835632324,1.0578951835632324,False,134,2028
shuffle,8,0.9672560095787048,-0.2254236340522766,0.2254236340522766,-2.7030961513519287,2.7030961513519287,False,134,2028
shuffle,9,0.9501599073410034,-0.21332615613937378,0.21332615613937378,-2.636925220489502,2.636925220489502,False,134,2028
shuffle,10,0.964083731174469,-0.06171697378158569,0.06171697378158569,-1.418724775314331,1.418724775314331,False,134,2028
shuffle,11,0.968373715877533,-0.016793131828308105,0.016793131828308105,-0.5946323871612549,0.5946323871612549,False,134,2028
shuffle,12,0.9734222292900085,-0.04008078575134277,0.04008078575134277,-1.0942761898040771,1.0942761898040771,False,134,2028
shuffle,13,0.9682956337928772,0.001145005226135254,0.001145005226135254,0.055908918380737305,0.055908918380737305,False,134,2028
shuffle,14,0.9387193322181702,-0.008130073547363281,0.008130073547363281,-0.3291471004486084,0.3291471004486084,False,134,2028
shuffle,15,0.9324122667312622,-0.006329953670501709,0.006329953670501709,-0.2646043300628662,0.2646043300628662,False,134,2028
shuffle,16,0.9618211388587952,-0.21284586191177368,0.21284586191177368,-2.6342501640319824,2.6342501640319824,False,134,2028
shuffle,17,0.9492115378379822,-0.013225078582763672,0.013225078582763672,-0.49310803413391113,0.49310803413391113,False,134,2028
shuffle,18,0.9377014636993408,-0.16314440965652466,0.16314440965652466,-2.3329849243164062,2.3329849243164062,False,134,2028
shuffle,19,0.9666124582290649,-0.01858508586883545,0.01858508586883545,-0.6422383785247803,0.6422383785247803,False,134,2028
shuffle,20,0.9640390872955322,0.00683063268661499,0.00683063268661499,0.38936352729797363,0.38936352729797363,False,134,2028
shuffle,21,0.9819109439849854,-0.00677645206451416,0.00677645206451416,-0.28098368644714355,0.28098368644714355,False,134,2028
shuffle,22,0.8615972995758057,-0.11093854904174805,0.11093854904174805,-1.9385993480682373,1.9385993480682373,False,134,2028
shuffle,23,0.939174234867096,-0.029919087886810303,0.029919087886810303,-0.9031498432159424,0.9031498432159424,False,134,2028
shuffle,24,0.1418040245771408,0.0024973154067993164,0.0024973154067993164,0.126051664352417,0.126051664352417,False,134,2028
shuffle,25,0.9611603021621704,-0.22282111644744873,0.22282111644744873,-2.689050555229187,2.689050555229187,False,134,2028
shuffle,26,0.9408187866210938,-0.019606947898864746,0.019606947898864746,-0.6684787273406982,0.6684787273406982,False,134,2028
shuffle,27,0.9495458006858826,-0.015191316604614258,0.015191316604614258,-0.5502312183380127,0.5502312183380127,False,134,2028
shuffle,28,0.15631362795829773,0.004743218421936035,0.004743218421936035,0.2541525363922119,0.2541525363922119,False,134,2028
shuffle,29,0.9567819833755493,-0.1286219358444214,0.1286219358444214,-2.0845261812210083,2.0845261812210083,False,134,2028
uniform,0,0.8625690937042236,-0.7637099623680115,0.7637099623680115,-4.244602918624878,4.244602918624878,True,141,2028
shuffle,0,0.07215174287557602,0.0023966431617736816,0.0023966431617736816,0.040248870849609375,0.040248870849609375,False,141,2028
shuffle,1,0.9777799248695374,-0.9108949806541204,0.9108949806541204,-6.361804008483887,6.361804008483887,True,141,2028
shuffle,2,0.9304623603820801,-0.9092054851353168,0.9092054851353168,-6.292880535125732,6.292880535125732,True,141,2028
shuffle,3,0.986153781414032,-0.5403641760349274,0.5403641760349274,-3.096542239189148,3.096542239189148,True,141,2028
shuffle,4,0.8960233330726624,-0.8100627362728119,0.8100627362728119,-4.614145398139954,4.614145398139954,True,141,2028
shuffle,5,0.9887773394584656,-0.8839329816401005,0.8839329816401005,-5.58751654624939,5.58751654624939,True,141,2028
shuffle,6,0.99675053358078,-0.8605616018176079,0.8605616018176079,-5.186994314193726,5.186994314193726,True,141,2028
shuffle,7,0.9855349063873291,-0.8863102830946445,0.8863102830946445,-5.637495279312134,5.637495279312134,True,141,2028
shuffle,8,0.9900656938552856,-0.883536871522665,0.883536871522665,-5.579402923583984,5.579402923583984,True,141,2028
shuffle,9,0.946603536605835,-0.7957860082387924,0.7957860082387924,-4.489658951759338,4.489658951759338,True,141,2028
shuffle,10,0.9421383142471313,-0.8329959139227867,0.8329959139227867,-4.842452526092529,4.842452526092529,True,141,2028
shuffle,11,0.9911154508590698,-0.8668155074119568,0.8668155074119568,-5.281233310699463,5.281233310699463,True,141,2028
shuffle,12,0.9924571514129639,-0.8014201372861862,0.8014201372861862,-4.537435412406921,4.537435412406921,True,141,2028
shuffle,13,0.9866617918014526,-0.8311520367860794,0.8311520367860794,-4.822517156600952,4.822517156600952,True,141,2028
shuffle,14,0.9768365621566772,-0.8843136243522167,0.8843136243522167,-5.595369338989258,5.595369338989258,True,141,2028
shuffle,15,0.9784442186355591,-0.8279652073979378,0.8279652073979378,-4.7887864112854,4.7887864112854,True,141,2028
shuffle,16,0.9860811829566956,-0.8887663930654526,0.8887663930654526,-5.691612958908081,5.691612958908081,True,141,2028
shuffle,17,0.9874876737594604,-0.8790352866053581,0.8790352866053581,-5.49110746383667,5.49110746383667,True,141,2028
shuffle,18,0.9977148175239563,-0.7928256243467331,0.7928256243467331,-4.4652016162872314,4.4652016162872314,True,141,2028
shuffle,19,0.9877966046333313,-0.911499984562397,0.911499984562397,-6.3876261711120605,6.3876261711120605,True,141,2028
shuffle,20,0.9923427104949951,-0.8637490049004555,0.8637490049004555,-5.2340734004974365,5.2340734004974365,True,141,2028
shuffle,21,0.91978919506073,-0.884823564440012,0.884823564440012,-5.605977296829224,5.605977296829224,True,141,2028
shuffle,22,0.9421528577804565,-0.8355597108602524,0.8355597108602524,-4.870707988739014,4.870707988739014,True,141,2028
shuffle,23,0.9764881730079651,-0.8010643422603607,0.8010643422603607,-4.534368515014648,4.534368515014648,True,141,2028
shuffle,24,0.9291177988052368,-0.838042326271534,0.838042326271534,-4.898691892623901,4.898691892623901,True,141,2028
shuffle,25,0.9351709485054016,-0.8719032853841782,0.8719032853841782,-5.363986968994141,5.363986968994141,True,141,2028
shuffle,26,0.9864862561225891,-0.9020204693078995,0.9020204693078995,-6.0414674282073975,6.0414674282073975,True,141,2028
shuffle,27,0.9885915517807007,-0.8048178255558014,0.8048178255558014,-4.56707489490509,4.56707489490509,True,141,2028
shuffle,28,0.9928897619247437,-0.5587224960327148,0.5587224960327148,-3.1740387678146362,3.1740387678146362,True,141,2028
shuffle,29,0.9466323256492615,-0.8276932388544083,0.8276932388544083,-4.785948753356934,4.785948753356934,True,141,2028
uniform,0,0.8839006423950195,0.13765394687652588,0.13765394687652588,1.7000740766525269,1.7000740766525269,False,146,2028
shuffle,0,0.926361083984375,0.16239511966705322,0.16239511966705322,2.8146241903305054,2.8146241903305054,False,146,2028
shuffle,1,0.9959520697593689,0.16762590408325195,0.16762590408325195,3.3592790365219116,3.3592790365219116,False,146,2028
shuffle,2,0.9963284134864807,0.1580769419670105,0.1580769419670105,2.514483332633972,2.514483332633972,False,146,2028
shuffle,3,0.9968543648719788,0.16538208723068237,0.16538208723068237,3.0895289182662964,3.0895289182662964,False,146,2028
shuffle,4,0.9983887076377869,0.164434015750885,0.164434015750885,2.994021773338318,2.994021773338318,False,146,2028
shuffle,5,0.9986965656280518,0.13338923454284668,0.13338923454284668,1.5873411893844604,1.5873411893844604,False,146,2028
shuffle,6,0.9975271224975586,-0.007670164108276367,0.007670164108276367,-0.05225026607513428,0.05225026607513428,False,146,2028
shuffle,7,0.9700965285301208,0.0650397539138794,0.0650397539138794,0.5407391786575317,0.5407391786575317,False,146,2028
shuffle,8,0.9984147548675537,0.16408830881118774,0.16408830881118774,2.9613059759140015,2.9613059759140015,False,146,2028
shuffle,9,0.9950019121170044,0.017938554286956787,0.017938554286956787,0.12969553470611572,0.12969553470611572,False,146,2028
shuffle,10,0.9703643918037415,0.10651707649230957,0.10651707649230957,1.0601357221603394,1.0601357221603394,False,146,2028
shuffle,11,0.9956901669502258,0.018827736377716064,0.018827736377716064,0.1364293098449707,0.1364293098449707,False,146,2028
shuffle,12,0.9686957001686096,0.16159546375274658,0.16159546375274658,2.752031683921814,2.752031683921814,False,146,2028
shuffle,13,0.9954915642738342,0.12014472484588623,0.12014472484588623,1.2967547178268433,1.2967547178268433,False,146,2028
shuffle,14,0.9664204120635986,0.1544399857521057,0.1544399857521057,2.315496563911438,2.315496563911438,False,146,2028
shuffle,15,0.9976755976676941,0.16333824396133423,0.16333824396133423,2.8937190771102905,2.8937190771102905,False,146,2028
shuffle,16,0.9991787075996399,0.1724485158920288,0.1724485158920288,4.440415263175964,4.440415263175964,False,146,2028
shuffle,17,0.996605634689331,0.14088016748428345,0.14088016748428345,1.7939118146896362,1.7939118146896362,False,146,2028
shuffle,18,0.9950990676879883,0.13713669776916504,0.13713669776916504,1.6857608556747437,1.6857608556747437,False,146,2028
shuffle,19,0.996529221534729,0.1498236060142517,0.1498236060142517,2.107704520225525,2.107704520225525,False,146,2028
shuffle,20,0.996474027633667,0.17274975776672363,0.17274975776672363,4.569451212882996,4.569451212882996,False,146,2028
shuffle,21,0.9683018922805786,0.1645338535308838,0.1645338535308838,3.0036686658859253,3.0036686658859253,False,146,2028
shuffle,22,0.9938722252845764,0.15110498666763306,0.15110498666763306,2.1613749265670776,2.1613749265670776,False,146,2028
shuffle,23,0.9688286185264587,0.0038684606552124023,0.0038684606552124023,0.02703845500946045,0.02703845500946045,False,146,2028
shuffle,24,0.9680544137954712,0.16701942682266235,0.16701942682266235,3.2790244817733765,3.2790244817733765,False,146,2028
shuffle,25,0.07704063504934311,-0.04305166006088257,0.04305166006088257,-0.2736020088195801,0.2736020088195801,False,146,2028
shuffle,26,0.9700800180435181,0.1508222222328186,0.1508222222328186,2.149290442466736,2.149290442466736,False,146,2028
shuffle,27,0.9267753958702087,0.1244400143623352,0.1244400143623352,1.3829153776168823,1.3829153776168823,False,146,2028
shuffle,28,0.9958503842353821,0.1676018238067627,0.1676018238067627,3.3559592962265015,3.3559592962265015,False,146,2028
shuffle,29,0.9966949820518494,0.10447371006011963,0.10447371006011963,1.0285152196884155,1.0285152196884155,False,146,2028
uniform,0,0.7861562371253967,-0.025835037231445312,0.025835037231445312,-2.7904419898986816,2.7904419898986816,False,148,2028
shuffle,0,0.9960067868232727,-0.09494268894195557,0.09494268894195557,-4.118740081787109,4.118740081787109,False,148,2028
shuffle,1,0.8474403619766235,-0.008495092391967773,0.008495092391967773,-1.7815437316894531,1.7815437316894531,False,148,2028
shuffle,2,0.9970492720603943,-0.034679293632507324,0.034679293632507324,-3.07778263092041,3.07778263092041,False,148,2028
shuffle,3,0.9977147579193115,-0.10604751110076904,0.10604751110076904,-4.2398388385772705,4.2398388385772705,False,148,2028
shuffle,4,0.9976279139518738,-0.003606855869293213,0.003606855869293213,-1.1271018981933594,1.1271018981933594,False,148,2028
shuffle,5,0.7432453036308289,-0.0057885050773620605,0.0057885050773620605,-1.4716029167175293,1.4716029167175293,False,148,2028
shuffle,6,0.8693282604217529,-3.2067298889160156e-05,3.2067298889160156e-05,-0.018350601196289062,0.018350601196289062,False,148,2028
shuffle,7,0.996549665927887,-0.11447900533676147,0.11447900533676147,-4.3246495723724365,4.3246495723724365,False,148,2028
shuffle,8,0.9736435413360596,-0.056486666202545166,0.056486666202545166,-3.569941282272339,3.569941282272339,False,148,2028
shuffle,9,0.8468918204307556,-0.018571019172668457,0.018571019172668457,-2.477220296859741,2.477220296859741,False,148,2028
shuffle,10,0.973387598991394,-0.029766440391540527,0.029766440391540527,-2.927780866622925,2.927780866622925,False,148,2028
shuffle,11,0.9969062209129333,-0.12073290348052979,0.12073290348052979,-4.384165644645691,4.384165644645691,False,148,2028
shuffle,12,0.8479161858558655,-0.019026994705200195,0.019026994705200195,-2.499891757965088,2.499891757965088,False,148,2028
shuffle,13,0.9948849081993103,-0.07753384113311768,0.07753384113311768,-3.9011199474334717,3.9011199474334717,False,148,2028
shuffle,14,0.8699154853820801,-0.005765020847320557,0.005765020847320557,-1.4684605598449707,1.4684605598449707,False,148,2028
shuffle,15,0.44171610474586487,-0.008862614631652832,0.008862614631652832,-1.8171944618225098,1.8171944618225098,False,148,2028
shuffle,16,0.7428514361381531,-0.0033215880393981934,0.0033215880393981934,-1.0719666481018066,1.0719666481018066,False,148,2028
shuffle,17,0.9728227257728577,-0.10362136363983154,0.10362136363983154,-4.214357137680054,4.214357137680054,False,148,2028
shuffle,18,0.5571637153625488,-0.018231093883514404,0.018231093883514404,-2.459991455078125,2.459991455078125,False,148,2028
shuffle,19,0.5460760593414307,-0.005998075008392334,0.005998075008392334,-1.4992823600769043,1.4992823600769043,False,148,2028
shuffle,20,0.8688898086547852,-0.011617422103881836,0.011617422103881836,-2.0509963035583496,2.0509963035583496,False,148,2028
shuffle,21,0.5685176253318787,-0.03258401155471802,0.03258401155471802,-3.01635479927063,3.01635479927063,False,148,2028
shuffle,22,0.9978663921356201,-0.06964355707168579,0.06964355707168579,-3.78774356842041,3.78774356842041,False,148,2028
shuffle,23,0.9957858324050903,-0.018994033336639404,0.018994033336639404,-2.4982686042785645,2.4982686042785645,False,148,2028
shuffle,24,0.5672149658203125,-0.02260458469390869,0.02260458469390869,-2.662510395050049,2.662510395050049,False,148,2028
shuffle,25,0.9969558119773865,-0.15578627586364746,0.15578627586364746,-4.676637411117554,4.676637411117554,False,148,2028
shuffle,26,0.8703240752220154,-0.0037079453468322754,0.0037079453468322754,-1.1459341049194336,1.1459341049194336,False,148,2028
shuffle,27,0.9740345478057861,-0.036222755908966064,0.036222755908966064,-3.120896339416504,3.120896339416504,False,148,2028
shuffle,28,0.8701665997505188,6.461143493652344e-05,6.461143493652344e-05,0.03796958923339844,0.03796958923339844,False,148,2028
shuffle,29,0.8698625564575195,-0.007968604564666748,0.007968604564666748,-1.728182315826416,1.728182315826416,False,148,2028
uniform,0,0.6808767318725586,-0.006301283836364746,0.006301283836364746,-1.1423087120056152,1.1423087120056152,False,151,2028
shuffle,0,0.7035143971443176,-0.0006242990493774414,0.0006242990493774414,-0.1908245086669922,0.1908245086669922,False,151,2028
shuffle,1,0.6800495386123657,-0.0015572309494018555,0.0015572309494018555,-0.4219045639038086,0.4219045639038086,False,151,2028
shuffle,2,0.8548988103866577,-0.008031606674194336,0.008031606674194336,-1.3149967193603516,1.3149967193603516,False,151,2028
shuffle,3,0.8765775561332703,-0.003730177879333496,0.003730177879333496,-0.8153753280639648,0.8153753280639648,False,151,2028
shuffle,4,0.9804552793502808,-0.007416486740112305,0.007416486740112305,-1.2569036483764648,1.2569036483764648,False,151,2028
shuffle,5,0.7150307893753052,-0.0047838687896728516,0.0047838687896728516,-0.9622640609741211,0.9622640609741211,False,151,2028
shuffle,6,0.9112791419029236,-0.005459785461425781,0.005459785461425781,-1.0464191436767578,1.0464191436767578,False,151,2028
shuffle,7,0.5088991522789001,-0.008648276329040527,0.008648276329040527,-1.3701047897338867,1.3701047897338867,False,151,2028
shuffle,8,0.8514600992202759,-0.005064725875854492,0.005064725875854492,-0.9980902671813965,0.9980902671813965,False,151,2028
shuffle,9,0.9263280034065247,-0.009755194187164307,0.009755194187164307,-1.4621596336364746,1.4621596336364746,False,151,2028
shuffle,10,0.7048054933547974,-0.0006985068321228027,0.0006985068321228027,-0.2112717628479004,0.2112717628479004,False,151,2028
shuffle,11,0.6263905763626099,0.001004040241241455,0.001004040241241455,0.41176891326904297,0.41176891326904297,False,151,2028
shuffle,12,0.7192745208740234,-0.0007846355438232422,0.0007846355438232422,-0.23450565338134766,0.23450565338134766,False,151,2028
shuffle,13,0.9252321124076843,-0.010008513927459717,0.010008513927459717,-1.4821147918701172,1.4821147918701172,False,151,2028
shuffle,14,0.8430852890014648,-0.009402275085449219,0.009402275085449219,-1.4337005615234375,1.4337005615234375,False,151,2028
shuffle,15,0.9771084785461426,-0.01690727472305298,0.01690727472305298,-1.9151253700256348,1.9151253700256348,False,151,2028
shuffle,16,0.6659653782844543,-0.01612323522567749,0.01612323522567749,-1.8741025924682617,1.8741025924682617,False,151,2028
shuffle,17,0.90641850233078,-0.016174256801605225,0.016174256801605225,-1.8768203258514404,1.8768203258514404,False,151,2028
shuffle,18,0.9539466500282288,-0.01785588264465332,0.01785588264465332,-1.962686538696289,1.962686538696289,False,151,2028
shuffle,19,0.8375877141952515,-0.0034989118576049805,0.0034989118576049805,-0.7800636291503906,0.7800636291503906,False,151,2028
shuffle,20,0.9670413732528687,-0.012545645236968994,0.012545645236968994,-1.6631073951721191,1.6631073951721191,False,151,2028
shuffle,21,0.889031171798706,-0.012311398983001709,0.012311398983001709,-1.64766263961792,1.64766263961792,False,151,2028
shuffle,22,0.7563236355781555,-0.000619351863861084,0.000619351863861084,-0.18944501876831055,0.18944501876831055,False,151,2028
shuffle,23,0.9117960929870605,-0.003484666347503662,0.003484666347503662,-0.7778434753417969,0.7778434753417969,False,151,2028
shuffle,24,0.8592605590820312,-0.009670257568359375,0.009670257568359375,-1.4553766250610352,1.4553766250610352,False,151,2028
shuffle,25,0.9134917259216309,-0.0402369499206543,0.0402369499206543,-2.7153549194335938,2.7153549194335938,False,151,2028
shuffle,26,0.6892692446708679,-0.0072928667068481445,0.0072928667068481445,-1.2448148727416992,1.2448148727416992,False,151,2028
shuffle,27,0.9774312376976013,-0.02061253786087036,0.02061253786087036,-2.089757204055786,2.089757204055786,False,151,2028
shuffle,28,0.9564545154571533,-0.017889857292175293,0.017889857292175293,-1.9643497467041016,1.9643497467041016,False,151,2028
shuffle,29,0.7093457579612732,-0.0038036108016967773,0.0038036108016967773,-0.8263163566589355,0.8263163566589355,False,151,2028
uniform,0,0.5465841293334961,-0.0776057243347168,0.0776057243347168,-0.7439379692077637,0.7439379692077637,False,159,2028
shuffle,0,0.6787269711494446,-0.09628528356552124,0.09628528356552124,-0.8759679794311523,0.8759679794311523,False,159,2028
shuffle,1,0.698703408241272,0.021168112754821777,0.021168112754821777,0.31395936012268066,0.31395936012268066,False,159,2028
shuffle,2,0.7158058285713196,-0.09594029188156128,0.09594029188156128,-0.8736295700073242,0.8736295700073242,False,159,2028
shuffle,3,0.4847893714904785,-0.14858794212341309,0.14858794212341309,-1.1968494653701782,1.1968494653701782,False,159,2028
shuffle,4,0.8235126733779907,-0.3222085237503052,0.3222085237503052,-2.0112200379371643,2.0112200379371643,False,159,2028
shuffle,5,0.4079018831253052,-0.05925208330154419,0.05925208330154419,-0.6015830039978027,0.6015830039978027,False,159,2028
shuffle,6,0.7007570266723633,-0.06186068058013916,0.06186068058013916,-0.62270188331604,0.62270188331604,False,159,2028
shuffle,7,0.8458435535430908,-0.17434042692184448,0.17434042692184448,-1.3360655307769775,1.3360655307769775,False,159,2028
shuffle,8,0.49381905794143677,-0.12664419412612915,0.12664419412612915,-1.0694799423217773,1.0694799423217773,False,159,2028
shuffle,9,0.5539175868034363,0.013457179069519043,0.013457179069519043,0.18960976600646973,0.18960976600646973,False,159,2028
shuffle,10,0.4644050598144531,-0.039473772048950195,0.039473772048950195,-0.4299757480621338,0.4299757480621338,False,159,2028
shuffle,11,0.5642651319503784,-0.018250584602355957,0.018250584602355957,-0.21713519096374512,0.21713519096374512,False,159,2028
shuffle,12,0.7863735556602478,-0.06939232349395752,0.06939232349395752,-0.6819679737091064,0.6819679737091064,False,159,2028
shuffle,13,0.7562349438667297,-0.08115464448928833,0.08115464448928833,-0.7699270248413086,0.7699270248413086,False,159,2028
shuffle,14,0.6779829859733582,-0.09056651592254639,0.09056651592254639,-0.8367482423782349,0.8367482423782349,False,159,2028
shuffle,15,0.8087043166160583,-0.17911452054977417,0.17911452054977417,-1.3608462810516357,1.3608462810516357,False,159,2028
shuffle,16,0.37071582674980164,-0.00897371768951416,0.00897371768951416,-0.11156153678894043,0.11156153678894043,False,159,2028
shuffle,17,0.7122780680656433,-0.07288271188735962,0.07288271188735962,-0.7086257934570312,0.7086257934570312,False,159,2028
shuffle,18,0.7000130414962769,-0.1400163173675537,0.1400163173675537,-1.1481636762619019,1.1481636762619019,False,159,2028
shuffle,19,0.633479118347168,-0.06028991937637329,0.06028991937637329,-0.6100234985351562,0.6100234985351562,False,159,2028
shuffle,20,0.6430275440216064,-0.07566124200820923,0.07566124200820923,-0.7295024394989014,0.7295024394989014,False,159,2028
shuffle,21,0.4560130834579468,0.016262531280517578,0.016262531280517578,0.23331570625305176,0.23331570625305176,False,159,2028
shuffle,22,0.3670295476913452,0.015118241310119629,0.015118241310119629,0.21528887748718262,0.21528887748718262,False,159,2028
shuffle,23,0.5327659845352173,-0.12039816379547119,0.12039816379547119,-1.0314719676971436,1.0314719676971436,False,159,2028
shuffle,24,0.8091476559638977,-0.022689402103424072,0.022689402103424072,-0.2646632194519043,0.2646632194519043,False,159,2028
shuffle,25,0.7809663414955139,-0.05113780498504639,0.05113780498504639,-0.5337690114974976,0.5337690114974976,False,159,2028
shuffle,26,0.8094482421875,-0.028430700302124023,0.028430700302124023,-0.32361555099487305,0.32361555099487305,False,159,2028
shuffle,27,0.6235560178756714,-0.2843904495239258,0.2843904495239258,-1.8517249822616577,1.8517249822616577,False,159,2028
shuffle,28,0.8698310852050781,-0.21653729677200317,0.21653729677200317,-1.5460250973701477,1.5460250973701477,False,159,2028
shuffle,29,0.48225879669189453,-0.019695699214935303,0.019695699214935303,-0.23280596733093262,0.23280596733093262,False,159,2028
uniform,0,0.7130743861198425,0.027538836002349854,0.027538836002349854,0.28305602073669434,0.28305602073669434,False,172,2028
shuffle,0,0.8909178376197815,0.04630404710769653,0.04630404710769653,0.5210039615631104,0.5210039615631104,False,172,2028
shuffle,1,0.8692657947540283,0.013020098209381104,0.013020098209381104,0.12608027458190918,0.12608027458190918,False,172,2028
shuffle,2,0.7970156073570251,0.015828847885131836,0.015828847885131836,0.1549675464630127,0.1549675464630127,False,172,2028
shuffle,3,0.9112849235534668,0.05038046836853027,0.05038046836853027,0.5796072483062744,0.5796072483062744,False,172,2028
shuffle,4,0.8290464878082275,0.07999223470687866,0.07999223470687866,1.1294958591461182,1.1294958591461182,False,172,2028
shuffle,5,0.9485152363777161,-0.08008778095245361,0.08008778095245361,-0.5954387187957764,0.5954387187957764,False,172,2028
shuffle,6,0.8117943406105042,0.022891640663146973,0.022891640663146973,0.23064780235290527,0.23064780235290527,False,172,2028
shuffle,7,0.9014492630958557,0.10006535053253174,0.10006535053253174,1.767472743988037,1.767472743988037,False,172,2028
shuffle,8,0.7168958783149719,-0.027911067008972168,0.027911067008972168,-0.2360069751739502,0.2360069751739502,False,172,2028
shuffle,9,0.9666324257850647,-0.02026921510696411,0.02026921510696411,-0.1752784252166748,0.1752784252166748,False,172,2028
shuffle,10,0.803816020488739,0.04727303981781006,0.04727303981781006,0.5346720218658447,0.5346720218658447,False,172,2028
shuffle,11,0.7677972316741943,-0.19521629810333252,0.19521629810333252,-1.1996605396270752,1.1996605396270752,False,172,2028
shuffle,12,0.6886422038078308,-0.11105096340179443,0.11105096340179443,-0.7766228914260864,0.7766228914260864,False,172,2028
shuffle,13,0.8269594311714172,0.015553832054138184,0.015553832054138184,0.15210986137390137,0.15210986137390137,False,172,2028
shuffle,14,0.869592010974884,-0.0029972195625305176,0.0029972195625305176,-0.0273895263671875,0.0273895263671875,False,172,2028
shuffle,15,0.8588820695877075,-0.018486320972442627,0.018486320972442627,-0.16072726249694824,0.16072726249694824,False,172,2028
shuffle,16,0.9345033764839172,0.10476619005203247,0.10476619005203247,1.9953346252441406,1.9953346252441406,False,172,2028
shuffle,17,0.8896511197090149,0.09350216388702393,0.09350216388702393,1.5145399570465088,1.5145399570465088,False,172,2028
shuffle,18,0.9036787748336792,0.04511517286300659,0.04511517286300659,0.504446268081665,0.504446268081665,False,172,2028
shuffle,19,0.8264842629432678,-0.11023837327957153,0.11023837327957153,-0.7720921039581299,0.7720921039581299,False,172,2028
shuffle,20,0.897533655166626,0.07516980171203613,0.07516980171203613,1.0195014476776123,1.0195014476776123,False,172,2028
shuffle,21,0.9155985713005066,-0.14698076248168945,0.14698076248168945,-0.9671887159347534,0.9671887159347534,False,172,2028
shuffle,22,0.759043276309967,0.07655501365661621,0.07655501365661621,1.0499885082244873,1.0499885082244873,False,172,2028
shuffle,23,0.8442890048027039,0.057048499584198,0.057048499584198,0.6822946071624756,0.6822946071624756,False,172,2028
shuffle,24,0.9528758525848389,0.08550846576690674,0.08550846576690674,1.2705678939819336,1.2705678939819336,False,172,2028
shuffle,25,0.9480561017990112,0.04723089933395386,0.04723089933395386,0.5340747833251953,0.5340747833251953,False,172,2028
shuffle,26,0.949600100517273,0.08158135414123535,0.08158135414123535,1.1682987213134766,1.1682987213134766,False,172,2028
shuffle,27,0.9456257224082947,-0.05330127477645874,0.05330127477645874,-0.4213416576385498,0.4213416576385498,False,172,2028
shuffle,28,0.8321682810783386,-0.038932204246520996,0.038932204246520996,-0.3193080425262451,0.3193080425262451,False,172,2028
shuffle,29,0.8973982334136963,-0.00041610002517700195,0.00041610002517700195,-0.0038366317749023438,0.0038366317749023438,False,172,2028
uniform,0,0.7015304565429688,-0.13601601123809814,0.13601601123809814,-0.944420576095581,0.944420576095581,False,179,2028
shuffle,0,0.9493507146835327,-0.091106116771698,0.091106116771698,-0.6895973682403564,0.6895973682403564,False,179,2028
shuffle,1,0.9474034309387207,-0.2171860933303833,0.2171860933303833,-1.3387605547904968,1.3387605547904968,False,179,2028
shuffle,2,0.6943493485450745,-0.16404956579208374,0.16404956579208374,-1.0882058143615723,1.0882058143615723,False,179,2028
shuffle,3,0.936218798160553,-0.08945661783218384,0.08945661783218384,-0.6795108318328857,0.6795108318328857,False,179,2028
shuffle,4,0.946305513381958,-0.2994843125343323,0.2994843125343323,-1.6913560032844543,1.6913560032844543,False,179,2028
shuffle,5,0.9463054537773132,-0.10097038745880127,0.10097038745880127,-0.7487115859985352,0.7487115859985352,False,179,2028
shuffle,6,0.700104832649231,-0.18065732717514038,0.18065732717514038,-1.1692094802856445,1.1692094802856445,False,179,2028
shuffle,7,0.70774245262146,-0.12712103128433228,0.12712103128433228,-0.8966237306594849,0.8966237306594849,False,179,2028
shuffle,8,0.6995174884796143,-0.20224487781524658,0.20224487781524658,-1.2706860303878784,1.2706860303878784,False,179,2028
shuffle,9,0.9455418586730957,-0.03270477056503296,0.03270477056503296,-0.28667211532592773,0.28667211532592773,False,179,2028
shuffle,10,0.7034112811088562,-0.17700248956680298,0.17700248956680298,-1.1516184210777283,1.1516184210777283,False,179,2028
shuffle,11,0.9460442662239075,-0.4035073518753052,0.4035073518753052,-2.1108000725507736,2.1108000725507736,True,179,2028
shuffle,12,0.9422354102134705,-0.161571204662323,0.161571204662323,-1.075871467590332,1.075871467590332,False,179,2028
shuffle,13,0.9422353506088257,-0.30041152238845825,0.30041152238845825,-1.6951734721660614,1.6951734721660614,False,179,2028
shuffle,14,0.704174816608429,-0.2534472942352295,0.2534472942352295,-1.498049259185791,1.498049259185791,False,179,2028
shuffle,15,0.704174816608429,-0.34463995695114136,0.34463995695114136,-1.87495818734169,1.87495818734169,False,179,2028
shuffle,16,0.7036724090576172,-0.0833926796913147,0.0833926796913147,-0.6419041156768799,0.6419041156768799,False,179,2028
shuffle,17,0.9553673267364502,-0.03368467092514038,0.03368467092514038,-0.2944059371948242,0.2944059371948242,False,179,2028
shuffle,18,0.932409942150116,-0.09263879060745239,0.09263879060745239,-0.6989158391952515,0.6989158391952515,False,179,2028
shuffle,19,0.932325005531311,-0.1654719114303589,0.1654719114303589,-1.0952545404434204,1.0952545404434204,False,179,2028
shuffle,20,0.946305513381958,-0.09359180927276611,0.09359180927276611,-0.704684853553772,0.704684853553772,False,179,2028
shuffle,21,0.7134978771209717,-0.1030724048614502,0.1030724048614502,-0.761054277420044,0.761054277420044,False,179,2028
shuffle,22,0.24871467053890228,-0.04895830154418945,0.04895830154418945,-0.4098867177963257,0.4098867177963257,False,179,2028
shuffle,23,0.9463054537773132,-0.0980793833732605,0.0980793833732605,-0.7315936088562012,0.7315936088562012,False,179,2028
shuffle,24,0.9422354102134705,-0.4553578197956085,0.4553578197956085,-2.320099413394928,2.320099413394928,True,179,2028
shuffle,25,0.9553673267364502,-0.13996076583862305,0.13996076583862305,-0.9652574062347412,0.9652574062347412,False,179,2028
shuffle,26,0.698419451713562,-0.18035829067230225,0.18035829067230225,-1.1677749156951904,1.1677749156951904,False,179,2028
shuffle,27,0.94002765417099,-0.4505314826965332,0.4505314826965332,-2.300423324108124,2.300423324108124,True,179,2028
shuffle,28,0.9419743418693542,-0.027914106845855713,0.027914106845855713,-0.2482435703277588,0.2482435703277588,False,179,2028
shuffle,29,0.6976557970046997,-0.1321166753768921,0.1321166753768921,-0.923609733581543,0.923609733581543,False,179,2028
uniform,0,0.7110075950622559,-0.4061999171972275,0.4061999171972275,-1.7469730377197266,1.7469730377197266,True,199,2028
shuffle,0,0.8580843806266785,-0.3266473710536957,0.3266473710536957,-1.356842279434204,1.356842279434204,True,199,2028
shuffle,1,0.8093198537826538,-0.3663438856601715,0.3663438856601715,-1.5434269905090332,1.5434269905090332,True,199,2028
shuffle,2,0.8371573686599731,-0.46166564524173737,0.46166564524173737,-2.071420431137085,2.071420431137085,True,199,2028
shuffle,3,0.8987338542938232,-0.61447349563241,0.61447349563241,-3.8253750801086426,3.8253750801086426,True,199,2028
shuffle,4,0.9336342811584473,-0.43574710190296173,0.43574710190296173,-1.9124304056167603,1.9124304056167603,True,199,2028
shuffle,5,0.8351238369941711,-0.3785053491592407,0.3785053491592407,-1.603542447090149,1.603542447090149,True,199,2028
shuffle,6,0.8390042185783386,-0.49164628982543945,0.49164628982543945,-2.277253031730652,2.277253031730652,True,199,2028
shuffle,7,0.8831222057342529,0.04713845252990723,0.04713845252990723,0.21608459949493408,0.21608459949493408,False,199,2028
shuffle,8,0.9171110391616821,-0.5379815548658371,0.5379815548658371,-2.6669301986694336,2.6669301986694336,True,199,2028
shuffle,9,0.8456270694732666,-0.5897795632481575,0.5897795632481575,-3.3147521018981934,3.3147521018981934,True,199,2028
shuffle,10,0.8683643937110901,-0.2769056558609009,0.2769056558609009,-1.1385812759399414,1.1385812759399414,True,199,2028
shuffle,11,0.8727538585662842,-0.4646904915571213,0.4646904915571213,-2.091004490852356,2.091004490852356,True,199,2028
shuffle,12,0.9268774390220642,-0.3849247992038727,0.3849247992038727,-1.6359353065490723,1.6359353065490723,True,199,2028
shuffle,13,0.9394913911819458,-0.6239193212240934,0.6239193212240934,-4.1076178550720215,4.1076178550720215,True,199,2028
shuffle,14,0.7887681126594543,-0.4470611810684204,0.4470611810684204,-1.9800121784210205,1.9800121784210205,True,199,2028
shuffle,15,0.9096555709838867,-0.6169852390885353,0.6169852390885353,-3.8935048580169678,3.8935048580169678,True,199,2028
shuffle,16,0.8943360447883606,0.07873797416687012,0.07873797416687012,0.371944785118103,0.371944785118103,False,199,2028
shuffle,17,0.9066763520240784,-0.28445732593536377,0.28445732593536377,-1.170858085155487,1.170858085155487,True,199,2028
shuffle,18,0.9225494861602783,-0.528542160987854,0.528542160987854,-2.5780246257781982,2.5780246257781982,True,199,2028
shuffle,19,0.8790513277053833,-0.16007280349731445,0.16007280349731445,-0.6609945222735405,0.6609945222735405,True,199,2028
shuffle,20,0.8908987045288086,-0.22440147399902344,0.22440147399902344,-0.9201849699020386,0.9201849699020386,True,199,2028
shuffle,21,0.8927451372146606,-0.5358442217111588,0.5358442217111588,-2.6462669372558594,2.6462669372558594,True,199,2028
shuffle,22,0.8888217210769653,-0.4031645655632019,0.4031645655632019,-1.7307583093643188,1.7307583093643188,True,199,2028
shuffle,23,0.8971062302589417,-0.4655129313468933,0.4655129313468933,-2.0963704586029053,2.0963704586029053,True,199,2028
shuffle,24,0.8506672382354736,-0.29932263493537903,0.29932263493537903,-1.2352145910263062,1.2352145910263062,True,199,2028
shuffle,25,0.7546042203903198,-0.40436986088752747,0.40436986088752747,-1.7371810674667358,1.7371810674667358,True,199,2028
shuffle,26,0.8555988669395447,-0.6367047354578972,0.6367047354578972,-4.672209739685059,4.672209739685059,True,199,2028
shuffle,27,0.8255099058151245,-0.5096088349819183,0.5096088349819183,-2.41566264629364,2.41566264629364,True,199,2028
shuffle,28,0.9055173397064209,-0.31962889432907104,0.31962889432907104,-1.325143575668335,1.325143575668335,True,199,2028
shuffle,29,0.8629647493362427,-0.23822444677352905,0.23822444677352905,-0.9768325984477997,0.9768325984477997,True,199,2028
uniform,0,0.600054144859314,-6.973743438720703e-05,6.973743438720703e-05,-0.06243133544921875,0.06243133544921875,False,206,2028
shuffle,0,0.8199476599693298,4.482269287109375e-05,4.482269287109375e-05,0.04230308532714844,0.04230308532714844,False,206,2028
shuffle,1,0.8954479694366455,0.0006369948387145996,0.0006369948387145996,0.888176441192627,0.888176441192627,False,206,2028
shuffle,2,0.8363838195800781,-0.0016266703605651855,0.0016266703605651855,-0.9188098907470703,0.9188098907470703,False,206,2028
shuffle,3,0.7240665555000305,-0.0023325681686401367,0.0023325681686401367,-1.1510577201843262,1.1510577201843262,False,206,2028
shuffle,4,0.5756123661994934,-0.0027739405632019043,0.0027739405632019043,-1.2730584144592285,1.2730584144592285,False,206,2028
shuffle,5,0.8239602446556091,-0.0051940083503723145,0.0051940083503723145,-1.7625236511230469,1.7625236511230469,False,206,2028
shuffle,6,0.8915231227874756,5.626678466796875e-05,5.626678466796875e-05,0.053472042083740234,0.053472042083740234,False,206,2028
shuffle,7,0.7776223421096802,-0.010361850261688232,0.010361850261688232,-2.3683924674987793,2.3683924674987793,False,206,2028
shuffle,8,0.7304477691650391,0.0007506608963012695,0.0007506608963012695,1.18253755569458,1.18253755569458,False,206,2028
shuffle,9,0.7824215888977051,0.0005731582641601562,0.0005731582641601562,0.7542719841003418,0.7542719841003418,False,206,2028
shuffle,10,0.8319180011749268,0.00033968687057495117,0.00033968687057495117,0.3768162727355957,0.3768162727355957,False,206,2028
shuffle,11,0.7096744179725647,0.0005181431770324707,0.0005181431770324707,0.6517672538757324,0.6517672538757324,False,206,2028
shuffle,12,0.28935864567756653,-0.0001537799835205078,0.0001537799835205078,-0.13296175003051758,0.13296175003051758,False,206,2028
shuffle,13,0.8044668436050415,-0.00012362003326416016,0.00012362003326416016,-0.10821342468261719,0.10821342468261719,False,206,2028
shuffle,14,0.4282143712043762,0.0007435083389282227,0.0007435083389282227,1.1613359451293945,1.1613359451293945,False,206,2028
shuffle,15,0.8023273348808289,0.00028401613235473633,0.00028401613235473633,0.30450963973999023,0.30450963973999023,False,206,2028
shuffle,16,0.7569137811660767,0.0002429485321044922,0.0002429485321044922,0.2543673515319824,0.2543673515319824,False,206,2028
shuffle,17,0.8874039649963379,-0.0052182674407958984,0.0052182674407958984,-1.7663917541503906,1.7663917541503906,False,206,2028
shuffle,18,0.845421552658081,0.00014799833297729492,0.00014799833297729492,0.14709234237670898,0.14709234237670898,False,206,2028
shuffle,19,0.7670153379440308,-0.0006740093231201172,0.0006740093231201172,-0.48464441299438477,0.48464441299438477,False,206,2028
shuffle,20,0.5980952382087708,-0.002783060073852539,0.002783060073852539,-1.2754292488098145,1.2754292488098145,False,206,2028
shuffle,21,0.5902009010314941,0.0007596015930175781,0.0007596015930175781,1.2099852561950684,1.2099852561950684,False,206,2028
shuffle,22,0.6925016641616821,0.0005472302436828613,0.0005472302436828613,0.7045655250549316,0.7045655250549316,False,206,2028
shuffle,23,0.6074855327606201,-0.0008035898208618164,0.0008035898208618164,-0.5558819770812988,0.5558819770812988,False,206,2028
shuffle,24,0.8107002377510071,0.0005077123641967773,0.0005077123641967773,0.6331853866577148,0.6331853866577148,False,206,2028
shuffle,25,0.8689038753509521,-0.001080930233001709,0.001080930233001709,-0.693366527557373,0.693366527557373,False,206,2028
shuffle,26,0.7654073238372803,-7.611513137817383e-05,7.611513137817383e-05,-0.06800317764282227,0.06800317764282227,False,206,2028
shuffle,27,0.7836467027664185,-0.00159531831741333,0.00159531831741333,-0.9071431159973145,0.9071431159973145,False,206,2028
shuffle,28,0.8909068703651428,-0.0006096363067626953,0.0006096363067626953,-0.4471907615661621,0.4471907615661621,False,206,2028
shuffle,29,0.8654211759567261,0.000316619873046875,0.000316619873046875,0.3462986946105957,0.3462986946105957,False,206,2028
uniform,0,0.6565288305282593,-0.061304450035095215,0.061304450035095215,-1.5455420017242432,1.5455420017242432,False,227,2028
shuffle,0,0.8834445476531982,-0.2649446725845337,0.2649446725845337,-3.067097783088684,3.067097783088684,False,227,2028
shuffle,1,0.6151769757270813,-0.03150135278701782,0.03150135278701782,-1.0427145957946777,1.0427145957946777,False,227,2028
shuffle,2,0.785605251789093,-0.3538441061973572,0.3538441061973572,-3.4726582169532776,3.4726582169532776,False,227,2028
shuffle,3,0.7595232725143433,-0.09558755159378052,0.09558755159378052,-1.9426066875457764,1.9426066875457764,False,227,2028
shuffle,4,0.8724055290222168,-0.05125105381011963,0.05125105381011963,-1.3992033004760742,1.3992033004760742,False,227,2028
shuffle,5,0.9580236673355103,-0.13415080308914185,0.13415080308914185,-2.2792906761169434,2.2792906761169434,False,227,2028
shuffle,6,0.8512862324714661,-0.037311673164367676,0.037311673164367676,-1.1597390174865723,1.1597390174865723,False,227,2028
shuffle,7,0.880761981010437,-0.08576518297195435,0.08576518297195435,-1.8411779403686523,1.8411779403686523,False,227,2028
shuffle,8,0.7432118058204651,-0.07787668704986572,0.07787668704986572,-1.7533807754516602,1.7533807754516602,False,227,2028
shuffle,9,0.9161301851272583,0.002599000930786133,0.002599000930786133,0.15818548202514648,0.15818548202514648,False,227,2028
shuffle,10,0.9323326349258423,-0.18354785442352295,0.18354785442352295,-2.6204071044921875,2.6204071044921875,False,227,2028
shuffle,11,0.49382203817367554,-0.06081050634384155,0.06081050634384155,-1.5387606620788574,1.5387606620788574,False,227,2028
shuffle,12,0.813215434551239,-0.11997795104980469,0.11997795104980469,-2.1649625301361084,2.1649625301361084,False,227,2028
shuffle,13,0.8049015402793884,-0.013632416725158691,0.013632416725158691,-0.5767641067504883,0.5767641067504883,False,227,2028
shuffle,14,0.5023217797279358,-0.018783628940582275,0.018783628940582275,-0.7327747344970703,0.7327747344970703,False,227,2028
shuffle,15,0.8388335704803467,-0.07957804203033447,0.07957804203033447,-1.7728464603424072,1.7728464603424072,False,227,2028
shuffle,16,0.9397901296615601,-0.07205617427825928,0.07205617427825928,-1.6843633651733398,1.6843633651733398,False,227,2028
shuffle,17,0.8203619718551636,-0.05836266279220581,0.05836266279220581,-1.5045723915100098,1.5045723915100098,False,227,2028
shuffle,18,0.8114470839500427,-0.15639477968215942,0.15639477968215942,-2.442291259765625,2.442291259765625,False,227,2028
shuffle,19,0.8482576012611389,-0.009383678436279297,0.009383678436279297,-0.4283578395843506,0.4283578395843506,False,227,2028
shuffle,20,0.7568677067756653,-0.10146862268447876,0.10146862268447876,-1.9997243881225586,1.9997243881225586,False,227,2028
shuffle,21,0.9175272583961487,-0.007163345813751221,0.007163345813751221,-0.3416566848754883,0.3416566848754883,False,227,2028
shuffle,22,0.8350491523742676,-0.07804185152053833,0.07804185152053833,-1.755284309387207,1.755284309387207,False,227,2028
shuffle,23,0.8101094365119934,-0.21257692575454712,0.21257692575454712,-2.791973829269409,2.791973829269409,False,227,2028
shuffle,24,0.9465914964675903,-0.06532245874404907,0.06532245874404907,-1.5993127822875977,1.5993127822875977,False,227,2028
shuffle,25,0.7459073066711426,-0.11925822496414185,0.11925822496414185,-2.158899664878845,2.158899664878845,False,227,2028
shuffle,26,0.9461243152618408,-0.06632721424102783,0.06632721424102783,-1.6123895645141602,1.6123895645141602,False,227,2028
shuffle,27,0.6778677701950073,-0.29389458894729614,0.29389458894729614,-3.205711245536804,3.205711245536804,False,227,2028
shuffle,28,0.44254547357559204,0.004555940628051758,0.004555940628051758,0.295651912689209,0.295651912689209,False,227,2028
shuffle,29,0.7219295501708984,-0.08831369876861572,0.08831369876861572,-1.8682799339294434,1.8682799339294434,False,227,2028
uniform,0,0.8634767532348633,-0.02306884527206421,0.02306884527206421,-1.9217896461486816,1.9217896461486816,False,232,2028
shuffle,0,0.9880594611167908,-0.031012296676635742,0.031012296676635742,-2.1867594718933105,2.1867594718933105,False,232,2028
shuffle,1,0.4098908603191376,-0.008394181728363037,0.008394181728363037,-1.128499984741211,1.128499984741211,False,232,2028
shuffle,2,0.9238598942756653,-0.10838240385055542,0.10838240385055542,-3.4352688789367676,3.4352688789367676,False,232,2028
shuffle,3,0.9918780326843262,-0.11700958013534546,0.11700958013534546,-3.5189573764801025,3.5189573764801025,False,232,2028
shuffle,4,0.9384204149246216,-0.019703328609466553,0.019703328609466553,-1.7859110832214355,1.7859110832214355,False,232,2028
shuffle,5,0.9820355176925659,-0.10917723178863525,0.10917723178863525,-3.4432082176208496,3.4432082176208496,False,232,2028
shuffle,6,0.9861012697219849,-0.1347053050994873,0.1347053050994873,-3.6757094860076904,3.6757094860076904,False,232,2028
shuffle,7,0.9412345290184021,-0.025036513805389404,0.025036513805389404,-1.9938225746154785,1.9938225746154785,False,232,2028
shuffle,8,0.9871146082878113,-0.01046133041381836,0.01046133041381836,-1.2840957641601562,1.2840957641601562,False,232,2028
shuffle,9,0.9789168238639832,-0.00289839506149292,0.00289839506149292,-0.5411691665649414,0.5411691665649414,False,232,2028
shuffle,10,0.6665412187576294,-0.0004044175148010254,0.0004044175148010254,-0.0952754020690918,0.0952754020690918,False,232,2028
shuffle,11,0.9893151521682739,-0.0872652530670166,0.0872652530670166,-3.2037513256073,3.2037513256073,False,232,2028
shuffle,12,0.9942718148231506,-0.06259942054748535,0.06259942054748535,-2.86215877532959,2.86215877532959,False,232,2028
shuffle,13,0.9935159683227539,-0.265117883682251,0.265117883682251,-4.502478063106537,4.502478063106537,False,232,2028
shuffle,14,0.8883780241012573,-0.0012569427490234375,0.0012569427490234375,-0.27069664001464844,0.27069664001464844,False,232,2028
shuffle,15,0.9839436411857605,-0.13291990756988525,0.13291990756988525,-3.660688877105713,3.660688877105713,False,232,2028
shuffle,16,0.7027912139892578,-0.025826752185821533,0.025826752185821533,-2.0214295387268066,2.0214295387268066,False,232,2028
shuffle,17,0.9764319062232971,-0.10298705101013184,0.10298705101013184,-3.380037307739258,3.380037307739258,False,232,2028
shuffle,18,0.7028883099555969,0.0006657242774963379,0.0006657242774963379,0.17949390411376953,0.17949390411376953,False,232,2028
shuffle,19,0.4196060299873352,-0.00673985481262207,0.00673985481262207,-0.984370231628418,0.984370231628418,False,232,2028
shuffle,20,0.9568940997123718,-0.018818318843841553,0.018818318843841553,-1.747058391571045,1.747058391571045,False,232,2028
shuffle,21,0.9907982349395752,-0.17591184377670288,0.17591184377670288,-3.9847458600997925,3.9847458600997925,False,232,2028
shuffle,22,0.9947019815444946,-0.006401240825653076,0.006401240825653076,-0.952178955078125,0.952178955078125,False,232,2028
shuffle,23,0.9939784407615662,-0.0015071630477905273,0.0015071630477905273,-0.3168926239013672,0.3168926239013672,False,232,2028
shuffle,24,0.9785950183868408,-0.012553691864013672,0.012553691864013672,-1.4207878112792969,1.4207878112792969,False,232,2028
shuffle,25,0.9183968305587769,-0.01609933376312256,0.01609933376312256,-1.617785930633545,1.617785930633545,False,232,2028
shuffle,26,0.99397212266922,-0.11444336175918579,0.11444336175918579,-3.4946184158325195,3.4946184158325195,False,232,2028
shuffle,27,0.9763449430465698,-0.10253757238388062,0.10253757238388062,-3.3753273487091064,3.3753273487091064,False,232,2028
shuffle,28,0.9856951832771301,-0.09088188409805298,0.09088188409805298,-3.2465758323669434,3.2465758323669434,False,232,2028
shuffle,29,0.4239639937877655,-0.025727808475494385,0.025727808475494385,-2.0180106163024902,2.0180106163024902,False,232,2028
uniform,0,0.660649299621582,0.15147525072097778,0.15147525072097778,0.9253418445587158,0.9253418445587158,False,233,2028
shuffle,0,0.9328708648681641,0.09663158655166626,0.09663158655166626,0.529848575592041,0.529848575592041,False,233,2028
shuffle,1,0.640493631362915,0.18689507246017456,0.18689507246017456,1.2562155723571777,1.2562155723571777,False,233,2028
shuffle,2,0.9042157530784607,0.11847394704818726,0.11847394704818726,0.675208330154419,0.675208330154419,False,233,2028
shuffle,3,0.622862696647644,-0.03690463304519653,0.03690463304519653,-0.17255544662475586,0.17255544662475586,False,233,2028
shuffle,4,0.8741409778594971,-0.03072381019592285,0.03072381019592285,-0.1444152593612671,0.1444152593612671,False,233,2028
shuffle,5,0.8781299591064453,-0.06001460552215576,0.06001460552215576,-0.27550721168518066,0.27550721168518066,False,233,2028
shuffle,6,0.8494127988815308,0.10279238224029541,0.10279238224029541,0.5695228576660156,0.5695228576660156,False,233,2028
shuffle,7,0.6364941596984863,-0.03314495086669922,0.03314495086669922,-0.1554713249206543,0.1554713249206543,False,233,2028
shuffle,8,0.8013529777526855,0.16909301280975342,0.16909301280975342,1.0796163082122803,1.0796163082122803,False,233,2028
shuffle,9,0.9100239872932434,0.23465478420257568,0.23465478420257568,1.9142937660217285,1.9142937660217285,False,233,2028
shuffle,10,0.8242893815040588,0.022227585315704346,0.022227585315704346,0.11009371280670166,0.11009371280670166,False,233,2028
shuffle,11,0.6405845284461975,0.2554469108581543,0.2554469108581543,2.3867058753967285,2.3867058753967285,False,233,2028
shuffle,12,0.6522683501243591,-0.016018927097320557,0.016018927097320557,-0.07629704475402832,0.07629704475402832,False,233,2028
shuffle,13,0.5930205583572388,0.26274555921554565,0.26274555921554565,2.617173671722412,2.617173671722412,False,233,2028
shuffle,14,0.7531824707984924,0.17861515283584595,0.17861515283584595,1.171072244644165,1.171072244644165,False,233,2028
shuffle,15,0.6446787118911743,0.25352954864501953,0.25352954864501953,2.3335518836975098,2.3335518836975098,False,233,2028
shuffle,16,0.7827447056770325,0.24753731489181519,0.24753731489181519,2.182445526123047,2.182445526123047,False,233,2028
shuffle,17,0.8789271116256714,0.13090509176254272,0.13090509176254272,0.7644834518432617,0.7644834518432617,False,233,2028
shuffle,18,0.9293620586395264,0.21810054779052734,0.21810054779052734,1.6428542137145996,1.6428542137145996,False,233,2028
shuffle,19,0.8467679023742676,0.027685105800628662,0.027685105800628662,0.1379789113998413,0.1379789113998413,False,233,2028
shuffle,20,0.9018719792366028,0.24796658754348755,0.24796658754348755,2.1926026344299316,2.1926026344299316,False,233,2028
shuffle,21,0.9047139286994934,0.15471607446670532,0.15471607446670532,0.95244300365448,0.95244300365448,False,233,2028
shuffle,22,0.8942853212356567,-0.008647382259368896,0.008647382259368896,-0.041475653648376465,0.041475653648376465,False,233,2028
shuffle,23,0.80238276720047,0.04377692937850952,0.04377692937850952,0.22243571281433105,0.22243571281433105,False,233,2028
shuffle,24,0.6710298657417297,0.22646111249923706,0.22646111249923706,1.7719507217407227,1.7719507217407227,False,233,2028
shuffle,25,0.9313288927078247,-0.14973819255828857,0.14973819255828857,-0.6516011655330658,0.6516011655330658,False,233,2028
shuffle,26,0.7767812013626099,0.26741302013397217,0.26741302013397217,2.79596209526062,2.79596209526062,False,233,2028
shuffle,27,0.8040856122970581,-0.015330731868743896,0.015330731868743896,-0.0730661153793335,0.0730661153793335,False,233,2028
shuffle,28,0.936102032661438,0.18654263019561768,0.18654263019561768,1.2524724006652832,1.2524724006652832,False,233,2028
shuffle,29,0.677025318145752,0.2359541654586792,0.2359541654586792,1.9386024475097656,1.9386024475097656,False,233,2028
uniform,0,0.9177896976470947,-0.14982205629348755,0.14982205629348755,-0.606689840555191,0.606689840555191,True,236,2028
shuffle,0,0.9932671189308167,-0.16925093531608582,0.16925093531608582,-0.6890263259410858,0.6890263259410858,True,236,2028
shuffle,1,0.996857225894928,-0.026730835437774658,0.026730835437774658,-0.10728278011083603,0.10728278011083603,False,236,2028
shuffle,2,0.9919353127479553,-0.04553896188735962,0.04553896188735962,-0.18253210932016373,0.18253210932016373,True,236,2028
shuffle,3,0.9887587428092957,-0.4484676793217659,0.4484676793217659,-2.4455064237117767,2.4455064237117767,True,236,2028
shuffle,4,0.9869260191917419,-0.44824813306331635,0.44824813306331635,-2.442900985479355,2.442900985479355,True,236,2028
shuffle,5,0.9917157888412476,0.22985219955444336,0.22985219955444336,1.0491683781147003,1.0491683781147003,False,236,2028
shuffle,6,0.9838655591011047,0.3467484712600708,0.3467484712600708,1.9050780832767487,1.9050780832767487,False,236,2028
shuffle,7,0.9936679601669312,-0.539056635228917,0.539056635228917,-6.285745948553085,6.285745948553085,True,236,2028
shuffle,8,0.9955229759216309,-0.1510789394378662,0.1510789394378662,-0.6119692027568817,0.6119692027568817,True,236,2028
shuffle,9,0.9791136384010315,-0.5250703170895576,0.5250703170895576,-4.273094981908798,4.273094981908798,True,236,2028
shuffle,10,0.992581307888031,0.06956982612609863,0.06956982612609863,0.2853837311267853,0.2853837311267853,False,236,2028
shuffle,11,0.9969540238380432,0.19828325510025024,0.19828325510025024,0.8781675398349762,0.8781675398349762,False,236,2028
shuffle,12,0.9795977473258972,-0.14471271634101868,0.14471271634101868,-0.5852901637554169,0.5852901637554169,True,236,2028
shuffle,13,0.991115152835846,-0.3483528792858124,0.3483528792858124,-1.596671313047409,1.596671313047409,True,236,2028
shuffle,14,0.9795923829078674,0.3089762330055237,0.3089762330055237,1.5709988176822662,1.5709988176822662,False,236,2028
shuffle,15,0.9759938716888428,0.29286134243011475,0.29286134243011475,1.4496726095676422,1.4496726095676422,False,236,2028
shuffle,16,0.9965382814407349,-0.5240230858325958,0.5240230858325958,-4.209311336278915,4.209311336278915,True,236,2028
shuffle,17,0.9799540042877197,0.349617600440979,0.349617600440979,1.9342540800571442,1.9342540800571442,False,236,2028
shuffle,18,0.9834270477294922,0.10373151302337646,0.10373151302337646,0.4316757619380951,0.4316757619380951,False,236,2028
shuffle,19,0.9704319834709167,-0.161780446767807,0.161780446767807,-0.6571763455867767,0.6571763455867767,True,236,2028
shuffle,20,0.9888902306556702,-0.44946663826704025,0.44946663826704025,-2.457432121038437,2.457432121038437,True,236,2028
shuffle,21,0.9964969158172607,-0.4466191977262497,0.4466191977262497,-2.4237397611141205,2.4237397611141205,True,236,2028
shuffle,22,0.9791082143783569,-0.08751335740089417,0.08751335740089417,-0.35096022486686707,0.35096022486686707,True,236,2028
shuffle,23,0.9833624362945557,-0.09089192748069763,0.09089192748069763,-0.3645998537540436,0.3645998537540436,True,236,2028
shuffle,24,0.9966799020767212,0.0707741379737854,0.0707741379737854,0.29045262932777405,0.29045262932777405,False,236,2028
shuffle,25,0.9949654936790466,-0.15493875741958618,0.15493875741958618,-0.6282203793525696,0.6282203793525696,True,236,2028
shuffle,26,0.9809288382530212,-0.5238632597029209,0.5238632597029209,-4.19991335272789,4.19991335272789,True,236,2028
shuffle,27,0.995268702507019,-0.05582010746002197,0.05582010746002197,-0.22367263212800026,0.22367263212800026,True,236,2028
shuffle,28,0.99058598279953,-0.14909788966178894,0.14909788966178894,-0.6036507487297058,0.6036507487297058,True,236,2028
shuffle,29,0.9962841272354126,0.09993594884872437,0.09993594884872437,0.41513922810554504,0.41513922810554504,False,236,2028
uniform,0,0.8110745549201965,-0.2900470495223999,0.2900470495223999,-3.270448684692383,3.270448684692383,False,237,2028
shuffle,0,0.9150571227073669,-0.5079302787780762,0.5079302787780762,-4.184547670185566,4.184547670185566,True,237,2028
shuffle,1,0.9830227494239807,-0.1823170781135559,0.1823170781135559,-2.6930843591690063,2.6930843591690063,False,237,2028
shuffle,2,0.9140430092811584,-0.3552088141441345,0.3552088141441345,-3.561860680580139,3.561860680580139,False,237,2028
shuffle,3,0.9805320501327515,-0.3544551134109497,0.3544551134109497,-3.5586321353912354,3.5586321353912354,False,237,2028
shuffle,4,0.9816201329231262,-0.6891049444675446,0.6891049444675446,-4.960895836353302,4.960895836353302,True,237,2028
shuffle,5,0.12459591031074524,-0.00025844573974609375,0.00025844573974609375,-0.015790939331054688,0.015790939331054688,False,237,2028
shuffle,6,0.97483891248703,-0.17098653316497803,0.17098653316497803,-2.6203677654266357,2.6203677654266357,False,237,2028
shuffle,7,0.9762758016586304,-0.7859815955162048,0.7859815955162048,-5.488666296005249,5.488666296005249,True,237,2028
shuffle,8,0.9435253143310547,-0.27242201566696167,0.27242201566696167,-3.1861382722854614,3.1861382722854614,False,237,2028
shuffle,9,0.9417015910148621,-0.2248668074607849,0.2248668074607849,-2.9415736198425293,2.9415736198425293,False,237,2028
shuffle,10,0.9765170812606812,-0.7990536242723465,0.7990536242723465,-5.5733033418655396,5.5733033418655396,True,237,2028
shuffle,11,0.9094130396842957,-0.5378824472427368,0.5378824472427368,-4.3051431477069855,4.3051431477069855,True,237,2028
shuffle,12,0.9454939961433411,-0.41780000925064087,0.41780000925064087,-3.8224215507507324,3.8224215507507324,False,237,2028
shuffle,13,0.9688414335250854,-0.6688275635242462,0.6688275635242462,-4.865124404430389,4.865124404430389,True,237,2028
shuffle,14,0.9117474555969238,-0.33246469497680664,0.33246469497680664,-3.463162422180176,3.463162422180176,False,237,2028
shuffle,15,0.9814011454582214,-0.3246084451675415,0.3246084451675415,-3.42839777469635,3.42839777469635,False,237,2028
shuffle,16,0.9768568873405457,-0.6983983218669891,0.6983983218669891,-5.0060588121414185,5.0060588121414185,True,237,2028
shuffle,17,0.058410391211509705,-0.0010512471199035645,0.0010512471199035645,-0.06277275085449219,0.06277275085449219,False,237,2028
shuffle,18,0.9747602343559265,-0.11464142799377441,0.11464142799377441,-2.195928692817688,2.195928692817688,False,237,2028
shuffle,19,0.9828958511352539,-0.20672863721847534,0.20672863721847534,-2.8398300409317017,2.8398300409317017,False,237,2028
shuffle,20,0.9291608929634094,-0.2532646059989929,0.2532646059989929,-3.0909501910209656,3.0909501910209656,False,237,2028
shuffle,21,0.9752346277236938,-0.5396694540977478,0.5396694540977478,-4.312379688024521,4.312379688024521,True,237,2028
shuffle,22,0.9467840194702148,-0.7002048194408417,0.7002048194408417,-5.014939546585083,5.014939546585083,True,237,2028
shuffle,23,0.9722168445587158,-0.08289843797683716,0.08289843797683716,-1.8829472064971924,1.8829472064971924,False,237,2028
shuffle,24,0.9724966883659363,-0.5925394892692566,0.5925394892692566,-4.530028700828552,4.530028700828552,True,237,2028
shuffle,25,0.9072762131690979,-0.743164911866188,0.743164911866188,-5.23761773109436,5.23761773109436,True,237,2028
shuffle,26,0.9738407135009766,-0.5438175797462463,0.5438175797462463,-4.3292005360126495,4.3292005360126495,True,237,2028
shuffle,27,0.916583776473999,-0.3507773280143738,0.3507773280143738,-3.542838931083679,3.542838931083679,False,237,2028
shuffle,28,0.987564206123352,-0.1652107834815979,0.1652107834815979,-2.5819969177246094,2.5819969177246094,False,237,2028
shuffle,29,0.9728307127952576,-0.31567591428756714,0.31567591428756714,-3.3883972764015198,3.3883972764015198,False,237,2028
uniform,0,0.6938388347625732,-0.003126680850982666,0.003126680850982666,-1.0955123901367188,1.0955123901367188,False,242,2028
shuffle,0,0.7574179768562317,-0.00044149160385131836,0.00044149160385131836,-0.24712181091308594,0.24712181091308594,False,242,2028
shuffle,1,0.4391777813434601,0.0005785822868347168,0.0005785822868347168,0.45726966857910156,0.45726966857910156,False,242,2028
shuffle,2,0.6827200651168823,-0.003951907157897949,0.003951907157897949,-1.2579474449157715,1.2579474449157715,False,242,2028
shuffle,3,0.9426906108856201,-0.008404195308685303,0.008404195308685303,-1.8530664443969727,1.8530664443969727,False,242,2028
shuffle,4,0.9314249157905579,-0.003063976764678955,0.003063976764678955,-1.0820198059082031,1.0820198059082031,False,242,2028
shuffle,5,0.47031328082084656,0.0008518099784851074,0.0008518099784851074,0.7768220901489258,0.7768220901489258,False,242,2028
shuffle,6,0.6986605525016785,0.0006451010704040527,0.0006451010704040527,0.5262289047241211,0.5262289047241211,False,242,2028
shuffle,7,0.7255253195762634,-0.0013861656188964844,0.0013861656188964844,-0.631803035736084,0.631803035736084,False,242,2028
shuffle,8,0.932805597782135,-0.00109100341796875,0.00109100341796875,-0.5266532897949219,0.5266532897949219,False,242,2028
shuffle,9,0.2528643310070038,0.0008232593536376953,0.0008232593536376953,0.7382574081420898,0.7382574081420898,False,242,2028
shuffle,10,0.9509932398796082,-0.006513833999633789,0.006513833999633789,-1.6412205696105957,1.6412205696105957,False,242,2028
shuffle,11,0.7255041003227234,-0.0027450919151306152,0.0027450919151306152,-1.0105366706848145,1.0105366706848145,False,242,2028
shuffle,12,0.9706286191940308,-0.0038243532180786133,0.0038243532180786133,-1.2344932556152344,1.2344932556152344,False,242,2028
shuffle,13,0.9696903228759766,-0.004538774490356445,0.004538774490356445,-1.3594017028808594,1.3594017028808594,False,242,2028
shuffle,14,0.9386793375015259,-0.004758358001708984,0.004758358001708984,-1.3949003219604492,1.3949003219604492,False,242,2028
shuffle,15,0.6933629512786865,-0.0019191503524780273,0.0019191503524780273,-0.7976956367492676,0.7976956367492676,False,242,2028
shuffle,16,0.7608064413070679,0.0002932548522949219,0.0002932548522949219,0.20582008361816406,0.20582008361816406,False,242,2028
shuffle,17,0.735388994216919,-0.009544551372528076,0.009544551372528076,-1.9623918533325195,1.9623918533325195,False,242,2028
shuffle,18,0.9419113397598267,-0.002247750759124756,0.002247750759124756,-0.8878498077392578,0.8878498077392578,False,242,2028
shuffle,19,0.9471623301506042,-0.011519432067871094,0.011519432067871094,-2.1278295516967773,2.1278295516967773,False,242,2028
shuffle,20,0.9393375515937805,-0.011511504650115967,0.011511504650115967,-2.127218246459961,2.127218246459961,False,242,2028
shuffle,21,0.7580974102020264,-0.0036542415618896484,0.0036542415618896484,-1.2023239135742188,1.2023239135742188,False,242,2028
shuffle,22,0.9752627611160278,-0.012768328189849854,0.012768328189849854,-2.220170021057129,2.220170021057129,False,242,2028
shuffle,23,0.6836796998977661,-0.009615778923034668,0.009615778923034668,-1.9688444137573242,1.9688444137573242,False,242,2028
shuffle,24,0.6603755950927734,-0.004524528980255127,0.004524528980255127,-1.3570661544799805,1.3570661544799805,False,242,2028
shuffle,25,0.9789313077926636,-0.013788044452667236,0.013788044452667236,-2.2898740768432617,2.2898740768432617,False,242,2028
shuffle,26,0.9648792743682861,-0.004172563552856445,0.004172563552856445,-1.297309398651123,1.297309398651123,False,242,2028
shuffle,27,0.5399193167686462,-0.00767141580581665,0.00767141580581665,-1.7760872840881348,1.7760872840881348,False,242,2028
shuffle,28,0.9370763301849365,-0.003661215305328369,0.003661215305328369,-1.2036666870117188,1.2036666870117188,False,242,2028
shuffle,29,0.544128954410553,0.00019621849060058594,0.00019621849060058594,0.13298988342285156,0.13298988342285156,False,242,2028
uniform,0,0.728879451751709,-0.04153859615325928,0.04153859615325928,-0.9273269176483154,0.9273269176483154,False,251,2028
shuffle,0,0.8752118349075317,-0.03390395641326904,0.03390395641326904,-0.8050415515899658,0.8050415515899658,False,251,2028
shuffle,1,0.872259259223938,-0.020764410495758057,0.020764410495758057,-0.5578947067260742,0.5578947067260742,False,251,2028
shuffle,2,0.8872097730636597,-0.052328288555145264,0.052328288555145264,-1.0808508396148682,1.0808508396148682,False,251,2028
shuffle,3,0.866115152835846,-0.09076923131942749,0.09076923131942749,-1.509652853012085,1.509652853012085,False,251,2028
shuffle,4,0.9252488017082214,-0.21769434213638306,0.21769434213638306,-2.3868788480758667,2.3868788480758667,False,251,2028
shuffle,5,0.4909592270851135,-0.10105443000793457,0.10105443000793457,-1.6036243438720703,1.6036243438720703,False,251,2028
shuffle,6,0.5279722213745117,0.003257155418395996,0.003257155418395996,0.12135720252990723,0.12135720252990723,False,251,2028
shuffle,7,0.8830755949020386,-0.15863847732543945,0.15863847732543945,-2.038078784942627,2.038078784942627,False,251,2028
shuffle,8,0.5036284923553467,-0.012079954147338867,0.012079954147338867,-0.35811829566955566,0.35811829566955566,False,251,2028
shuffle,9,0.9195713400840759,-0.07082587480545044,0.07082587480545044,-1.3055377006530762,1.3055377006530762,False,251,2028
shuffle,10,0.8913790583610535,-0.010834753513336182,0.010834753513336182,-0.3262362480163574,0.3262362480163574,False,251,2028
shuffle,11,0.8717464208602905,-0.10096335411071777,0.10096335411071777,-1.6028201580047607,1.6028201580047607,False,251,2028
shuffle,12,0.9024638533592224,-0.2288147211074829,0.2288147211074829,-2.4458017349243164,2.4458017349243164,False,251,2028
shuffle,13,0.8893191814422607,-0.06027013063430786,0.06027013063430786,-1.1824250221252441,1.1824250221252441,False,251,2028
shuffle,14,0.4857020378112793,-0.10731422901153564,0.10731422901153564,-1.6577651500701904,1.6577651500701904,False,251,2028
shuffle,15,0.8827983140945435,-0.05458700656890869,0.05458700656890869,-1.1106207370758057,1.1106207370758057,False,251,2028
shuffle,16,0.9105705618858337,-0.004858076572418213,0.004858076572418213,-0.1586167812347412,0.1586167812347412,False,251,2028
shuffle,17,0.8971242904663086,-0.024310767650604248,0.024310767650604248,-0.6301252841949463,0.6301252841949463,False,251,2028
shuffle,18,0.9252487421035767,-0.0066332221031188965,0.0066332221031188965,-0.21117782592773438,0.21117782592773438,False,251,2028
shuffle,19,0.9170773029327393,-0.025401949882507324,0.025401949882507324,-0.6514437198638916,0.6514437198638916,False,251,2028
shuffle,20,0.4787749648094177,-0.00825488567352295,0.00825488567352295,-0.2570478916168213,0.2570478916168213,False,251,2028
shuffle,21,0.878470778465271,-0.03485351800918579,0.03485351800918579,-0.820976972579956,0.820976972579956,False,251,2028
shuffle,22,0.8984892964363098,-0.004190266132354736,0.004190266132354736,-0.13816022872924805,0.13816022872924805,False,251,2028
shuffle,23,0.9136110544204712,-0.050498247146606445,0.050498247146606445,-1.056175708770752,1.056175708770752,False,251,2028
shuffle,24,0.8857386708259583,-0.008366107940673828,0.008366107940673828,-0.26012301445007324,0.26012301445007324,False,251,2028
shuffle,25,0.8766193389892578,-0.08904308080673218,0.08904308080673218,-1.4932079315185547,1.4932079315185547,False,251,2028
shuffle,26,0.9157588481903076,-0.14686155319213867,0.14686155319213867,-1.9589548110961914,1.9589548110961914,False,251,2028
shuffle,27,0.9115675687789917,-0.07599896192550659,0.07599896192550659,-1.3616974353790283,1.3616974353790283,False,251,2028
shuffle,28,0.9333766102790833,-0.006805837154388428,0.006805837154388428,-0.2161543369293213,0.2161543369293213,False,251,2028
shuffle,29,0.8747986555099487,-0.003867805004119873,0.003867805004119873,-0.12813901901245117,0.12813901901245117,False,251,2028
uniform,0,0.6894232034683228,-0.24410629272460938,0.24410629272460938,-1.1340648233890533,1.1340648233890533,False,258,2028
shuffle,0,0.9762864708900452,-0.2855166792869568,0.2855166792869568,-1.3001159690320492,1.3001159690320492,False,258,2028
shuffle,1,0.8209131956100464,-0.5528231114149094,0.5528231114149094,-2.491637945175171,2.491637945175171,True,258,2028
shuffle,2,0.5905259847640991,-0.0449565052986145,0.0449565052986145,-0.2499845027923584,0.2499845027923584,False,258,2028
shuffle,3,0.680085301399231,-0.30228275060653687,0.30228275060653687,-1.3672009110450745,1.3672009110450745,True,258,2028
shuffle,4,0.912858247756958,-0.14886713027954102,0.14886713027954102,-0.7389286756515503,0.7389286756515503,False,258,2028
shuffle,5,0.9270615577697754,-0.5082962512969971,0.5082962512969971,-2.257391333580017,2.257391333580017,True,258,2028
shuffle,6,0.8775833249092102,0.057532668113708496,0.057532668113708496,0.38466739654541016,0.38466739654541016,False,258,2028
shuffle,7,0.867064356803894,-0.40718066692352295,0.40718066692352295,-1.796475499868393,1.796475499868393,True,258,2028
shuffle,8,0.631350040435791,-0.1243237853050232,0.1243237853050232,-0.6310193538665771,0.6310193538665771,False,258,2028
shuffle,9,0.8261130452156067,-0.09049206972122192,0.09049206972122192,-0.47565507888793945,0.47565507888793945,False,258,2028
shuffle,10,0.9181104302406311,-0.35706549882888794,0.35706549882888794,-1.5882040858268738,1.5882040858268738,True,258,2028
shuffle,11,0.8121992349624634,-0.24519938230514526,0.24519938230514526,-1.1384679675102234,1.1384679675102234,False,258,2028
shuffle,12,0.8846757411956787,-0.06976205110549927,0.06976205110549927,-0.37566685676574707,0.37566685676574707,False,258,2028
shuffle,13,0.9782217741012573,-0.24996668100357056,0.24996668100357056,-1.1576538980007172,1.1576538980007172,False,258,2028
shuffle,14,0.6317178606987,-0.3578668236732483,0.3578668236732483,-1.591475009918213,1.591475009918213,True,258,2028
shuffle,15,0.8058391213417053,-0.27623051404953003,0.27623051404953003,-1.2629654332995415,1.2629654332995415,False,258,2028
shuffle,16,0.40250343084335327,-0.2224041223526001,0.2224041223526001,-1.0462439060211182,1.0462439060211182,False,258,2028
shuffle,17,0.9196490049362183,-0.35481706261634827,0.35481706261634827,-1.5790335536003113,1.5790335536003113,True,258,2028
shuffle,18,0.9139267802238464,-0.13388550281524658,0.13388550281524658,-0.6734779477119446,0.6734779477119446,False,258,2028
shuffle,19,0.36597126722335815,0.06580173969268799,0.06580173969268799,0.44890856742858887,0.44890856742858887,False,258,2028
shuffle,20,0.5919556021690369,0.1122591495513916,0.1122591495513916,0.8797979354858398,0.8797979354858398,False,258,2028
shuffle,21,0.6816380023956299,-0.5553118735551834,0.5553118735551834,-2.505585789680481,2.505585789680481,True,258,2028
shuffle,22,0.9732124209403992,-0.12268751859664917,0.12268751859664917,-0.6236954927444458,0.6236954927444458,False,258,2028
shuffle,23,0.9167124032974243,-0.1904313564300537,0.1904313564300537,-0.9149309396743774,0.9149309396743774,False,258,2028
shuffle,24,0.8241653442382812,-0.48609426617622375,0.48609426617622375,-2.1493793725967407,2.1493793725967407,True,258,2028
shuffle,25,0.6921295523643494,-0.01765209436416626,0.01765209436416626,-0.10215377807617188,0.10215377807617188,False,258,2028
shuffle,26,0.9680066704750061,-0.16641706228256226,0.16641706228256226,-0.8141372799873352,0.8141372799873352,False,258,2028
shuffle,27,0.5752742290496826,0.02146124839782715,0.02146124839782715,0.13288450241088867,0.13288450241088867,False,258,2028
shuffle,28,0.8628302216529846,-0.06183665990829468,0.06183665990829468,-0.33628809452056885,0.33628809452056885,False,258,2028
shuffle,29,0.86754310131073,-0.4106362760066986,0.4106362760066986,-1.8111786842346191,1.8111786842346191,True,258,2028
uniform,0,0.7875321507453918,-0.018321216106414795,0.018321216106414795,-4.017216682434082,4.017216682434082,False,263,2028
shuffle,0,0.8010103106498718,-0.0033739209175109863,0.0033739209175109863,-2.3882412910461426,2.3882412910461426,False,263,2028
shuffle,1,0.9542169570922852,-0.003764510154724121,0.003764510154724121,-2.4885454177856445,2.4885454177856445,False,263,2028
shuffle,2,0.8627358675003052,-0.11183971166610718,0.11183971166610718,-5.910922050476074,5.910922050476074,False,263,2028
shuffle,3,0.9523924589157104,-0.039319634437561035,0.039319634437561035,-4.792671203613281,4.792671203613281,False,263,2028
shuffle,4,0.9341066479682922,-0.060439109802246094,0.060439109802246094,-5.2418012619018555,5.2418012619018555,False,263,2028
shuffle,5,0.04768522456288338,-4.315376281738281e-05,4.315376281738281e-05,-0.11857414245605469,0.11857414245605469,False,263,2028
shuffle,6,0.9269124269485474,-0.01036292314529419,0.01036292314529419,-3.4533023834228516,3.4533023834228516,False,263,2028
shuffle,7,0.9530062675476074,-0.0167275071144104,0.0167275071144104,-3.926335334777832,3.926335334777832,False,263,2028
shuffle,8,0.9462769031524658,-0.00328981876373291,0.00328981876373291,-2.365257740020752,2.365257740020752,False,263,2028
shuffle,9,0.9559136629104614,-0.010978877544403076,0.010978877544403076,-3.5098648071289062,3.5098648071289062,False,263,2028
shuffle,10,0.9619539976119995,-0.05922597646713257,0.05922597646713257,-5.220350742340088,5.220350742340088,False,263,2028
shuffle,11,0.9178541302680969,-0.005082607269287109,0.005082607269287109,-2.7682275772094727,2.7682275772094727,False,263,2028
shuffle,12,0.9689324498176575,-0.0684313178062439,0.0684313178062439,-5.37388277053833,5.37388277053833,False,263,2028
shuffle,13,0.8628745079040527,-0.005344986915588379,0.005344986915588379,-2.815741539001465,2.815741539001465,False,263,2028
shuffle,14,0.8404142260551453,-0.0029773712158203125,0.0029773712158203125,-2.274979591369629,2.274979591369629,False,263,2028
shuffle,15,0.9378031492233276,-0.008389472961425781,0.008389472961425781,-3.2475366592407227,3.2475366592407227,False,263,2028
shuffle,16,0.9241776466369629,-0.04455989599227905,0.04455989599227905,-4.922238349914551,4.922238349914551,False,263,2028
shuffle,17,0.8438502550125122,-0.007266700267791748,0.007266700267791748,-3.1087698936462402,3.1087698936462402,False,263,2028
shuffle,18,0.9509700536727905,-0.00843280553817749,0.00843280553817749,-3.252534866333008,3.252534866333008,False,263,2028
shuffle,19,0.9467357993125916,-0.24576443433761597,0.24576443433761597,-6.860080718994141,6.860080718994141,False,263,2028
shuffle,20,0.810440182685852,-0.003217160701751709,0.003217160701751709,-2.3449783325195312,2.3449783325195312,False,263,2028
shuffle,21,0.9567997455596924,-0.012475728988647461,0.012475728988647461,-3.6355552673339844,3.6355552673339844,False,263,2028
shuffle,22,0.9814295768737793,-0.2653868794441223,0.2653868794441223,-6.963165879249573,6.963165879249573,False,263,2028
shuffle,23,0.9708775281906128,-0.018834352493286133,0.018834352493286133,-4.044861793518066,4.044861793518066,False,263,2028
shuffle,24,0.18322426080703735,-0.00019282102584838867,0.00019282102584838867,-0.44712162017822266,0.44712162017822266,False,263,2028
shuffle,25,0.9506090879440308,-0.279404878616333,0.279404878616333,-7.033850133419037,7.033850133419037,False,263,2028
shuffle,26,0.9519319534301758,-0.011556267738342285,0.011556267738342285,-3.560199737548828,3.560199737548828,False,263,2028
shuffle,27,0.9667818546295166,-0.004480957984924316,0.004480957984924316,-2.65008544921875,2.65008544921875,False,263,2028
shuffle,28,0.9760928750038147,-0.010089695453643799,0.010089695453643799,-3.427165985107422,3.427165985107422,False,263,2028
shuffle,29,0.8424251675605774,-0.004677832126617432,0.004677832126617432,-2.6903014183044434,2.6903014183044434,False,263,2028
uniform,0,0.9297513365745544,7.528066635131836e-05,7.528066635131836e-05,0.18230009078979492,0.18230009078979492,False,275,2028
shuffle,0,0.0009743777918629348,3.5762786865234375e-07,3.5762786865234375e-07,0.0006914138793945312,0.0006914138793945312,False,275,2028
shuffle,1,0.9989154934883118,0.0002079010009765625,0.0002079010009765625,0.6160731315612793,0.6160731315612793,False,275,2028
shuffle,2,0.9985468983650208,0.00031501054763793945,0.00031501054763793945,1.193286418914795,1.193286418914795,False,275,2028
shuffle,3,0.9982662796974182,0.00037163496017456055,0.00037163496017456055,1.7259001731872559,1.7259001731872559,False,275,2028
shuffle,4,0.9990665912628174,-0.0016759037971496582,0.0016759037971496582,-1.5508418083190918,1.5508418083190918,False,275,2028
shuffle,5,0.0027778996154665947,4.76837158203125e-07,4.76837158203125e-07,0.0008625984191894531,0.0008625984191894531,False,275,2028
shuffle,6,0.9984902739524841,-0.00046330690383911133,0.00046330690383911133,-0.7059884071350098,0.7059884071350098,False,275,2028
shuffle,7,0.9992498159408569,-0.001349806785583496,0.001349806785583496,-1.3841958045959473,1.3841958045959473,False,275,2028
shuffle,8,0.9986458420753479,-0.0013431906700134277,0.0013431906700134277,-1.3804688453674316,1.3804688453674316,False,275,2028
shuffle,9,0.9985676407814026,0.0003147721290588379,0.0003147721290588379,1.191880702972412,1.191880702972412,False,275,2028
shuffle,10,0.0010668957838788629,-2.384185791015625e-07,2.384185791015625e-07,-0.0005702972412109375,0.0005702972412109375,False,275,2028
shuffle,11,0.9984995126724243,0.00031429529190063477,0.00031429529190063477,1.188209056854248,1.188209056854248,False,275,2028
shuffle,12,0.9985600113868713,0.000315248966217041,0.000315248966217041,1.1952242851257324,1.1952242851257324,False,275,2028
shuffle,13,0.9983636140823364,-0.0016712546348571777,0.0016712546348571777,-1.5486607551574707,1.5486607551574707,False,275,2028
shuffle,14,0.9984224438667297,-0.000736534595489502,0.000736534595489502,-0.9675593376159668,0.9675593376159668,False,275,2028
shuffle,15,0.9991796016693115,0.00038057565689086914,0.00038057565689086914,1.8435587882995605,1.8435587882995605,False,275,2028
shuffle,16,0.9985715746879578,0.00014322996139526367,0.00014322996139526367,0.38080835342407227,0.38080835342407227,False,275,2028
shuffle,17,0.999031662940979,0.0002090930938720703,0.0002090930938720703,0.6211295127868652,0.6211295127868652,False,275,2028
shuffle,18,0.999052882194519,0.0002079010009765625,0.0002079010009765625,0.6160387992858887,0.6160387992858887,False,275,2028
shuffle,19,0.9985532164573669,-0.0016685128211975098,0.0016685128211975098,-1.547330379486084,1.547330379486084,False,275,2028
shuffle,20,0.9985460638999939,0.00031501054763793945,0.00031501054763793945,1.1939406394958496,1.1939406394958496,False,275,2028
shuffle,21,0.9990689754486084,0.0001431107521057129,0.0001431107521057129,0.3805060386657715,0.3805060386657715,False,275,2028
shuffle,22,0.998884379863739,0.00035184621810913086,0.00035184621810913086,1.5059962272644043,1.5059962272644043,False,275,2028
shuffle,23,0.9991859197616577,0.00029724836349487305,0.00029724836349487305,1.0717215538024902,1.0717215538024902,False,275,2028
shuffle,24,0.9990617632865906,0.00029712915420532227,0.00029712915420532227,1.0710158348083496,1.0710158348083496,False,275,2028
shuffle,25,0.9967724680900574,0.00029784440994262695,0.00029784440994262695,1.0753417015075684,1.0753417015075684,False,275,2028
shuffle,26,0.999025285243988,-0.0010471940040588379,0.0010471940040588379,-1.2000045776367188,1.2000045776367188,False,275,2028
shuffle,27,0.9984643459320068,0.0003147721290588379,0.0003147721290588379,1.1921534538269043,1.1921534538269043,False,275,2028
shuffle,28,0.9991592168807983,-0.0010417699813842773,0.0010417699813842773,-1.1963849067687988,1.1963849067687988,False,275,2028
shuffle,29,0.9991859793663025,0.00029796361923217773,0.00029796361923217773,1.076561450958252,1.076561450958252,False,275,2028
uniform,0,0.7402219772338867,-0.004095613956451416,0.004095613956451416,-0.16060090065002441,0.16060090065002441,False,283,2028
shuffle,0,0.9245065450668335,-0.004971981048583984,0.004971981048583984,-0.1920151710510254,0.1920151710510254,False,283,2028
shuffle,1,0.9444653391838074,-0.008988022804260254,0.008988022804260254,-0.3251681327819824,0.3251681327819824,False,283,2028
shuffle,2,0.9764360189437866,-0.035276174545288086,0.035276174545288086,-0.9362192153930664,0.9362192153930664,False,283,2028
shuffle,3,0.9117300510406494,-0.016577184200286865,0.016577184200286865,-0.539024829864502,0.539024829864502,False,283,2028
shuffle,4,0.8571792840957642,-0.02258777618408203,0.02258777618408203,-0.6828327178955078,0.6828327178955078,False,283,2028
shuffle,5,0.8838174939155579,0.008905887603759766,0.008905887603759766,0.46814727783203125,0.46814727783203125,False,283,2028
shuffle,6,0.9636175632476807,-0.028753221035003662,0.028753221035003662,-0.8131265640258789,0.8131265640258789,False,283,2028
shuffle,7,0.9630414843559265,-0.000291287899017334,0.000291287899017334,-0.012267112731933594,0.012267112731933594,False,283,2028
shuffle,8,0.8081485629081726,0.023489058017730713,0.023489058017730713,3.5613222122192383,3.5613222122192383,False,283,2028
shuffle,9,0.9253093004226685,-0.040029048919677734,0.040029048919677734,-1.018174648284912,1.018174648284912,False,283,2028
shuffle,10,0.8649910092353821,0.011402785778045654,0.011402785778045654,0.6490097045898438,0.6490097045898438,False,283,2028
shuffle,11,0.9364206194877625,-0.03123372793197632,0.03123372793197632,-0.8615341186523438,0.8615341186523438,False,283,2028
shuffle,12,0.805820107460022,-0.02349996566772461,0.02349996566772461,-0.7031025886535645,0.7031025886535645,False,283,2028
shuffle,13,0.13767001032829285,0.0022684335708618164,0.0022684335708618164,0.10078263282775879,0.10078263282775879,False,283,2028
shuffle,14,0.9541352391242981,-0.029855966567993164,0.029855966567993164,-0.8349056243896484,0.8349056243896484,False,283,2028
shuffle,15,0.9175260663032532,0.010666966438293457,0.010666966438293457,0.5923271179199219,0.5923271179199219,False,283,2028
shuffle,16,0.8927836418151855,0.010559439659118652,0.010559439659118652,0.5843057632446289,0.5843057632446289,False,283,2028
shuffle,17,0.8602917790412903,0.00735551118850708,0.00735551118850708,0.36997270584106445,0.36997270584106445,False,283,2028
shuffle,18,0.959885835647583,-0.08872419595718384,0.08872419595718384,-1.6359243392944336,1.6359243392944336,False,283,2028
shuffle,19,0.2045496255159378,-0.010335981845855713,0.010335981845855713,-0.36638760566711426,0.36638760566711426,False,283,2028
shuffle,20,0.909440815448761,-0.029518544673919678,0.029518544673919678,-0.8282856941223145,0.8282856941223145,False,283,2028
shuffle,21,0.9679856300354004,0.007741868495941162,0.007741868495941162,0.39358091354370117,0.39358091354370117,False,283,2028
shuffle,22,0.860450029373169,-0.019800662994384766,0.019800662994384766,-0.6184840202331543,0.6184840202331543,False,283,2028
shuffle,23,0.8189713954925537,-0.04257315397262573,0.04257315397262573,-1.059746265411377,1.059746265411377,False,283,2028
shuffle,24,0.9139330983161926,-0.03811812400817871,0.03811812400817871,-0.985929012298584,0.985929012298584,False,283,2028
shuffle,25,0.8868167400360107,0.012242436408996582,0.012242436408996582,0.7177615165710449,0.7177615165710449,False,283,2028
shuffle,26,0.9557398557662964,-0.10896819829940796,0.10896819829940796,-1.8239150047302246,1.8239150047302246,False,283,2028
shuffle,27,0.9804064035415649,0.02013862133026123,0.02013862133026123,1.8067350387573242,1.8067350387573242,False,283,2028
shuffle,28,0.9511880278587341,-0.10384321212768555,0.10384321212768555,-1.7787730693817139,1.7787730693817139,False,283,2028
shuffle,29,0.8854212164878845,-0.10926061868667603,0.10926061868667603,-1.826446294784546,1.826446294784546,False,283,2028
uniform,0,0.7211502194404602,-0.33055806159973145,0.33055806159973145,-3.1252050399780273,3.1252050399780273,False,285,2028
shuffle,0,0.8709437251091003,-0.5197404026985168,0.5197404026985168,-3.899844065308571,3.899844065308571,True,285,2028
shuffle,1,0.8743549585342407,-0.1987694501876831,0.1987694501876831,-2.473982572555542,2.473982572555542,False,285,2028
shuffle,2,0.33143484592437744,-0.024304568767547607,0.024304568767547607,-0.7350375652313232,0.7350375652313232,False,285,2028
shuffle,3,0.8931631445884705,-0.759063109755516,0.759063109755516,-5.007139682769775,5.007139682769775,True,285,2028
shuffle,4,0.9024591445922852,-0.2848849892616272,0.2848849892616272,-2.918777346611023,2.918777346611023,False,285,2028
shuffle,5,0.7549386620521545,-0.14614945650100708,0.14614945650100708,-2.138375997543335,2.138375997543335,False,285,2028
shuffle,6,0.9493414759635925,-0.7521953135728836,0.7521953135728836,-4.967226505279541,4.967226505279541,True,285,2028
shuffle,7,0.956981897354126,-0.4805402457714081,0.4805402457714081,-3.7426101081073284,3.7426101081073284,True,285,2028
shuffle,8,0.864810049533844,-0.271903932094574,0.271903932094574,-2.857178568840027,2.857178568840027,False,285,2028
shuffle,9,0.9021198153495789,-0.7571521401405334,0.7571521401405334,-4.995944023132324,4.995944023132324,True,285,2028
shuffle,10,0.943244457244873,-0.17254459857940674,0.17254459857940674,-2.3152785301208496,2.3152785301208496,False,285,2028
shuffle,11,0.9209730625152588,-0.608833909034729,0.608833909034729,-4.26869535446167,4.26869535446167,True,285,2028
shuffle,12,0.22457480430603027,-0.0034606456756591797,0.0034606456756591797,-0.140855073928833,0.140855073928833,False,285,2028
shuffle,13,0.8940317630767822,-0.7473112344741821,0.7473112344741821,-4.939368486404419,4.939368486404419,True,285,2028
shuffle,14,0.9039987325668335,-0.63344806432724,0.63344806432724,-4.376177668571472,4.376177668571472,True,285,2028
shuffle,15,0.8852945566177368,-0.6378937065601349,0.6378937065601349,-4.395966291427612,4.395966291427612,True,285,2028
shuffle,16,0.9311975836753845,-0.262458860874176,0.262458860874176,-2.8113683462142944,2.8113683462142944,False,285,2028
shuffle,17,0.9446963667869568,-0.8117165267467499,0.8117165267467499,-5.349550724029541,5.349550724029541,True,285,2028
shuffle,18,0.7697669863700867,-0.06431370973587036,0.06431370973587036,-1.3859343528747559,1.3859343528747559,False,285,2028
shuffle,19,0.8461008667945862,-0.2979021668434143,0.2979021668434143,-2.979121148586273,2.979121148586273,False,285,2028
shuffle,20,0.9575802087783813,-0.44116032123565674,0.44116032123565674,-3.5848543643951416,3.5848543643951416,False,285,2028
shuffle,21,0.837757408618927,-0.18008410930633545,0.18008410930633545,-2.3624353408813477,2.3624353408813477,False,285,2028
shuffle,22,0.9470999836921692,-0.4631357192993164,0.4631357192993164,-3.672979064285755,3.672979064285755,False,285,2028
shuffle,23,0.6846033334732056,-0.05671513080596924,0.05671513080596924,-1.2871475219726562,1.2871475219726562,False,285,2028
shuffle,24,0.29364997148513794,-0.016225695610046387,0.016225695610046387,-0.5415222644805908,0.5415222644805908,False,285,2028
shuffle,25,0.9367075562477112,-0.48579350113868713,0.48579350113868713,-3.763627104461193,3.763627104461193,True,285,2028
shuffle,26,0.9176892638206482,-0.7120067775249481,0.7120067775249481,-4.749208211898804,4.749208211898804,True,285,2028
shuffle,27,0.9080454111099243,-0.12795555591583252,0.12795555591583252,-2.0032687187194824,2.0032687187194824,False,285,2028
shuffle,28,0.9088512063026428,-0.42387062311172485,0.42387062311172485,-3.51514932513237,3.51514932513237,False,285,2028
shuffle,29,0.822262167930603,-0.41932034492492676,0.41932034492492676,-3.4967260658740997,3.4967260658740997,False,285,2028
uniform,0,0.681210458278656,-0.24210083484649658,0.24210083484649658,-1.5122222900390625,1.5122222900390625,False,305,2028
shuffle,0,0.5835874676704407,-0.06132787466049194,0.06132787466049194,-0.5316265821456909,0.5316265821456909,False,305,2028
shuffle,1,0.9168801307678223,-0.3390657305717468,0.3390657305717468,-1.9194199293851852,1.9194199293851852,False,305,2028
shuffle,2,0.8230911493301392,-0.1486760377883911,0.1486760377883911,-1.064765214920044,1.064765214920044,False,305,2028
shuffle,3,0.8771892786026001,-0.4052560031414032,0.4052560031414032,-2.1851363107562065,2.1851363107562065,True,305,2028
shuffle,4,0.817868173122406,-0.21178609132766724,0.21178609132766724,-1.375409483909607,1.375409483909607,False,305,2028
shuffle,5,0.9341707825660706,-0.3520718216896057,0.3520718216896057,-1.9719647467136383,1.9719647467136383,False,305,2028
shuffle,6,0.7185301780700684,-0.3716720938682556,0.3716720938682556,-2.05072607845068,2.05072607845068,False,305,2028
shuffle,7,0.7657118439674377,-0.03748089075088501,0.03748089075088501,-0.34848785400390625,0.34848785400390625,False,305,2028
shuffle,8,0.553543210029602,-0.09222537279129028,0.09222537279129028,-0.7399463653564453,0.7399463653564453,False,305,2028
shuffle,9,0.8179283142089844,-0.1993403434753418,0.1993403434753418,-1.317257583141327,1.317257583141327,False,305,2028
shuffle,10,0.7864731550216675,-0.22563248872756958,0.22563248872756958,-1.4386839866638184,1.4386839866638184,False,305,2028
shuffle,11,0.8032332062721252,-0.49573397636413574,0.49573397636413574,-2.5525996685028076,2.5525996685028076,True,305,2028
shuffle,12,0.9523372650146484,-0.32317620515823364,0.32317620515823364,-1.8547950685024261,1.8547950685024261,False,305,2028
shuffle,13,0.4395245909690857,-0.058222949504852295,0.058222949504852295,-0.5090446472167969,0.5090446472167969,False,305,2028
shuffle,14,0.8003378510475159,-0.17878097295761108,0.17878097295761108,-1.2181514501571655,1.2181514501571655,False,305,2028
shuffle,15,0.4652274250984192,0.01201319694519043,0.01201319694519043,0.13506388664245605,0.13506388664245605,False,305,2028
shuffle,16,0.7119858860969543,-0.3404355049133301,0.3404355049133301,-1.9249672591686249,1.9249672591686249,False,305,2028
shuffle,17,0.6614800095558167,-0.04297935962677002,0.04297935962677002,-0.3928331136703491,0.3928331136703491,False,305,2028
shuffle,18,0.8761725425720215,-0.4225910007953644,0.4225910007953644,-2.254581019282341,2.254581019282341,True,305,2028
shuffle,19,0.9530932903289795,-0.45163851976394653,0.45163851976394653,-2.3716277480125427,2.3716277480125427,True,305,2028
shuffle,20,0.7214475870132446,-0.3877275586128235,0.3877275586128235,-2.11501507461071,2.11501507461071,False,305,2028
shuffle,21,0.5503672957420349,-0.12219816446304321,0.12219816446304321,-0.9195892810821533,0.9195892810821533,False,305,2028
shuffle,22,0.9364844560623169,-0.17041391134262085,0.17041391134262085,-1.1765921115875244,1.1765921115875244,False,305,2028
shuffle,23,0.7963415384292603,-0.321230411529541,0.321230411529541,-1.8468425273895264,1.8468425273895264,False,305,2028
shuffle,24,0.6781905889511108,-0.1317858099937439,0.1317858099937439,-0.9734370708465576,0.9734370708465576,False,305,2028
shuffle,25,0.6343442797660828,0.010297715663909912,0.010297715663909912,0.1148538589477539,0.1148538589477539,False,305,2028
shuffle,26,0.9196929335594177,-0.3723423480987549,0.3723423480987549,-2.0534126684069633,2.0534126684069633,False,305,2028
shuffle,27,0.9340779185295105,-0.32413583993911743,0.32413583993911743,-1.858713686466217,1.858713686466217,False,305,2028
shuffle,28,0.6538434028625488,-0.3285840153694153,0.3285840153694153,-1.8768503069877625,1.8768503069877625,False,305,2028
shuffle,29,0.7851296067237854,-0.3047153949737549,0.3047153949737549,-1.7789397239685059,1.7789397239685059,False,305,2028
uniform,0,0.6561931371688843,0.1587032675743103,0.1587032675743103,1.0469448566436768,1.0469448566436768,False,306,2028
shuffle,0,0.8652337193489075,-0.04094570875167847,0.04094570875167847,-0.19596964120864868,0.19596964120864868,False,306,2028
shuffle,1,0.6055604815483093,0.19424843788146973,0.19424843788146973,1.4420101642608643,1.4420101642608643,False,306,2028
shuffle,2,0.615399956703186,0.16342628002166748,0.16342628002166748,1.0928566455841064,1.0928566455841064,False,306,2028
shuffle,3,0.2638787627220154,-0.10504937171936035,0.10504937171936035,-0.4781495928764343,0.4781495928764343,False,306,2028
shuffle,4,0.8690416812896729,0.06021231412887573,0.06021231412887573,0.32464027404785156,0.32464027404785156,False,306,2028
shuffle,5,0.8600417971611023,-0.3081161081790924,0.3081161081790924,-1.3027618527412415,1.3027618527412415,True,306,2028
shuffle,6,0.6220883131027222,0.17138296365737915,0.17138296365737915,1.174095869064331,1.174095869064331,False,306,2028
shuffle,7,0.2678548991680145,-0.11746501922607422,0.11746501922607422,-0.5304014682769775,0.5304014682769775,False,306,2028
shuffle,8,0.885449230670929,0.2610652446746826,0.2610652446746826,3.134477376937866,3.134477376937866,False,306,2028
shuffle,9,0.6145604252815247,-0.13857030868530273,0.13857030868530273,-0.6179638206958771,0.6179638206958771,False,306,2028
shuffle,10,0.8768256902694702,0.19992518424987793,0.19992518424987793,1.5188024044036865,1.5188024044036865,False,306,2028
shuffle,11,0.6146807670593262,-0.12036287784576416,0.12036287784576416,-0.5425127148628235,0.5425127148628235,False,306,2028
shuffle,12,0.6246559023857117,0.243388831615448,0.243388831615448,2.3863441944122314,2.3863441944122314,False,306,2028
shuffle,13,0.25926443934440613,0.013490915298461914,0.013490915298461914,0.06833648681640625,0.06833648681640625,False,306,2028
shuffle,14,0.8774091601371765,0.2592897415161133,0.2592897415161133,3.0301272869110107,3.0301272869110107,False,306,2028
shuffle,15,0.6182804703712463,0.22836565971374512,0.22836565971374512,2.0057990550994873,2.0057990550994873,False,306,2028
shuffle,16,0.8484498858451843,0.05776476860046387,0.05776476860046387,0.31030726432800293,0.31030726432800293,False,306,2028
shuffle,17,0.6243998408317566,0.2506507635116577,0.2506507635116577,2.6331632137298584,2.6331632137298584,False,306,2028
shuffle,18,0.863761842250824,0.2450401782989502,0.2450401782989502,2.4376633167266846,2.4376633167266846,False,306,2028
shuffle,19,0.6106167435646057,0.14084792137145996,0.14084792137145996,0.8864579200744629,0.8864579200744629,False,306,2028
shuffle,20,0.8678258061408997,0.006386995315551758,0.006386995315551758,0.03208601474761963,0.03208601474761963,False,306,2028
shuffle,21,0.2806626856327057,0.13744443655014038,0.13744443655014038,0.8579082489013672,0.8579082489013672,False,306,2028
shuffle,22,0.6070324778556824,0.2610458731651306,0.2610458731651306,3.1332828998565674,3.1332828998565674,False,306,2028
shuffle,23,0.2802862823009491,0.1415758728981018,0.1415758728981018,0.892641544342041,0.892641544342041,False,306,2028
shuffle,24,0.8675696849822998,0.008817076683044434,0.008817076683044434,0.0444180965423584,0.0444180965423584,False,306,2028
shuffle,25,0.8689213395118713,0.2539559006690979,0.2539559006690979,2.7678802013397217,2.7678802013397217,False,306,2028
shuffle,26,0.6099461317062378,0.2421310544013977,0.2421310544013977,2.3488380908966064,2.3488380908966064,False,306,2028
shuffle,27,0.2881906032562256,-0.17489778995513916,0.17489778995513916,-0.7659022957086563,0.7659022957086563,False,306,2028
shuffle,28,0.847610354423523,0.047405898571014404,0.047405898571014404,0.25087904930114746,0.25087904930114746,False,306,2028
shuffle,29,0.8556835651397705,-0.01665675640106201,0.01665675640106201,-0.08161497116088867,0.08161497116088867,False,306,2028
uniform,0,0.37916818261146545,-0.011199414730072021,0.011199414730072021,-0.3120918273925781,0.3120918273925781,False,313,2028
shuffle,0,0.34039461612701416,-0.0016942620277404785,0.0016942620277404785,-0.053414106369018555,0.053414106369018555,False,313,2028
shuffle,1,0.520612359046936,-0.036480844020843506,0.036480844020843506,-0.7999792098999023,0.7999792098999023,False,313,2028
shuffle,2,0.4958713948726654,-0.0033116936683654785,0.0033116936683654785,-0.10203909873962402,0.10203909873962402,False,313,2028
shuffle,3,0.5475674271583557,-0.004764199256896973,0.004764199256896973,-0.1439042091369629,0.1439042091369629,False,313,2028
shuffle,4,0.45868009328842163,-0.03708446025848389,0.03708446025848389,-0.8094091415405273,0.8094091415405273,False,313,2028
shuffle,5,0.571809709072113,-0.009798288345336914,0.009798288345336914,-0.27762413024902344,0.27762413024902344,False,313,2028
shuffle,6,0.6077634692192078,0.00148695707321167,0.00148695707321167,0.049184322357177734,0.049184322357177734,False,313,2028
shuffle,7,0.39877939224243164,-0.0042601823806762695,0.0042601823806762695,-0.1295623779296875,0.1295623779296875,False,313,2028
shuffle,8,0.32406240701675415,-0.013303875923156738,0.013303875923156738,-0.3619084358215332,0.3619084358215332,False,313,2028
shuffle,9,0.45451927185058594,-0.008344173431396484,0.008344173431396484,-0.24065876007080078,0.24065876007080078,False,313,2028
shuffle,10,0.6661815047264099,-0.021462678909301758,0.021462678909301758,-0.5362329483032227,0.5362329483032227,False,313,2028
shuffle,11,0.546333372592926,-0.005313992500305176,0.005313992500305176,-0.15933823585510254,0.15933823585510254,False,313,2028
shuffle,12,0.33249232172966003,-0.01313716173171997,0.01313716173171997,-0.35804247856140137,0.35804247856140137,False,313,2028
shuffle,13,0.45767486095428467,-0.03176867961883545,0.03176867961883545,-0.7235946655273438,0.7235946655273438,False,313,2028
shuffle,14,0.43538767099380493,-0.02217632532119751,0.02217632532119751,-0.5502583980560303,0.5502583980560303,False,313,2028
shuffle,15,0.5381965041160583,-0.021721184253692627,0.021721184253692627,-0.5413339138031006,0.5413339138031006,False,313,2028
shuffle,16,0.3733133375644684,-0.009094059467315674,0.009094059467315674,-0.25987768173217773,0.25987768173217773,False,313,2028
shuffle,17,0.5506054162979126,-0.006099879741668701,0.006099879741668701,-0.18102312088012695,0.18102312088012695,False,313,2028
shuffle,18,0.3319261372089386,0.006312310695648193,0.006312310695648193,0.22656607627868652,0.22656607627868652,False,313,2028
shuffle,19,0.4137513339519501,-0.01837211847305298,0.01837211847305298,-0.4733762741088867,0.4733762741088867,False,313,2028
shuffle,20,0.4405508041381836,-0.028310716152191162,0.028310716152191162,-0.6641154289245605,0.6641154289245605,False,313,2028
shuffle,21,0.374025821685791,-0.00233304500579834,0.00233304500579834,-0.07288169860839844,0.07288169860839844,False,313,2028
shuffle,22,0.4695397913455963,-0.009904444217681885,0.009904444217681885,-0.2802739143371582,0.2802739143371582,False,313,2028
shuffle,23,0.48245668411254883,-0.0031473636627197266,0.0031473636627197266,-0.0971987247467041,0.0971987247467041,False,313,2028
shuffle,24,0.5578309893608093,-0.005713462829589844,0.005713462829589844,-0.17041492462158203,0.17041492462158203,False,313,2028
shuffle,25,0.6609036922454834,-0.020601212978363037,0.020601212978363037,-0.5190644264221191,0.5190644264221191,False,313,2028
shuffle,26,0.30862241983413696,0.005217134952545166,0.005217134952545166,0.18361949920654297,0.18361949920654297,False,313,2028
shuffle,27,0.30146944522857666,-0.017919480800628662,0.017919480800628662,-0.4638652801513672,0.4638652801513672,False,313,2028
shuffle,28,0.5701723694801331,-0.03393632173538208,0.03393632173538208,-0.7593631744384766,0.7593631744384766,False,313,2028
shuffle,29,0.5166323184967041,-0.009105086326599121,0.009105086326599121,-0.26015758514404297,0.26015758514404297,False,313,2028
uniform,0,0.6613842844963074,-0.11052113771438599,0.11052113771438599,-1.859300136566162,1.859300136566162,False,315,2028
shuffle,0,0.2568591237068176,-0.0027869343757629395,0.0027869343757629395,-0.11469817161560059,0.11469817161560059,False,315,2028
shuffle,1,0.9189656376838684,-0.001921534538269043,0.001921534538269043,-0.08040118217468262,0.08040118217468262,False,315,2028
shuffle,2,0.9189675450325012,-0.29130375385284424,0.29130375385284424,-2.9472007155418396,2.9472007155418396,False,315,2028
shuffle,3,0.6518669724464417,-0.02135932445526123,0.02135932445526123,-0.6675982475280762,0.6675982475280762,False,315,2028
shuffle,4,0.8935056328773499,-0.4126626253128052,0.4126626253128052,-3.4681761860847473,3.4681761860847473,False,315,2028
shuffle,5,0.08984793722629547,0.006062746047973633,0.006062746047973633,0.3038160800933838,0.3038160800933838,False,315,2028
shuffle,6,0.9320985078811646,0.0013844966888427734,0.0013844966888427734,0.06199908256530762,0.06199908256530762,False,315,2028
shuffle,7,0.9268409609794617,-0.03013753890991211,0.03013753890991211,-0.8553617000579834,0.8553617000579834,False,315,2028
shuffle,8,0.9269077777862549,-0.05760657787322998,0.05760657787322998,-1.298006296157837,1.298006296157837,False,315,2028
shuffle,9,0.7226163148880005,-0.21328169107437134,0.21328169107437134,-2.5545973777770996,2.5545973777770996,False,315,2028
shuffle,10,0.8579344153404236,-0.09626364707946777,0.09626364707946777,-1.7305375337600708,1.7305375337600708,False,315,2028
shuffle,11,0.8482182621955872,-0.021619558334350586,0.021619558334350586,-0.6736495494842529,0.6736495494842529,False,315,2028
shuffle,12,0.6596755385398865,-0.14336949586868286,0.14336949586868286,-2.11711049079895,2.11711049079895,False,315,2028
shuffle,13,0.6518669128417969,-0.229661226272583,0.229661226272583,-2.643167495727539,2.643167495727539,False,315,2028
shuffle,14,0.906571626663208,-0.32551032304763794,0.32551032304763794,-3.101552128791809,3.101552128791809,False,315,2028
shuffle,15,0.9380662441253662,-0.02374553680419922,0.02374553680419922,-0.7218682765960693,0.7218682765960693,False,315,2028
shuffle,16,0.7207086682319641,-0.44088345766067505,0.44088345766067505,-3.5822167694568634,3.5822167694568634,False,315,2028
shuffle,17,0.6597422957420349,-0.15200209617614746,0.15200209617614746,-2.1779509782791138,2.1779509782791138,False,315,2028
shuffle,18,0.877099871635437,-0.2863856554031372,0.2863856554031372,-2.924304485321045,2.924304485321045,False,315,2028
shuffle,19,0.6998341083526611,-0.024784862995147705,0.024784862995147705,-0.7446973323822021,0.7446973323822021,False,315,2028
shuffle,20,0.7146741151809692,-0.13101494312286377,0.13101494312286377,-2.0254929065704346,2.0254929065704346,False,315,2028
shuffle,21,0.6873732805252075,-0.21023428440093994,0.21023428440093994,-2.537661552429199,2.537661552429199,False,315,2028
shuffle,22,0.720773458480835,-0.00783759355545044,0.00783759355545044,-0.29532432556152344,0.29532432556152344,False,315,2028
shuffle,23,0.9250650405883789,-0.13905245065689087,0.13905245065689087,-2.085739254951477,2.085739254951477,False,315,2028
shuffle,24,0.7890258431434631,-0.21243220567703247,0.21243220567703247,-2.549891710281372,2.549891710281372,False,315,2028
shuffle,25,0.6308607459068298,-0.185707688331604,0.185707688331604,-2.3953216075897217,2.3953216075897217,False,315,2028
shuffle,26,0.8849731087684631,-0.1951066255569458,0.1951066255569458,-2.451214909553528,2.451214909553528,False,315,2028
shuffle,27,0.8576055765151978,-0.04640907049179077,0.04640907049179077,-1.137427568435669,1.137427568435669,False,315,2028
shuffle,28,0.23775848746299744,0.01083362102508545,0.01083362102508545,0.6272022724151611,0.6272022724151611,False,315,2028
shuffle,29,0.7268080711364746,-0.2889018654823303,0.2889018654823303,-2.936043381690979,2.936043381690979,False,315,2028
uniform,0,0.7547562718391418,0.004361748695373535,0.004361748695373535,0.15827393531799316,0.15827393531799316,False,317,2028
shuffle,0,0.9577151536941528,-0.057446420192718506,0.057446420192718506,-1.117976188659668,1.117976188659668,False,317,2028
shuffle,1,0.6484791040420532,0.024134159088134766,0.024134159088134766,1.579178810119629,1.579178810119629,False,317,2028
shuffle,2,0.9483023881912231,0.008544564247131348,0.008544564247131348,0.3362290859222412,0.3362290859222412,False,317,2028
shuffle,3,0.5571420192718506,-0.008839011192321777,0.008839011192321777,-0.2629251480102539,0.2629251480102539,False,317,2028
shuffle,4,0.804378867149353,0.006995260715484619,0.006995260715484619,0.26674985885620117,0.26674985885620117,False,317,2028
shuffle,5,0.848851203918457,-0.004812479019165039,0.004812479019165039,-0.1510453224182129,0.1510453224182129,False,317,2028
shuffle,6,0.8889151811599731,0.02162700891494751,0.02162700891494751,1.2489261627197266,1.2489261627197266,False,317,2028
shuffle,7,0.6417196393013,-0.0029210448265075684,0.0029210448265075684,-0.09419703483581543,0.09419703483581543,False,317,2028
shuffle,8,0.914289116859436,-0.016309499740600586,0.016309499740600586,-0.4442017078399658,0.4442017078399658,False,317,2028
shuffle,9,0.8947799801826477,0.0005993843078613281,0.0005993843078613281,0.020398855209350586,0.020398855209350586,False,317,2028
shuffle,10,0.9858950972557068,-0.013241171836853027,0.013241171836853027,-0.3733396530151367,0.3733396530151367,False,317,2028
shuffle,11,0.906791627407074,0.012093544006347656,0.012093544006347656,0.51529860496521,0.51529860496521,False,317,2028
shuffle,12,0.922187089920044,0.014415740966796875,0.014415740966796875,0.6517534255981445,0.6517534255981445,False,317,2028
shuffle,13,0.9422658085823059,0.016742408275604248,0.016742408275604248,0.8093299865722656,0.8093299865722656,False,317,2028
shuffle,14,0.904119074344635,-0.0008093714714050293,0.0008093714714050293,-0.02694559097290039,0.02694559097290039,False,317,2028
shuffle,15,0.8909155130386353,0.0023379921913146973,0.0023379921913146973,0.08189010620117188,0.08189010620117188,False,317,2028
shuffle,16,0.9346485137939453,-0.02635246515274048,0.02635246515274048,-0.6487946510314941,0.6487946510314941,False,317,2028
shuffle,17,0.9160130023956299,0.00507432222366333,0.00507432222366333,0.1865386962890625,0.1865386962890625,False,317,2028
shuffle,18,0.9209706783294678,0.0096510648727417,0.0096510648727417,0.38883113861083984,0.38883113861083984,False,317,2028
shuffle,19,0.8992487788200378,-0.02550750970840454,0.02550750970840454,-0.6329517364501953,0.6329517364501953,False,317,2028
shuffle,20,0.5834786295890808,-0.00534820556640625,0.00534820556640625,-0.16661858558654785,0.16661858558654785,False,317,2028
shuffle,21,0.9583098292350769,0.009927093982696533,0.009927093982696533,0.40237855911254883,0.40237855911254883,False,317,2028
shuffle,22,0.951034426689148,-0.016196250915527344,0.016196250915527344,-0.4416646957397461,0.4416646957397461,False,317,2028
shuffle,23,0.8035496473312378,-0.012106478214263916,0.012106478214263916,-0.3459298610687256,0.3459298610687256,False,317,2028
shuffle,24,0.9747781753540039,-0.004076063632965088,0.004076063632965088,-0.1292707920074463,0.1292707920074463,False,317,2028
shuffle,25,0.8695545196533203,0.007003664970397949,0.007003664970397949,0.2671165466308594,0.2671165466308594,False,317,2028
shuffle,26,0.7631878852844238,0.0169905424118042,0.0169905424118042,0.8276500701904297,0.8276500701904297,False,317,2028
shuffle,27,0.9630163311958313,-0.0051018595695495605,0.0051018595695495605,-0.1594853401184082,0.1594853401184082,False,317,2028
shuffle,28,0.976438581943512,-0.02857309579849243,0.02857309579849243,-0.6894021034240723,0.6894021034240723,False,317,2028
shuffle,29,0.92256098985672,-0.002588212490081787,0.002588212490081787,-0.08387374877929688,0.08387374877929688,False,317,2028
uniform,0,0.8358088731765747,-0.07802462577819824,0.07802462577819824,-1.6163663864135742,1.6163663864135742,False,321,2028
shuffle,0,0.9790529012680054,-0.14740842580795288,0.14740842580795288,-2.2256025075912476,2.2256025075912476,False,321,2028
shuffle,1,0.017901159822940826,4.4405460357666016e-05,4.4405460357666016e-05,0.0021181106567382812,0.0021181106567382812,False,321,2028
shuffle,2,0.9786058068275452,-0.1221972107887268,0.1221972107887268,-2.0340447425842285,2.0340447425842285,False,321,2028
shuffle,3,0.9972667098045349,-0.11650115251541138,0.11650115251541138,-1.9869614839553833,1.9869614839553833,False,321,2028
shuffle,4,0.9977139234542847,-0.2705864906311035,0.2705864906311035,-2.933771252632141,2.933771252632141,False,321,2028
shuffle,5,0.9788231253623962,-0.27684253454208374,0.27684253454208374,-2.9638415575027466,2.9638415575027466,False,321,2028
shuffle,6,0.9956642389297485,-0.2777644395828247,0.2777644395828247,-2.9682421684265137,2.9682421684265137,False,321,2028
shuffle,7,0.996085524559021,-0.27580076456069946,0.27580076456069946,-2.9588598012924194,2.9588598012924194,False,321,2028
shuffle,8,0.01952948421239853,0.00019222497940063477,0.00019222497940063477,0.009191036224365234,0.009191036224365234,False,321,2028
shuffle,9,0.017901159822940826,5.1140785217285156e-05,5.1140785217285156e-05,0.002437114715576172,0.002437114715576172,False,321,2028
shuffle,10,0.997496485710144,-0.0896720290184021,0.0896720290184021,-1.7400853633880615,1.7400853633880615,False,321,2028
shuffle,11,0.9781844019889832,-0.15317833423614502,0.15317833423614502,-2.2661631107330322,2.2661631107330322,False,321,2028
shuffle,12,0.01952948421239853,0.00010865926742553711,0.00010865926742553711,0.005188703536987305,0.005188703536987305,False,321,2028
shuffle,13,0.9939978122711182,-0.27764976024627686,0.27764976024627686,-2.9676949977874756,2.9676949977874756,False,321,2028
shuffle,14,0.017671436071395874,1.9609928131103516e-05,1.9609928131103516e-05,0.0009379386901855469,0.0009379386901855469,False,321,2028
shuffle,15,0.9960855841636658,-0.009487807750701904,0.009487807750701904,-0.375640869140625,0.375640869140625,False,321,2028
shuffle,16,0.9977139234542847,-0.11339926719665527,0.11339926719665527,-1.9606316089630127,1.9606316089630127,False,321,2028
shuffle,17,0.9802341461181641,-0.12181180715560913,0.12181180715560913,-2.030908226966858,2.030908226966858,False,321,2028
shuffle,18,0.9946746230125427,-0.15208011865615845,0.15208011865615845,-2.2585256099700928,2.2585256099700928,False,321,2028
shuffle,19,0.0018580472096800804,1.823902130126953e-05,1.823902130126953e-05,0.000873565673828125,0.000873565673828125,False,321,2028
shuffle,20,0.996085524559021,-0.15528225898742676,0.15528225898742676,-2.2806899547576904,2.2806899547576904,False,321,2028
shuffle,21,0.9958558082580566,-0.2749771475791931,0.2749771475791931,-2.954914152622223,2.954914152622223,False,321,2028
shuffle,22,0.9944449067115784,-0.1547541618347168,0.1547541618347168,-2.2770566940307617,2.2770566940307617,False,321,2028
shuffle,23,0.9958558082580566,-0.2706649899482727,0.2706649899482727,-2.934150993824005,2.934150993824005,False,321,2028
shuffle,24,0.9786057472229004,-0.2760406732559204,0.2760406732559204,-2.9600080251693726,2.9600080251693726,False,321,2028
shuffle,25,0.9954087734222412,-0.1185033917427063,0.1185033917427063,-2.0036938190460205,2.0036938190460205,False,321,2028
shuffle,26,0.963431179523468,-0.11739844083786011,0.11739844083786011,-1.9944846630096436,1.9944846630096436,False,321,2028
shuffle,27,0.01952948421239853,4.7266483306884766e-05,4.7266483306884766e-05,0.002254486083984375,0.002254486083984375,False,321,2028
shuffle,28,0.9788231253623962,-0.00965869426727295,0.00965869426727295,-0.3813209533691406,0.3813209533691406,False,321,2028
shuffle,29,0.9972667694091797,-0.27670425176620483,0.27670425176620483,-2.9631810188293457,2.9631810188293457,False,321,2028
uniform,0,0.7118602395057678,-0.002091526985168457,0.002091526985168457,-1.312624454498291,1.312624454498291,False,348,2028
shuffle,0,0.8210324048995972,-0.005034029483795166,0.005034029483795166,-2.0223612785339355,2.0223612785339355,False,348,2028
shuffle,1,0.8207528591156006,-0.0009914636611938477,0.0009914636611938477,-0.8267741203308105,0.8267741203308105,False,348,2028
shuffle,2,0.9969139099121094,-0.03167128562927246,0.03167128562927246,-3.770057201385498,3.770057201385498,False,348,2028
shuffle,3,0.997192919254303,-0.003956973552703857,0.003956973552703857,-1.8160991668701172,1.8160991668701172,False,348,2028
shuffle,4,0.8206473588943481,-0.0013294219970703125,0.0013294219970703125,-1.0024724006652832,1.0024724006652832,False,348,2028
shuffle,5,0.8210323452949524,-0.0013301372528076172,0.0013301372528076172,-1.0028080940246582,1.0028080940246582,False,348,2028
shuffle,6,0.9965289831161499,-0.001788020133972168,0.001788020133972168,-1.20027494430542,1.20027494430542,False,348,2028
shuffle,7,0.9968084096908569,-0.0026338696479797363,0.0026338696479797363,-1.486588954925537,1.486588954925537,False,348,2028
shuffle,8,0.17575033009052277,-0.00034874677658081055,0.00034874677658081055,-0.373018741607666,0.373018741607666,False,348,2028
shuffle,9,0.8208840489387512,0.0004482269287109375,0.0004482269287109375,0.8685145378112793,0.8685145378112793,False,348,2028
shuffle,10,0.820499062538147,-0.0007740259170532227,0.0007740259170532227,-0.6950631141662598,0.6950631141662598,False,348,2028
shuffle,11,0.9974724650382996,-0.003953874111175537,0.003953874111175537,-1.8154397010803223,1.8154397010803223,False,348,2028
shuffle,12,0.8210323452949524,-0.001331925392150879,0.001331925392150879,-1.0036215782165527,1.0036215782165527,False,348,2028
shuffle,13,0.821337103843689,-0.0015816092491149902,0.0015816092491149902,-1.1160435676574707,1.1160435676574707,False,348,2028
shuffle,14,0.9966344833374023,-0.001148223876953125,0.001148223876953125,-0.9120993614196777,0.9120993614196777,False,348,2028
shuffle,15,0.9966344237327576,-0.001145482063293457,0.001145482063293457,-0.9106793403625488,0.9106793403625488,False,348,2028
shuffle,16,0.9970874786376953,-0.030459284782409668,0.030459284782409668,-3.7307300567626953,3.7307300567626953,False,348,2028
shuffle,17,0.821337103843689,0.00022453069686889648,0.00022453069686889648,0.34369707107543945,0.34369707107543945,False,348,2028
shuffle,18,0.8210581541061401,-0.003605663776397705,0.003605663776397705,-1.7385616302490234,1.7385616302490234,False,348,2028
shuffle,19,0.00041076558409258723,-5.960464477539062e-07,5.960464477539062e-07,-0.0008416175842285156,0.0008416175842285156,False,348,2028
shuffle,20,0.997192919254303,-0.004852771759033203,0.004852771759033203,-1.9904532432556152,1.9904532432556152,False,348,2028
shuffle,21,0.9970874786376953,-0.006420016288757324,0.006420016288757324,-2.237804412841797,2.237804412841797,False,348,2028
shuffle,22,0.9965289235115051,-0.0022818446159362793,0.0022818446159362793,-1.3771295547485352,1.3771295547485352,False,348,2028
shuffle,23,0.9974724650382996,-0.03698611259460449,0.03698611259460449,-3.9272680282592773,3.9272680282592773,False,348,2028
shuffle,24,0.8210324048995972,0.0004481077194213867,0.0004481077194213867,0.8681912422180176,0.8681912422180176,False,348,2028
shuffle,25,0.8214426040649414,0.0002244114875793457,0.0002244114875793457,0.3435683250427246,0.3435683250427246,False,348,2028
shuffle,26,0.8207533359527588,-0.003595709800720215,0.003595709800720215,-1.73628568649292,1.73628568649292,False,348,2028
shuffle,27,0.17644011974334717,-0.0005015730857849121,0.0005015730857849121,-0.5009160041809082,0.5009160041809082,False,348,2028
shuffle,28,0.9968084692955017,-0.006418943405151367,0.006418943405151367,-2.2376627922058105,2.2376627922058105,False,348,2028
shuffle,29,0.17671963572502136,-0.001302480697631836,0.001302480697631836,-0.989497184753418,0.989497184753418,False,348,2028
uniform,0,0.7942231297492981,-0.03256428241729736,0.03256428241729736,-3.020397663116455,3.020397663116455,False,349,2028
shuffle,0,0.9651368260383606,-0.0801650881767273,0.0801650881767273,-3.9414145946502686,3.9414145946502686,False,349,2028
shuffle,1,0.9707088470458984,-0.04874467849731445,0.04874467849731445,-3.4237911701202393,3.4237911701202393,False,349,2028
shuffle,2,0.944044828414917,-0.011726081371307373,0.011726081371307373,-2.0634708404541016,2.0634708404541016,False,349,2028
shuffle,3,0.8089450597763062,-0.02279961109161377,0.02279961109161377,-2.6752281188964844,2.6752281188964844,False,349,2028
shuffle,4,0.42337682843208313,0.00012642145156860352,0.00012642145156860352,0.07600879669189453,0.07600879669189453,False,349,2028
shuffle,5,0.9561230540275574,-0.02030235528945923,0.02030235528945923,-2.5653011798858643,2.5653011798858643,False,349,2028
shuffle,6,0.9767454862594604,-0.025358617305755615,0.025358617305755615,-2.777090549468994,2.777090549468994,False,349,2028
shuffle,7,0.9253979325294495,-0.016186296939849854,0.016186296939849854,-2.3542938232421875,2.3542938232421875,False,349,2028
shuffle,8,0.4196011424064636,0.0002905726432800293,0.0002905726432800293,0.18422269821166992,0.18422269821166992,False,349,2028
shuffle,9,0.9343198537826538,-0.005406022071838379,0.005406022071838379,-1.422767162322998,1.422767162322998,False,349,2028
shuffle,10,0.7835119366645813,-0.008221745491027832,0.008221745491027832,-1.7582244873046875,1.7582244873046875,False,349,2028
shuffle,11,0.9287738800048828,-0.06887984275817871,0.06887984275817871,-3.78092622756958,3.78092622756958,False,349,2028
shuffle,12,0.963718831539154,-0.04597020149230957,0.04597020149230957,-3.364335775375366,3.364335775375366,False,349,2028
shuffle,13,0.7990670204162598,-0.04037952423095703,0.04037952423095703,-3.2338192462921143,3.2338192462921143,False,349,2028
shuffle,14,0.9533600211143494,-0.021043241024017334,0.021043241024017334,-2.599133014678955,2.599133014678955,False,349,2028
shuffle,15,0.9477683305740356,-0.012687087059020996,0.012687087059020996,-2.133434295654297,2.133434295654297,False,349,2028
shuffle,16,0.9767809510231018,-0.2170369029045105,0.2170369029045105,-5.085425138473511,5.085425138473511,False,349,2028
shuffle,17,0.7978802919387817,-0.06135976314544678,0.06135976314544678,-3.6602561473846436,3.6602561473846436,False,349,2028
shuffle,18,0.9488940238952637,-0.054666340351104736,0.054666340351104736,-3.540982246398926,3.540982246398926,False,349,2028
shuffle,19,0.9884411692619324,-0.14061325788497925,0.14061325788497925,-4.56232762336731,4.56232762336731,False,349,2028
shuffle,20,0.8166910409927368,-0.0155104398727417,0.0155104398727417,-2.315150260925293,2.315150260925293,False,349,2028
shuffle,21,0.9888606667518616,-0.09797114133834839,0.09797114133834839,-4.157738447189331,4.157738447189331,False,349,2028
shuffle,22,0.8164471983909607,-0.004880070686340332,0.004880070686340332,-1.3456735610961914,1.3456735610961914,False,349,2028
shuffle,23,0.9551593661308289,-0.03784877061843872,0.03784877061843872,-3.169198989868164,3.169198989868164,False,349,2028
shuffle,24,0.9338802695274353,-0.043702542781829834,0.043702542781829834,-3.3132498264312744,3.3132498264312744,False,349,2028
shuffle,25,0.9290664792060852,-0.029990673065185547,0.029990673065185547,-2.939725160598755,2.939725160598755,False,349,2028
shuffle,26,0.9494504332542419,-0.0454326868057251,0.0454326868057251,-3.35244083404541,3.35244083404541,False,349,2028
shuffle,27,0.9685559272766113,-0.02910470962524414,0.02910470962524414,-2.910480499267578,2.910480499267578,False,349,2028
shuffle,28,0.7980754375457764,-0.015485584735870361,0.015485584735870361,-2.3136816024780273,2.3136816024780273,False,349,2028
shuffle,29,0.7599239349365234,-0.0048094987869262695,0.0048094987869262695,-1.3348708152770996,1.3348708152770996,False,349,2028
uniform,0,0.6071648001670837,0.007101774215698242,0.007101774215698242,0.48091816902160645,0.48091816902160645,False,367,2028
shuffle,0,0.7082293033599854,0.017076075077056885,0.017076075077056885,2.3949029445648193,2.3949029445648193,False,367,2028
shuffle,1,0.6999350786209106,0.013136327266693115,0.013136327266693115,1.2103478908538818,1.2103478908538818,False,367,2028
shuffle,2,0.6771309971809387,0.017146527767181396,0.017146527767181396,2.4361279010772705,2.4361279010772705,False,367,2028
shuffle,3,0.7094171643257141,0.0033071041107177734,0.0033071041107177734,0.19659066200256348,0.19659066200256348,False,367,2028
shuffle,4,0.7574413418769836,0.012540936470031738,0.012540936470031738,1.1101696491241455,1.1101696491241455,False,367,2028
shuffle,5,0.4666680097579956,0.01088869571685791,0.01088869571685791,0.8749849796295166,0.8749849796295166,False,367,2028
shuffle,6,0.6453608274459839,0.014038681983947754,0.014038681983947754,1.3840596675872803,1.3840596675872803,False,367,2028
shuffle,7,0.8491067290306091,-0.006752729415893555,0.006752729415893555,-0.31348347663879395,0.31348347663879395,False,367,2028
shuffle,8,0.5399665832519531,0.0006378889083862305,0.0006378889083862305,0.035126686096191406,0.035126686096191406,False,367,2028
shuffle,9,0.7787214517593384,0.016779065132141113,0.016779065132141113,2.237518072128296,2.237518072128296,False,367,2028
shuffle,10,0.9286174774169922,-0.15008985996246338,0.15008985996246338,-2.3603612184524536,2.3603612184524536,False,367,2028
shuffle,11,0.9076952934265137,0.01371079683303833,0.01371079683303833,1.3174355030059814,1.3174355030059814,False,367,2028
shuffle,12,0.921484112739563,-0.05723834037780762,0.05723834037780762,-1.4566013813018799,1.4566013813018799,False,367,2028
shuffle,13,0.5873199701309204,0.016688048839569092,0.016688048839569092,2.1938116550445557,2.1938116550445557,False,367,2028
shuffle,14,0.9081939458847046,-0.11158508062362671,0.11158508062362671,-2.056356430053711,2.056356430053711,False,367,2028
shuffle,15,0.5604649186134338,0.01584869623184204,0.01584869623184204,1.8613331317901611,1.8613331317901611,False,367,2028
shuffle,16,0.6988803148269653,0.01415252685546875,0.01415252685546875,1.408264398574829,1.408264398574829,False,367,2028
shuffle,17,0.7826627492904663,0.015048503875732422,0.015048503875732422,1.6221916675567627,1.6221916675567627,False,367,2028
shuffle,18,0.9092217087745667,0.014572501182556152,0.014572501182556152,1.5029442310333252,1.5029442310333252,False,367,2028
shuffle,19,0.8480787873268127,-0.032111942768096924,0.032111942768096924,-1.028773546218872,1.028773546218872,False,367,2028
shuffle,20,0.8483071327209473,0.015255331993103027,0.015255331993103027,1.6787898540496826,1.6787898540496826,False,367,2028
shuffle,21,0.6999350786209106,-0.020163774490356445,0.020163774490356445,-0.7489302158355713,0.7489302158355713,False,367,2028
shuffle,22,0.3153556287288666,-0.029568731784820557,0.029568731784820557,-0.9748775959014893,0.9748775959014893,False,367,2028
shuffle,23,0.709033727645874,-0.14084994792938232,0.14084994792938232,-2.2930495738983154,2.2930495738983154,False,367,2028
shuffle,24,0.9232053756713867,0.007284820079803467,0.007284820079803467,0.4968416690826416,0.4968416690826416,False,367,2028
shuffle,25,0.6031880974769592,0.018092095851898193,0.018092095851898193,3.267814874649048,3.267814874649048,False,367,2028
shuffle,26,0.7603283524513245,0.006497859954833984,0.006497859954833984,0.43006157875061035,0.43006157875061035,False,367,2028
shuffle,27,0.9279467463493347,-0.025512754917144775,0.025512754917144775,-0.8830859661102295,0.8830859661102295,False,367,2028
shuffle,28,0.7891252040863037,0.015136897563934326,0.015136897563934326,1.6459815502166748,1.6459815502166748,False,367,2028
shuffle,29,0.6234708428382874,0.013031959533691406,0.013031959533691406,1.192054033279419,1.192054033279419,False,367,2028
uniform,0,0.81626957654953,-0.25873708724975586,0.25873708724975586,-5.831692457199097,5.831692457199097,False,384,2028
shuffle,0,0.9590668678283691,-0.4024515748023987,0.4024515748023987,-6.487894654273987,6.487894654273987,False,384,2028
shuffle,1,0.8956339955329895,-0.33603787422180176,0.33603787422180176,-6.202485203742981,6.202485203742981,False,384,2028
shuffle,2,0.9603051543235779,-0.7565833777189255,0.7565833777189255,-8.018510699272156,8.018510699272156,True,384,2028
shuffle,3,0.9526384472846985,-0.36895596981048584,0.36895596981048584,-6.346596598625183,6.346596598625183,False,384,2028
shuffle,4,0.9562532901763916,-0.31154924631118774,0.31154924631118774,-6.090784430503845,6.090784430503845,False,384,2028
shuffle,5,0.9746145009994507,-0.5482648313045502,0.5482648313045502,-7.076696008443832,7.076696008443832,True,384,2028
shuffle,6,0.9359421730041504,-0.5712409913539886,0.5712409913539886,-7.169996857643127,7.169996857643127,True,384,2028
shuffle,7,0.9548655152320862,-0.270568311214447,0.270568311214447,-5.892343759536743,5.892343759536743,False,384,2028
shuffle,8,0.9752687215805054,-0.6832824945449829,0.6832824945449829,-7.65253484249115,7.65253484249115,True,384,2028
shuffle,9,0.9438087940216064,-0.2576957941055298,0.2576957941055298,-5.82627010345459,5.82627010345459,False,384,2028
shuffle,10,0.9720543026924133,-0.3795103430747986,0.3795103430747986,-6.3916182816028595,6.3916182816028595,False,384,2028
shuffle,11,0.937849223613739,-0.019862651824951172,0.019862651824951172,-3.031550645828247,3.031550645828247,False,384,2028
shuffle,12,0.9696729779243469,-0.07641887664794922,0.07641887664794922,-4.401330471038818,4.401330471038818,False,384,2028
shuffle,13,0.9731993079185486,-0.5348256528377533,0.5348256528377533,-7.0225434601306915,7.0225434601306915,True,384,2028
shuffle,14,0.8118742108345032,-0.03753030300140381,0.03753030300140381,-3.6626229286193848,3.6626229286193848,False,384,2028
shuffle,15,0.951331615447998,-0.01271355152130127,0.01271355152130127,-2.6053972244262695,2.6053972244262695,False,384,2028
shuffle,16,0.9491021633148193,-0.42005348205566406,0.42005348205566406,-6.560546845197678,6.560546845197678,False,384,2028
shuffle,17,0.9305554628372192,-0.11569660902023315,0.11569660902023315,-4.855062961578369,4.855062961578369,False,384,2028
shuffle,18,0.9514966607093811,-0.31481462717056274,0.31481462717056274,-6.1059383153915405,6.1059383153915405,False,384,2028
shuffle,19,0.9503504037857056,-0.46857017278671265,0.46857017278671265,-6.757124714553356,6.757124714553356,False,384,2028
shuffle,20,0.9005985260009766,-0.11623769998550415,0.11623769998550415,-4.8603010177612305,4.8603010177612305,False,384,2028
shuffle,21,0.8853431940078735,-0.883352741599083,0.883352741599083,-8.913468360900879,8.913468360900879,True,384,2028
shuffle,22,0.9498054385185242,-0.4592052102088928,0.4592052102088928,-6.7194784283638,6.7194784283638,False,384,2028
shuffle,23,0.9601420164108276,-0.5002892017364502,0.5002892017364502,-6.8841511234641075,6.8841511234641075,True,384,2028
shuffle,24,0.960881233215332,-0.6868879497051239,0.6868879497051239,-7.6692763566970825,7.6692763566970825,True,384,2028
shuffle,25,0.9007188081741333,-0.02311915159225464,0.02311915159225464,-3.1797451972961426,3.1797451972961426,False,384,2028
shuffle,26,0.9678801894187927,-0.39065903425216675,0.39065903425216675,-6.43865579366684,6.43865579366684,False,384,2028
shuffle,27,0.9650005102157593,-0.18030613660812378,0.18030613660812378,-5.3715479373931885,5.3715479373931885,False,384,2028
shuffle,28,0.9569390416145325,-0.8220949172973633,0.8220949172973633,-8.41653323173523,8.41653323173523,True,384,2028
shuffle,29,0.952590823173523,-0.92579086124897,0.92579086124897,-9.417704582214355,9.417704582214355,True,384,2028
uniform,0,0.7209019660949707,-0.0016788840293884277,0.0016788840293884277,-1.7110943794250488,1.7110943794250488,False,405,2028
shuffle,0,0.6561195850372314,-0.0013297200202941895,0.0013297200202941895,-1.5239906311035156,1.5239906311035156,False,405,2028
shuffle,1,0.9834688901901245,-0.005495727062225342,0.005495727062225342,-2.766411304473877,2.766411304473877,False,405,2028
shuffle,2,0.9119852781295776,-0.04926043748855591,0.04926043748855591,-4.946770906448364,4.946770906448364,False,405,2028
shuffle,3,0.8901883363723755,-0.013854146003723145,0.013854146003723145,-3.6605782508850098,3.6605782508850098,False,405,2028
shuffle,4,0.6477161645889282,-0.0006685256958007812,0.0006685256958007812,-1.0310044288635254,1.0310044288635254,False,405,2028
shuffle,5,0.8917755484580994,7.921457290649414e-05,7.921457290649414e-05,0.2403244972229004,0.2403244972229004,False,405,2028
shuffle,6,0.4303937256336212,-0.0008369088172912598,0.0008369088172912598,-1.1813969612121582,1.1813969612121582,False,405,2028
shuffle,7,0.6695372462272644,-0.007971882820129395,0.007971882820129395,-3.121023654937744,3.121023654937744,False,405,2028
shuffle,8,0.6628296375274658,-0.0004911422729492188,0.0004911422729492188,-0.8437285423278809,0.8437285423278809,False,405,2028
shuffle,9,0.7772652506828308,-0.004561781883239746,0.004561781883239746,-2.592088222503662,2.592088222503662,False,405,2028
shuffle,10,0.9405806660652161,-0.005486190319061279,0.005486190319061279,-2.7647881507873535,2.7647881507873535,False,405,2028
shuffle,11,0.9625142812728882,-0.002338111400604248,0.002338111400604248,-1.990567684173584,1.990567684173584,False,405,2028
shuffle,12,0.9558312296867371,-0.004163920879364014,0.004163920879364014,-2.5076065063476562,2.5076065063476562,False,405,2028
shuffle,13,0.9630070924758911,-0.0025421977043151855,0.0025421977043151855,-2.0633959770202637,2.0633959770202637,False,405,2028
shuffle,14,0.5916175246238708,-0.0007309913635253906,0.0007309913635253906,-1.089456558227539,1.089456558227539,False,405,2028
shuffle,15,0.6622176170349121,-0.0016813874244689941,0.0016813874244689941,-1.7122902870178223,1.7122902870178223,False,405,2028
shuffle,16,0.9834098219871521,-0.005514800548553467,0.005514800548553467,-2.76969051361084,2.76969051361084,False,405,2028
shuffle,17,0.8980489373207092,-0.0010638833045959473,0.0010638833045959473,-1.3537755012512207,1.3537755012512207,False,405,2028
shuffle,18,0.9612525701522827,-0.014154434204101562,0.014154434204101562,-3.6817736625671387,3.6817736625671387,False,405,2028
shuffle,19,0.8967661261558533,-0.002144336700439453,0.002144336700439453,-1.9161677360534668,1.9161677360534668,False,405,2028
shuffle,20,0.8843278288841248,-0.002604544162750244,0.002604544162750244,-2.0846352577209473,2.0846352577209473,False,405,2028
shuffle,21,0.8834536671638489,-0.000839531421661377,0.000839531421661377,-1.183523178100586,1.183523178100586,False,405,2028
shuffle,22,0.9555169939994812,-0.0021056532859802246,0.0021056532859802246,-1.900622844696045,1.900622844696045,False,405,2028
shuffle,23,0.4708850383758545,4.208087921142578e-05,4.208087921142578e-05,0.12040853500366211,0.12040853500366211,False,405,2028
shuffle,24,0.9767619371414185,-0.0008887648582458496,0.0008887648582458496,-1.2234463691711426,1.2234463691711426,False,405,2028
shuffle,25,0.9706581234931946,1.811981201171875e-05,1.811981201171875e-05,0.05014228820800781,0.05014228820800781,False,405,2028
shuffle,26,0.9120757579803467,-0.0011750459671020508,0.0011750459671020508,-1.428438663482666,1.428438663482666,False,405,2028
shuffle,27,0.6412854790687561,-0.0013566017150878906,0.0013566017150878906,-1.539717197418213,1.539717197418213,False,405,2028
shuffle,28,0.9693589210510254,-0.0024791359901428223,0.0024791359901428223,-2.0414443016052246,2.0414443016052246,False,405,2028
shuffle,29,0.8255628943443298,-0.0004903078079223633,0.0004903078079223633,-0.8426809310913086,0.8426809310913086,False,405,2028
uniform,0,0.9263348579406738,-0.039096295833587646,0.039096295833587646,-1.7004566192626953,1.7004566192626953,False,410,2028
shuffle,0,0.9982804656028748,0.008031129837036133,0.008031129837036133,2.088799476623535,2.088799476623535,False,410,2028
shuffle,1,0.9985150098800659,-0.07972413301467896,0.07972413301467896,-2.3547327518463135,2.3547327518463135,False,410,2028
shuffle,2,0.9653584361076355,-0.07487756013870239,0.07487756013870239,-2.293367385864258,2.293367385864258,False,410,2028
shuffle,3,0.9991945028305054,-0.10049170255661011,0.10049170255661011,-2.587728977203369,2.587728977203369,False,410,2028
shuffle,4,0.9982725381851196,-0.18261921405792236,0.18261921405792236,-3.243479013442993,3.243479013442993,False,410,2028
shuffle,5,0.9651097059249878,-0.0264623761177063,0.0264623761177063,-1.3838396072387695,1.3838396072387695,False,410,2028
shuffle,6,0.9988464713096619,-0.2293601632118225,0.2293601632118225,-3.5211440324783325,3.5211440324783325,False,410,2028
shuffle,7,0.9993217587471008,-0.1754128336906433,0.1754128336906433,-3.196305513381958,3.196305513381958,False,410,2028
shuffle,8,0.9980783462524414,-0.0048059821128845215,0.0048059821128845215,-0.4260077476501465,0.4260077476501465,False,410,2028
shuffle,9,0.9656190872192383,-0.09902876615524292,0.09902876615524292,-2.5726583003997803,2.5726583003997803,False,410,2028
shuffle,10,0.998945951461792,-0.02763611078262329,0.02763611078262329,-1.417459487915039,1.417459487915039,False,410,2028
shuffle,11,0.9982895851135254,-0.031069159507751465,0.031069159507751465,-1.5101914405822754,1.5101914405822754,False,410,2028
shuffle,12,0.9653045535087585,-0.19383233785629272,0.19383233785629272,-3.3142690658569336,3.3142690658569336,False,410,2028
shuffle,13,0.9990023970603943,-0.17497968673706055,0.17497968673706055,-3.193424701690674,3.193424701690674,False,410,2028
shuffle,14,0.9650124907493591,-0.10138076543807983,0.10138076543807983,-2.5968029499053955,2.5968029499053955,False,410,2028
shuffle,15,0.9976805448532104,-0.001378476619720459,0.001378476619720459,-0.14133453369140625,0.14133453369140625,False,410,2028
shuffle,16,0.9653761386871338,-0.08130145072937012,0.08130145072937012,-2.374052047729492,2.374052047729492,False,410,2028
shuffle,17,0.9647427201271057,0.008062660694122314,0.008062660694122314,2.116774559020996,2.116774559020996,False,410,2028
shuffle,18,0.9992668628692627,-0.2548004984855652,0.2548004984855652,-3.656463861465454,3.656463861465454,False,410,2028
shuffle,19,0.998322069644928,-0.07661318778991699,0.07661318778991699,-2.3157026767730713,2.3157026767730713,False,410,2028
shuffle,20,0.9984399676322937,-0.17168188095092773,0.17168188095092773,-3.1713207960128784,3.1713207960128784,False,410,2028
shuffle,21,0.9987781643867493,0.004506111145019531,0.004506111145019531,0.6799120903015137,0.6799120903015137,False,410,2028
shuffle,22,0.9977098107337952,-0.16928166151046753,0.16928166151046753,-3.1550344228744507,3.1550344228744507,False,410,2028
shuffle,23,0.9987374544143677,-0.026664316654205322,0.026664316654205322,-1.389699935913086,1.389699935913086,False,410,2028
shuffle,24,0.9646663069725037,-0.023726820945739746,0.023726820945739746,-1.3011455535888672,1.3011455535888672,False,410,2028
shuffle,25,0.03546557202935219,0.0005868077278137207,0.0005868077278137207,0.06667137145996094,0.06667137145996094,False,410,2028
shuffle,26,0.9988253116607666,-0.002938687801361084,0.002938687801361084,-0.2807793617248535,0.2807793617248535,False,410,2028
shuffle,27,0.9986271262168884,0.005822479724884033,0.005822479724884033,1.0123076438903809,1.0123076438903809,False,410,2028
shuffle,28,0.9983139038085938,-0.00887596607208252,0.00887596607208252,-0.6856215000152588,0.6856215000152588,False,410,2028
shuffle,29,0.99820476770401,-0.3952905535697937,0.3952905535697937,-4.294976323843002,4.294976323843002,False,410,2028
uniform,0,0.7322095632553101,-0.11193722486495972,0.11193722486495972,-1.470586895942688,1.470586895942688,False,411,2028
shuffle,0,0.9804410338401794,-0.2851979732513428,0.2851979732513428,-2.462181508541107,2.462181508541107,False,411,2028
shuffle,1,0.930399477481842,0.010537445545196533,0.010537445545196533,0.3226003646850586,0.3226003646850586,False,411,2028
shuffle,2,0.8256426453590393,-0.1398305892944336,0.1398305892944336,-1.6732194423675537,1.6732194423675537,False,411,2028
shuffle,3,0.8717897534370422,-0.18077343702316284,0.18077343702316284,-1.9301822185516357,1.9301822185516357,False,411,2028
shuffle,4,0.7527930736541748,-0.10254698991775513,0.10254698991775513,-1.3955042362213135,1.3955042362213135,False,411,2028
shuffle,5,0.9796500205993652,-0.1504347324371338,0.1504347324371338,-1.7437193393707275,1.7437193393707275,False,411,2028
shuffle,6,0.76387619972229,-0.13236385583877563,0.13236385583877563,-1.6215994358062744,1.6215994358062744,False,411,2028
shuffle,7,0.902890682220459,-0.15658992528915405,0.15658992528915405,-1.7832632064819336,1.7832632064819336,False,411,2028
shuffle,8,0.8498755693435669,-0.1670895218849182,0.1670895218849182,-1.848606824874878,1.848606824874878,False,411,2028
shuffle,9,0.8474622964859009,-0.15270811319351196,0.15270811319351196,-1.758436679840088,1.758436679840088,False,411,2028
shuffle,10,0.9448444247245789,-0.4010544419288635,0.4010544419288635,-2.955609992146492,2.955609992146492,False,411,2028
shuffle,11,0.7541043758392334,-0.1558794379234314,0.1558794379234314,-1.7787472009658813,1.7787472009658813,False,411,2028
shuffle,12,0.945218563079834,-0.07807499170303345,0.07807499170303345,-1.1780822277069092,1.1780822277069092,False,411,2028
shuffle,13,0.8475569486618042,-0.46625348925590515,0.46625348925590515,-3.217545658349991,3.217545658349991,True,411,2028
shuffle,14,0.9538859724998474,-0.2511867880821228,0.2511867880821228,-2.3023518323898315,2.3023518323898315,False,411,2028
shuffle,15,0.9451034665107727,0.018641531467437744,0.018641531467437744,0.6611881256103516,0.6611881256103516,False,411,2028
shuffle,16,0.9782782196998596,-0.21292102336883545,0.21292102336883545,-2.108593225479126,2.108593225479126,False,411,2028
shuffle,17,0.9903106093406677,-0.15353137254714966,0.15353137254714966,-1.7637335062026978,1.7637335062026978,False,411,2028
shuffle,18,0.777664303779602,-0.2747712731361389,0.2747712731361389,-2.41420841217041,2.41420841217041,False,411,2028
shuffle,19,0.9457969665527344,-0.02967977523803711,0.02967977523803711,-0.5934329032897949,0.5934329032897949,False,411,2028
shuffle,20,0.8362005949020386,0.01198345422744751,0.01198345422744751,0.3755812644958496,0.3755812644958496,False,411,2028
shuffle,21,0.9376170635223389,-0.2444646954536438,0.2444646954536438,-2.2695125937461853,2.2695125937461853,False,411,2028
shuffle,22,0.953980028629303,-0.1157570481300354,0.1157570481300354,-1.5000340938568115,1.5000340938568115,False,411,2028
shuffle,23,0.8823564648628235,-0.23527789115905762,0.23527789115905762,-2.223862051963806,2.223862051963806,False,411,2028
shuffle,24,0.8704797625541687,-0.007998466491699219,0.007998466491699219,-0.19340276718139648,0.19340276718139648,False,411,2028
shuffle,25,0.936897873878479,-0.05550414323806763,0.05550414323806763,-0.9393692016601562,0.9393692016601562,False,411,2028
shuffle,26,0.9542137384414673,-0.19866156578063965,0.19866156578063965,-2.031517267227173,2.031517267227173,False,411,2028
shuffle,27,0.9685978293418884,-0.22347015142440796,0.22347015142440796,-2.16376793384552,2.16376793384552,False,411,2028
shuffle,28,0.9465072154998779,-0.04024392366409302,0.04024392366409302,-0.7472460269927979,0.7472460269927979,False,411,2028
shuffle,29,0.860374391078949,-0.17178648710250854,0.17178648710250854,-1.8770406246185303,1.8770406246185303,False,411,2028
uniform,0,0.9016291499137878,-0.055043697357177734,0.055043697357177734,-3.6323137283325195,3.6323137283325195,False,422,2028
shuffle,0,0.9891631603240967,-0.004948556423187256,0.004948556423187256,-1.4210824966430664,1.4210824966430664,False,422,2028
shuffle,1,0.9893033504486084,-0.002888500690460205,0.002888500690460205,-1.0402679443359375,1.0402679443359375,False,422,2028
shuffle,2,0.9931479692459106,-0.14877033233642578,0.14877033233642578,-4.71343469619751,4.71343469619751,False,422,2028
shuffle,3,0.9922716617584229,-0.026976168155670166,0.026976168155670166,-2.918539047241211,2.918539047241211,False,422,2028
shuffle,4,0.9938644766807556,-0.2193223237991333,0.2193223237991333,-5.184863567352295,5.184863567352295,False,422,2028
shuffle,5,0.9914343953132629,-0.08577924966812134,0.08577924966812134,-4.099003791809082,4.099003791809082,False,422,2028
shuffle,6,0.9933702349662781,-0.0030503273010253906,0.0030503273010253906,-1.075984001159668,1.075984001159668,False,422,2028
shuffle,7,0.9883731603622437,-0.08733505010604858,0.08733505010604858,-4.118360996246338,4.118360996246338,False,422,2028
shuffle,8,0.9938637018203735,-0.0010316967964172363,0.0010316967964172363,-0.5022473335266113,0.5022473335266113,False,422,2028
shuffle,9,0.9928496479988098,-0.27216392755508423,0.27216392755508423,-5.4695656299591064,5.4695656299591064,False,422,2028
shuffle,10,0.9900502562522888,-0.4550837278366089,0.4550837278366089,-6.271488279104233,6.271488279104233,False,422,2028
shuffle,11,0.993652880191803,-0.049440205097198486,0.049440205097198486,-3.5221972465515137,3.5221972465515137,False,422,2028
shuffle,12,0.9888778924942017,-0.004340231418609619,0.004340231418609619,-1.3227591514587402,1.3227591514587402,False,422,2028
shuffle,13,0.9919784665107727,-0.017718136310577393,0.017718136310577393,-2.517282485961914,2.517282485961914,False,422,2028
shuffle,14,0.9938250184059143,-0.4411002993583679,0.4411002993583679,-6.214978277683258,6.214978277683258,False,422,2028
shuffle,15,0.9860643148422241,-0.0032340288162231445,0.0032340288162231445,-1.1150174140930176,1.1150174140930176,False,422,2028
shuffle,16,0.9919224381446838,-0.02697288990020752,0.02697288990020752,-2.918419361114502,2.918419361114502,False,422,2028
shuffle,17,0.9931600689888,-0.0029508471488952637,0.0029508471488952637,-1.0541839599609375,1.0541839599609375,False,422,2028
shuffle,18,0.9886482954025269,-0.004322826862335205,0.004322826862335205,-1.319803237915039,1.319803237915039,False,422,2028
shuffle,19,0.993291974067688,-0.1375352144241333,0.1375352144241333,-4.622635126113892,4.622635126113892,False,422,2028
shuffle,20,0.9936613440513611,-0.0759400725364685,0.0759400725364685,-3.968796730041504,3.968796730041504,False,422,2028
shuffle,21,0.9889783263206482,-0.08620810508728027,0.08620810508728027,-4.1043701171875,4.1043701171875,False,422,2028
shuffle,22,0.9708684086799622,-2.0802021026611328e-05,2.0802021026611328e-05,-0.013109683990478516,0.013109683990478516,False,422,2028
shuffle,23,0.9915029406547546,-0.06920140981674194,0.06920140981674194,-3.870584487915039,3.870584487915039,False,422,2028
shuffle,24,0.9885242581367493,-0.08093225955963135,0.08093225955963135,-4.036628007888794,4.036628007888794,False,422,2028
shuffle,25,0.967170000076294,1.531839370727539e-05,1.531839370727539e-05,0.00969696044921875,0.00969696044921875,False,422,2028
shuffle,26,0.9875030517578125,-0.0029082298278808594,0.0029082298278808594,-1.0447015762329102,1.0447015762329102,False,422,2028
shuffle,27,0.9908645153045654,-0.25657665729522705,0.25657665729522705,-5.389704346656799,5.389704346656799,False,422,2028
shuffle,28,0.9914644360542297,-0.004995524883270264,0.004995524883270264,-1.4282994270324707,1.4282994270324707,False,422,2028
shuffle,29,0.9901821613311768,-0.24075651168823242,0.24075651168823242,-5.3053648471832275,5.3053648471832275,False,422,2028
uniform,0,0.6993044018745422,-0.009431421756744385,0.009431421756744385,-1.2033753395080566,1.2033753395080566,False,437,2028
shuffle,0,0.8575410842895508,0.0008463263511657715,0.0008463263511657715,0.23200130462646484,0.23200130462646484,False,437,2028
shuffle,1,0.9186928272247314,-0.03445100784301758,0.03445100784301758,-2.2759923934936523,2.2759923934936523,False,437,2028
shuffle,2,0.9733991622924805,-0.06184828281402588,0.06184828281402588,-2.8417787551879883,2.8417787551879883,False,437,2028
shuffle,3,0.7108429670333862,-0.0009352564811706543,0.0009352564811706543,-0.20638561248779297,0.20638561248779297,False,437,2028
shuffle,4,0.8563815355300903,0.002022981643676758,0.002022981643676758,0.6818265914916992,0.6818265914916992,False,437,2028
shuffle,5,0.9648174047470093,-0.006480038166046143,0.006480038166046143,-0.9543628692626953,0.9543628692626953,False,437,2028
shuffle,6,0.8743451833724976,-0.0022713541984558105,0.0022713541984558105,-0.44303178787231445,0.44303178787231445,False,437,2028
shuffle,7,0.9644901156425476,-0.0019752979278564453,0.0019752979278564453,-0.39514923095703125,0.39514923095703125,False,437,2028
shuffle,8,0.8338771462440491,-0.026629149913787842,0.026629149913787842,-2.041125774383545,2.041125774383545,False,437,2028
shuffle,9,0.3923030495643616,-0.00418853759765625,0.00418853759765625,-0.7079944610595703,0.7079944610595703,False,437,2028
shuffle,10,0.8416962027549744,-0.04804730415344238,0.04804730415344238,-2.592317819595337,2.592317819595337,False,437,2028
shuffle,11,0.9213597178459167,0.0005601644515991211,0.0005601644515991211,0.14744281768798828,0.14744281768798828,False,437,2028
shuffle,12,0.7776980400085449,-0.012590289115905762,0.012590289115905762,-1.4163837432861328,1.4163837432861328,False,437,2028
shuffle,13,0.857526957988739,0.0004569888114929199,0.0004569888114929199,0.11859321594238281,0.11859321594238281,False,437,2028
shuffle,14,0.8621857762336731,-0.022432446479797363,0.022432446479797363,-1.8899660110473633,1.8899660110473633,False,437,2028
shuffle,15,0.9433424472808838,-0.045053303241729736,0.045053303241729736,-2.5300369262695312,2.5300369262695312,False,437,2028
shuffle,16,0.7959208488464355,-7.468461990356445e-05,7.468461990356445e-05,-0.01812124252319336,0.01812124252319336,False,437,2028
shuffle,17,0.7923827767372131,-0.006456553936004639,0.006456553936004639,-0.9521193504333496,0.9521193504333496,False,437,2028
shuffle,18,0.9331927299499512,-0.01284933090209961,0.01284933090209961,-1.4320497512817383,1.4320497512817383,False,437,2028
shuffle,19,0.8342064023017883,-0.027348220348358154,0.027348220348358154,-2.0649971961975098,2.0649971961975098,False,437,2028
shuffle,20,0.8823251128196716,-0.0021671056747436523,0.0021671056747436523,-0.4264259338378906,0.4264259338378906,False,437,2028
shuffle,21,0.9007523059844971,0.00045353174209594727,0.00045353174209594727,0.11765527725219727,0.11765527725219727,False,437,2028
shuffle,22,0.9289706945419312,-0.040250301361083984,0.040250301361083984,-2.4221739768981934,2.4221739768981934,False,437,2028
shuffle,23,0.904984176158905,-0.00018924474716186523,0.00018924474716186523,-0.04531097412109375,0.04531097412109375,False,437,2028
shuffle,24,0.8888722062110901,-0.0025478601455688477,0.0025478601455688477,-0.4857921600341797,0.4857921600341797,False,437,2028
shuffle,25,0.7572738528251648,-0.014375805854797363,0.014375805854797363,-1.519831657409668,1.519831657409668,False,437,2028
shuffle,26,0.9210481643676758,-0.01021045446395874,0.01021045446395874,-1.2601385116577148,1.2601385116577148,False,437,2028
shuffle,27,0.904281735420227,-0.03365194797515869,0.03365194797515869,-2.254218101501465,2.254218101501465,False,437,2028
shuffle,28,0.8630430698394775,0.0018563270568847656,0.0018563270568847656,0.6045236587524414,0.6045236587524414,False,437,2028
shuffle,29,0.7784428596496582,-0.0025686025619506836,0.0025686025619506836,-0.48891258239746094,0.48891258239746094,False,437,2028
uniform,0,0.42937737703323364,-0.24420958757400513,0.24420958757400513,-1.044030211865902,1.044030211865902,True,449,2028
shuffle,0,0.8587547540664673,-0.4724733233451843,0.4724733233451843,-2.0552825331687927,2.0552825331687927,True,449,2028
shuffle,1,0.8587546348571777,-0.4710147976875305,0.4710147976875305,-2.047524392604828,2.047524392604828,True,449,2028
shuffle,2,0.4288474917411804,-0.0150526762008667,0.0150526762008667,-0.073916494846344,0.073916494846344,False,449,2028
shuffle,3,0.6549424529075623,-0.1392037272453308,0.1392037272453308,-0.6207912266254425,0.6207912266254425,False,449,2028
shuffle,4,0.654942512512207,-0.3618645966053009,0.3618645966053009,-1.5296639800071716,1.5296639800071716,True,449,2028
shuffle,5,0.6549424529075623,-0.3537232577800751,0.3537232577800751,-1.49453467130661,1.49453467130661,True,449,2028
shuffle,6,0.4511302709579468,-0.014928162097930908,0.014928162097930908,-0.07331401109695435,0.07331401109695435,False,449,2028
shuffle,7,0.8587547540664673,-0.4724733233451843,0.4724733233451843,-2.0552825331687927,2.0552825331687927,True,449,2028
shuffle,8,0.8587547540664673,-0.4724733233451843,0.4724733233451843,-2.0552825331687927,2.0552825331687927,True,449,2028
shuffle,9,0.8587546348571777,-0.4731932282447815,0.4731932282447815,-2.0591229796409607,2.0591229796409607,True,449,2028
shuffle,10,0.6549424529075623,-0.3743370771408081,0.3743370771408081,-1.5841637253761292,1.5841637253761292,True,449,2028
shuffle,11,0.654942512512207,-0.3618645966053009,0.3618645966053009,-1.5296639800071716,1.5296639800071716,True,449,2028
shuffle,12,0.22609499096870422,-0.11336618661880493,0.11336618661880493,-0.5134172439575195,0.5134172439575195,False,449,2028
shuffle,13,0.6549424529075623,-0.3743370771408081,0.3743370771408081,-1.5841637253761292,1.5841637253761292,True,449,2028
shuffle,14,0.6549424529075623,-0.12602245807647705,0.12602245807647705,-0.5662914216518402,0.5662914216518402,False,449,2028
shuffle,15,0.6549424529075623,-0.37821152806282043,0.37821152806282043,-1.6012747883796692,1.6012747883796692,True,449,2028
shuffle,16,0.02228276990354061,0.0001207590103149414,0.0001207590103149414,0.0006024837493896484,0.0006024837493896484,False,449,2028
shuffle,17,0.6549424529075623,-0.1392037272453308,0.1392037272453308,-0.6207912266254425,0.6207912266254425,False,449,2028
shuffle,18,0.6549424529075623,-0.1392037272453308,0.1392037272453308,-0.6207912266254425,0.6207912266254425,False,449,2028
shuffle,19,0.6549424529075623,-0.37821152806282043,0.37821152806282043,-1.6012747883796692,1.6012747883796692,True,449,2028
shuffle,20,0.4288474917411804,-0.0150526762008667,0.0150526762008667,-0.073916494846344,0.073916494846344,False,449,2028
shuffle,21,0.8587547540664673,-0.4724733233451843,0.4724733233451843,-2.0552825331687927,2.0552825331687927,True,449,2028
shuffle,22,0.8587547540664673,-0.4724733233451843,0.4724733233451843,-2.0552825331687927,2.0552825331687927,True,449,2028
shuffle,23,0.6549424529075623,-0.37821152806282043,0.37821152806282043,-1.6012747883796692,1.6012747883796692,True,449,2028
shuffle,24,0.22609499096870422,-0.11336618661880493,0.11336618661880493,-0.5134172439575195,0.5134172439575195,False,449,2028
shuffle,25,0.8587546348571777,-0.4731932282447815,0.4731932282447815,-2.0591229796409607,2.0591229796409607,True,449,2028
shuffle,26,0.22609499096870422,-0.11336618661880493,0.11336618661880493,-0.5134172439575195,0.5134172439575195,False,449,2028
shuffle,27,0.6549424529075623,-0.14054393768310547,0.14054393768310547,-0.626303642988205,0.626303642988205,False,449,2028
shuffle,28,0.6549424529075623,-0.37821152806282043,0.37821152806282043,-1.6012747883796692,1.6012747883796692,True,449,2028
shuffle,29,0.6549424529075623,-0.3537232577800751,0.3537232577800751,-1.49453467130661,1.49453467130661,True,449,2028
uniform,0,0.7742473483085632,-0.3789977431297302,0.3789977431297302,-3.048968553543091,3.048968553543091,False,461,2028
shuffle,0,0.8126926422119141,-0.6268669962882996,0.6268669962882996,-4.067067980766296,4.067067980766296,True,461,2028
shuffle,1,0.9867343902587891,-0.3910924196243286,0.3910924196243286,-3.098718822002411,3.098718822002411,False,461,2028
shuffle,2,0.8927019834518433,-0.3175777792930603,0.3175777792930603,-2.787921905517578,2.787921905517578,False,461,2028
shuffle,3,0.8649835586547852,-0.09033364057540894,0.09033364057540894,-1.438422679901123,1.438422679901123,False,461,2028
shuffle,4,0.9766998887062073,-0.4260953664779663,0.4260953664779663,-3.2407958060503006,3.2407958060503006,False,461,2028
shuffle,5,0.9034658670425415,-0.4497278332710266,0.4497278332710266,-3.335686706006527,3.335686706006527,False,461,2028
shuffle,6,0.7614908218383789,-0.10408717393875122,0.10408717393875122,-1.5607407093048096,1.5607407093048096,False,461,2028
shuffle,7,0.8062077164649963,-0.26321208477020264,0.26321208477020264,-2.5386245250701904,2.5386245250701904,False,461,2028
shuffle,8,0.697695791721344,-0.622753232717514,0.622753232717514,-4.048817038536072,4.048817038536072,True,461,2028
shuffle,9,0.9679451584815979,-0.13824588060379028,0.13824588060379028,-1.8249971866607666,1.8249971866607666,False,461,2028
shuffle,10,0.7936591506004333,-0.1290530562400818,0.1290530562400818,-1.758476734161377,1.758476734161377,False,461,2028
shuffle,11,0.8008435368537903,-0.7457012832164764,0.7457012832164764,-4.6611716747283936,4.6611716747283936,True,461,2028
shuffle,12,0.9745795130729675,-0.16050946712493896,0.16050946712493896,-1.975081205368042,1.975081205368042,False,461,2028
shuffle,13,0.7794815301895142,-0.2101374864578247,0.2101374864578247,-2.2678465843200684,2.2678465843200684,False,461,2028
shuffle,14,0.41317224502563477,-0.027182817459106445,0.027182817459106445,-0.643028736114502,0.643028736114502,False,461,2028
shuffle,15,0.982250988483429,-0.6992639601230621,0.6992639601230621,-4.409879207611084,4.409879207611084,True,461,2028
shuffle,16,0.973662257194519,-0.7503338903188705,0.7503338903188705,-4.6881725788116455,4.6881725788116455,True,461,2028
shuffle,17,0.7642967104911804,-0.48798081278800964,0.48798081278800964,-3.488773725926876,3.488773725926876,True,461,2028
shuffle,18,0.9863966107368469,-0.5304491519927979,0.5304491519927979,-3.659917026758194,3.659917026758194,True,461,2028
shuffle,19,0.9681199193000793,-0.07155948877334595,0.07155948877334595,-1.2506866455078125,1.2506866455078125,False,461,2028
shuffle,20,0.679047703742981,-0.11066389083862305,0.11066389083862305,-1.6155710220336914,1.6155710220336914,False,461,2028
shuffle,21,0.9769970178604126,-0.2698875665664673,0.2698875665664673,-2.5705002546310425,2.5705002546310425,False,461,2028
shuffle,22,0.9669779539108276,-0.6290841698646545,0.6290841698646545,-4.076948463916779,4.076948463916779,True,461,2028
shuffle,23,0.886203944683075,-0.0894501805305481,0.0894501805305481,-1.4301694631576538,1.4301694631576538,False,461,2028
shuffle,24,0.7572730779647827,-0.07399135828018188,0.07399135828018188,-1.276608943939209,1.276608943939209,False,461,2028
shuffle,25,0.9727867245674133,-0.20661383867263794,0.20661383867263794,-2.248550057411194,2.248550057411194,False,461,2028
shuffle,26,0.7649471759796143,-0.43354088068008423,0.43354088068008423,-3.2707530111074448,3.2707530111074448,False,461,2028
shuffle,27,0.9742289185523987,-0.8457058295607567,0.8457058295607567,-5.379819273948669,5.379819273948669,True,461,2028
shuffle,28,0.9770216345787048,-0.6057985723018646,0.6057985723018646,-3.9746378660202026,3.9746378660202026,True,461,2028
shuffle,29,0.6888170838356018,-0.26067841053009033,0.26067841053009033,-2.526416778564453,2.526416778564453,False,461,2028
uniform,0,0.6601167917251587,-0.08082807064056396,0.08082807064056396,-0.8634123802185059,0.8634123802185059,False,466,2028
shuffle,0,0.9114598631858826,-0.2456027865409851,0.2456027865409851,-1.8195109367370605,1.8195109367370605,False,466,2028
shuffle,1,0.9053564071655273,-0.034015536308288574,0.034015536308288574,-0.436279296875,0.436279296875,False,466,2028
shuffle,2,0.8484011888504028,-0.23085105419158936,0.23085105419158936,-1.750236988067627,1.750236988067627,False,466,2028
shuffle,3,0.8887019157409668,-0.2585219144821167,0.2585219144821167,-1.8787490129470825,1.8787490129470825,False,466,2028
shuffle,4,0.941607654094696,-0.16024810075759888,0.16024810075759888,-1.38600754737854,1.38600754737854,False,466,2028
shuffle,5,0.8447619080543518,-0.11070400476455688,0.11070400476455688,-1.0806223154067993,1.0806223154067993,False,466,2028
shuffle,6,0.7064574956893921,-0.17960727214813232,0.17960727214813232,-1.4924041032791138,1.4924041032791138,False,466,2028
shuffle,7,0.5120867490768433,-0.04366803169250488,0.04366803169250488,-0.5363678932189941,0.5363678932189941,False,466,2028
shuffle,8,0.7812936902046204,-0.07801580429077148,0.07801580429077148,-0.8412067890167236,0.8412067890167236,False,466,2028
shuffle,9,0.5090295076370239,0.007761061191558838,0.007761061191558838,0.12696528434753418,0.12696528434753418,False,466,2028
shuffle,10,0.867793619632721,-0.07038402557373047,0.07038402557373047,-0.7791223526000977,0.7791223526000977,False,466,2028
shuffle,11,0.835247814655304,-0.12286865711212158,0.12286865711212158,-1.16094172000885,1.16094172000885,False,466,2028
shuffle,12,0.9429194927215576,-0.0499306321144104,0.0499306321144104,-0.5973790884017944,0.5973790884017944,False,466,2028
shuffle,13,0.858169674873352,-0.07959097623825073,0.07959097623825073,-0.853687047958374,0.853687047958374,False,466,2028
shuffle,14,0.8608938455581665,-0.003873288631439209,0.003873288631439209,-0.058507442474365234,0.058507442474365234,False,466,2028
shuffle,15,0.8788058161735535,-0.0037941932678222656,0.0037941932678222656,-0.05734133720397949,0.05734133720397949,False,466,2028
shuffle,16,0.8871653079986572,-0.34056854248046875,0.34056854248046875,-2.2322675585746765,2.2322675585746765,False,466,2028
shuffle,17,0.7980409860610962,-0.13453519344329834,0.13453519344329834,-1.2344093322753906,1.2344093322753906,False,466,2028
shuffle,18,0.8579193949699402,-0.019774973392486572,0.019774973392486572,-0.2723097801208496,0.2723097801208496,False,466,2028
shuffle,19,0.9007428884506226,-0.0921180248260498,0.0921180248260498,-0.9492664337158203,0.9492664337158203,False,466,2028
shuffle,20,0.8361260890960693,-0.01586681604385376,0.01586681604385376,-0.22319388389587402,0.22319388389587402,False,466,2028
shuffle,21,0.6685588359832764,-0.07794022560119629,0.07794022560119629,-0.8406045436859131,0.8406045436859131,False,466,2028
shuffle,22,0.9079607129096985,-0.04619002342224121,0.04619002342224121,-0.5612826347351074,0.5612826347351074,False,466,2028
shuffle,23,0.8230190873146057,-0.20976930856704712,0.20976930856704712,-1.6477461457252502,1.6477461457252502,False,466,2028
shuffle,24,0.5815726518630981,-0.08584457635879517,0.08584457635879517,-0.9021878242492676,0.9021878242492676,False,466,2028
shuffle,25,0.9112406969070435,-0.1835957169532776,0.1835957169532776,-1.5136218070983887,1.5136218070983887,False,466,2028
shuffle,26,0.5909955501556396,-0.0034142732620239258,0.0034142732620239258,-0.051724910736083984,0.051724910736083984,False,466,2028
shuffle,27,0.8649824261665344,-0.05229222774505615,0.05229222774505615,-0.6196669340133667,0.6196669340133667,False,466,2028
shuffle,28,0.6858171820640564,-0.11684459447860718,0.11684459447860718,-1.1216726303100586,1.1216726303100586,False,466,2028
shuffle,29,0.62383633852005,-0.14047503471374512,0.14047503471374512,-1.2706139087677002,1.2706139087677002,False,466,2028
uniform,0,0.7268226146697998,-0.16592001914978027,0.16592001914978027,-1.3702586889266968,1.3702586889266968,False,468,2028
shuffle,0,0.9384795427322388,-0.2004222869873047,0.2004222869873047,-1.5509026050567627,1.5509026050567627,False,468,2028
shuffle,1,0.774738073348999,-0.04914742708206177,0.04914742708206177,-0.5618443489074707,0.5618443489074707,False,468,2028
shuffle,2,0.9523323774337769,-0.44997522234916687,0.44997522234916687,-2.6187950000166893,2.6187950000166893,True,468,2028
shuffle,3,0.5817868113517761,-0.09447139501571655,0.09447139501571655,-0.9275014400482178,0.9275014400482178,False,468,2028
shuffle,4,0.594514787197113,0.027031004428863525,0.027031004428863525,0.4804415702819824,0.4804415702819824,False,468,2028
shuffle,5,0.4106537699699402,-0.1990889310836792,0.1990889310836792,-1.5442018508911133,1.5442018508911133,False,468,2028
shuffle,6,0.5976537466049194,-0.08613026142120361,0.08613026142120361,-0.8668537139892578,0.8668537139892578,False,468,2028
shuffle,7,0.7798072099685669,-0.12295651435852051,0.12295651435852051,-1.11826753616333,1.11826753616333,False,468,2028
shuffle,8,0.9450693726539612,-0.3083987236022949,0.3083987236022949,-2.0435259640216827,2.0435259640216827,False,468,2028
shuffle,9,0.9469494819641113,-0.1568414568901062,0.1568414568901062,-1.31986665725708,1.31986665725708,False,468,2028
shuffle,10,0.5557030439376831,-0.2343546748161316,0.2343546748161316,-1.7152540683746338,1.7152540683746338,False,468,2028
shuffle,11,0.9385545253753662,-0.0416865348815918,0.0416865348815918,-0.49106788635253906,0.49106788635253906,False,468,2028
shuffle,12,0.7746026515960693,0.046072423458099365,0.046072423458099365,1.0146737098693848,1.0146737098693848,False,468,2028
shuffle,13,0.9438329935073853,-0.4583706557750702,0.4583706557750702,-2.652487426996231,2.652487426996231,True,468,2028
shuffle,14,0.7773034572601318,-0.060291171073913574,0.060291171073913574,-0.6610145568847656,0.6610145568847656,False,468,2028
shuffle,15,0.7693607807159424,0.009926199913024902,0.009926199913024902,0.15390944480895996,0.15390944480895996,False,468,2028
shuffle,16,0.9429664015769958,-0.4241942763328552,0.4241942763328552,-2.515594005584717,2.515594005584717,False,468,2028
shuffle,17,0.943682849407196,-0.2920204997062683,0.2920204997062683,-1.9736063480377197,1.9736063480377197,False,468,2028
shuffle,18,0.571191668510437,-0.19805753231048584,0.19805753231048584,-1.5390042066574097,1.5390042066574097,False,468,2028
shuffle,19,0.7676919102668762,-0.03263211250305176,0.03263211250305176,-0.39965367317199707,0.39965367317199707,False,468,2028
shuffle,20,0.775359034538269,-0.20716995000839233,0.20716995000839233,-1.5845086574554443,1.5845086574554443,False,468,2028
shuffle,21,0.9464520812034607,-0.5326851606369019,0.5326851606369019,-2.956288754940033,2.956288754940033,True,468,2028
shuffle,22,0.9406259655952454,-0.2313583493232727,0.2313583493232727,-1.7011761665344238,1.7011761665344238,False,468,2028
shuffle,23,0.5844200253486633,-0.18672549724578857,0.18672549724578857,-1.4810638427734375,1.4810638427734375,False,468,2028
shuffle,24,0.7753157615661621,-0.0060839056968688965,0.0060839056968688965,-0.08521747589111328,0.08521747589111328,False,468,2028
shuffle,25,0.9383604526519775,-0.4922164976596832,0.4922164976596832,-2.789275109767914,2.789275109767914,True,468,2028
shuffle,26,0.5695369839668274,-0.28312480449676514,0.28312480449676514,-1.9350857138633728,1.9350857138633728,False,468,2028
shuffle,27,0.9356495141983032,-0.4091567397117615,0.4091567397117615,-2.45542012155056,2.45542012155056,False,468,2028
shuffle,28,0.38032448291778564,0.010639429092407227,0.010639429092407227,0.16579866409301758,0.16579866409301758,False,468,2028
shuffle,29,0.773719310760498,0.00418013334274292,0.00418013334274292,0.062348365783691406,0.062348365783691406,False,468,2028
uniform,0,0.6585479378700256,0.012579381465911865,0.012579381465911865,0.05047619342803955,0.05047619342803955,False,482,2028
shuffle,0,0.7533202171325684,0.19176268577575684,0.19176268577575684,0.825245663523674,0.825245663523674,False,482,2028
shuffle,1,0.916411280632019,0.30453407764434814,0.30453407764434814,1.4717752188444138,1.4717752188444138,False,482,2028
shuffle,2,0.7809728384017944,0.29537874460220337,0.29537874460220337,1.409335657954216,1.409335657954216,False,482,2028
shuffle,3,0.8018836379051208,0.2642991542816162,0.2642991542816162,1.2137676924467087,1.2137676924467087,False,482,2028
shuffle,4,0.7295330762863159,-0.18061351776123047,0.18061351776123047,-0.7453916221857071,0.7453916221857071,True,482,2028
shuffle,5,0.8097803592681885,0.3402928113937378,0.3402928113937378,1.7442843168973923,1.7442843168973923,False,482,2028
shuffle,6,0.8701160550117493,-0.3555600345134735,0.3555600345134735,-1.7006762772798538,1.7006762772798538,True,482,2028
shuffle,7,0.8008084893226624,0.2458166480064392,0.2458166480064392,1.1071960180997849,1.1071960180997849,False,482,2028
shuffle,8,0.6351394653320312,0.23622149229049683,0.23622149229049683,1.0542000979185104,1.0542000979185104,False,482,2028
shuffle,9,0.8631446361541748,0.13706457614898682,0.13706457614898682,0.5708587020635605,0.5708587020635605,False,482,2028
shuffle,10,0.8174962997436523,-0.26588526368141174,0.26588526368141174,-1.1549187451601028,1.1549187451601028,True,482,2028
shuffle,11,0.865685760974884,0.2788023352622986,0.2788023352622986,1.3021713942289352,1.3021713942289352,False,482,2028
shuffle,12,0.704511284828186,0.37254297733306885,0.37254297733306885,2.0467819422483444,2.0467819422483444,False,482,2028
shuffle,13,0.8098809719085693,0.010973930358886719,0.010973930358886719,0.04402585327625275,0.04402585327625275,False,482,2028
shuffle,14,0.8249040842056274,0.11691612005233765,0.11691612005233765,0.48244886100292206,0.48244886100292206,False,482,2028
shuffle,15,0.9113632440567017,-0.10844847559928894,0.10844847559928894,-0.4374159127473831,0.4374159127473831,True,482,2028
shuffle,16,0.8253424763679504,0.131822407245636,0.131822407245636,0.5476295202970505,0.5476295202970505,False,482,2028
shuffle,17,0.47913503646850586,0.05224424600601196,0.05224424600601196,0.21109254658222198,0.21109254658222198,False,482,2028
shuffle,18,0.9258689880371094,-0.3975769951939583,0.3975769951939583,-2.041755750775337,2.041755750775337,True,482,2028
shuffle,19,0.7561686038970947,0.3124869465827942,0.3124869465827942,1.5281545370817184,1.5281545370817184,False,482,2028
shuffle,20,0.8632516860961914,0.35146206617355347,0.35146206617355347,1.8414406031370163,1.8414406031370163,False,482,2028
shuffle,21,0.8032567501068115,0.3612608313560486,0.3612608313560486,1.932884618639946,1.932884618639946,False,482,2028
shuffle,22,0.6963232755661011,0.21097862720489502,0.21097862720489502,0.9212007969617844,0.9212007969617844,False,482,2028
shuffle,23,0.8193655014038086,-0.24550241231918335,0.24550241231918335,-1.0504382997751236,1.0504382997751236,True,482,2028
shuffle,24,0.43943148851394653,-0.18007758259773254,0.18007758259773254,-0.7430073767900467,0.7430073767900467,True,482,2028
shuffle,25,0.8003901839256287,0.1881294846534729,0.1881294846534729,0.8075467795133591,0.8075467795133591,False,482,2028
shuffle,26,0.8428698778152466,-0.23019331693649292,0.23019331693649292,-0.9750848561525345,0.9750848561525345,True,482,2028
shuffle,27,0.785194456577301,0.03457719087600708,0.03457719087600708,0.13920412957668304,0.13920412957668304,False,482,2028
shuffle,28,0.8763465285301208,-0.30887436866760254,0.30887436866760254,-1.395189717411995,1.395189717411995,True,482,2028
shuffle,29,0.7991732954978943,0.35443925857543945,0.35443925857543945,1.8685629814863205,1.8685629814863205,False,482,2028
uniform,0,0.7109854221343994,-0.0025721192359924316,0.0025721192359924316,-0.4198603630065918,0.4198603630065918,False,484,2028
shuffle,0,0.8811542391777039,-0.010839641094207764,0.010839641094207764,-1.16853666305542,1.16853666305542,False,484,2028
shuffle,1,0.826786994934082,-0.0015897750854492188,0.0015897750854492188,-0.27927160263061523,0.27927160263061523,False,484,2028
shuffle,2,0.7555327415466309,-0.0020222067832946777,0.0020222067832946777,-0.3435688018798828,0.3435688018798828,False,484,2028
shuffle,3,0.6541039943695068,-0.0025028586387634277,0.0025028586387634277,-0.41055774688720703,0.41055774688720703,False,484,2028
shuffle,4,0.5653290748596191,-0.010395228862762451,0.010395228862762451,-1.1395673751831055,1.1395673751831055,False,484,2028
shuffle,5,0.8010580539703369,0.001879572868347168,0.001879572868347168,0.47733497619628906,0.47733497619628906,False,484,2028
shuffle,6,0.5262913703918457,-0.0004987716674804688,0.0004987716674804688,-0.09618091583251953,0.09618091583251953,False,484,2028
shuffle,7,0.6400420069694519,0.0007878541946411133,0.0007878541946411133,0.17349481582641602,0.17349481582641602,False,484,2028
shuffle,8,0.8434306383132935,-0.00023704767227172852,0.00023704767227172852,-0.046851158142089844,0.046851158142089844,False,484,2028
shuffle,9,0.8776530623435974,-0.0033094286918640137,0.0033094286918640137,-0.5139102935791016,0.5139102935791016,False,484,2028
shuffle,10,0.7959447503089905,-0.0006042718887329102,0.0006042718887329102,-0.11541748046875,0.11541748046875,False,484,2028
shuffle,11,0.9512519240379333,0.002755880355834961,0.002755880355834961,0.8120532035827637,0.8120532035827637,False,484,2028
shuffle,12,0.5674632787704468,-0.0021712183952331543,0.0021712183952331543,-0.36481761932373047,0.36481761932373047,False,484,2028
shuffle,13,0.8534067869186401,-0.00016546249389648438,0.00016546249389648438,-0.03292274475097656,0.03292274475097656,False,484,2028
shuffle,14,0.8656046390533447,-0.0055100321769714355,0.0055100321769714355,-0.7519025802612305,0.7519025802612305,False,484,2028
shuffle,15,0.8739104270935059,-0.011965811252593994,0.011965811252593994,-1.2385063171386719,1.2385063171386719,False,484,2028
shuffle,16,0.5509448051452637,0.0033296942710876465,0.0033296942710876465,1.1129980087280273,1.1129980087280273,False,484,2028
shuffle,17,0.43584030866622925,0.0020865201950073242,0.0020865201950073242,0.5469012260437012,0.5469012260437012,False,484,2028
shuffle,18,0.8523027896881104,0.0021927952766418457,0.0021927952766418457,0.584648609161377,0.584648609161377,False,484,2028
shuffle,19,0.9170560240745544,-0.0067479610443115234,0.0067479610443115234,-0.8648338317871094,0.8648338317871094,False,484,2028
shuffle,20,0.9667137265205383,0.0016940832138061523,0.0016940832138061523,0.418825626373291,0.418825626373291,False,484,2028
shuffle,21,0.9356704950332642,-0.005051553249359131,0.005051553249359131,-0.7066888809204102,0.7066888809204102,False,484,2028
shuffle,22,0.918610692024231,-0.012391149997711182,0.012391149997711182,-1.2637529373168945,1.2637529373168945,False,484,2028
shuffle,23,0.522499680519104,0.0009018182754516602,0.0009018182754516602,0.20125293731689453,0.20125293731689453,False,484,2028
shuffle,24,0.7368443012237549,-0.0016027092933654785,0.0016027092933654785,-0.28125,0.28125,False,484,2028
shuffle,25,0.9654641151428223,-0.005549967288970947,0.005549967288970947,-0.755742073059082,0.755742073059082,False,484,2028
shuffle,26,0.837009072303772,-0.0014743208885192871,0.0014743208885192871,-0.26139116287231445,0.26139116287231445,False,484,2028
shuffle,27,0.9121100902557373,-0.0022948384284973145,0.0022948384284973145,-0.3821115493774414,0.3821115493774414,False,484,2028
shuffle,28,0.9538716077804565,0.0008650422096252441,0.0008650422096252441,0.19222164154052734,0.19222164154052734,False,484,2028
shuffle,29,0.9448661208152771,-0.01146554946899414,0.01146554946899414,-1.2080087661743164,1.2080087661743164,False,484,2028
uniform,0,0.9356063604354858,-0.6928030848503113,0.6928030848503113,-4.322338938713074,4.322338938713074,True,489,2028
shuffle,0,0.9997687935829163,-0.8962754681706429,0.8962754681706429,-5.936004400253296,5.936004400253296,True,489,2028
shuffle,1,0.9986858367919922,-0.8516172170639038,0.8516172170639038,-5.39116907119751,5.39116907119751,True,489,2028
shuffle,2,0.9998466968536377,-0.8522535935044289,0.8522535935044289,-5.397472143173218,5.397472143173218,True,489,2028
shuffle,3,0.998655378818512,-0.8702912479639053,0.8702912479639053,-5.590471029281616,5.590471029281616,True,489,2028
shuffle,4,0.9998008608818054,-0.2510729432106018,0.2510729432106018,-2.424425780773163,2.424425780773163,False,489,2028
shuffle,5,0.9997142553329468,-0.8702437058091164,0.8702437058091164,-5.589921236038208,5.589921236038208,True,489,2028
shuffle,6,0.9993860125541687,-0.8250284492969513,0.8250284492969513,-5.151492357254028,5.151492357254028,True,489,2028
shuffle,7,0.9993108510971069,-0.897364154458046,0.897364154458046,-5.952937364578247,5.952937364578247,True,489,2028
shuffle,8,0.9989343285560608,-0.22394144535064697,0.22394144535064697,-2.2872021198272705,2.2872021198272705,False,489,2028
shuffle,9,0.9986066222190857,-0.8959373831748962,0.8959373831748962,-5.930795907974243,5.930795907974243,True,489,2028
shuffle,10,0.999837338924408,-0.825236901640892,0.825236901640892,-5.1532158851623535,5.1532158851623535,True,489,2028
shuffle,11,0.9993806481361389,-0.22434383630752563,0.22434383630752563,-2.289302945137024,2.289302945137024,False,489,2028
shuffle,12,0.9997705221176147,-0.6874524056911469,0.6874524056911469,-4.29554682970047,4.29554682970047,True,489,2028
shuffle,13,0.9997263550758362,-0.25126326084136963,0.25126326084136963,-2.425359070301056,2.425359070301056,False,489,2028
shuffle,14,0.9997484683990479,-0.8975312635302544,0.8975312635302544,-5.95555853843689,5.95555853843689,True,489,2028
shuffle,15,0.9993264079093933,-0.22442883253097534,0.22442883253097534,-2.2897462844848633,2.2897462844848633,False,489,2028
shuffle,16,0.9993735551834106,-0.5909066200256348,0.5909066200256348,-3.8542145490646362,3.8542145490646362,True,489,2028
shuffle,17,0.9998506307601929,-0.6873754262924194,0.6873754262924194,-4.295163810253143,4.295163810253143,True,489,2028
shuffle,18,0.9993451237678528,-0.2503840923309326,0.2503840923309326,-2.421044111251831,2.421044111251831,False,489,2028
shuffle,19,0.9998437762260437,-0.8701319098472595,0.8701319098472595,-5.588629484176636,5.588629484176636,True,489,2028
shuffle,20,0.9997386932373047,-0.8254380375146866,0.8254380375146866,-5.154881000518799,5.154881000518799,True,489,2028
shuffle,21,0.9993141889572144,-0.870059534907341,0.870059534907341,-5.587793827056885,5.587793827056885,True,489,2028
shuffle,22,0.9997753500938416,-0.8521636575460434,0.8521636575460434,-5.3965795040130615,5.3965795040130615,True,489,2028
shuffle,23,0.998712420463562,-0.07952529191970825,0.07952529191970825,-1.2892143726348877,1.2892143726348877,False,489,2028
shuffle,24,0.0005149489734321833,-4.07099723815918e-05,4.07099723815918e-05,-0.001233816146850586,0.001233816146850586,False,489,2028
shuffle,25,0.9993720650672913,-0.896017998456955,0.896017998456955,-5.932035684585571,5.932035684585571,True,489,2028
shuffle,26,0.9997479915618896,-0.8475228622555733,0.8475228622555733,-5.351331472396851,5.351331472396851,True,489,2028
shuffle,27,0.9994221329689026,-0.852182075381279,0.852182075381279,-5.396762132644653,5.396762132644653,True,489,2028
shuffle,28,0.9992928504943848,-0.2241796851158142,0.2241796851158142,-2.2884464263916016,2.2884464263916016,False,489,2028
shuffle,29,0.9997170567512512,-0.5912254154682159,0.5912254154682159,-3.8555750846862793,3.8555750846862793,True,489,2028
uniform,0,0.7610989809036255,-0.0054934024810791016,0.0054934024810791016,-1.8051681518554688,1.8051681518554688,False,492,2028
shuffle,0,0.907058835029602,-0.014561057090759277,0.014561057090759277,-2.680474281311035,2.680474281311035,False,492,2028
shuffle,1,0.9026757478713989,-0.0015897154808044434,0.0015897154808044434,-0.9020724296569824,0.9020724296569824,False,492,2028
shuffle,2,0.9593909382820129,-0.017151296138763428,0.017151296138763428,-2.8362724781036377,2.8362724781036377,False,492,2028
shuffle,3,0.9230042695999146,-0.014107346534729004,0.014107346534729004,-2.650588035583496,2.650588035583496,False,492,2028
shuffle,4,0.954277753829956,-0.0024315714836120605,0.0024315714836120605,-1.176257610321045,1.176257610321045,False,492,2028
shuffle,5,0.9753362536430359,-0.010144054889678955,0.010144054889678955,-2.344369411468506,2.344369411468506,False,492,2028
shuffle,6,0.9550078511238098,-0.016774475574493408,0.016774475574493408,-2.815009117126465,2.815009117126465,False,492,2028
shuffle,7,0.9077889323234558,-0.03828328847885132,0.03828328847885132,-3.627476215362549,3.627476215362549,False,492,2028
shuffle,8,0.9434455633163452,-0.04103440046310425,0.04103440046310425,-3.6978869438171387,3.6978869438171387,False,492,2028
shuffle,9,0.9702231287956238,-0.0022049546241760254,0.0022049546241760254,-1.1094632148742676,1.1094632148742676,False,492,2028
shuffle,10,0.923004150390625,-7.659196853637695e-05,7.659196853637695e-05,-0.06809377670288086,0.06809377670288086,False,492,2028
shuffle,11,0.970223069190979,-0.009202659130096436,0.009202659130096436,-2.2558751106262207,2.2558751106262207,False,492,2028
shuffle,12,0.9434455037117004,-0.04078841209411621,0.04078841209411621,-3.6917736530303955,3.6917736530303955,False,492,2028
shuffle,13,0.923004150390625,-0.0001596212387084961,0.0001596212387084961,-0.13707494735717773,0.13707494735717773,False,492,2028
shuffle,14,0.9546434283256531,-0.015596270561218262,0.015596270561218262,-2.745575428009033,2.745575428009033,False,492,2028
shuffle,15,0.9586608409881592,-0.002432405948638916,0.002432405948638916,-1.1764960289001465,1.1764960289001465,False,492,2028
shuffle,16,0.9230042099952698,-0.008537888526916504,0.008537888526916504,-2.188427448272705,2.188427448272705,False,492,2028
shuffle,17,0.9237342476844788,-0.008570432662963867,0.008570432662963867,-2.191831111907959,2.191831111907959,False,492,2028
shuffle,18,0.9026757478713989,-8.696317672729492e-05,8.696317672729492e-05,-0.0769648551940918,0.0769648551940918,False,492,2028
shuffle,19,0.05671517178416252,-0.0002472400665283203,0.0002472400665283203,-0.20502471923828125,0.20502471923828125,False,492,2028
shuffle,20,0.9586608409881592,-0.01737445592880249,0.01737445592880249,-2.8486580848693848,2.8486580848693848,False,492,2028
shuffle,21,0.9753363132476807,-0.015347123146057129,0.015347123146057129,-2.7302823066711426,2.7302823066711426,False,492,2028
shuffle,22,0.9601209163665771,-0.017022669315338135,0.017022669315338135,-2.8290627002716064,2.8290627002716064,False,492,2028
shuffle,23,0.954277753829956,-0.009244441986083984,0.009244441986083984,-2.2599735260009766,2.2599735260009766,False,492,2028
shuffle,24,0.954277753829956,-0.010402143001556396,0.010402143001556396,-2.367347240447998,2.367347240447998,False,492,2028
shuffle,25,0.025075972080230713,8.58306884765625e-06,8.58306884765625e-06,0.00786447525024414,0.00786447525024414,False,492,2028
shuffle,26,0.02507597580552101,1.817941665649414e-05,1.817941665649414e-05,0.01684713363647461,0.01684713363647461,False,492,2028
shuffle,27,0.9550077319145203,-0.0020890235900878906,0.0020890235900878906,-1.0735068321228027,1.0735068321228027,False,492,2028
shuffle,28,0.9550078511238098,-0.014657258987426758,0.014657258987426758,-2.6867003440856934,2.6867003440856934,False,492,2028
shuffle,29,0.07740806043148041,-0.0001277327537536621,0.0001277327537536621,-0.11117219924926758,0.11117219924926758,False,492,2028
uniform,0,0.8873139023780823,-0.022562801837921143,0.022562801837921143,-2.5384364128112793,2.5384364128112793,False,505,2028
shuffle,0,0.9981652498245239,-0.008530497550964355,0.008530497550964355,-1.6763148307800293,1.6763148307800293,False,505,2028
shuffle,1,0.9983323812484741,-0.017985224723815918,0.017985224723815918,-2.3273627758026123,2.3273627758026123,False,505,2028
shuffle,2,0.9988325238227844,-0.04750627279281616,0.04750627279281616,-3.2655389308929443,3.2655389308929443,False,505,2028
shuffle,3,0.9686272144317627,-0.03951603174209595,0.03951603174209595,-3.081084728240967,3.081084728240967,False,505,2028
shuffle,4,0.9550513625144958,-0.046662211418151855,0.046662211418151855,-3.247448444366455,3.247448444366455,False,505,2028
shuffle,5,0.99826979637146,-0.01930171251296997,0.01930171251296997,-2.392552375793457,2.392552375793457,False,505,2028
shuffle,6,0.9984428882598877,-0.02120441198348999,0.02120441198348999,-2.4801158905029297,2.4801158905029297,False,505,2028
shuffle,7,0.9850324392318726,-0.000872194766998291,0.000872194766998291,-0.3652777671813965,0.3652777671813965,False,505,2028
shuffle,8,0.9982679486274719,-0.019734203815460205,0.019734203815460205,-2.4131083488464355,2.4131083488464355,False,505,2028
shuffle,9,0.9980848431587219,-0.05506289005279541,0.05506289005279541,-3.4156203269958496,3.4156203269958496,False,505,2028
shuffle,10,0.9685271382331848,-0.004898190498352051,0.004898190498352051,-1.2488274574279785,1.2488274574279785,False,505,2028
shuffle,11,0.9982278943061829,-0.12607967853546143,0.12607967853546143,-4.3025758266448975,4.3025758266448975,False,505,2028
shuffle,12,0.967953622341156,-0.004837989807128906,0.004837989807128906,-1.2399787902832031,1.2399787902832031,False,505,2028
shuffle,13,0.9983595609664917,-0.02197796106338501,0.02197796106338501,-2.513720989227295,2.513720989227295,False,505,2028
shuffle,14,0.9850131869316101,-0.015211045742034912,0.015211045742034912,-2.1749649047851562,2.1749649047851562,False,505,2028
shuffle,15,0.9976969957351685,-0.13063734769821167,0.13063734769821167,-4.342787265777588,4.342787265777588,False,505,2028
shuffle,16,0.9986152648925781,-0.10356217622756958,0.10356217622756958,-4.083699464797974,4.083699464797974,False,505,2028
shuffle,17,0.9851487278938293,-0.019365668296813965,0.019365668296813965,-2.3956196308135986,2.3956196308135986,False,505,2028
shuffle,18,0.9685423970222473,-0.16014999151229858,0.16014999151229858,-4.578329920768738,4.578329920768738,False,505,2028
shuffle,19,0.9849698543548584,-0.27511876821517944,0.27511876821517944,-5.261887073516846,5.261887073516846,False,505,2028
shuffle,20,0.9990177750587463,-0.01599973440170288,0.01599973440170288,-2.220613479614258,2.220613479614258,False,505,2028
shuffle,21,0.9851112961769104,-0.2665676474571228,0.2665676474571228,-5.218782544136047,5.218782544136047,False,505,2028
shuffle,22,0.998936116695404,-0.01895427703857422,0.01895427703857422,-2.3757383823394775,2.3757383823394775,False,505,2028
shuffle,23,0.9844870567321777,-0.01780414581298828,0.01780414581298828,-2.3180716037750244,2.3180716037750244,False,505,2028
shuffle,24,0.04479701444506645,-0.0002709031105041504,0.0002709031105041504,-0.12824153900146484,0.12824153900146484,False,505,2028
shuffle,25,0.9986817240715027,-0.02005070447921753,0.02005070447921753,-2.427900791168213,2.427900791168213,False,505,2028
shuffle,26,0.9984127283096313,-0.002418339252471924,0.002418339252471924,-0.7995223999023438,0.7995223999023438,False,505,2028
shuffle,27,0.9850473999977112,-0.017741143703460693,0.017741143703460693,-2.314816951751709,2.314816951751709,False,505,2028
shuffle,28,0.9980328679084778,-0.05164748430252075,0.05164748430252075,-3.350266933441162,3.350266933441162,False,505,2028
shuffle,29,0.044420093297958374,-8.928775787353516e-05,8.928775787353516e-05,-0.04411888122558594,0.04411888122558594,False,505,2028
uniform,0,0.6103100180625916,-0.025977492332458496,0.025977492332458496,-1.0191121101379395,1.0191121101379395,False,506,2028
shuffle,0,0.8538028001785278,-0.07837682962417603,0.07837682962417603,-1.894822120666504,1.894822120666504,False,506,2028
shuffle,1,0.7744705080986023,-0.010614335536956787,0.010614335536956787,-0.5377242565155029,0.5377242565155029,False,506,2028
shuffle,2,0.835300862789154,-0.20958620309829712,0.20958620309829712,-2.926938533782959,2.926938533782959,False,506,2028
shuffle,3,0.8535786867141724,-0.002996206283569336,0.002996206283569336,-0.18186497688293457,0.18186497688293457,False,506,2028
shuffle,4,0.8608296513557434,-0.026474595069885254,0.026474595069885254,-1.0316009521484375,1.0316009521484375,False,506,2028
shuffle,5,0.4986262321472168,0.0022847652435302734,0.0022847652435302734,0.16402530670166016,0.16402530670166016,False,506,2028
shuffle,6,0.8631405830383301,0.006575882434844971,0.006575882434844971,0.5683002471923828,0.5683002471923828,False,506,2028
shuffle,7,0.8440744876861572,-0.12428790330886841,0.12428790330886841,-2.34564208984375,2.34564208984375,False,506,2028
shuffle,8,0.4458957314491272,0.00016069412231445312,0.00016069412231445312,0.010716438293457031,0.010716438293457031,False,506,2028
shuffle,9,0.8217045664787292,-0.04391980171203613,0.04391980171203613,-1.3989262580871582,1.3989262580871582,False,506,2028
shuffle,10,0.8566325306892395,-0.022249042987823486,0.022249042987823486,-0.9205679893493652,0.9205679893493652,False,506,2028
shuffle,11,0.8661367297172546,-0.10903036594390869,0.10903036594390869,-2.212314009666443,2.212314009666443,False,506,2028
shuffle,12,0.782789945602417,0.00024378299713134766,0.00024378299713134766,0.016307830810546875,0.016307830810546875,False,506,2028
shuffle,13,0.7667275071144104,-0.015352904796600342,0.015352904796600342,-0.7105190753936768,0.7105190753936768,False,506,2028
shuffle,14,0.3994640111923218,-0.04864412546157837,0.04864412546157837,-1.480712890625,1.480712890625,False,506,2028
shuffle,15,0.5336027145385742,-0.014872729778289795,0.014872729778289795,-0.6942336559295654,0.6942336559295654,False,506,2028
shuffle,16,0.7451931238174438,-0.00623708963394165,0.00623708963394165,-0.3482375144958496,0.3482375144958496,False,506,2028
shuffle,17,0.5268890261650085,0.002299785614013672,0.002299785614013672,0.16519498825073242,0.16519498825073242,False,506,2028
shuffle,18,0.8537667989730835,-0.034084320068359375,0.034084320068359375,-1.206911563873291,1.206911563873291,False,506,2028
shuffle,19,0.48931026458740234,-0.010377109050750732,0.010377109050750732,-0.5282866954803467,0.5282866954803467,False,506,2028
shuffle,20,0.7798875570297241,-0.03778618574142456,0.03778618574142456,-1.2830917835235596,1.2830917835235596,False,506,2028
shuffle,21,0.7972071170806885,-0.02285170555114746,0.02285170555114746,-0.9371156692504883,0.9371156692504883,False,506,2028
shuffle,22,0.8659485578536987,-0.021914124488830566,0.021914124488830566,-0.9112594127655029,0.9112594127655029,False,506,2028
shuffle,23,0.4501657485961914,-0.03828674554824829,0.03828674554824829,-1.2930071353912354,1.2930071353912354,False,506,2028
shuffle,24,0.5232508182525635,-0.01732814311981201,0.01732814311981201,-0.775001049041748,0.775001049041748,False,506,2028
shuffle,25,0.7665034532546997,-0.062164366245269775,0.062164366245269775,-1.6870636940002441,1.6870636940002441,False,506,2028
shuffle,26,0.84092116355896,-0.005720734596252441,0.005720734596252441,-0.3234429359436035,0.3234429359436035,False,506,2028
shuffle,27,0.7901819348335266,-0.03536033630371094,0.03536033630371094,-1.2337636947631836,1.2337636947631836,False,506,2028
shuffle,28,0.8230973482131958,-0.06739717721939087,0.06739717721939087,-1.7581181526184082,1.7581181526184082,False,506,2028
shuffle,29,0.7682083249092102,-0.14915597438812256,0.14915597438812256,-2.538916826248169,2.538916826248169,False,506,2028
uniform,0,0.7276511788368225,-0.005124092102050781,0.005124092102050781,-0.9329791069030762,0.9329791069030762,False,510,2028
shuffle,0,0.9329391717910767,-0.023303091526031494,0.023303091526031494,-2.097280979156494,2.097280979156494,False,510,2028
shuffle,1,0.5909558534622192,-0.021083533763885498,0.021083533763885498,-2.008056640625,2.008056640625,False,510,2028
shuffle,2,0.9305891990661621,-0.001640617847442627,0.001640617847442627,-0.4001278877258301,0.4001278877258301,False,510,2028
shuffle,3,0.9470451474189758,-0.004346072673797607,0.004346072673797607,-0.8359122276306152,0.8359122276306152,False,510,2028
shuffle,4,0.9069150686264038,-0.007201015949249268,0.007201015949249268,-1.154259204864502,1.154259204864502,False,510,2028
shuffle,5,0.8935893177986145,-0.009680747985839844,0.009680747985839844,-1.3678374290466309,1.3678374290466309,False,510,2028
shuffle,6,0.8628206253051758,-0.003338158130645752,0.003338158130645752,-0.6945605278015137,0.6945605278015137,False,510,2028
shuffle,7,0.8962055444717407,-0.006802856922149658,0.006802856922149658,-1.1153950691223145,1.1153950691223145,False,510,2028
shuffle,8,0.5374181270599365,0.0003891587257385254,0.0003891587257385254,0.12381792068481445,0.12381792068481445,False,510,2028
shuffle,9,0.5906037092208862,7.88569450378418e-05,7.88569450378418e-05,0.023880481719970703,0.023880481719970703,False,510,2028
shuffle,10,0.8865727186203003,-0.0025821328163146973,0.0025821328163146973,-0.5738577842712402,0.5738577842712402,False,510,2028
shuffle,11,0.9513950943946838,-0.006071507930755615,0.006071507930755615,-1.039905071258545,1.039905071258545,False,510,2028
shuffle,12,0.1774733066558838,0.0006178021430969238,0.0006178021430969238,0.2043623924255371,0.2043623924255371,False,510,2028
shuffle,13,0.8490862846374512,-0.00089263916015625,0.00089263916015625,-0.23705339431762695,0.23705339431762695,False,510,2028
shuffle,14,0.4577914774417877,-0.014132201671600342,0.014132201671600342,-1.6662068367004395,1.6662068367004395,False,510,2028
shuffle,15,0.924132227897644,-0.002432525157928467,0.002432525157928467,-0.5481715202331543,0.5481715202331543,False,510,2028
shuffle,16,0.8727163076400757,-0.004351615905761719,0.004351615905761719,-0.8366398811340332,0.8366398811340332,False,510,2028
shuffle,17,0.8437495231628418,-0.006627976894378662,0.006627976894378662,-1.0978503227233887,1.0978503227233887,False,510,2028
shuffle,18,0.963844895362854,-0.008641302585601807,0.008641302585601807,-1.283658504486084,1.283658504486084,False,510,2028
shuffle,19,0.8200022578239441,-0.0006461143493652344,0.0006461143493652344,-0.17696428298950195,0.17696428298950195,False,510,2028
shuffle,20,0.5717353224754333,-0.00018101930618286133,0.00018101930618286133,-0.052808284759521484,0.052808284759521484,False,510,2028
shuffle,21,0.9001243114471436,-0.0020999908447265625,0.0020999908447265625,-0.48862695693969727,0.48862695693969727,False,510,2028
shuffle,22,0.8926772475242615,-0.0020984411239624023,0.0020984411239624023,-0.4883303642272949,0.4883303642272949,False,510,2028
shuffle,23,0.8977274894714355,-0.008575081825256348,0.008575081825256348,-1.2780566215515137,1.2780566215515137,False,510,2028
shuffle,24,0.8804501295089722,-0.006504952907562256,0.006504952907562256,-1.0853137969970703,1.0853137969970703,False,510,2028
shuffle,25,0.9238605499267578,-0.00027251243591308594,0.00027251243591308594,-0.07844209671020508,0.07844209671020508,False,510,2028
shuffle,26,0.9649136662483215,-0.01867908239364624,0.01867908239364624,-1.9020066261291504,1.9020066261291504,False,510,2028
shuffle,27,0.913330614566803,-0.011067986488342285,0.011067986488342285,-1.4703993797302246,1.4703993797302246,False,510,2028
shuffle,28,0.9301201701164246,-0.004942953586578369,0.004942953586578369,-0.9112029075622559,0.9112029075622559,False,510,2028
shuffle,29,0.8971561193466187,-0.0072803497314453125,0.0072803497314453125,-1.1618337631225586,1.1618337631225586,False,510,2028
uniform,0,0.8988895416259766,0.07673805952072144,0.07673805952072144,2.625248908996582,2.625248908996582,False,513,2028
shuffle,0,0.9930770993232727,0.07827115058898926,0.07827115058898926,2.89410400390625,2.89410400390625,False,513,2028
shuffle,1,0.9931522607803345,0.07872867584228516,0.07872867584228516,2.9904870986938477,2.9904870986938477,False,513,2028
shuffle,2,0.867787778377533,0.07807081937789917,0.07807081937789917,2.8546323776245117,2.8546323776245117,False,513,2028
shuffle,3,0.153718501329422,-0.0006934404373168945,0.0006934404373168945,-0.009050369262695312,0.009050369262695312,False,513,2028
shuffle,4,0.9931178689002991,0.05229783058166504,0.05229783058166504,1.0444049835205078,1.0444049835205078,False,513,2028
shuffle,5,0.9733408689498901,0.06675499677658081,0.06675499677658081,1.6879243850708008,1.6879243850708008,False,513,2028
shuffle,6,0.9714245796203613,0.05129605531692505,0.05129605531692505,1.0115382671356201,1.0115382671356201,False,513,2028
shuffle,7,0.9878619313240051,0.07504087686538696,0.07504087686538696,2.392672538757324,2.392672538757324,False,513,2028
shuffle,8,0.9692968130111694,0.08029788732528687,0.08029788732528687,3.415555477142334,3.415555477142334,False,513,2028
shuffle,9,0.9870731234550476,0.08139228820800781,0.08139228820800781,3.8751306533813477,3.8751306533813477,False,513,2028
shuffle,10,0.8711609244346619,-0.04733699560165405,0.04733699560165405,-0.5031070709228516,0.5031070709228516,False,513,2028
shuffle,11,0.9908509254455566,0.07524782419204712,0.07524782419204712,2.4183454513549805,2.4183454513549805,False,513,2028
shuffle,12,0.9958817958831787,0.04591357707977295,0.04591357707977295,0.8503973484039307,0.8503973484039307,False,513,2028
shuffle,13,0.9882332682609558,0.06578153371810913,0.06578153371810913,1.6296768188476562,1.6296768188476562,False,513,2028
shuffle,14,0.9916689991950989,0.013351380825042725,0.013351380825042725,0.18920683860778809,0.18920683860778809,False,513,2028
shuffle,15,0.9937402009963989,0.07865297794342041,0.07865297794342041,2.973886489868164,2.973886489868164,False,513,2028
shuffle,16,0.9901670217514038,0.07982659339904785,0.07982659339904785,3.2680702209472656,3.2680702209472656,False,513,2028
shuffle,17,0.8703374862670898,0.06484997272491455,0.06484997272491455,1.5768418312072754,1.5768418312072754,False,513,2028
shuffle,18,0.9945065975189209,0.07629811763763428,0.07629811763763428,2.559659004211426,2.559659004211426,False,513,2028
shuffle,19,0.9822229146957397,0.08088994026184082,0.08088994026184082,3.6379618644714355,3.6379618644714355,False,513,2028
shuffle,20,0.9897841215133667,0.08159738779067993,0.08159738779067993,3.990788459777832,3.990788459777832,False,513,2028
shuffle,21,0.9911885857582092,0.08209949731826782,0.08209949731826782,4.347286701202393,4.347286701202393,False,513,2028
shuffle,22,0.8657698631286621,0.0809093713760376,0.0809093713760376,3.646176338195801,3.646176338195801,False,513,2028
shuffle,23,0.9814230799674988,0.021191537380218506,0.021191537380218506,0.3165271282196045,0.3165271282196045,False,513,2028
shuffle,24,0.9950491786003113,0.07874011993408203,0.07874011993408203,2.9930057525634766,2.9930057525634766,False,513,2028
shuffle,25,0.9951689839363098,0.07595700025558472,0.07595700025558472,2.5115585327148438,2.5115585327148438,False,513,2028
shuffle,26,0.9955845475196838,0.02240777015686035,0.02240777015686035,0.33760786056518555,0.33760786056518555,False,513,2028
shuffle,27,0.9886992573738098,0.07778233289718628,0.07778233289718628,2.800386428833008,2.800386428833008,False,513,2028
shuffle,28,0.9897699952125549,0.016771137714385986,0.016771137714385986,0.24302124977111816,0.24302124977111816,False,513,2028
shuffle,29,0.995343804359436,0.07483839988708496,0.07483839988708496,2.3681726455688477,2.3681726455688477,False,513,2028
uniform,0,0.7050734162330627,-0.11361640691757202,0.11361640691757202,-0.5357576608657837,0.5357576608657837,False,518,2028
shuffle,0,0.8166744709014893,-0.1684180498123169,0.1684180498123169,-0.7655301094055176,0.7655301094055176,False,518,2028
shuffle,1,0.8090275526046753,-0.20862573385238647,0.20862573385238647,-0.9286726862192154,0.9286726862192154,False,518,2028
shuffle,2,0.2934306859970093,0.03907907009124756,0.03907907009124756,0.21867012977600098,0.21867012977600098,False,518,2028
shuffle,3,0.9745804071426392,-0.2646637558937073,0.2646637558937073,-1.1531537398695946,1.1531537398695946,True,518,2028
shuffle,4,0.8246579170227051,-0.13275015354156494,0.13275015354156494,-0.617292046546936,0.617292046546936,False,518,2028
shuffle,5,0.8356090784072876,-0.10843843221664429,0.10843843221664429,-0.5133955478668213,0.5133955478668213,False,518,2028
shuffle,6,0.8226832747459412,0.02022916078567505,0.02022916078567505,0.11000633239746094,0.11000633239746094,False,518,2028
shuffle,7,0.9739924073219299,-0.19002681970596313,0.19002681970596313,-0.8535903245210648,0.8535903245210648,False,518,2028
shuffle,8,0.3087480068206787,-0.055585622787475586,0.055585622787475586,-0.2758387327194214,0.2758387327194214,False,518,2028
shuffle,9,0.29072901606559753,0.00569838285446167,0.00569838285446167,0.030367374420166016,0.030367374420166016,False,518,2028
shuffle,10,0.9584797024726868,-0.4056374132633209,0.4056374132633209,-1.7397685050964355,1.7397685050964355,True,518,2028
shuffle,11,0.8208088278770447,-0.24101096391677856,0.24101096391677856,-1.0585113167762756,1.0585113167762756,False,518,2028
shuffle,12,0.9694546461105347,-0.3091456890106201,0.3091456890106201,-1.3323535025119781,1.3323535025119781,True,518,2028
shuffle,13,0.9440382719039917,-0.0290982723236084,0.0290982723236084,-0.1485418677330017,0.1485418677330017,False,518,2028
shuffle,14,0.2975480556488037,-0.010616004467010498,0.010616004467010498,-0.05539500713348389,0.05539500713348389,False,518,2028
shuffle,15,0.8141118884086609,-0.03867989778518677,0.03867989778518677,-0.1953643560409546,0.1953643560409546,False,518,2028
shuffle,16,0.1756446361541748,-0.020029187202453613,0.020029187202453613,-0.10332751274108887,0.10332751274108887,False,518,2028
shuffle,17,0.836394727230072,-0.16746032238006592,0.16746032238006592,-0.761601060628891,0.761601060628891,False,518,2028
shuffle,18,0.9352223873138428,-0.13767802715301514,0.13767802715301514,-0.6380376219749451,0.6380376219749451,False,518,2028
shuffle,19,0.7029367089271545,-0.1686941385269165,0.1686941385269165,-0.766662061214447,0.766662061214447,False,518,2028
shuffle,20,0.7863909006118774,-0.04664057493209839,0.04664057493209839,-0.23358142375946045,0.23358142375946045,False,518,2028
shuffle,21,0.9526119232177734,-0.19446319341659546,0.19446319341659546,-0.8715499043464661,0.8715499043464661,False,518,2028
shuffle,22,0.8232298493385315,0.03995192050933838,0.03995192050933838,0.22386527061462402,0.22386527061462402,False,518,2028
shuffle,23,0.820572018623352,-0.18045836687088013,0.18045836687088013,-0.8147253096103668,0.8147253096103668,False,518,2028
shuffle,24,0.8374148607254028,-0.17787128686904907,0.17787128686904907,-0.8041838109493256,0.8041838109493256,False,518,2028
shuffle,25,0.8316189050674438,-0.004906356334686279,0.004906356334686279,-0.025786161422729492,0.025786161422729492,False,518,2028
shuffle,26,0.952609658241272,0.08793491125106812,0.08793491125106812,0.5380232334136963,0.5380232334136963,False,518,2028
shuffle,27,0.9601194262504578,-0.005024433135986328,0.005024433135986328,-0.026402711868286133,0.026402711868286133,False,518,2028
shuffle,28,0.1862880289554596,-0.03205019235610962,0.03205019235610962,-0.16306692361831665,0.16306692361831665,False,518,2028
shuffle,29,0.8464892506599426,0.045578837394714355,0.045578837394714355,0.2577381134033203,0.2577381134033203,False,518,2028
uniform,0,0.6925988793373108,-0.05810517072677612,0.05810517072677612,-0.6978375911712646,0.6978375911712646,False,528,2028
shuffle,0,0.8206800818443298,-0.08310014009475708,0.08310014009475708,-0.9106771945953369,0.9106771945953369,False,528,2028
shuffle,1,0.5198166966438293,0.021669745445251465,0.021669745445251465,0.4231696128845215,0.4231696128845215,False,528,2028
shuffle,2,0.9300951361656189,-0.10730928182601929,0.10730928182601929,-1.090274453163147,1.090274453163147,False,528,2028
shuffle,3,0.885350227355957,-0.09049737453460693,0.09049737453460693,-0.9679224491119385,0.9679224491119385,False,528,2028
shuffle,4,0.8832843899726868,-0.07239818572998047,0.07239818572998047,-0.8235418796539307,0.8235418796539307,False,528,2028
shuffle,5,0.9320417642593384,0.02726125717163086,0.02726125717163086,0.5648183822631836,0.5648183822631836,False,528,2028
shuffle,6,0.8753932118415833,-0.13233399391174316,0.13233399391174316,-1.256096601486206,1.256096601486206,False,528,2028
shuffle,7,0.516875684261322,-0.03369718790054321,0.03369718790054321,-0.4507718086242676,0.4507718086242676,False,528,2028
shuffle,8,0.615574300289154,-0.03925883769989014,0.03925883769989014,-0.511411190032959,0.511411190032959,False,528,2028
shuffle,9,0.9388842582702637,0.03964740037918091,0.03964740037918091,0.9665963649749756,0.9665963649749756,False,528,2028
shuffle,10,0.9346433281898499,-0.162878155708313,0.162878155708313,-1.438368558883667,1.438368558883667,False,528,2028
shuffle,11,0.7640457153320312,-0.10289913415908813,0.10289913415908813,-1.0591340065002441,1.0591340065002441,False,528,2028
shuffle,12,0.9381100535392761,-0.06680494546890259,0.06680494546890259,-0.7757277488708496,0.7757277488708496,False,528,2028
shuffle,13,0.9462881088256836,-0.0485653281211853,0.0485653281211853,-0.6068201065063477,0.6068201065063477,False,528,2028
shuffle,14,0.9369808435440063,0.022129297256469727,0.022129297256469727,0.4341421127319336,0.4341421127319336,False,528,2028
shuffle,15,0.6138661503791809,0.021671593189239502,0.021671593189239502,0.42321252822875977,0.42321252822875977,False,528,2028
shuffle,16,0.39079681038856506,-0.05184680223464966,0.05184680223464966,-0.6388461589813232,0.6388461589813232,False,528,2028
shuffle,17,0.8284814953804016,-0.013164758682250977,0.013164758682250977,-0.19683265686035156,0.19683265686035156,False,528,2028
shuffle,18,0.9490706324577332,-0.19904237985610962,0.19904237985610962,-1.633263111114502,1.633263111114502,False,528,2028
shuffle,19,0.9405890107154846,-0.1555299162864685,0.1555299162864685,-1.396211862564087,1.396211862564087,False,528,2028
shuffle,20,0.7149103879928589,0.02282857894897461,0.02282857894897461,0.4510536193847656,0.4510536193847656,False,528,2028
shuffle,21,0.7731904983520508,-0.14799630641937256,0.14799630641937256,-1.3519375324249268,1.3519375324249268,False,528,2028
shuffle,22,0.7160007953643799,-0.26483267545700073,0.26483267545700073,-1.9489518404006958,1.9489518404006958,False,528,2028
shuffle,23,0.6093751192092896,-0.02493065595626831,0.02493065595626831,-0.34875059127807617,0.34875059127807617,False,528,2028
shuffle,24,0.8345630168914795,-0.3143004775047302,0.3143004775047302,-2.1651827692985535,2.1651827692985535,False,528,2028
shuffle,25,0.9416118264198303,-0.1517896056175232,0.1517896056175232,-1.3743690252304077,1.3743690252304077,False,528,2028
shuffle,26,0.5160619020462036,-0.01421964168548584,0.01421964168548584,-0.21126651763916016,0.21126651763916016,False,528,2028
shuffle,27,0.9422902464866638,-0.1437414288520813,0.1437414288520813,-1.3264291286468506,1.3264291286468506,False,528,2028
shuffle,28,0.934927225112915,-0.038156867027282715,0.038156867027282715,-0.49962592124938965,0.49962592124938965,False,528,2028
shuffle,29,0.9392948746681213,-0.2539899945259094,0.2539899945259094,-1.8995314836502075,1.8995314836502075,False,528,2028
uniform,0,0.6728365421295166,0.08249282836914062,0.08249282836914062,0.6286325454711914,0.6286325454711914,False,532,2028
shuffle,0,0.6807708740234375,-0.03982430696487427,0.03982430696487427,-0.23235273361206055,0.23235273361206055,False,532,2028
shuffle,1,0.9296661615371704,0.12544798851013184,0.12544798851013184,1.129272699356079,1.129272699356079,False,532,2028
shuffle,2,0.7761932611465454,-0.018483340740203857,0.018483340740203857,-0.11161422729492188,0.11161422729492188,False,532,2028
shuffle,3,0.8542168736457825,0.11785101890563965,0.11785101890563965,1.024470567703247,1.024470567703247,False,532,2028
shuffle,4,0.8538876175880432,0.021198153495788574,0.021198153495788574,0.13797330856323242,0.13797330856323242,False,532,2028
shuffle,5,0.898723840713501,-0.02664417028427124,0.02664417028427124,-0.1587235927581787,0.1587235927581787,False,532,2028
shuffle,6,0.769588828086853,0.00774383544921875,0.00774383544921875,0.04904770851135254,0.04904770851135254,False,532,2028
shuffle,7,0.6519936323165894,0.023611783981323242,0.023611783981323242,0.15447008609771729,0.15447008609771729,False,532,2028
shuffle,8,0.7237402200698853,0.11508232355117798,0.11508232355117798,0.9884555339813232,0.9884555339813232,False,532,2028
shuffle,9,0.8029165863990784,0.11952930688858032,0.11952930688858032,1.0468413829803467,1.0468413829803467,False,532,2028
shuffle,10,0.5877289175987244,0.05244022607803345,0.05244022607803345,0.36691176891326904,0.36691176891326904,False,532,2028
shuffle,11,0.9091591238975525,0.02269524335861206,0.02269524335861206,0.14818477630615234,0.14818477630615234,False,532,2028
shuffle,12,0.9214159250259399,0.09522229433059692,0.09522229433059692,0.7572152614593506,0.7572152614593506,False,532,2028
shuffle,13,0.8522933721542358,0.06355291604995728,0.06355291604995728,0.4579508304595947,0.4579508304595947,False,532,2028
shuffle,14,0.672582745552063,0.09385043382644653,0.09385043382644653,0.7427213191986084,0.7427213191986084,False,532,2028
shuffle,15,0.860787570476532,0.0853680968284607,0.0853680968284607,0.6565766334533691,0.6565766334533691,False,532,2028
shuffle,16,0.8804013729095459,0.028311848640441895,0.028311848640441895,0.18711042404174805,0.18711042404174805,False,532,2028
shuffle,17,0.871906042098999,0.14086687564849854,0.14086687564849854,1.376147985458374,1.376147985458374,False,532,2028
shuffle,18,0.6909931302070618,0.04660308361053467,0.04660308361053467,0.32134270668029785,0.32134270668029785,False,532,2028
shuffle,19,0.7212635278701782,0.048998892307281494,0.048998892307281494,0.3398711681365967,0.3398711681365967,False,532,2028
shuffle,20,0.7175449728965759,0.062041401863098145,0.062041401863098145,0.44521236419677734,0.44521236419677734,False,532,2028
shuffle,21,0.7910387516021729,0.06175035238265991,0.06175035238265991,0.4427732229232788,0.4427732229232788,False,532,2028
shuffle,22,0.8327730298042297,0.14113456010818481,0.14113456010818481,1.380939245223999,1.380939245223999,False,532,2028
shuffle,23,0.6878390908241272,0.10549134016036987,0.10549134016036987,0.8713710308074951,0.8713710308074951,False,532,2028
shuffle,24,0.7999356985092163,0.03830939531326294,0.03830939531326294,0.2589681148529053,0.2589681148529053,False,532,2028
shuffle,25,0.9207473397254944,0.139487624168396,0.139487624168396,1.3517730236053467,1.3517730236053467,False,532,2028
shuffle,26,0.8062570095062256,-0.1195913553237915,0.1195913553237915,-0.629999041557312,0.629999041557312,False,532,2028
shuffle,27,0.8787046670913696,0.15797454118728638,0.15797454118728638,1.7330172061920166,1.7330172061920166,False,532,2028
shuffle,28,0.792343020439148,0.13844776153564453,0.13844776153564453,1.3337359428405762,1.3337359428405762,False,532,2028
shuffle,29,0.8199441432952881,0.09200888872146606,0.09200888872146606,0.7235205173492432,0.7235205173492432,False,532,2028
uniform,0,0.7422176599502563,-0.0027248263359069824,0.0027248263359069824,-0.8480057716369629,0.8480057716369629,False,533,2028
shuffle,0,0.9169745445251465,-0.0050612688064575195,0.0050612688064575195,-1.2486248016357422,1.2486248016357422,False,533,2028
shuffle,1,0.9086853861808777,-0.08411306142807007,0.08411306142807007,-3.826043128967285,3.826043128967285,False,533,2028
shuffle,2,0.7494624853134155,0.0011971592903137207,0.0011971592903137207,0.8776717185974121,0.8776717185974121,False,533,2028
shuffle,3,0.9317204356193542,0.0010287165641784668,0.0010287165641784668,0.6974363327026367,0.6974363327026367,False,533,2028
shuffle,4,0.9344062209129333,0.0016465187072753906,0.0016465187072753906,1.6254429817199707,1.6254429817199707,False,533,2028
shuffle,5,0.888719916343689,0.0016047954559326172,0.0016047954559326172,1.527303695678711,1.527303695678711,False,533,2028
shuffle,6,0.9220456480979919,-0.009942889213562012,0.009942889213562012,-1.7761335372924805,1.7761335372924805,False,533,2028
shuffle,7,0.9019051790237427,-0.001259148120880127,0.001259148120880127,-0.4799222946166992,0.4799222946166992,False,533,2028
shuffle,8,0.9271939396858215,0.0005627870559692383,0.0005627870559692383,0.32139015197753906,0.32139015197753906,False,533,2028
shuffle,9,0.9111432433128357,-0.0019542574882507324,0.0019542574882507324,-0.6712684631347656,0.6712684631347656,False,533,2028
shuffle,10,0.9077584147453308,-0.010959506034851074,0.010959506034851074,-1.8585224151611328,1.8585224151611328,False,533,2028
shuffle,11,0.4898632764816284,-0.0018028616905212402,0.0018028616905212402,-0.6325693130493164,0.6325693130493164,False,533,2028
shuffle,12,0.9234783053398132,-0.2181183099746704,0.2181183099746704,-4.922761678695679,4.922761678695679,False,533,2028
shuffle,13,0.9159924983978271,-0.0006775856018066406,0.0006775856018066406,-0.28613948822021484,0.28613948822021484,False,533,2028
shuffle,14,0.9139814376831055,0.0010872483253479004,0.0010872483253479004,0.7564482688903809,0.7564482688903809,False,533,2028
shuffle,15,0.9305298328399658,-0.009197354316711426,0.009197354316711426,-1.7112035751342773,1.7112035751342773,False,533,2028
shuffle,16,0.9278485774993896,-0.000638425350189209,0.000638425350189209,-0.27165842056274414,0.27165842056274414,False,533,2028
shuffle,17,0.9202051758766174,-0.0056192874908447266,0.0056192874908447266,-1.3247251510620117,1.3247251510620117,False,533,2028
shuffle,18,0.7677755355834961,0.001608133316040039,0.001608133316040039,1.5347657203674316,1.5347657203674316,False,533,2028
shuffle,19,0.9070110321044922,-0.021754145622253418,0.021754145622253418,-2.4736742973327637,2.4736742973327637,False,533,2028
shuffle,20,0.44910797476768494,-0.0006638169288635254,0.0006638169288635254,-0.2810702323913574,0.2810702323913574,False,533,2028
shuffle,21,0.9162958860397339,-0.00883549451828003,0.00883549451828003,-1.6781349182128906,1.6781349182128906,False,533,2028
shuffle,22,0.9001716375350952,0.0018727779388427734,0.0018727779388427734,2.4458065032958984,2.4458065032958984,False,533,2028
shuffle,23,0.916219174861908,-0.02134162187576294,0.02134162187576294,-2.4557690620422363,2.4557690620422363,False,533,2028
shuffle,24,0.7414647340774536,-0.003669559955596924,0.003669559955596924,-1.0294618606567383,1.0294618606567383,False,533,2028
shuffle,25,0.9122149348258972,-6.556510925292969e-05,6.556510925292969e-05,-0.03149843215942383,0.03149843215942383,False,533,2028
shuffle,26,0.9019857048988342,-0.022958219051361084,0.022958219051361084,-2.5242490768432617,2.5242490768432617,False,533,2028
shuffle,27,0.78291916847229,-0.03822755813598633,0.03822755813598633,-3.0166144371032715,3.0166144371032715,False,533,2028
shuffle,28,0.77060467004776,-0.0005766749382019043,0.0005766749382019043,-0.24835872650146484,0.24835872650146484,False,533,2028
shuffle,29,0.6472619771957397,-0.0010457038879394531,0.0010457038879394531,-0.41306114196777344,0.41306114196777344,False,533,2028
uniform,0,0.7059364914894104,-0.0006830096244812012,0.0006830096244812012,-2.493501663208008,2.493501663208008,False,537,2028
shuffle,0,0.8636965751647949,-0.002641737461090088,0.002641737461090088,-3.7849130630493164,3.7849130630493164,False,537,2028
shuffle,1,0.8969811201095581,-0.0006887316703796387,0.0006887316703796387,-2.501119613647461,2.501119613647461,False,537,2028
shuffle,2,0.8514487743377686,-0.000507652759552002,0.000507652759552002,-2.2246322631835938,2.2246322631835938,False,537,2028
shuffle,3,0.6377213597297668,-0.0003847479820251465,0.0003847479820251465,-1.981152057647705,1.981152057647705,False,537,2028
shuffle,4,0.9558477401733398,-0.0010628104209899902,0.0010628104209899902,-2.905999183654785,2.905999183654785,False,537,2028
shuffle,5,0.8963244557380676,-0.00160902738571167,0.00160902738571167,-3.302570343017578,3.302570343017578,False,537,2028
shuffle,6,0.9051157236099243,-0.0002448558807373047,0.0002448558807373047,-1.605072021484375,1.605072021484375,False,537,2028
shuffle,7,0.883560299873352,-0.00017148256301879883,0.00017148256301879883,-1.3310775756835938,1.3310775756835938,False,537,2028
shuffle,8,0.8612503409385681,-0.002299666404724121,0.002299666404724121,-3.6492481231689453,3.6492481231689453,False,537,2028
shuffle,9,0.8884904980659485,-0.0005353689193725586,0.0005353689193725586,-2.2722129821777344,2.2722129821777344,False,537,2028
shuffle,10,0.8142585158348083,-0.00012439489364624023,0.00012439489364624023,-1.105722427368164,1.105722427368164,False,537,2028
shuffle,11,0.9353584051132202,-0.0011813640594482422,0.0011813640594482422,-3.0064101219177246,3.0064101219177246,False,537,2028
shuffle,12,0.7702426314353943,-0.00017255544662475586,0.00017255544662475586,-1.335775375366211,1.335775375366211,False,537,2028
shuffle,13,0.6977308988571167,-0.000545501708984375,0.000545501708984375,-2.2890281677246094,2.2890281677246094,False,537,2028
shuffle,14,0.8393299579620361,-0.0052422285079956055,0.0052422285079956055,-4.461467742919922,4.461467742919922,False,537,2028
shuffle,15,0.8901393413543701,-0.005790591239929199,0.005790591239929199,-4.560410022735596,4.560410022735596,False,537,2028
shuffle,16,0.8744891881942749,-8.225440979003906e-05,8.225440979003906e-05,-0.8480358123779297,0.8480358123779297,False,537,2028
shuffle,17,0.9022092223167419,-0.0014590620994567871,0.0014590620994567871,-3.208388328552246,3.208388328552246,False,537,2028
shuffle,18,0.8529115319252014,-0.0018315315246582031,0.0018315315246582031,-3.427827835083008,3.427827835083008,False,537,2028
shuffle,19,0.9398678541183472,-0.00040721893310546875,0.00040721893310546875,-2.030583381652832,2.030583381652832,False,537,2028
shuffle,20,0.8833584785461426,-0.00031185150146484375,0.00031185150146484375,-1.80279541015625,1.80279541015625,False,537,2028
shuffle,21,0.842923104763031,-0.0008102059364318848,0.0008102059364318848,-2.651340961456299,2.651340961456299,False,537,2028
shuffle,22,0.8620797395706177,-0.00010919570922851562,0.00010919570922851562,-1.0199108123779297,1.0199108123779297,False,537,2028
shuffle,23,0.9295932650566101,-0.0016494393348693848,0.0016494393348693848,-3.3264760971069336,3.3264760971069336,False,537,2028
shuffle,24,0.8464176654815674,-0.009262561798095703,0.009262561798095703,-5.029702186584473,5.029702186584473,False,537,2028
shuffle,25,0.9076774716377258,-0.00011307001113891602,0.00011307001113891602,-1.0427379608154297,1.0427379608154297,False,537,2028
shuffle,26,0.91683030128479,-0.00011795759201049805,0.00011795759201049805,-1.0705413818359375,1.0705413818359375,False,537,2028
shuffle,27,0.8825992345809937,-0.006802678108215332,0.006802678108215332,-4.720932960510254,4.720932960510254,False,537,2028
shuffle,28,0.8216092586517334,-0.0009087324142456055,0.0009087324142456055,-2.7584919929504395,2.7584919929504395,False,537,2028
shuffle,29,0.5018765926361084,-0.0003241300582885742,0.0003241300582885742,-1.8353290557861328,1.8353290557861328,False,537,2028
uniform,0,0.627492368221283,0.0022813081741333008,0.0022813081741333008,0.03406238555908203,0.03406238555908203,False,540,2028
shuffle,0,0.8763287663459778,-0.05964881181716919,0.05964881181716919,-0.661723256111145,0.661723256111145,False,540,2028
shuffle,1,0.6961707472801208,0.06490957736968994,0.06490957736968994,2.231482982635498,2.231482982635498,False,540,2028
shuffle,2,0.7787564992904663,-0.10743415355682373,0.10743415355682373,-1.0254082679748535,1.0254082679748535,False,540,2028
shuffle,3,0.8306983113288879,0.06446874141693115,0.06446874141693115,2.1800355911254883,2.1800355911254883,False,540,2028
shuffle,4,0.79973304271698,-0.09675109386444092,0.09675109386444092,-0.9515361785888672,0.9515361785888672,False,540,2028
shuffle,5,0.891789436340332,-0.12889236211776733,0.12889236211776733,-1.1641225814819336,1.1641225814819336,False,540,2028
shuffle,6,0.08488381654024124,-0.018600940704345703,0.018600940704345703,-0.24633026123046875,0.24633026123046875,False,540,2028
shuffle,7,0.9089525938034058,0.020813405513763428,0.020813405513763428,0.35602688789367676,0.35602688789367676,False,540,2028
shuffle,8,0.8632833957672119,-0.1696547269821167,0.1696547269821167,-1.400195598602295,1.400195598602295,False,540,2028
shuffle,9,0.7680092453956604,0.04750555753707886,0.04750555753707886,1.0935182571411133,1.0935182571411133,False,540,2028
shuffle,10,0.8033117651939392,0.04868185520172119,0.04868185520172119,1.1413331031799316,1.1413331031799316,False,540,2028
shuffle,11,0.9089526534080505,-0.028908491134643555,0.028908491134643555,-0.364011287689209,0.364011287689209,False,540,2028
shuffle,12,0.865303099155426,0.03519642353057861,0.03519642353057861,0.6910915374755859,0.6910915374755859,False,540,2028
shuffle,13,0.8018116354942322,-0.12194275856018066,0.12194275856018066,-1.1204791069030762,1.1204791069030762,False,540,2028
shuffle,14,0.8371142148971558,0.0129891037940979,0.0129891037940979,0.20886611938476562,0.20886611938476562,False,540,2028
shuffle,15,0.8700165748596191,0.0661473274230957,0.0661473274230957,2.391623020172119,2.391623020172119,False,540,2028
shuffle,16,0.9528806209564209,-0.2586095929145813,0.2586095929145813,-1.8371503353118896,1.8371503353118896,False,540,2028
shuffle,17,0.920878529548645,-0.262850821018219,0.262850821018219,-1.856215238571167,1.856215238571167,False,540,2028
shuffle,18,0.857987105846405,0.03587055206298828,0.03587055206298828,0.7096242904663086,0.7096242904663086,False,540,2028
shuffle,19,0.8006331324577332,-0.11023753881454468,0.11023753881454468,-1.0442248582839966,1.0442248582839966,False,540,2028
shuffle,20,0.9190781116485596,-0.06842374801635742,0.06842374801635742,-0.7357950210571289,0.7357950210571289,False,540,2028
shuffle,21,0.1531476229429245,0.0002949833869934082,0.0002949833869934082,0.004350185394287109,0.004350185394287109,False,540,2028
shuffle,22,0.8819423913955688,0.03340446949005127,0.03340446949005127,0.6433124542236328,0.6433124542236328,False,540,2028
shuffle,23,0.8481398820877075,0.02597212791442871,0.02597212791442871,0.4648408889770508,0.4648408889770508,False,540,2028
shuffle,24,0.9199782609939575,-0.22720348834991455,0.22720348834991455,-1.6918182373046875,1.6918182373046875,False,540,2028
shuffle,25,0.8653030395507812,0.051585853099823,0.051585853099823,1.269639015197754,1.269639015197754,False,540,2028
shuffle,26,0.8339158892631531,0.06547003984451294,0.06547003984451294,2.300896644592285,2.300896644592285,False,540,2028
shuffle,27,0.7689094543457031,0.04180920124053955,0.04180920124053955,0.8883624076843262,0.8883624076843262,False,540,2028
shuffle,28,0.6668034195899963,0.06452947854995728,0.06452947854995728,2.186976432800293,2.186976432800293,False,540,2028
shuffle,29,0.8819423317909241,-0.13120734691619873,0.13120734691619873,-1.1784107685089111,1.1784107685089111,False,540,2028
uniform,0,0.7389619946479797,-0.14035606384277344,0.14035606384277344,-3.349487066268921,3.349487066268921,False,551,2028
shuffle,0,0.9260958433151245,-0.6408244073390961,0.6408244073390961,-5.718136429786682,5.718136429786682,True,551,2028
shuffle,1,0.3330060839653015,-0.003398418426513672,0.003398418426513672,-0.4533247947692871,0.4533247947692871,False,551,2028
shuffle,2,0.8842644095420837,-0.32200032472610474,0.32200032472610474,-4.3957807421684265,4.3957807421684265,False,551,2028
shuffle,3,0.6932210326194763,-0.0034728050231933594,0.0034728050231933594,-0.46129894256591797,0.46129894256591797,False,551,2028
shuffle,4,0.9162971377372742,-0.2961606979370117,0.2961606979370117,-4.27599024772644,4.27599024772644,False,551,2028
shuffle,5,0.8586932420730591,-0.050631821155548096,0.050631821155548096,-2.2998733520507812,2.2998733520507812,False,551,2028
shuffle,6,0.7754981517791748,-0.026751160621643066,0.026751160621643066,-1.727001667022705,1.727001667022705,False,551,2028
shuffle,7,0.832405686378479,-0.05525010824203491,0.05525010824203491,-2.383199691772461,2.383199691772461,False,551,2028
shuffle,8,0.945152997970581,-0.10276752710342407,0.10276752710342407,-3.009523391723633,3.009523391723633,False,551,2028
shuffle,9,0.8799367547035217,-0.6826773285865784,0.6826773285865784,-5.906964600086212,5.906964600086212,True,551,2028
shuffle,10,0.9352226257324219,-0.336814820766449,0.336814820766449,-4.462250173091888,4.462250173091888,False,551,2028
shuffle,11,0.883080005645752,-0.17951363325119019,0.17951363325119019,-3.6335556507110596,3.6335556507110596,False,551,2028
shuffle,12,0.33878105878829956,0.0003929734230041504,0.0003929734230041504,0.06834650039672852,0.06834650039672852,False,551,2028
shuffle,13,0.8973404169082642,-0.25529158115386963,0.25529158115386963,-4.0737457275390625,4.0737457275390625,False,551,2028
shuffle,14,0.8334354162216187,-0.3734133243560791,0.3734133243560791,-4.62099027633667,4.62099027633667,False,551,2028
shuffle,15,0.9341363310813904,-0.3291394114494324,0.3291394114494324,-4.427994132041931,4.427994132041931,False,551,2028
shuffle,16,0.8596436977386475,-0.5318730473518372,0.5318730473518372,-5.264816403388977,5.264816403388977,True,551,2028
shuffle,17,0.8676611185073853,-0.4382193684577942,0.4382193684577942,-4.88897779583931,4.88897779583931,False,551,2028
shuffle,18,0.9533131718635559,-0.1274450421333313,0.1274450421333313,-3.2421107292175293,3.2421107292175293,False,551,2028
shuffle,19,0.8935620784759521,-0.08042865991592407,0.08042865991592407,-2.7548301219940186,2.7548301219940186,False,551,2028
shuffle,20,0.7913623452186584,-0.0075931549072265625,0.0075931549072265625,-0.8272085189819336,0.8272085189819336,False,551,2028
shuffle,21,0.9327983856201172,-0.41228675842285156,0.41228675842285156,-4.783221393823624,4.783221393823624,False,551,2028
shuffle,22,0.9582359790802002,-0.5687080323696136,0.5687080323696136,-5.414118468761444,5.414118468761444,True,551,2028
shuffle,23,0.883906900882721,-0.16115283966064453,0.16115283966064453,-3.507032632827759,3.507032632827759,False,551,2028
shuffle,24,0.9412524104118347,-0.025999069213867188,0.025999069213867188,-1.7029786109924316,1.7029786109924316,False,551,2028
shuffle,25,0.9233354330062866,-0.23418790102005005,0.23418790102005005,-3.9613566398620605,3.9613566398620605,False,551,2028
shuffle,26,0.924730658531189,-0.06350308656692505,0.06350308656692505,-2.518472671508789,2.518472671508789,False,551,2028
shuffle,27,0.9333286285400391,-0.08461952209472656,0.08461952209472656,-2.8067874908447266,2.8067874908447266,False,551,2028
shuffle,28,0.8805726766586304,-0.20576810836791992,0.20576810836791992,-3.798696517944336,3.798696517944336,False,551,2028
shuffle,29,0.9514935612678528,-0.025292575359344482,0.025292575359344482,-1.6799092292785645,1.6799092292785645,False,551,2028
uniform,0,0.878771960735321,-0.2086506485939026,0.2086506485939026,-0.9243652522563934,0.9243652522563934,False,561,2028
shuffle,0,0.9567368030548096,-0.24281615018844604,0.24281615018844604,-1.061249628663063,1.061249628663063,False,561,2028
shuffle,1,0.9721845388412476,-0.30568927526474,0.30568927526474,-1.3140497505664825,1.3140497505664825,True,561,2028
shuffle,2,0.9612299203872681,-0.2852309048175812,0.2852309048175812,-1.231303632259369,1.231303632259369,True,561,2028
shuffle,3,0.9736354351043701,-0.4542540907859802,0.4542540907859802,-1.9632117748260498,1.9632117748260498,True,561,2028
shuffle,4,0.9559261798858643,-0.056945085525512695,0.056945085525512695,-0.2800554037094116,0.2800554037094116,False,561,2028
shuffle,5,0.971845269203186,-0.5663282871246338,0.5663282871246338,-2.600200057029724,2.600200057029724,True,561,2028
shuffle,6,0.9727338552474976,-0.018780052661895752,0.018780052661895752,-0.0961959958076477,0.0961959958076477,False,561,2028
shuffle,7,0.9833915829658508,-0.29849669337272644,0.29849669337272644,-1.2848754525184631,1.2848754525184631,True,561,2028
shuffle,8,0.9639538526535034,-0.1063959002494812,0.1063959002494812,-0.5012342929840088,0.5012342929840088,False,561,2028
shuffle,9,0.9671437740325928,-0.37885144352912903,0.37885144352912903,-1.6192943453788757,1.6192943453788757,True,561,2028
shuffle,10,0.9729964733123779,-0.49423639476299286,0.49423639476299286,-2.1668044328689575,2.1668044328689575,True,561,2028
shuffle,11,0.9820854067802429,-0.031755149364471436,0.031755149364471436,-0.16029071807861328,0.16029071807861328,False,561,2028
shuffle,12,0.9636973142623901,-0.07212090492248535,0.07212090492248535,-0.34966492652893066,0.34966492652893066,False,561,2028
shuffle,13,0.9809621572494507,-0.14766311645507812,0.14766311645507812,-0.6758677661418915,0.6758677661418915,False,561,2028
shuffle,14,0.9697835445404053,-0.13667142391204834,0.13667142391204834,-0.6300234794616699,0.6300234794616699,False,561,2028
shuffle,15,0.9589398503303528,-0.47416025400161743,0.47416025400161743,-2.062182128429413,2.062182128429413,True,561,2028
shuffle,16,0.976195752620697,0.1282116174697876,0.1282116174697876,0.8511806726455688,0.8511806726455688,False,561,2028
shuffle,17,0.9786369204521179,0.1051129698753357,0.1051129698753357,0.659003496170044,0.659003496170044,False,561,2028
shuffle,18,0.9868121147155762,-0.02132970094680786,0.02132970094680786,-0.10893416404724121,0.10893416404724121,False,561,2028
shuffle,19,0.9741595983505249,-0.49096083641052246,0.49096083641052246,-2.1493669748306274,2.1493669748306274,True,561,2028
shuffle,20,0.9306778311729431,-0.2875540852546692,0.2875540852546692,-1.2406659424304962,1.2406659424304962,True,561,2028
shuffle,21,0.9773419499397278,0.007542610168457031,0.007542610168457031,0.039919495582580566,0.039919495582580566,False,561,2028
shuffle,22,0.9493675827980042,-0.07149398326873779,0.07149398326873779,-0.3468228578567505,0.3468228578567505,False,561,2028
shuffle,23,0.9712288975715637,-0.030584275722503662,0.030584275722503662,-0.15457916259765625,0.15457916259765625,False,561,2028
shuffle,24,0.9706271886825562,-0.32915452122688293,0.32915452122688293,-1.4100398421287537,1.4100398421287537,True,561,2028
shuffle,25,0.9760540723800659,-0.1424073576927185,0.1424073576927185,-0.6540002524852753,0.6540002524852753,False,561,2028
shuffle,26,0.9717888832092285,0.1272420883178711,0.1272420883178711,0.8425506353378296,0.8425506353378296,False,561,2028
shuffle,27,0.9547873139381409,-0.33770692348480225,0.33770692348480225,-1.4453994929790497,1.4453994929790497,True,561,2028
shuffle,28,0.9776642322540283,0.09537243843078613,0.09537243843078613,0.5851809978485107,0.5851809978485107,False,561,2028
shuffle,29,0.9731210470199585,-0.30040574073791504,0.30040574073791504,-1.2926091700792313,1.2926091700792313,True,561,2028
uniform,0,0.5848627090454102,0.020981550216674805,0.020981550216674805,0.2671017646789551,0.2671017646789551,False,567,2028
shuffle,0,0.6745813488960266,-0.018238544464111328,0.018238544464111328,-0.19292545318603516,0.19292545318603516,False,567,2028
shuffle,1,0.7252782583236694,0.030792295932769775,0.030792295932769775,0.4161183834075928,0.4161183834075928,False,567,2028
shuffle,2,0.5735462307929993,-0.014154911041259766,0.014154911041259766,-0.15219688415527344,0.15219688415527344,False,567,2028
shuffle,3,0.5527413487434387,0.03472191095352173,0.03472191095352173,0.48163795471191406,0.48163795471191406,False,567,2028
shuffle,4,0.6502526998519897,0.03657984733581543,0.03657984733581543,0.5139737129211426,0.5139737129211426,False,567,2028
shuffle,5,0.8598012328147888,0.03619331121444702,0.03619331121444702,0.5071711540222168,0.5071711540222168,False,567,2028
shuffle,6,0.6767367720603943,0.018968284130096436,0.018968284130096436,0.23873353004455566,0.23873353004455566,False,567,2028
shuffle,7,0.8362933993339539,0.0009055137634277344,0.0009055137634277344,0.01039433479309082,0.01039433479309082,False,567,2028
shuffle,8,0.6184318661689758,-0.07361739873886108,0.07361739873886108,-0.6503682136535645,0.6503682136535645,False,567,2028
shuffle,9,0.7343126535415649,0.03206831216812134,0.03206831216812134,0.43698620796203613,0.43698620796203613,False,567,2028
shuffle,10,0.7503517866134644,0.0531315803527832,0.0531315803527832,0.8524460792541504,0.8524460792541504,False,567,2028
shuffle,11,0.9059550762176514,-0.006285965442657471,0.006285965442657471,-0.06986379623413086,0.06986379623413086,False,567,2028
shuffle,12,0.7974931001663208,-0.03640836477279663,0.03640836477279663,-0.36024975776672363,0.36024975776672363,False,567,2028
shuffle,13,0.7009913325309753,0.04175537824630737,0.04175537824630737,0.6092383861541748,0.6092383861541748,False,567,2028
shuffle,14,0.6196486949920654,-0.035390377044677734,0.035390377044677734,-0.3514082431793213,0.3514082431793213,False,567,2028
shuffle,15,0.7231709957122803,-0.011130213737487793,0.011130213737487793,-0.12117624282836914,0.12117624282836914,False,567,2028
shuffle,16,0.7497330904006958,0.001129448413848877,0.001129448413848877,0.01297903060913086,0.01297903060913086,False,567,2028
shuffle,17,0.7614142894744873,0.05449116230010986,0.05449116230010986,0.8854517936706543,0.8854517936706543,False,567,2028
shuffle,18,0.7718089818954468,0.0007388591766357422,0.0007388591766357422,0.00847482681274414,0.00847482681274414,False,567,2028
shuffle,19,0.6696109771728516,0.050601303577423096,0.050601303577423096,0.7935419082641602,0.7935419082641602,False,567,2028
shuffle,20,0.5183067321777344,0.03431743383407593,0.03431743383407593,0.4747176170349121,0.4747176170349121,False,567,2028
shuffle,21,0.6810212135314941,0.007568299770355225,0.007568299770355225,0.08970355987548828,0.08970355987548828,False,567,2028
shuffle,22,0.7705388069152832,0.0254555344581604,0.0254555344581604,0.3327054977416992,0.3327054977416992,False,567,2028
shuffle,23,0.800289511680603,0.03160417079925537,0.03160417079925537,0.429351806640625,0.429351806640625,False,567,2028
shuffle,24,0.7623707056045532,-0.021706104278564453,0.021706104278564453,-0.22653436660766602,0.22653436660766602,False,567,2028
shuffle,25,0.5903322696685791,-0.06410133838653564,0.06410133838653564,-0.5815231800079346,0.5815231800079346,False,567,2028
shuffle,26,0.5926653742790222,0.008712172508239746,0.008712172508239746,0.10385274887084961,0.10385274887084961,False,567,2028
shuffle,27,0.7976141571998596,0.016171395778656006,0.016171395778656006,0.20041847229003906,0.20041847229003906,False,567,2028
shuffle,28,0.7720931768417358,-0.05136871337890625,0.05136871337890625,-0.48405325412750244,0.48405325412750244,False,567,2028
shuffle,29,0.7579836249351501,0.01691901683807373,0.01691901683807373,0.2105400562286377,0.2105400562286377,False,567,2028
uniform,0,0.6969900131225586,0.010490000247955322,0.010490000247955322,0.5475163459777832,0.5475163459777832,False,569,2028
shuffle,0,0.924290120601654,0.008640766143798828,0.008640766143798828,0.4276289939880371,0.4276289939880371,False,569,2028
shuffle,1,0.9329065084457397,0.010510027408599854,0.010510027408599854,0.5488934516906738,0.5488934516906738,False,569,2028
shuffle,2,0.9546015858650208,0.015452146530151367,0.015452146530151367,0.9621825218200684,0.9621825218200684,False,569,2028
shuffle,3,0.9057911038398743,0.006649434566497803,0.006649434566497803,0.3123810291290283,0.3123810291290283,False,569,2028
shuffle,4,0.9047195911407471,0.01099550724029541,0.01099550724029541,0.5828709602355957,0.5828709602355957,False,569,2028
shuffle,5,0.16869007050991058,-6.306171417236328e-05,6.306171417236328e-05,-0.0025634765625,0.0025634765625,False,569,2028
shuffle,6,0.8963502645492554,0.007962346076965332,0.007962346076965332,0.38690614700317383,0.38690614700317383,False,569,2028
shuffle,7,0.8922566771507263,-0.0023746490478515625,0.0023746490478515625,-0.0923147201538086,0.0923147201538086,False,569,2028
shuffle,8,0.9296660423278809,0.02037227153778076,0.02037227153778076,1.6642909049987793,1.6642909049987793,False,569,2028
shuffle,9,0.9019783139228821,0.010632634162902832,0.010632634162902832,0.5573711395263672,0.5573711395263672,False,569,2028
shuffle,10,0.8476349711418152,-0.0026099681854248047,0.0026099681854248047,-0.10103511810302734,0.10103511810302734,False,569,2028
shuffle,11,0.9215781092643738,-0.022916316986083984,0.022916316986083984,-0.6695661544799805,0.6695661544799805,False,569,2028
shuffle,12,0.8271966576576233,0.00959843397140503,0.00959843397140503,0.4879727363586426,0.4879727363586426,False,569,2028
shuffle,13,0.8845961093902588,0.02047497034072876,0.02047497034072876,1.685659408569336,1.685659408569336,False,569,2028
shuffle,14,0.8765285015106201,0.0072966814041137695,0.0072966814041137695,0.34845590591430664,0.34845590591430664,False,569,2028
shuffle,15,0.9543848037719727,0.010568618774414062,0.010568618774414062,0.5529341697692871,0.5529341697692871,False,569,2028
shuffle,16,0.9278059601783752,0.020397186279296875,0.020397186279296875,1.6694350242614746,1.6694350242614746,False,569,2028
shuffle,17,0.9268537163734436,-0.019414901733398438,0.019414901733398438,-0.5904288291931152,0.5904288291931152,False,569,2028
shuffle,18,0.9465990662574768,0.01863759756088257,0.01863759756088257,1.3584704399108887,1.3584704399108887,False,569,2028
shuffle,19,0.9080988168716431,0.01739645004272461,0.01739645004272461,1.185272216796875,1.185272216796875,False,569,2028
shuffle,20,0.9014996886253357,0.00550764799118042,0.00550764799118042,0.25165653228759766,0.25165653228759766,False,569,2028
shuffle,21,0.8724160194396973,-0.0018132328987121582,0.0018132328987121582,-0.07120823860168457,0.07120823860168457,False,569,2028
shuffle,22,0.9330191612243652,0.007554411888122559,0.007554411888122559,0.3631734848022461,0.3631734848022461,False,569,2028
shuffle,23,0.8080626130104065,0.007564425468444824,0.007564425468444824,0.36374807357788086,0.36374807357788086,False,569,2028
shuffle,24,0.8890510201454163,0.02068197727203369,0.02068197727203369,1.730161190032959,1.730161190032959,False,569,2028
shuffle,25,0.905816912651062,0.009353280067443848,0.009353280067443848,0.47218894958496094,0.47218894958496094,False,569,2028
shuffle,26,0.9245322346687317,0.0012229084968566895,0.0012229084968566895,0.050890207290649414,0.050890207290649414,False,569,2028
shuffle,27,0.9740826487541199,0.014262020587921143,0.014262020587921143,0.8463845252990723,0.8463845252990723,False,569,2028
shuffle,28,0.8491215109825134,0.01950901746749878,0.01950901746749878,1.5005764961242676,1.5005764961242676,False,569,2028
shuffle,29,0.8767331838607788,-0.003654181957244873,0.003654181957244873,-0.13890457153320312,0.13890457153320312,False,569,2028
uniform,0,0.5588266849517822,-0.08392924070358276,0.08392924070358276,-2.2187395095825195,2.2187395095825195,False,578,2028
shuffle,0,0.0032420537900179625,-0.00016033649444580078,0.00016033649444580078,-0.014226436614990234,0.014226436614990234,False,578,2028
shuffle,1,0.8083052039146423,-0.0741226077079773,0.0741226077079773,-2.099304676055908,2.099304676055908,False,578,2028
shuffle,2,0.8083052039146423,-0.0741226077079773,0.0741226077079773,-2.099304676055908,2.099304676055908,False,578,2028
shuffle,3,0.0032420537900179625,-0.00016033649444580078,0.00016033649444580078,-0.014226436614990234,0.014226436614990234,False,578,2028
shuffle,4,0.8083052039146423,-0.07359600067138672,0.07359600067138672,-2.0925467014312744,2.0925467014312744,False,578,2028
shuffle,5,0.8083052039146423,-0.0741226077079773,0.0741226077079773,-2.099304676055908,2.099304676055908,False,578,2028
shuffle,6,0.8050631284713745,-0.04645448923110962,0.04645448923110962,-1.6781940460205078,1.6781940460205078,False,578,2028
shuffle,7,0.6219382286071777,-0.015882134437561035,0.015882134437561035,-0.8929836750030518,0.8929836750030518,False,578,2028
shuffle,8,0.8083052039146423,-0.6704914569854736,0.6704914569854736,-5.232019901275635,5.232019901275635,True,578,2028
shuffle,9,0.18636691570281982,-0.017061173915863037,0.017061173915863037,-0.9366295337677002,0.9366295337677002,False,578,2028
shuffle,10,0.1831248700618744,-0.0014095902442932129,0.0014095902442932129,-0.11880016326904297,0.11880016326904297,False,578,2028
shuffle,11,0.8050631284713745,-0.033698201179504395,0.033698201179504395,-1.41526198387146,1.41526198387146,False,578,2028
shuffle,12,0.9914300441741943,-0.12474989891052246,0.12474989891052246,-2.6215827465057373,2.6215827465057373,False,578,2028
shuffle,13,0.8083052039146423,-0.6690235137939453,0.6690235137939453,-5.225261688232422,5.225261688232422,True,578,2028
shuffle,14,0.9914300441741943,-0.6956908106803894,0.6956908106803894,-5.35082072019577,5.35082072019577,True,578,2028
shuffle,15,0.1831248700618744,-0.0014095902442932129,0.0014095902442932129,-0.11880016326904297,0.11880016326904297,False,578,2028
shuffle,16,0.0,0.0,0.0,4.76837158203125e-07,4.76837158203125e-07,False,578,2028
shuffle,17,0.9914300441741943,-0.12474989891052246,0.12474989891052246,-2.6215827465057373,2.6215827465057373,False,578,2028
shuffle,18,0.1831248700618744,-0.0014095902442932129,0.0014095902442932129,-0.11880016326904297,0.11880016326904297,False,578,2028
shuffle,19,0.8050631284713745,-0.04645448923110962,0.04645448923110962,-1.6781940460205078,1.6781940460205078,False,578,2028
shuffle,20,0.18636691570281982,-0.017061173915863037,0.017061173915863037,-0.9366295337677002,0.9366295337677002,False,578,2028
shuffle,21,0.1831248700618744,-0.0014095902442932129,0.0014095902442932129,-0.11880016326904297,0.11880016326904297,False,578,2028
shuffle,22,0.8083052039146423,-0.6690235137939453,0.6690235137939453,-5.225261688232422,5.225261688232422,True,578,2028
shuffle,23,0.6219382286071777,-0.015882134437561035,0.015882134437561035,-0.8929836750030518,0.8929836750030518,False,578,2028
shuffle,24,0.8050631284713745,-0.04645448923110962,0.04645448923110962,-1.6781940460205078,1.6781940460205078,False,578,2028
shuffle,25,0.0,0.0,0.0,4.76837158203125e-07,4.76837158203125e-07,False,578,2028
shuffle,26,0.6219382286071777,-0.015882134437561035,0.015882134437561035,-0.8929836750030518,0.8929836750030518,False,578,2028
shuffle,27,0.8083051443099976,-0.6098509430885315,0.6098509430885315,-4.964432656764984,4.964432656764984,True,578,2028
shuffle,28,0.8083051443099976,-0.02882903814315796,0.02882903814315796,-1.2957019805908203,1.2957019805908203,False,578,2028
shuffle,29,0.18636691570281982,-0.0016164779663085938,0.0016164779663085938,-0.1351304054260254,0.1351304054260254,False,578,2028
uniform,0,0.7501182556152344,-0.2857818603515625,0.2857818603515625,-2.73837149143219,2.73837149143219,False,583,2028
shuffle,0,0.9714536070823669,-0.43720269203186035,0.43720269203186035,-3.3809369802474976,3.3809369802474976,False,583,2028
shuffle,1,0.915971040725708,-0.0752379298210144,0.0752379298210144,-1.3642096519470215,1.3642096519470215,False,583,2028
shuffle,2,0.9790464639663696,-0.7239922285079956,0.7239922285079956,-4.63073992729187,4.63073992729187,True,583,2028
shuffle,3,0.9788778424263,-0.727156862616539,0.727156862616539,-4.647820591926575,4.647820591926575,True,583,2028
shuffle,4,0.9816474914550781,-0.4484850764274597,0.4484850764274597,-3.426213763654232,3.426213763654232,False,583,2028
shuffle,5,0.9082095623016357,-0.06947153806686401,0.06947153806686401,-1.3007910251617432,1.3007910251617432,False,583,2028
shuffle,6,0.9892403483390808,-0.7302229851484299,0.7302229851484299,-4.664513349533081,4.664513349533081,True,583,2028
shuffle,7,0.8604884147644043,-0.057896435260772705,0.057896435260772705,-1.1627576351165771,1.1627576351165771,False,583,2028
shuffle,8,0.9158024191856384,-0.68709596991539,0.68709596991539,-4.441359579563141,4.441359579563141,True,583,2028
shuffle,9,0.07603899389505386,-0.005228221416473389,0.005228221416473389,-0.1720414161682129,0.1720414161682129,False,583,2028
shuffle,10,0.9714536666870117,-0.2506396770477295,0.2506396770477295,-2.569923996925354,2.569923996925354,False,583,2028
shuffle,11,0.9816475510597229,-0.2764187455177307,0.2764187455177307,-2.694590151309967,2.694590151309967,False,583,2028
shuffle,12,0.9261649250984192,-0.07865983247756958,0.07865983247756958,-1.4003880023956299,1.4003880023956299,False,583,2028
shuffle,13,0.9816475510597229,-0.2605421543121338,0.2605421543121338,-2.618582248687744,2.618582248687744,False,583,2028
shuffle,14,0.9688525199890137,-0.26481562852859497,0.26481562852859497,-2.6392741203308105,2.6392741203308105,False,583,2028
shuffle,15,0.9185720682144165,-0.22991836071014404,0.22991836071014404,-2.464534282684326,2.464534282684326,False,583,2028
shuffle,16,0.9816474914550781,-0.25862687826156616,0.25862687826156616,-2.6092499494552612,2.6092499494552612,False,583,2028
shuffle,17,0.9056085348129272,-0.20745378732681274,0.20745378732681274,-2.3438560962677,2.3438560962677,False,583,2028
shuffle,18,0.9790464639663696,-0.7259030491113663,0.7259030491113663,-4.641035556793213,4.641035556793213,True,583,2028
shuffle,19,0.06584511697292328,-0.006707310676574707,0.006707310676574707,-0.216080904006958,0.216080904006958,False,583,2028
shuffle,20,0.9133700132369995,-0.07278138399124146,0.07278138399124146,-1.3375835418701172,1.3375835418701172,False,583,2028
shuffle,21,0.8604884147644043,-0.057420551776885986,0.057420551776885986,-1.1567339897155762,1.1567339897155762,False,583,2028
shuffle,22,0.05825227499008179,-0.00201493501663208,0.00201493501663208,-0.0696260929107666,0.0696260929107666,False,583,2028
shuffle,23,0.9688525199890137,-0.26481562852859497,0.26481562852859497,-2.6392741203308105,2.6392741203308105,False,583,2028
shuffle,24,0.9133699536323547,-0.2282313108444214,0.2282313108444214,-2.455719232559204,2.455719232559204,False,583,2028
shuffle,25,0.9892403483390808,-0.7314913868904114,0.7314913868904114,-4.671461224555969,4.671461224555969,True,583,2028
shuffle,26,0.9816474914550781,-0.4493650794029236,0.4493650794029236,-3.4297406002879143,3.4297406002879143,False,583,2028
shuffle,27,0.8501259088516235,-0.05710679292678833,0.05710679292678833,-1.1527464389801025,1.1527464389801025,False,583,2028
shuffle,28,0.06584511697292328,-0.0028142929077148438,0.0028142929077148438,-0.09603571891784668,0.09603571891784668,False,583,2028
shuffle,29,0.07343795150518417,-0.004935860633850098,0.004935860633850098,-0.1631157398223877,0.1631157398223877,False,583,2028
uniform,0,0.6117474436759949,-0.0414772629737854,0.0414772629737854,-0.23042309284210205,0.23042309284210205,False,587,2028
shuffle,0,0.8898188471794128,-0.3438975512981415,0.3438975512981415,-1.531013235449791,1.531013235449791,True,587,2028
shuffle,1,0.7671759128570557,0.09786194562911987,0.09786194562911987,0.7233248949050903,0.7233248949050903,False,587,2028
shuffle,2,0.8839408755302429,0.10171961784362793,0.10171961784362793,0.7610620260238647,0.7610620260238647,False,587,2028
shuffle,3,0.8815671801567078,-0.12336641550064087,0.12336641550064087,-0.6238999962806702,0.6238999962806702,False,587,2028
shuffle,4,0.7840406894683838,0.0695769190788269,0.0695769190788269,0.4750950336456299,0.4750950336456299,False,587,2028
shuffle,5,0.809916079044342,0.042449951171875,0.042449951171875,0.27219903469085693,0.27219903469085693,False,587,2028
shuffle,6,0.8854069709777832,-0.11944156885147095,0.11944156885147095,-0.606328010559082,0.606328010559082,False,587,2028
shuffle,7,0.8465288281440735,-0.22222012281417847,0.22222012281417847,-1.0418752133846283,1.0418752133846283,False,587,2028
shuffle,8,0.7481815814971924,-0.36069735884666443,0.36069735884666443,-1.599473774433136,1.599473774433136,True,587,2028
shuffle,9,0.7571361064910889,-0.15329241752624512,0.15329241752624512,-0.7548679113388062,0.7548679113388062,False,587,2028
shuffle,10,0.8965762257575989,0.07965844869613647,0.07965844869613647,0.5584758520126343,0.5584758520126343,False,587,2028
shuffle,11,0.2109164595603943,0.03167593479156494,0.03167593479156494,0.19865036010742188,0.19865036010742188,False,587,2028
shuffle,12,0.17062678933143616,0.014699220657348633,0.014699220657348633,0.08924686908721924,0.08924686908721924,False,587,2028
shuffle,13,0.8217525482177734,-0.056323349475860596,0.056323349475860596,-0.30679190158843994,0.30679190158843994,False,587,2028
shuffle,14,0.8252913355827332,0.12598717212677002,0.12598717212677002,1.0282317399978638,1.0282317399978638,False,587,2028
shuffle,15,0.7816819548606873,0.11717891693115234,0.11717891693115234,0.9245415925979614,0.9245415925979614,False,587,2028
shuffle,16,0.8483454585075378,0.08062434196472168,0.08062434196472168,0.5667343139648438,0.5667343139648438,False,587,2028
shuffle,17,0.7777919769287109,0.0773019790649414,0.0773019790649414,0.5385328531265259,0.5385328531265259,False,587,2028
shuffle,18,0.8057593107223511,0.11600315570831299,0.11600315570831299,0.9113355875015259,0.9113355875015259,False,587,2028
shuffle,19,0.745672345161438,0.03852510452270508,0.03852510452270508,0.2450011968612671,0.2450011968612671,False,587,2028
shuffle,20,0.887985348701477,-0.11615413427352905,0.11615413427352905,-0.5915312767028809,0.5915312767028809,False,587,2028
shuffle,21,0.7987602353096008,-0.19775009155273438,0.19775009155273438,-0.941742479801178,0.941742479801178,False,587,2028
shuffle,22,0.7741711735725403,-0.37327665090560913,0.37327665090560913,-1.6511978507041931,1.6511978507041931,True,587,2028
shuffle,23,0.8689000606536865,0.1113319993019104,0.1113319993019104,0.8602052927017212,0.8602052927017212,False,587,2028
shuffle,24,0.730731189250946,-0.14941126108169556,0.14941126108169556,-0.7381560206413269,0.7381560206413269,False,587,2028
shuffle,25,0.8596354722976685,-0.17471951246261597,0.17471951246261597,-0.8458898067474365,0.8458898067474365,False,587,2028
shuffle,26,0.8286994695663452,0.0621030330657959,0.0621030330657959,0.41631972789764404,0.41631972789764404,False,587,2028
shuffle,27,0.8929361701011658,0.05494421720504761,0.05494421720504761,0.36218321323394775,0.36218321323394775,False,587,2028
shuffle,28,0.7942664623260498,-0.08590394258499146,0.08590394258499146,-0.4515962600708008,0.4515962600708008,False,587,2028
shuffle,29,0.7408285140991211,0.05410248041152954,0.05410248041152954,0.3559473752975464,0.3559473752975464,False,587,2028
uniform,0,0.803485631942749,-0.05466383695602417,0.05466383695602417,-2.8901681900024414,2.8901681900024414,False,595,2028
shuffle,0,0.9401746988296509,-0.17038774490356445,0.17038774490356445,-4.117381572723389,4.117381572723389,False,595,2028
shuffle,1,0.9497973918914795,-0.2589402198791504,0.2589402198791504,-4.642532110214233,4.642532110214233,False,595,2028
shuffle,2,0.9504071474075317,-0.013653814792633057,0.013653814792633057,-1.6229825019836426,1.6229825019836426,False,595,2028
shuffle,3,0.9196954965591431,-0.020734429359436035,0.020734429359436035,-1.9772303104400635,1.9772303104400635,False,595,2028
shuffle,4,0.919770359992981,-0.20719200372695923,0.20719200372695923,-4.355024218559265,4.355024218559265,False,595,2028
shuffle,5,0.9428176283836365,-0.12130635976791382,0.12130635976791382,-3.727832555770874,3.727832555770874,False,595,2028
shuffle,6,0.9204777479171753,-0.2522319555282593,0.2522319555282593,-4.607577085494995,4.607577085494995,False,595,2028
shuffle,7,0.8509950041770935,-0.028932809829711914,0.028932809829711914,-2.277956962585449,2.277956962585449,False,595,2028
shuffle,8,0.9320321083068848,-0.13883119821548462,0.13883119821548462,-3.8795357942581177,3.8795357942581177,False,595,2028
shuffle,9,0.953289270401001,-0.14501440525054932,0.14501440525054932,-3.929320812225342,3.929320812225342,False,595,2028
shuffle,10,0.9599031209945679,-0.019396305084228516,0.019396305084228516,-1.9188551902770996,1.9188551902770996,False,595,2028
shuffle,11,0.9409304857254028,-0.04119807481765747,0.04119807481765747,-2.6121978759765625,2.6121978759765625,False,595,2028
shuffle,12,0.9560180902481079,-0.13286936283111572,0.13286936283111572,-3.8297934532165527,3.8297934532165527,False,595,2028
shuffle,13,0.9374396800994873,-0.06634360551834106,0.06634360551834106,-3.085886001586914,3.085886001586914,False,595,2028
shuffle,14,0.9593016505241394,-0.015595734119415283,0.015595734119415283,-1.732715129852295,1.732715129852295,False,595,2028
shuffle,15,0.8246973156929016,-0.017711997032165527,0.017711997032165527,-1.8404221534729004,1.8404221534729004,False,595,2028
shuffle,16,0.9490289092063904,-0.2774934768676758,0.2774934768676758,-4.736335754394531,4.736335754394531,False,595,2028
shuffle,17,0.9608359336853027,-0.2076008915901184,0.2076008915901184,-4.357482194900513,4.357482194900513,False,595,2028
shuffle,18,0.9479809999465942,-0.25897079706192017,0.25897079706192017,-4.642690181732178,4.642690181732178,False,595,2028
shuffle,19,0.945136308670044,-0.12129384279251099,0.12129384279251099,-3.7277185916900635,3.7277185916900635,False,595,2028
shuffle,20,0.9612018465995789,-0.05878084897994995,0.05878084897994995,-2.96303653717041,2.96303653717041,False,595,2028
shuffle,21,0.8271783590316772,-0.24132943153381348,0.24132943153381348,-4.549453377723694,4.549453377723694,False,595,2028
shuffle,22,0.9367202520370483,-0.06572473049163818,0.06572473049163818,-3.076310634613037,3.076310634613037,False,595,2028
shuffle,23,0.943263053894043,-0.07660835981369019,0.07660835981369019,-3.234261989593506,3.234261989593506,False,595,2028
shuffle,24,0.8570707440376282,-0.22479784488677979,0.22479784488677979,-4.457864880561829,4.457864880561829,False,595,2028
shuffle,25,0.9492740631103516,-0.027579665184020996,0.027579665184020996,-2.233825206756592,2.233825206756592,False,595,2028
shuffle,26,0.8516592979431152,-0.13523024320602417,0.13523024320602417,-3.849705219268799,3.849705219268799,False,595,2028
shuffle,27,0.958556056022644,-0.05184882879257202,0.05184882879257202,-2.8375000953674316,2.8375000953674316,False,595,2028
shuffle,28,0.8473965525627136,-0.008692443370819092,0.008692443370819092,-1.274503231048584,1.274503231048584,False,595,2028
shuffle,29,0.9527919888496399,-0.05726701021194458,0.05726701021194458,-2.9367828369140625,2.9367828369140625,False,595,2028
uniform,0,0.45440468192100525,-0.0024271607398986816,0.0024271607398986816,-0.1893172264099121,0.1893172264099121,False,606,2028
shuffle,0,0.32776570320129395,-0.00019866228103637695,0.00019866228103637695,-0.01688098907470703,0.01688098907470703,False,606,2028
shuffle,1,0.14942112565040588,-0.005630671977996826,0.005630671977996826,-0.39547014236450195,0.39547014236450195,False,606,2028
shuffle,2,0.7939279079437256,-0.00789952278137207,0.00789952278137207,-0.5200560092926025,0.5200560092926025,False,606,2028
shuffle,3,0.6306784152984619,-0.007683992385864258,0.007683992385864258,-0.508845329284668,0.508845329284668,False,606,2028
shuffle,4,0.6769267320632935,-0.005931437015533447,0.005931437015533447,-0.4128727912902832,0.4128727912902832,False,606,2028
shuffle,5,0.7939279079437256,-0.006827056407928467,0.006827056407928467,-0.4630246162414551,0.4630246162414551,False,606,2028
shuffle,6,0.5826376676559448,-0.042778074741363525,0.042778074741363525,-1.5748796463012695,1.5748796463012695,False,606,2028
shuffle,7,0.7257015705108643,-0.04013782739639282,0.04013782739639282,-1.5225186347961426,1.5225186347961426,False,606,2028
shuffle,8,0.6881114840507507,0.00701528787612915,0.00701528787612915,0.9080486297607422,0.9080486297607422,False,606,2028
shuffle,9,0.5620452761650085,-0.003053128719329834,0.003053128719329834,-0.2329692840576172,0.2329692840576172,False,606,2028
shuffle,10,0.6742832064628601,-0.00706404447555542,0.00706404447555542,-0.47589969635009766,0.47589969635009766,False,606,2028
shuffle,11,0.6881115436553955,0.006778597831726074,0.006778597831726074,0.859675407409668,0.859675407409668,False,606,2028
shuffle,12,0.5922284722328186,-0.01952129602432251,0.01952129602432251,-0.9954314231872559,0.9954314231872559,False,606,2028
shuffle,13,0.777979850769043,0.001713395118713379,0.001713395118713379,0.15842008590698242,0.15842008590698242,False,606,2028
shuffle,14,0.39317256212234497,-0.012194216251373291,0.012194216251373291,-0.7215423583984375,0.7215423583984375,False,606,2028
shuffle,15,0.6975191831588745,-0.003426194190979004,0.003426194190979004,-0.2581315040588379,0.2581315040588379,False,606,2028
shuffle,16,0.47559282183647156,0.0035629868507385254,0.0035629868507385254,0.3625612258911133,0.3625612258911133,False,606,2028
shuffle,17,0.6246484518051147,-0.023465871810913086,0.023465871810913086,-1.118079662322998,1.118079662322998,False,606,2028
shuffle,18,0.779573917388916,0.007489800453186035,0.007489800453186035,1.0126533508300781,1.0126533508300781,False,606,2028
shuffle,19,0.6646924018859863,-0.003129720687866211,0.003129720687866211,-0.23818397521972656,0.23818397521972656,False,606,2028
shuffle,20,0.7071099281311035,-0.034200847148895264,0.034200847148895264,-1.3949222564697266,1.3949222564697266,False,606,2028
shuffle,21,0.32352811098098755,0.0008581280708312988,0.0008581280708312988,0.07628202438354492,0.07628202438354492,False,606,2028
shuffle,22,0.5434536933898926,0.0027728676795959473,0.0027728676795959473,0.2703056335449219,0.2703056335449219,False,606,2028
shuffle,23,0.9088093638420105,-0.005101323127746582,0.005101323127746582,-0.3641238212585449,0.3641238212585449,False,606,2028
shuffle,24,0.6646924018859863,0.0030401945114135742,0.0030401945114135742,0.30058908462524414,0.30058908462524414,False,606,2028
shuffle,25,0.7071099281311035,-0.014387547969818115,0.014387547969818115,-0.8112187385559082,0.8112187385559082,False,606,2028
shuffle,26,0.5810436606407166,-0.04174011945724487,0.04174011945724487,-1.55458664894104,1.55458664894104,False,606,2028
shuffle,27,0.4570011496543884,0.003448665142059326,0.003448665142059326,0.3486747741699219,0.3486747741699219,False,606,2028
shuffle,28,0.596466064453125,-0.01892852783203125,0.01892852783203125,-0.9757204055786133,0.9757204055786133,False,606,2028
shuffle,29,0.7753363251686096,-0.007265031337738037,0.007265031337738037,-0.4866950511932373,0.4866950511932373,False,606,2028
uniform,0,0.5681934356689453,0.015745222568511963,0.015745222568511963,0.08491003513336182,0.08491003513336182,False,610,2028
shuffle,0,0.7420979738235474,-0.08003705739974976,0.08003705739974976,-0.3875086307525635,0.3875086307525635,False,610,2028
shuffle,1,0.7576070427894592,-0.010862886905670166,0.010862886905670166,-0.0565643310546875,0.0565643310546875,False,610,2028
shuffle,2,0.7654668092727661,0.06916403770446777,0.06916403770446777,0.40670251846313477,0.40670251846313477,False,610,2028
shuffle,3,0.6733545064926147,-0.24897396564483643,0.24897396564483643,-1.089449506253004,1.089449506253004,True,610,2028
shuffle,4,0.817952573299408,0.07031232118606567,0.07031232118606567,0.41434597969055176,0.41434597969055176,False,610,2028
shuffle,5,0.6390251517295837,-0.19443416595458984,0.19443416595458984,-0.8705486953258514,0.8705486953258514,False,610,2028
shuffle,6,0.8776134252548218,-0.04832345247268677,0.04832345247268677,-0.2412009835243225,0.2412009835243225,False,610,2028
shuffle,7,0.47027552127838135,0.05910211801528931,0.05910211801528931,0.34124112129211426,0.34124112129211426,False,610,2028
shuffle,8,0.8918300271034241,0.06398415565490723,0.06398415565490723,0.37267088890075684,0.37267088890075684,False,610,2028
shuffle,9,0.7391258478164673,-0.22407609224319458,0.22407609224319458,-0.9898005872964859,0.9898005872964859,False,610,2028
shuffle,10,0.8004478216171265,0.06477516889572144,0.06477516889572144,0.37782132625579834,0.37782132625579834,False,610,2028
shuffle,11,0.6613322496414185,-0.24994876980781555,0.24994876980781555,-1.093348890542984,1.093348890542984,True,610,2028
shuffle,12,0.7964348793029785,-0.09758579730987549,0.09758579730987549,-0.4654287099838257,0.4654287099838257,False,610,2028
shuffle,13,0.7443109154701233,0.12371569871902466,0.12371569871902466,0.8215065002441406,0.8215065002441406,False,610,2028
shuffle,14,0.6199432611465454,-0.0069999098777771,0.0069999098777771,-0.036625027656555176,0.036625027656555176,False,610,2028
shuffle,15,0.5297700762748718,-0.1265057921409607,0.1265057921409607,-0.5901208817958832,0.5901208817958832,False,610,2028
shuffle,16,0.6208687424659729,0.11859512329101562,0.11859512329101562,0.7770156860351562,0.7770156860351562,False,610,2028
shuffle,17,0.7675268054008484,-0.11606168746948242,0.11606168746948242,-0.5455643534660339,0.5455643534660339,False,610,2028
shuffle,18,0.5884682536125183,-0.106045663356781,0.106045663356781,-0.5023443698883057,0.5023443698883057,False,610,2028
shuffle,19,0.6804786324501038,0.002167940139770508,0.002167940139770508,0.011477947235107422,0.011477947235107422,False,610,2028
shuffle,20,0.4111678898334503,0.05143439769744873,0.05143439769744873,0.2930605411529541,0.2930605411529541,False,610,2028
shuffle,21,0.7448880076408386,-0.1728535294532776,0.1728535294532776,-0.7828420102596283,0.7828420102596283,False,610,2028
shuffle,22,0.5249844193458557,0.023075997829437256,0.023075997829437256,0.12575483322143555,0.12575483322143555,False,610,2028
shuffle,23,0.670318067073822,-0.12566018104553223,0.12566018104553223,-0.5865313708782196,0.5865313708782196,False,610,2028
shuffle,24,0.7591664791107178,-0.03400754928588867,0.03400754928588867,-0.17236125469207764,0.17236125469207764,False,610,2028
shuffle,25,0.8212729692459106,0.1148141622543335,0.1148141622543335,0.7450680732727051,0.7450680732727051,False,610,2028
shuffle,26,0.7531605362892151,0.034833550453186035,0.034833550453186035,0.19321131706237793,0.19321131706237793,False,610,2028
shuffle,27,0.8949685096740723,0.0627286434173584,0.0627286434173584,0.3645298480987549,0.3645298480987549,False,610,2028
shuffle,28,0.902892529964447,0.08981835842132568,0.08981835842132568,0.5503017902374268,0.5503017902374268,False,610,2028
shuffle,29,0.6408485174179077,-0.007161319255828857,0.007161319255828857,-0.03746175765991211,0.03746175765991211,False,610,2028
uniform,0,0.6939443945884705,-0.2077556848526001,0.2077556848526001,-1.0479427576065063,1.0479427576065063,False,622,2028
shuffle,0,0.33841562271118164,-0.026271045207977295,0.026271045207977295,-0.16577255725860596,0.16577255725860596,False,622,2028
shuffle,1,0.9017472863197327,-0.3583541214466095,0.3583541214466095,-1.657596379518509,1.657596379518509,True,622,2028
shuffle,2,0.9142568707466125,-0.12077313661575317,0.12077313661575317,-0.6635496616363525,0.6635496616363525,False,622,2028
shuffle,3,0.880996584892273,-0.2993553876876831,0.2993553876876831,-1.4211536198854446,1.4211536198854446,False,622,2028
shuffle,4,0.9070608019828796,0.06504160165786743,0.06504160165786743,0.5109870433807373,0.5109870433807373,False,622,2028
shuffle,5,0.9132041335105896,-0.054693639278411865,0.054693639278411865,-0.3288733959197998,0.3288733959197998,False,622,2028
shuffle,6,0.8990549445152283,-0.46631067991256714,0.46631067991256714,-2.1084187030792236,2.1084187030792236,True,622,2028
shuffle,7,0.8729939460754395,-0.16703438758850098,0.16703438758850098,-0.8735107183456421,0.8735107183456421,False,622,2028
shuffle,8,0.8674061298370361,-0.38840070366859436,0.38840070366859436,-1.779462993144989,1.779462993144989,True,622,2028
shuffle,9,0.8866812586784363,-0.44860929250717163,0.44860929250717163,-2.0313788652420044,2.0313788652420044,True,622,2028
shuffle,10,0.8659480810165405,0.08995836973190308,0.08995836973190308,0.7724916934967041,0.7724916934967041,False,622,2028
shuffle,11,0.33306583762168884,-0.032567739486694336,0.032567739486694336,-0.20320045948028564,0.20320045948028564,False,622,2028
shuffle,12,0.8644675612449646,0.05495142936706543,0.05495142936706543,0.4184703826904297,0.4184703826904297,False,622,2028
shuffle,13,0.9196740984916687,-0.24730294942855835,0.24730294942855835,-1.2112665474414825,1.2112665474414825,False,622,2028
shuffle,14,0.8801987767219543,-0.14273381233215332,0.14273381233215332,-0.7651125192642212,0.7651125192642212,False,622,2028
shuffle,15,0.7658421397209167,0.06661999225616455,0.06661999225616455,0.5260629653930664,0.5260629653930664,False,622,2028
shuffle,16,0.8781723380088806,-0.45222237706184387,0.45222237706184387,-2.0469690561294556,2.0469690561294556,True,622,2028
shuffle,17,0.8950870037078857,-0.3867696523666382,0.3867696523666382,-1.7727996110916138,1.7727996110916138,True,622,2028
shuffle,18,0.8675742149353027,-0.2988585829734802,0.2988585829734802,-1.4191642478108406,1.4191642478108406,False,622,2028
shuffle,19,0.8460573554039001,-0.6990491226315498,0.6990491226315498,-3.5130927562713623,3.5130927562713623,True,622,2028
shuffle,20,0.9052366614341736,-0.21904391050338745,0.21904391050338745,-1.0950568318367004,1.0950568318367004,False,622,2028
shuffle,21,0.758365273475647,0.09740304946899414,0.09740304946899414,0.8625650405883789,0.8625650405883789,False,622,2028
shuffle,22,0.9152413010597229,-0.19276154041290283,0.19276154041290283,-0.9846044778823853,0.9846044778823853,False,622,2028
shuffle,23,0.882286787033081,0.06521260738372803,0.06521260738372803,0.5126122236251831,0.5126122236251831,False,622,2028
shuffle,24,0.9165860414505005,0.006602764129638672,0.006602764129638672,0.044478535652160645,0.044478535652160645,False,622,2028
shuffle,25,0.8984411358833313,-0.403855562210083,0.403855562210083,-1.8429447412490845,1.8429447412490845,True,622,2028
shuffle,26,0.7272258400917053,-0.30212414264678955,0.30212414264678955,-1.4322381988167763,1.4322381988167763,False,622,2028
shuffle,27,0.9125773310661316,-0.42702844738960266,0.42702844738960266,-1.9395268559455872,1.9395268559455872,True,622,2028
shuffle,28,0.9163591265678406,0.06636303663253784,0.06636303663253784,0.5235960483551025,0.5235960483551025,False,622,2028
shuffle,29,0.8662063479423523,-0.38485389947891235,0.38485389947891235,-1.764981359243393,1.764981359243393,True,622,2028
uniform,0,0.6111535429954529,-0.11114126443862915,0.11114126443862915,-1.045877456665039,1.045877456665039,False,634,2028
shuffle,0,0.6992253661155701,-0.30550068616867065,0.30550068616867065,-2.0363930761814117,2.0363930761814117,False,634,2028
shuffle,1,0.3784715533256531,0.004171311855316162,0.004171311855316162,0.06261086463928223,0.06261086463928223,False,634,2028
shuffle,2,0.7573109269142151,-0.06773406267166138,0.06773406267166138,-0.7266190052032471,0.7266190052032471,False,634,2028
shuffle,3,0.5953779220581055,-0.12505167722702026,0.12505167722702026,-1.1355843544006348,1.1355843544006348,False,634,2028
shuffle,4,0.7847050428390503,-0.24315893650054932,0.24315893650054932,-1.761156976222992,1.761156976222992,False,634,2028
shuffle,5,0.7683104872703552,-0.1459207534790039,0.1459207534790039,-1.2617413997650146,1.2617413997650146,False,634,2028
shuffle,6,0.5951519012451172,-0.14492523670196533,0.14492523670196533,-1.2559266090393066,1.2559266090393066,False,634,2028
shuffle,7,0.653162956237793,-0.06463390588760376,0.06463390588760376,-0.7008792161941528,0.7008792161941528,False,634,2028
shuffle,8,0.6193503141403198,-0.2136247158050537,0.2136247158050537,-1.6210360527038574,1.6210360527038574,False,634,2028
shuffle,9,0.8820825815200806,-0.3680083155632019,0.3680083155632019,-2.295068934559822,2.295068934559822,False,634,2028
shuffle,10,0.909142255783081,-0.1434069275856018,0.1434069275856018,-1.2470219135284424,1.2470219135284424,False,634,2028
shuffle,11,0.8464000225067139,-0.12707173824310303,0.12707173824310303,-1.1482127904891968,1.1482127904891968,False,634,2028
shuffle,12,0.8347756266593933,-0.010764122009277344,0.010764122009277344,-0.1477067470550537,0.1477067470550537,False,634,2028
shuffle,13,0.6398967504501343,-0.08060342073440552,0.08060342073440552,-0.8287067413330078,0.8287067413330078,False,634,2028
shuffle,14,0.8403314352035522,-0.2678385376930237,0.2678385376930237,-1.8729254603385925,1.8729254603385925,False,634,2028
shuffle,15,0.7853765487670898,0.013207554817199707,0.013207554817199707,0.21111416816711426,0.21111416816711426,False,634,2028
shuffle,16,0.7822872996330261,-0.007921755313873291,0.007921755313873291,-0.11044859886169434,0.11044859886169434,False,634,2028
shuffle,17,0.906112015247345,-0.2816070318222046,0.2816070318222046,-1.9335644245147705,1.9335644245147705,False,634,2028
shuffle,18,0.446327269077301,-0.0034562349319458008,0.0034562349319458008,-0.04946112632751465,0.04946112632751465,False,634,2028
shuffle,19,0.7248591780662537,-0.10101521015167236,0.10101521015167236,-0.9772453308105469,0.9772453308105469,False,634,2028
shuffle,20,0.9391617774963379,-0.13859093189239502,0.13859093189239502,-1.218474268913269,1.218474268913269,False,634,2028
shuffle,21,0.7266368865966797,-0.19682949781417847,0.19682949781417847,-1.5375440120697021,1.5375440120697021,False,634,2028
shuffle,22,0.6801403164863586,-0.25256407260894775,0.25256407260894775,-1.8042579889297485,1.8042579889297485,False,634,2028
shuffle,23,0.6310274600982666,-0.18914812803268433,0.18914812803268433,-1.4982811212539673,1.4982811212539673,False,634,2028
shuffle,24,0.634608268737793,-0.04348933696746826,0.04348933696746826,-0.5109851360321045,0.5109851360321045,False,634,2028
shuffle,25,0.5867092609405518,-0.22367870807647705,0.22367870807647705,-1.6696200966835022,1.6696200966835022,False,634,2028
shuffle,26,0.8531290888786316,-0.19040358066558838,0.19040358066558838,-1.5047478675842285,1.5047478675842285,False,634,2028
shuffle,27,0.8421415686607361,-0.12715470790863037,0.12715470790863037,-1.1487290859222412,1.1487290859222412,False,634,2028
shuffle,28,0.7576764822006226,-0.16353410482406616,0.16353410482406616,-1.3616602420806885,1.3616602420806885,False,634,2028
shuffle,29,0.5702704787254333,-0.14670664072036743,0.14670664072036743,-1.2663185596466064,1.2663185596466064,False,634,2028
uniform,0,0.5014429688453674,0.005899488925933838,0.005899488925933838,0.09352850914001465,0.09352850914001465,False,637,2028
shuffle,0,0.7040543556213379,0.012540459632873535,0.012540459632873535,0.20882129669189453,0.20882129669189453,False,637,2028
shuffle,1,0.7500064373016357,0.019961655139923096,0.019961655139923096,0.35331296920776367,0.35331296920776367,False,637,2028
shuffle,2,0.40267613530158997,0.028873682022094727,0.028873682022094727,0.5560369491577148,0.5560369491577148,False,637,2028
shuffle,3,0.7115492820739746,0.031137049198150635,0.031137049198150635,0.6140999794006348,0.6140999794006348,False,637,2028
shuffle,4,0.7489550113677979,-0.08010745048522949,0.08010745048522949,-0.8480982780456543,0.8480982780456543,False,637,2028
shuffle,5,0.7151087522506714,-0.043184876441955566,0.043184876441955566,-0.5246105194091797,0.5246105194091797,False,637,2028
shuffle,6,0.7563323378562927,-0.11647158861160278,0.11647158861160278,-1.1079522371292114,1.1079522371292114,False,637,2028
shuffle,7,0.380911648273468,0.020953357219696045,0.020953357219696045,0.3741164207458496,0.3741164207458496,False,637,2028
shuffle,8,0.6547367572784424,0.0070078372955322266,0.0070078372955322266,0.11197948455810547,0.11197948455810547,False,637,2028
shuffle,9,0.6557103395462036,0.009857654571533203,0.009857654571533203,0.16083192825317383,0.16083192825317383,False,637,2028
shuffle,10,0.44774824380874634,-0.02457594871520996,0.02457594871520996,-0.32532596588134766,0.32532596588134766,False,637,2028
shuffle,11,0.49239256978034973,-0.052509307861328125,0.052509307861328125,-0.6139202117919922,0.6139202117919922,False,637,2028
shuffle,12,0.6563540101051331,-0.004974782466888428,0.004974782466888428,-0.07341623306274414,0.07341623306274414,False,637,2028
shuffle,13,0.6901394724845886,0.04545682668685913,0.04545682668685913,1.0790016651153564,1.0790016651153564,False,637,2028
shuffle,14,0.5101253390312195,0.009387016296386719,0.009387016296386719,0.152618408203125,0.152618408203125,False,637,2028
shuffle,15,0.5826435685157776,0.03943371772766113,0.03943371772766113,0.8584105968475342,0.8584105968475342,False,637,2028
shuffle,16,0.5070693492889404,0.02499288320541382,0.02499288320541382,0.46314191818237305,0.46314191818237305,False,637,2028
shuffle,17,0.7041705250740051,-0.016471505165100098,0.016471505165100098,-0.22745704650878906,0.22745704650878906,False,637,2028
shuffle,18,0.5108872056007385,-0.012555480003356934,0.012555480003356934,-0.1771841049194336,0.1771841049194336,False,637,2028
shuffle,19,0.5010140538215637,0.03849154710769653,0.03849154710769653,0.827702522277832,0.827702522277832,False,637,2028
shuffle,20,0.48250719904899597,0.018861055374145508,0.018861055374145508,0.33066868782043457,0.33066868782043457,False,637,2028
shuffle,21,0.7342783212661743,0.026921331882476807,0.026921331882476807,0.5083189010620117,0.5083189010620117,False,637,2028
shuffle,22,0.18734735250473022,0.002448737621307373,0.002448737621307373,0.03790903091430664,0.03790903091430664,False,637,2028
shuffle,23,0.45066407322883606,0.008764982223510742,0.008764982223510742,0.14185404777526855,0.14185404777526855,False,637,2028
shuffle,24,0.7241345643997192,0.026590406894683838,0.026590406894683838,0.5004315376281738,0.5004315376281738,False,637,2028
shuffle,25,0.6526544094085693,0.024582326412200928,0.024582326412200928,0.45375919342041016,0.45375919342041016,False,637,2028
shuffle,26,0.7432728409767151,0.029205501079559326,0.029205501079559326,0.564356803894043,0.564356803894043,False,637,2028
shuffle,27,0.6630871891975403,0.050201594829559326,0.050201594829559326,1.292557716369629,1.292557716369629,False,637,2028
shuffle,28,0.4464206397533417,-0.12653887271881104,0.12653887271881104,-1.1728187799453735,1.1728187799453735,False,637,2028
shuffle,29,0.630889892578125,-0.007050514221191406,0.007050514221191406,-0.10274314880371094,0.10274314880371094,False,637,2028
uniform,0,0.7831182479858398,-0.010509788990020752,0.010509788990020752,-1.8799991607666016,1.8799991607666016,False,643,2028
shuffle,0,0.2828710675239563,-5.310773849487305e-05,5.310773849487305e-05,-0.027410507202148438,0.027410507202148438,False,643,2028
shuffle,1,0.9716615676879883,-0.023297786712646484,0.023297786712646484,-2.6006388664245605,2.6006388664245605,False,643,2028
shuffle,2,0.9686286449432373,-0.04281216859817505,0.04281216859817505,-3.1940689086914062,3.1940689086914062,False,643,2028
shuffle,3,0.9732806086540222,-0.10209226608276367,0.10209226608276367,-4.101996898651123,4.101996898651123,False,643,2028
shuffle,4,0.9746325612068176,-0.08520656824111938,0.08520656824111938,-3.906172275543213,3.906172275543213,False,643,2028
shuffle,5,0.9679104089736938,-0.0027074813842773438,0.0027074813842773438,-0.8835310935974121,0.8835310935974121,False,643,2028
shuffle,6,0.9603185653686523,-0.004763484001159668,0.004763484001159668,-1.2534890174865723,1.2534890174865723,False,643,2028
shuffle,7,0.9370297193527222,-0.00045228004455566406,0.00045228004455566406,-0.21236562728881836,0.21236562728881836,False,643,2028
shuffle,8,0.9697304964065552,-0.004512190818786621,0.004512190818786621,-1.2148823738098145,1.2148823738098145,False,643,2028
shuffle,9,0.910451352596283,-0.010900735855102539,0.010900735855102539,-1.9113731384277344,1.9113731384277344,False,643,2028
shuffle,10,0.9184946417808533,-0.08770996332168579,0.08770996332168579,-3.9372477531433105,3.9372477531433105,False,643,2028
shuffle,11,0.9872251152992249,-0.0019465088844299316,0.0019465088844299316,-0.702972412109375,0.702972412109375,False,643,2028
shuffle,12,0.2983628511428833,-0.0014433860778808594,0.0014433860778808594,-0.5629196166992188,0.5629196166992188,False,643,2028
shuffle,13,0.987025260925293,-0.019133329391479492,0.019133329391479492,-2.4158549308776855,2.4158549308776855,False,643,2028
shuffle,14,0.7432861328125,-0.008109629154205322,0.008109629154205322,-1.6629419326782227,1.6629419326782227,False,643,2028
shuffle,15,0.7412044405937195,-0.009666740894317627,0.009666740894317627,-1.8088884353637695,1.8088884353637695,False,643,2028
shuffle,16,0.294840008020401,0.0005017518997192383,0.0005017518997192383,0.30407142639160156,0.30407142639160156,False,643,2028
shuffle,17,0.695465087890625,-0.02137523889541626,0.02137523889541626,-2.519357681274414,2.519357681274414,False,643,2028
shuffle,18,0.9374744892120361,-0.003316521644592285,0.003316521644592285,-1.0078973770141602,1.0078973770141602,False,643,2028
shuffle,19,0.9308077096939087,-0.008646488189697266,0.008646488189697266,-1.7156572341918945,1.7156572341918945,False,643,2028
shuffle,20,0.9415923357009888,-0.09518945217132568,0.09518945217132568,-4.025649785995483,4.025649785995483,False,643,2028
shuffle,21,0.9740628600120544,-0.0031337738037109375,0.0031337738037109375,-0.9721651077270508,0.9721651077270508,False,643,2028
shuffle,22,0.035027068108320236,-3.814697265625e-05,3.814697265625e-05,-0.019750595092773438,0.019750595092773438,False,643,2028
shuffle,23,0.7133857607841492,-0.004439592361450195,0.004439592361450195,-1.2034549713134766,1.2034549713134766,False,643,2028
shuffle,24,0.7145363092422485,-0.011941373348236084,0.011941373348236084,-1.9904918670654297,1.9904918670654297,False,643,2028
shuffle,25,0.714024543762207,-0.006046414375305176,0.006046414375305176,-1.4304571151733398,1.4304571151733398,False,643,2028
shuffle,26,0.9424238801002502,-0.0012747645378112793,0.0012747645378112793,-0.5112314224243164,0.5112314224243164,False,643,2028
shuffle,27,0.9674497246742249,-0.042890071868896484,0.042890071868896484,-3.195889949798584,3.195889949798584,False,643,2028
shuffle,28,0.9701003432273865,-0.024744093418121338,0.024744093418121338,-2.657900333404541,2.657900333404541,False,643,2028
shuffle,29,0.9715756177902222,-0.09184503555297852,0.09184503555297852,-3.986905574798584,3.986905574798584,False,643,2028
uniform,0,0.5972402691841125,-0.0053504109382629395,0.0053504109382629395,-0.43419647216796875,0.43419647216796875,False,650,2028
shuffle,0,0.820855975151062,-0.004721164703369141,0.004721164703369141,-0.39168262481689453,0.39168262481689453,False,650,2028
shuffle,1,0.8085943460464478,-0.0027664899826049805,0.0027664899826049805,-0.24716758728027344,0.24716758728027344,False,650,2028
shuffle,2,0.7968124747276306,-0.004132091999053955,0.004132091999053955,-0.35022401809692383,0.35022401809692383,False,650,2028
shuffle,3,0.8028740286827087,-0.0029960274696350098,0.0029960274696350098,-0.2652263641357422,0.2652263641357422,False,650,2028
shuffle,4,0.8700145483016968,-0.0060080885887146,0.0060080885887146,-0.47683000564575195,0.47683000564575195,False,650,2028
shuffle,5,0.894110918045044,-0.003611266613006592,0.003611266613006592,-0.31212472915649414,0.31212472915649414,False,650,2028
shuffle,6,0.17346827685832977,-0.0024927854537963867,0.0024927854537963867,-0.22520828247070312,0.22520828247070312,False,650,2028
shuffle,7,0.7968124151229858,-0.0006264448165893555,0.0006264448165893555,-0.06142616271972656,0.06142616271972656,False,650,2028
shuffle,8,0.7571019530296326,0.003511488437652588,0.003511488437652588,0.4364452362060547,0.4364452362060547,False,650,2028
shuffle,9,0.7968123555183411,-0.006184995174407959,0.006184995174407959,-0.4880046844482422,0.4880046844482422,False,650,2028
shuffle,10,0.8482295870780945,-0.0183713436126709,0.0183713436126709,-1.0619325637817383,1.0619325637817383,False,650,2028
shuffle,11,0.8398848176002502,-0.020850837230682373,0.020850837230682373,-1.1482915878295898,1.1482915878295898,False,650,2028
shuffle,12,0.7939675450325012,-0.0037216544151306152,0.0037216544151306152,-0.32032299041748047,0.32032299041748047,False,650,2028
shuffle,13,0.931353747844696,-0.024022817611694336,0.024022817611694336,-1.249453067779541,1.249453067779541,False,650,2028
shuffle,14,0.7478159070014954,0.0023738741874694824,0.0023738741874694824,0.2736029624938965,0.2736029624938965,False,650,2028
shuffle,15,0.7941127419471741,0.003152012825012207,0.003152012825012207,0.3821077346801758,0.3821077346801758,False,650,2028
shuffle,16,0.7448899745941162,-0.0008732080459594727,0.0008732080459594727,-0.08464479446411133,0.08464479446411133,False,650,2028
shuffle,17,0.781198263168335,-0.013776719570159912,0.013776719570159912,-0.8804986476898193,0.8804986476898193,False,650,2028
shuffle,18,0.8212500214576721,-0.0002956390380859375,0.0002956390380859375,-0.029443740844726562,0.029443740844726562,False,650,2028
shuffle,19,0.882276177406311,-0.020203232765197754,0.020203232765197754,-1.1264028549194336,1.1264028549194336,False,650,2028
shuffle,20,0.7210198640823364,-0.0066506266593933105,0.0066506266593933105,-0.5168495178222656,0.5168495178222656,False,650,2028
shuffle,21,0.9555310606956482,-0.00384598970413208,0.00384598970413208,-0.3294663429260254,0.3294663429260254,False,650,2028
shuffle,22,0.8883094787597656,-0.022578120231628418,0.022578120231628418,-1.204561710357666,1.204561710357666,False,650,2028
shuffle,23,0.7450879812240601,0.0038226842880249023,0.0038226842880249023,0.4859590530395508,0.4859590530395508,False,650,2028
shuffle,24,0.8393129110336304,-3.075599670410156e-05,3.075599670410156e-05,-0.003097057342529297,0.003097057342529297,False,650,2028
shuffle,25,0.894342839717865,-0.018988072872161865,0.018988072872161865,-1.0840773582458496,1.0840773582458496,False,650,2028
shuffle,26,0.7968406677246094,-0.0010139942169189453,0.0010139942169189453,-0.0976572036743164,0.0976572036743164,False,650,2028
shuffle,27,0.9555311799049377,-0.008073806762695312,0.008073806762695312,-0.6003432273864746,0.6003432273864746,False,650,2028
shuffle,28,0.8699053525924683,-0.0017678141593933105,0.0017678141593933105,-0.1646566390991211,0.1646566390991211,False,650,2028
shuffle,29,0.6896483302116394,0.002477884292602539,0.002477884292602539,0.28745079040527344,0.28745079040527344,False,650,2028
uniform,0,0.549872636795044,-0.1538856029510498,0.1538856029510498,-0.9859205484390259,0.9859205484390259,False,656,2028
shuffle,0,0.7517000436782837,0.023615241050720215,0.023615241050720215,0.23165786266326904,0.23165786266326904,False,656,2028
shuffle,1,0.643361508846283,-0.37606731057167053,0.37606731057167053,-1.937852531671524,1.937852531671524,True,656,2028
shuffle,2,0.3982435166835785,0.012852907180786133,0.012852907180786133,0.12093889713287354,0.12093889713287354,False,656,2028
shuffle,3,0.7349130511283875,-0.49053895473480225,0.49053895473480225,-2.404800236225128,2.404800236225128,True,656,2028
shuffle,4,0.6534156203269958,0.022751450538635254,0.022751450538635254,0.22240793704986572,0.22240793704986572,False,656,2028
shuffle,5,0.6183465719223022,-0.09667450189590454,0.09667450189590454,-0.6819626092910767,0.6819626092910767,False,656,2028
shuffle,6,0.6265336871147156,-0.09138578176498413,0.09138578176498413,-0.6512871980667114,0.6512871980667114,False,656,2028
shuffle,7,0.6278789639472961,-0.4425499141216278,0.4425499141216278,-2.2056326270103455,2.2056326270103455,True,656,2028
shuffle,8,0.6338093280792236,-0.32834291458129883,0.32834291458129883,-1.7464913576841354,1.7464913576841354,False,656,2028
shuffle,9,0.8108576536178589,0.026623666286468506,0.026623666286468506,0.2644153833389282,0.2644153833389282,False,656,2028
shuffle,10,0.7890709042549133,-0.06828796863555908,0.06828796863555908,-0.5105944871902466,0.5105944871902466,False,656,2028
shuffle,11,0.7935428023338318,-0.36118364334106445,0.36118364334106445,-1.8783098608255386,1.8783098608255386,False,656,2028
shuffle,12,0.626406192779541,-0.4537898600101471,0.4537898600101471,-2.2516465187072754,2.2516465187072754,True,656,2028
shuffle,13,0.594211995601654,-0.06443321704864502,0.06443321704864502,-0.4859210252761841,0.4859210252761841,False,656,2028
shuffle,14,0.5251354575157166,-0.5459440648555756,0.5459440648555756,-2.6473500728607178,2.6473500728607178,True,656,2028
shuffle,15,0.860110878944397,0.004676163196563721,0.004676163196563721,0.042730093002319336,0.042730093002319336,False,656,2028
shuffle,16,0.85090571641922,-0.23700875043869019,0.23700875043869019,-1.3677141070365906,1.3677141070365906,False,656,2028
shuffle,17,0.5725278854370117,0.026645362377166748,0.026645362377166748,0.2646554708480835,0.2646554708480835,False,656,2028
shuffle,18,0.7141146063804626,-0.4042806923389435,0.4042806923389435,-2.0508763790130615,2.0508763790130615,True,656,2028
shuffle,19,0.8602383732795715,-0.03600114583969116,0.03600114583969116,-0.29095518589019775,0.29095518589019775,False,656,2028
shuffle,20,0.6382235884666443,0.0693252682685852,0.0693252682685852,0.8617457151412964,0.8617457151412964,False,656,2028
shuffle,21,0.8419246673583984,-0.08869457244873047,0.08869457244873047,-0.6354730129241943,0.6354730129241943,False,656,2028
shuffle,22,0.8102005124092102,-0.3984135687351227,0.3984135687351227,-2.027329735457897,2.027329735457897,True,656,2028
shuffle,23,0.6289304494857788,-0.2346130609512329,0.2346130609512329,-1.357356309890747,1.357356309890747,False,656,2028
shuffle,24,0.6879907846450806,-0.30857962369918823,0.30857962369918823,-1.6664904356002808,1.6664904356002808,False,656,2028
shuffle,25,0.7411301136016846,-0.023981750011444092,0.023981750011444092,-0.20030176639556885,0.20030176639556885,False,656,2028
shuffle,26,0.7712990045547485,-0.024182498455047607,0.024182498455047607,-0.20186376571655273,0.20186376571655273,False,656,2028
shuffle,27,0.628129243850708,-0.1330404281616211,0.1330404281616211,-0.8803410530090332,0.8803410530090332,False,656,2028
shuffle,28,0.6795456409454346,-0.007044672966003418,0.007044672966003418,-0.06191420555114746,0.06191420555114746,False,656,2028
shuffle,29,0.6223679780960083,-0.002943277359008789,0.002943277359008789,-0.02621316909790039,0.02621316909790039,False,656,2028
uniform,0,0.7949119806289673,-0.053150832653045654,0.053150832653045654,-3.6418023109436035,3.6418023109436035,False,657,2028
shuffle,0,0.90386563539505,-0.04711538553237915,0.04711538553237915,-3.5184450149536133,3.5184450149536133,False,657,2028
shuffle,1,0.9295123815536499,-0.49034565687179565,0.49034565687179565,-6.459573343396187,6.459573343396187,False,657,2028
shuffle,2,0.9207014441490173,-0.003910660743713379,0.003910660743713379,-1.2806034088134766,1.2806034088134766,False,657,2028
shuffle,3,0.9790089726448059,-0.025799810886383057,0.025799810886383057,-2.9194366931915283,2.9194366931915283,False,657,2028
shuffle,4,0.9359140992164612,-0.006205499172210693,0.006205499172210693,-1.6357603073120117,1.6357603073120117,False,657,2028
shuffle,5,0.9072339534759521,-0.5831764936447144,0.5831764936447144,-6.834196150302887,6.834196150302887,True,657,2028
shuffle,6,0.9390791058540344,-0.14084702730178833,0.14084702730178833,-4.696316719055176,4.696316719055176,False,657,2028
shuffle,7,0.8959935903549194,-0.03456294536590576,0.03456294536590576,-3.206756591796875,3.206756591796875,False,657,2028
shuffle,8,0.958356499671936,-0.1357397437095642,0.1357397437095642,-4.653843879699707,4.653843879699707,False,657,2028
shuffle,9,0.8897844552993774,-0.002437889575958252,0.002437889575958252,-0.9622783660888672,0.9622783660888672,False,657,2028
shuffle,10,0.9065704941749573,-0.03994548320770264,0.03994548320770264,-3.3514204025268555,3.3514204025268555,False,657,2028
shuffle,11,0.9348856806755066,-0.141588032245636,0.141588032245636,-4.7023725509643555,4.7023725509643555,False,657,2028
shuffle,12,0.9275383353233337,-0.017447590827941895,0.017447590827941895,-2.5458929538726807,2.5458929538726807,False,657,2028
shuffle,13,0.9686174392700195,-0.005504488945007324,0.005504488945007324,-1.539832592010498,1.539832592010498,False,657,2028
shuffle,14,0.9372682571411133,-0.029443204402923584,0.029443204402923584,-3.048403739929199,3.048403739929199,False,657,2028
shuffle,15,0.915613055229187,-0.010331034660339355,0.010331034660339355,-2.068129062652588,2.068129062652588,False,657,2028
shuffle,16,0.9361414909362793,-0.02460300922393799,0.02460300922393799,-2.873396873474121,2.873396873474121,False,657,2028
shuffle,17,0.957299530506134,-0.262175977230072,0.262175977230072,-5.465259432792664,5.465259432792664,False,657,2028
shuffle,18,0.9338582754135132,-0.03565782308578491,0.03565782308578491,-3.237790107727051,3.237790107727051,False,657,2028
shuffle,19,0.9830814599990845,-0.0374295711517334,0.0374295711517334,-3.286196708679199,3.286196708679199,False,657,2028
shuffle,20,0.9469076991081238,-0.019768178462982178,0.019768178462982178,-2.6637191772460938,2.6637191772460938,False,657,2028
shuffle,21,0.9504426717758179,-0.02388441562652588,0.02388441562652588,-2.8447580337524414,2.8447580337524414,False,657,2028
shuffle,22,0.8884339332580566,-0.6015874147415161,0.6015874147415161,-6.910542249679565,6.910542249679565,True,657,2028
shuffle,23,0.9617570042610168,-0.05560117959976196,0.05560117959976196,-3.6882481575012207,3.6882481575012207,False,657,2028
shuffle,24,0.9275888800621033,-0.0037322044372558594,0.0037322044372558594,-1.2469706535339355,1.2469706535339355,False,657,2028
shuffle,25,0.9233276844024658,-0.1245431900024414,0.1245431900024414,-4.555853486061096,4.555853486061096,False,657,2028
shuffle,26,0.8997367024421692,-0.583763062953949,0.583763062953949,-6.836612224578857,6.836612224578857,True,657,2028
shuffle,27,0.9630943536758423,-0.18997317552566528,0.18997317552566528,-5.051759719848633,5.051759719848633,False,657,2028
shuffle,28,0.9509555101394653,-0.630028247833252,0.630028247833252,-7.030976235866547,7.030976235866547,True,657,2028
shuffle,29,0.9463436007499695,-0.03459817171096802,0.03459817171096802,-3.207766056060791,3.207766056060791,False,657,2028
uniform,0,0.6661427021026611,0.0010750889778137207,0.0010750889778137207,0.12451601028442383,0.12451601028442383,False,663,2028
shuffle,0,0.8831120133399963,-0.003296494483947754,0.003296494483947754,-0.307891845703125,0.307891845703125,False,663,2028
shuffle,1,0.9005131125450134,-0.0163382887840271,0.0163382887840271,-1.0335195064544678,1.0335195064544678,False,663,2028
shuffle,2,0.8207346200942993,0.006677865982055664,0.006677865982055664,1.2841081619262695,1.2841081619262695,False,663,2028
shuffle,3,0.6908135414123535,-0.004825949668884277,0.004825949668884277,-0.4243960380554199,0.4243960380554199,False,663,2028
shuffle,4,0.8948245644569397,0.003698110580444336,0.003698110580444336,0.5135760307312012,0.5135760307312012,False,663,2028
shuffle,5,0.8151767253875732,-0.004398643970489502,0.004398643970489502,-0.39315032958984375,0.39315032958984375,False,663,2028
shuffle,6,0.7539417147636414,0.0011678338050842285,0.0011678338050842285,0.13601350784301758,0.13601350784301758,False,663,2028
shuffle,7,0.7405495643615723,-0.006010293960571289,0.006010293960571289,-0.5063338279724121,0.5063338279724121,False,663,2028
shuffle,8,0.736672043800354,-0.007208466529846191,0.007208466529846191,-0.5830931663513184,0.5830931663513184,False,663,2028
shuffle,9,0.8300920724868774,0.0008846521377563477,0.0008846521377563477,0.10132884979248047,0.10132884979248047,False,663,2028
shuffle,10,0.8134346008300781,-0.0008792877197265625,0.0008792877197265625,-0.09160137176513672,0.09160137176513672,False,663,2028
shuffle,11,0.6904460787773132,0.0007583498954772949,0.0007583498954772949,0.0862278938293457,0.0862278938293457,False,663,2028
shuffle,12,0.8301729559898376,-0.00667119026184082,0.00667119026184082,-0.549375057220459,0.549375057220459,False,663,2028
shuffle,13,0.6813077926635742,0.0016326308250427246,0.0016326308250427246,0.19564199447631836,0.19564199447631836,False,663,2028
shuffle,14,0.2931467294692993,0.0009242892265319824,0.0009242892265319824,0.10610485076904297,0.10610485076904297,False,663,2028
shuffle,15,0.8646272420883179,0.001839756965637207,0.001839756965637207,0.22339391708374023,0.22339391708374023,False,663,2028
shuffle,16,0.8232818841934204,-0.016579627990722656,0.016579627990722656,-1.04315185546875,1.04315185546875,False,663,2028
shuffle,17,0.7681099772453308,-0.007728755474090576,0.007728755474090576,-0.6147298812866211,0.6147298812866211,False,663,2028
shuffle,18,0.8442204594612122,0.0027213096618652344,0.0027213096618652344,0.35075998306274414,0.35075998306274414,False,663,2028
shuffle,19,0.8998799324035645,-0.002787351608276367,0.002787351608276367,-0.2659745216369629,0.2659745216369629,False,663,2028
shuffle,20,0.8930892944335938,-0.00969761610031128,0.00969761610031128,-0.7263913154602051,0.7263913154602051,False,663,2028
shuffle,21,0.8013224601745605,0.0004476308822631836,0.0004476308822631836,0.05001258850097656,0.05001258850097656,False,663,2028
shuffle,22,0.8056364059448242,0.005615592002868652,0.005615592002868652,0.9383401870727539,0.9383401870727539,False,663,2028
shuffle,23,0.8154198527336121,-0.0033200979232788086,0.0033200979232788086,-0.30979204177856445,0.30979204177856445,False,663,2028
shuffle,24,0.7194468975067139,0.0021752119064331055,0.0021752119064331055,0.2699856758117676,0.2699856758117676,False,663,2028
shuffle,25,0.7480597496032715,0.003545820713043213,0.003545820713043213,0.4864039421081543,0.4864039421081543,False,663,2028
shuffle,26,0.8809902667999268,0.0008048415184020996,0.0008048415184020996,0.09176301956176758,0.09176301956176758,False,663,2028
shuffle,27,0.7123204469680786,0.007552921772003174,0.007552921772003174,1.6990313529968262,1.6990313529968262,False,663,2028
shuffle,28,0.8562710285186768,-0.0032097697257995605,0.0032097697257995605,-0.3008713722229004,0.3008713722229004,False,663,2028
shuffle,29,0.7691808342933655,0.0041312575340271,0.0041312575340271,0.5951037406921387,0.5951037406921387,False,663,2028
uniform,0,0.8875856399536133,-0.14665120840072632,0.14665120840072632,-1.5352685451507568,1.5352685451507568,False,664,2028
shuffle,0,0.9959641098976135,-0.5143611431121826,0.5143611431121826,-3.201227694749832,3.201227694749832,True,664,2028
shuffle,1,0.4742954671382904,-0.1508176326751709,0.1508176326751709,-1.5614217519760132,1.5614217519760132,False,664,2028
shuffle,2,0.5743944644927979,-0.0035362839698791504,0.0035362839698791504,-0.07190370559692383,0.07190370559692383,False,664,2028
shuffle,3,0.9933348298072815,-0.2513028383255005,0.2513028383255005,-2.1013295650482178,2.1013295650482178,False,664,2028
shuffle,4,0.9788041710853577,-0.5807713568210602,0.5807713568210602,-3.477902412414551,3.477902412414551,True,664,2028
shuffle,5,0.9949413537979126,-0.0006309151649475098,0.0006309151649475098,-0.013172388076782227,0.013172388076782227,False,664,2028
shuffle,6,0.9655391573905945,-0.3511806130409241,0.3511806130409241,-2.5418106019496918,2.5418106019496918,False,664,2028
shuffle,7,0.9938803315162659,-0.30449509620666504,0.30449509620666504,-2.3430458307266235,2.3430458307266235,False,664,2028
shuffle,8,0.9955422878265381,-0.3739650249481201,0.3739650249481201,-2.6358330249786377,2.6358330249786377,False,664,2028
shuffle,9,0.9936332106590271,-0.12501084804534912,0.12501084804534912,-1.3921769857406616,1.3921769857406616,False,664,2028
shuffle,10,0.9647828340530396,-0.3307916522026062,0.3307916522026062,-2.456179141998291,2.456179141998291,False,664,2028
shuffle,11,0.9600585103034973,-0.13798797130584717,0.13798797130584717,-1.479515790939331,1.479515790939331,False,664,2028
shuffle,12,0.982192873954773,-0.2449067234992981,0.2449067234992981,-2.07076758146286,2.07076758146286,False,664,2028
shuffle,13,0.9926813840866089,-0.09088468551635742,0.09088468551635742,-1.134903073310852,1.134903073310852,False,664,2028
shuffle,14,0.965218722820282,-0.09139740467071533,0.09139740467071533,-1.1391291618347168,1.1391291618347168,False,664,2028
shuffle,15,0.9940797686576843,-0.21704810857772827,0.21704810857772827,-1.9328242540359497,1.9328242540359497,False,664,2028
shuffle,16,0.9776870608329773,-0.17250126600265503,0.17250126600265503,-1.6914088726043701,1.6914088726043701,False,664,2028
shuffle,17,0.5764210820198059,-0.03395360708236694,0.03395360708236694,-0.553645133972168,0.553645133972168,False,664,2028
shuffle,18,0.9851109385490417,-0.19371116161346436,0.19371116161346436,-1.810075044631958,1.810075044631958,False,664,2028
shuffle,19,0.46588563919067383,-0.0670633316040039,0.0670633316040039,-0.9224996566772461,0.9224996566772461,False,664,2028
shuffle,20,0.9917213916778564,-0.17918938398361206,0.17918938398361206,-1.729649543762207,1.729649543762207,False,664,2028
shuffle,21,0.9892969131469727,-0.1432294249534607,0.1432294249534607,-1.5134751796722412,1.5134751796722412,False,664,2028
shuffle,22,0.9944025278091431,-0.21983754634857178,0.21983754634857178,-1.9470245242118835,1.9470245242118835,False,664,2028
shuffle,23,0.9913382530212402,-0.06404930353164673,0.06404930353164673,-0.8930346965789795,0.8930346965789795,False,664,2028
shuffle,24,0.9656103849411011,-0.23999977111816406,0.23999977111816406,-2.0470590591430664,2.0470590591430664,False,664,2028
shuffle,25,0.470110148191452,-0.0580715537071228,0.0580715537071228,-0.832531213760376,0.832531213760376,False,664,2028
shuffle,26,0.9957922101020813,-0.2964925765991211,0.2964925765991211,-2.3078975677490234,2.3078975677490234,False,664,2028
shuffle,27,0.9902414679527283,-0.1365659236907959,0.1365659236907959,-1.4701777696609497,1.4701777696609497,False,664,2028
shuffle,28,0.9665330052375793,-0.4696378707885742,0.4696378707885742,-3.020931527018547,3.020931527018547,True,664,2028
shuffle,29,0.4608542323112488,-0.18236076831817627,0.18236076831817627,-1.7475082874298096,1.7475082874298096,False,664,2028
uniform,0,0.666533887386322,-0.3695560395717621,0.3695560395717621,-1.6017175316810608,1.6017175316810608,True,670,2028
shuffle,0,0.8547317385673523,-0.48503655195236206,0.48503655195236206,-2.123646080493927,2.123646080493927,True,670,2028
shuffle,1,0.44276246428489685,-0.08677834272384644,0.08677834272384644,-0.43249237537384033,0.43249237537384033,False,670,2028
shuffle,2,0.9274663925170898,-0.4960521161556244,0.4960521161556244,-2.179255723953247,2.179255723953247,True,670,2028
shuffle,3,0.431344598531723,-0.17621523141860962,0.17621523141860962,-0.8181527853012085,0.8181527853012085,False,670,2028
shuffle,4,0.9259893298149109,-0.4203356206417084,0.4203356206417084,-1.82036554813385,1.82036554813385,True,670,2028
shuffle,5,0.6790658235549927,-0.11605477333068848,0.11605477333068848,-0.5632677674293518,0.5632677674293518,False,670,2028
shuffle,6,0.939839243888855,-0.26029837131500244,0.26029837131500244,-1.158004142343998,1.158004142343998,False,670,2028
shuffle,7,0.5762728452682495,-0.3008602261543274,0.3008602261543274,-1.3205480575561523,1.3205480575561523,True,670,2028
shuffle,8,0.9248545169830322,-0.4951883554458618,0.4951883554458618,-2.174843668937683,2.174843668937683,True,670,2028
shuffle,9,0.8557068109512329,-0.3724711239337921,0.3724711239337921,-1.613951563835144,1.613951563835144,True,670,2028
shuffle,10,0.518303394317627,-0.12314140796661377,0.12314140796661377,-0.5941462516784668,0.5941462516784668,False,670,2028
shuffle,11,0.6625679135322571,-0.2553218603134155,0.2553218603134155,-1.138096109032631,1.138096109032631,False,670,2028
shuffle,12,0.9135892391204834,-0.42577773332595825,0.42577773332595825,-1.8446285724639893,1.8446285724639893,True,670,2028
shuffle,13,0.5867630243301392,-0.4601978659629822,0.4601978659629822,-2.002987325191498,2.002987325191498,True,670,2028
shuffle,14,0.5603001713752747,-0.17139166593551636,0.17139166593551636,-0.7982276976108551,0.7982276976108551,False,670,2028
shuffle,15,0.933306872844696,-0.4438930153846741,0.4438930153846741,-1.9268423318862915,1.9268423318862915,True,670,2028
shuffle,16,0.6684151887893677,-0.3175598084926605,0.3175598084926605,-1.387934684753418,1.387934684753418,True,670,2028
shuffle,17,0.662441074848175,-0.2885339856147766,0.2885339856147766,-1.271038495004177,1.271038495004177,True,670,2028
shuffle,18,0.9222562909126282,-0.44348257780075073,0.44348257780075073,-1.9249532222747803,1.9249532222747803,True,670,2028
shuffle,19,0.6591030955314636,-0.19956600666046143,0.19956600666046143,-0.9137166440486908,0.9137166440486908,False,670,2028
shuffle,20,0.9348308444023132,-0.5168419778347015,0.5168419778347015,-2.288372039794922,2.288372039794922,True,670,2028
shuffle,21,0.9321390986442566,-0.5602840334177017,0.5602840334177017,-2.5387706756591797,2.5387706756591797,True,670,2028
shuffle,22,0.655625581741333,-0.2515959143638611,0.2515959143638611,-1.123187080025673,1.123187080025673,False,670,2028
shuffle,23,0.8400712609291077,-0.4187846779823303,0.4187846779823303,-1.8134851455688477,1.8134851455688477,True,670,2028
shuffle,24,0.8612452745437622,-0.42349520325660706,0.42349520325660706,-1.834429144859314,1.834429144859314,True,670,2028
shuffle,25,0.8398261070251465,-0.5086463689804077,0.5086463689804077,-2.244659423828125,2.244659423828125,True,670,2028
shuffle,26,0.43293440341949463,-0.2425616979598999,0.2425616979598999,-1.087013728916645,1.087013728916645,False,670,2028
shuffle,27,0.7955255508422852,-0.1876477599143982,0.1876477599143982,-0.865111768245697,0.865111768245697,False,670,2028
shuffle,28,0.834156334400177,-0.5864827185869217,0.5864827185869217,-2.709664821624756,2.709664821624756,True,670,2028
shuffle,29,0.6542234420776367,-0.2476024031639099,0.2476024031639099,-1.1072018407285213,1.1072018407285213,False,670,2028
uniform,0,0.8201523423194885,-0.6055658757686615,0.6055658757686615,-2.8519943952560425,2.8519943952560425,True,678,2028
shuffle,0,0.8814387321472168,-0.10103774070739746,0.10103774070739746,-0.6295779943466187,0.6295779943466187,False,678,2028
shuffle,1,0.9917190074920654,-0.7201070934534073,0.7201070934534073,-3.642591953277588,3.642591953277588,True,678,2028
shuffle,2,0.9951285719871521,-0.4737253189086914,0.4737253189086914,-2.2231298685073853,2.2231298685073853,True,678,2028
shuffle,3,0.9374549388885498,-0.15342164039611816,0.15342164039611816,-0.888812780380249,0.888812780380249,False,678,2028
shuffle,4,0.9357266426086426,-0.7523859888315201,0.7523859888315201,-3.9774482250213623,3.9774482250213623,True,678,2028
shuffle,5,0.9881118535995483,-0.3608258068561554,0.3608258068561554,-1.7597408518195152,1.7597408518195152,True,678,2028
shuffle,6,0.8290363550186157,-0.5439783930778503,0.5439783930778503,-2.5387502908706665,2.5387502908706665,True,678,2028
shuffle,7,0.9834020733833313,-0.708378255367279,0.708378255367279,-3.5394322872161865,3.5394322872161865,True,678,2028
shuffle,8,0.9830576181411743,-0.581145703792572,0.581145703792572,-2.7222886085510254,2.7222886085510254,True,678,2028
shuffle,9,0.9834860563278198,-0.39211809635162354,0.39211809635162354,-1.8854451775550842,1.8854451775550842,True,678,2028
shuffle,10,0.9654344916343689,-0.5593496561050415,0.5593496561050415,-2.6128960847854614,2.6128960847854614,True,678,2028
shuffle,11,0.8829975128173828,-0.6846152991056442,0.6846152991056442,-3.3513100147247314,3.3513100147247314,True,678,2028
shuffle,12,0.9640145301818848,-0.5503416955471039,0.5503416955471039,-2.569170355796814,2.569170355796814,True,678,2028
shuffle,13,0.992495059967041,-0.6283596605062485,0.6283596605062485,-2.9815075397491455,2.9815075397491455,True,678,2028
shuffle,14,0.8725894093513489,-0.046300649642944336,0.046300649642944336,-0.31792330741882324,0.31792330741882324,False,678,2028
shuffle,15,0.974687397480011,-0.38691356778144836,0.38691356778144836,-1.864461600780487,1.864461600780487,True,678,2028
shuffle,16,0.3786340653896332,0.08358371257781982,0.08358371257781982,0.8702578544616699,0.8702578544616699,False,678,2028
shuffle,17,0.36737126111984253,0.04661059379577637,0.04661059379577637,0.41176438331604004,0.41176438331604004,False,678,2028
shuffle,18,0.9937002658843994,-0.706916868686676,0.706916868686676,-3.527108907699585,3.527108907699585,True,678,2028
shuffle,19,0.9762632846832275,-0.5910413563251495,0.5910413563251495,-2.773849129676819,2.773849129676819,True,678,2028
shuffle,20,0.9642716646194458,-0.7480977028608322,0.7480977028608322,-3.927513837814331,3.927513837814331,True,678,2028
shuffle,21,0.995535671710968,-0.31943488121032715,0.31943488121032715,-1.594065748155117,1.594065748155117,False,678,2028
shuffle,22,0.7827906608581543,0.04120546579360962,0.04120546579360962,0.3569605350494385,0.3569605350494385,False,678,2028
shuffle,23,0.9659447073936462,-0.8243139982223511,0.8243139982223511,-5.547533273696899,5.547533273696899,True,678,2028
shuffle,24,0.8881906270980835,-0.675032451748848,0.675032451748848,-3.2818455696105957,3.2818455696105957,True,678,2028
shuffle,25,0.8185819387435913,-0.05291253328323364,0.05291253328323364,-0.3585745096206665,0.3585745096206665,False,678,2028
shuffle,26,0.9843435287475586,-0.7857858501374722,0.7857858501374722,-4.460036993026733,4.460036993026733,True,678,2028
shuffle,27,0.9673385620117188,-0.7322786897420883,0.7322786897420883,-3.7588250637054443,3.7588250637054443,True,678,2028
shuffle,28,0.9758080244064331,-0.5231024622917175,0.5231024622917175,-2.441401422023773,2.441401422023773,True,678,2028
shuffle,29,0.991927444934845,-0.7778355330228806,0.7778355330228806,-4.3258421421051025,4.3258421421051025,True,678,2028
uniform,0,0.7394278049468994,-0.006380200386047363,0.006380200386047363,-2.3985328674316406,2.3985328674316406,False,680,2028
shuffle,0,0.9272780418395996,-0.006326735019683838,0.006326735019683838,-2.3908305168151855,2.3908305168151855,False,680,2028
shuffle,1,0.9425299763679504,-0.026256263256072998,0.026256263256072998,-3.7617220878601074,3.7617220878601074,False,680,2028
shuffle,2,0.8825961351394653,-0.0270383358001709,0.0270383358001709,-3.7911882400512695,3.7911882400512695,False,680,2028
shuffle,3,0.8789769411087036,-0.0006667375564575195,0.0006667375564575195,-0.7128686904907227,0.7128686904907227,False,680,2028
shuffle,4,0.9636185765266418,-0.028273582458496094,0.028273582458496094,-3.836115837097168,3.836115837097168,False,680,2028
shuffle,5,0.9548406600952148,-0.023595154285430908,0.023595154285430908,-3.654818058013916,3.654818058013916,False,680,2028
shuffle,6,0.9322264790534973,-0.012679517269134521,0.012679517269134521,-3.045196533203125,3.045196533203125,False,680,2028
shuffle,7,0.9496192932128906,-0.0007636547088623047,0.0007636547088623047,-0.7844142913818359,0.7844142913818359,False,680,2028
shuffle,8,0.9325574040412903,-0.021802067756652832,0.021802067756652832,-3.576117992401123,3.576117992401123,False,680,2028
shuffle,9,0.8966668844223022,-0.005668699741363525,0.005668699741363525,-2.2909908294677734,2.2909908294677734,False,680,2028
shuffle,10,0.8881413340568542,-0.00981152057647705,0.00981152057647705,-2.799851417541504,2.799851417541504,False,680,2028
shuffle,11,0.956719160079956,-0.007053494453430176,0.007053494453430176,-2.4907569885253906,2.4907569885253906,False,680,2028
shuffle,12,0.8621060252189636,-0.0041661858558654785,0.0041661858558654785,-2.0175561904907227,2.0175561904907227,False,680,2028
shuffle,13,0.9554837942123413,-0.005505502223968506,0.005505502223968506,-2.264616012573242,2.264616012573242,False,680,2028
shuffle,14,0.9623227119445801,-0.003233671188354492,0.003233671188354492,-1.8010210990905762,1.8010210990905762,False,680,2028
shuffle,15,0.8856133818626404,-0.010241270065307617,0.010241270065307617,-2.8405704498291016,2.8405704498291016,False,680,2028
shuffle,16,0.9171023368835449,-0.004960119724273682,0.004960119724273682,-2.171173095703125,2.171173095703125,False,680,2028
shuffle,17,0.8597029447555542,-0.005656898021697998,0.005656898021697998,-2.2890987396240234,2.2890987396240234,False,680,2028
shuffle,18,0.9559360146522522,-0.019749701023101807,0.019749701023101807,-3.4781289100646973,3.4781289100646973,False,680,2028
shuffle,19,0.9117187261581421,-0.0005681514739990234,0.0005681514739990234,-0.6344189643859863,0.6344189643859863,False,680,2028
shuffle,20,0.8187605738639832,-0.0019432902336120605,0.0019432902336120605,-1.3948497772216797,1.3948497772216797,False,680,2028
shuffle,21,0.9199363589286804,-0.008204817771911621,0.008204817771911621,-2.631343364715576,2.631343364715576,False,680,2028
shuffle,22,0.8963217735290527,-0.0008469820022583008,0.0008469820022583008,-0.8420696258544922,0.8420696258544922,False,680,2028
shuffle,23,0.9418169856071472,-0.0054808855056762695,0.0054808855056762695,-2.260591506958008,2.260591506958008,False,680,2028
shuffle,24,0.9378886222839355,-0.006171166896820068,0.006171166896820068,-2.3681020736694336,2.3681020736694336,False,680,2028
shuffle,25,0.23542702198028564,-0.0004051327705383301,0.0004051327705383301,-0.48960399627685547,0.48960399627685547,False,680,2028
shuffle,26,0.8968380093574524,-0.0016207098960876465,0.0016207098960876465,-1.2612547874450684,1.2612547874450684,False,680,2028
shuffle,27,0.879853367805481,-0.007831931114196777,0.007831931114196777,-2.587909698486328,2.587909698486328,False,680,2028
shuffle,28,0.8975576162338257,-0.005034983158111572,0.005034983158111572,-2.184518814086914,2.184518814086914,False,680,2028
shuffle,29,0.9271504878997803,-0.004718184471130371,0.004718184471130371,-2.1267967224121094,2.1267967224121094,False,680,2028
uniform,0,0.7598965764045715,-0.16150283813476562,0.16150283813476562,-1.7534258365631104,1.7534258365631104,False,681,2028
shuffle,0,0.8750696182250977,-0.32310396432876587,0.32310396432876587,-2.56377112865448,2.56377112865448,False,681,2028
shuffle,1,0.9258826375007629,-0.39374566078186035,0.39374566078186035,-2.8584815859794617,2.8584815859794617,False,681,2028
shuffle,2,0.9443118572235107,-0.40880608558654785,0.40880608558654785,-2.9194996654987335,2.9194996654987335,False,681,2028
shuffle,3,0.8756083250045776,-0.008860886096954346,0.008860886096954346,-0.1986837387084961,0.1986837387084961,False,681,2028
shuffle,4,0.9223644137382507,-0.2892865538597107,0.2892865538597107,-2.4147772789001465,2.4147772789001465,False,681,2028
shuffle,5,0.9479248523712158,-0.33255863189697266,0.33255863189697266,-2.604318380355835,2.604318380355835,False,681,2028
shuffle,6,0.9438464641571045,-0.28793764114379883,0.28793764114379883,-2.408686637878418,2.408686637878418,False,681,2028
shuffle,7,0.9432674646377563,-0.2763338088989258,0.2763338088989258,-2.355756402015686,2.355756402015686,False,681,2028
shuffle,8,0.8971117734909058,-0.013602495193481445,0.013602495193481445,-0.2920043468475342,0.2920043468475342,False,681,2028
shuffle,9,0.9946701526641846,-0.32120180130004883,0.32120180130004883,-2.5555607080459595,2.5555607080459595,False,681,2028
shuffle,10,0.9437624216079712,-0.41823136806488037,0.41823136806488037,-2.9574960470199585,2.9574960470199585,False,681,2028
shuffle,11,0.9940913319587708,-0.045406341552734375,0.045406341552734375,-0.7753944396972656,0.7753944396972656,False,681,2028
shuffle,12,0.12741619348526,-0.004844248294830322,0.004844248294830322,-0.1130228042602539,0.1130228042602539,False,681,2028
shuffle,13,0.12786023318767548,0.0020316243171691895,0.0020316243171691895,0.051106929779052734,0.051106929779052734,False,681,2028
shuffle,14,0.12380323559045792,-0.0009084939956665039,0.0009084939956665039,-0.02210259437561035,0.02210259437561035,False,681,2028
shuffle,15,0.9987379908561707,-0.05307912826538086,0.05307912826538086,-0.867527961730957,0.867527961730957,False,681,2028
shuffle,16,0.92551189661026,-0.39891964197158813,0.39891964197158813,-2.879492312669754,2.879492312669754,False,681,2028
shuffle,17,0.9901369214057922,-0.10713523626327515,0.10713523626327515,-1.3774166107177734,1.3774166107177734,False,681,2028
shuffle,18,0.8974719047546387,-0.013545036315917969,0.013545036315917969,-0.29091858863830566,0.29091858863830566,False,681,2028
shuffle,19,0.9437329769134521,-0.07539862394332886,0.07539862394332886,-1.102393388748169,1.102393388748169,False,681,2028
shuffle,20,0.9987379312515259,-0.40980833768844604,0.40980833768844604,-2.92354653775692,2.92354653775692,False,681,2028
shuffle,21,0.07738848775625229,-0.006821870803833008,0.006821870803833008,-0.15602445602416992,0.15602445602416992,False,681,2028
shuffle,22,0.12366831302642822,0.0011205673217773438,0.0011205673217773438,0.027890682220458984,0.027890682220458984,False,681,2028
shuffle,23,0.9981885552406311,-0.31388431787490845,0.31388431787490845,-2.523801624774933,2.523801624774933,False,681,2028
shuffle,24,0.8715406060218811,-0.018223464488983154,0.018223464488983154,-0.376068115234375,0.376068115234375,False,681,2028
shuffle,25,0.9255225658416748,-0.43336087465286255,0.43336087465286255,-3.0182633325457573,3.0182633325457573,False,681,2028
shuffle,26,0.9397786855697632,-0.09423911571502686,0.09423911571502686,-1.2722374200820923,1.2722374200820923,False,681,2028
shuffle,27,0.07705791294574738,-0.007258355617523193,0.007258355617523193,-0.16529560089111328,0.16529560089111328,False,681,2028
shuffle,28,0.9946702718734741,-0.10970056056976318,0.10970056056976318,-1.3974366188049316,1.3974366188049316,False,681,2028
shuffle,29,0.8243404626846313,-0.34481942653656006,0.34481942653656006,-2.6563002467155457,2.6563002467155457,False,681,2028
uniform,0,0.8153744339942932,0.12776726484298706,0.12776726484298706,0.7595874071121216,0.7595874071121216,False,684,2028
shuffle,0,0.7508245706558228,-0.13454586267471313,0.13454586267471313,-0.5952816307544708,0.5952816307544708,False,684,2028
shuffle,1,0.952842116355896,-0.10042983293533325,0.10042983293533325,-0.45333749055862427,0.45333749055862427,False,684,2028
shuffle,2,0.9841400980949402,0.20010900497436523,0.20010900497436523,1.4591397047042847,1.4591397047042847,False,684,2028
shuffle,3,0.9616777896881104,0.22895103693008423,0.22895103693008423,1.9062656164169312,1.9062656164169312,False,684,2028
shuffle,4,0.9512879252433777,0.09017932415008545,0.09017932415008545,0.4994238615036011,0.4994238615036011,False,684,2028
shuffle,5,0.7724603414535522,-0.013554513454437256,0.013554513454437256,-0.0656234622001648,0.0656234622001648,False,684,2028
shuffle,6,0.9657222032546997,0.20806032419204712,0.20806032419204712,1.5663279294967651,1.5663279294967651,False,684,2028
shuffle,7,0.9747881889343262,0.1807270646095276,0.1807270646095276,1.231746792793274,1.231746792793274,False,684,2028
shuffle,8,0.9684919118881226,0.1762251853942871,0.1762251853942871,1.1843780279159546,1.1843780279159546,False,684,2028
shuffle,9,0.934699535369873,0.25947660207748413,0.25947660207748413,2.7280949354171753,2.7280949354171753,False,684,2028
shuffle,10,0.9755915999412537,0.21832668781280518,0.21832668781280518,1.720920443534851,1.720920443534851,False,684,2028
shuffle,11,0.9687944054603577,0.006834506988525391,0.006834506988525391,0.033798038959503174,0.033798038959503174,False,684,2028
shuffle,12,0.945561408996582,0.16036051511764526,0.16036051511764526,1.0300898551940918,1.0300898551940918,False,684,2028
shuffle,13,0.9555132985115051,0.10836708545684814,0.10836708545684814,0.6198462247848511,0.6198462247848511,False,684,2028
shuffle,14,0.9535410404205322,-0.020769119262695312,0.020769119262695312,-0.09984993934631348,0.09984993934631348,False,684,2028
shuffle,15,0.9669274687767029,0.018896281719207764,0.018896281719207764,0.09472191333770752,0.09472191333770752,False,684,2028
shuffle,16,0.775059163570404,0.002967238426208496,0.002967238426208496,0.014612436294555664,0.014612436294555664,False,684,2028
shuffle,17,0.9755197167396545,0.20471692085266113,0.20471692085266113,1.5200778245925903,1.5200778245925903,False,684,2028
shuffle,18,0.9797934889793396,0.17252427339553833,0.17252427339553833,1.1467121839523315,1.1467121839523315,False,684,2028
shuffle,19,0.7782590985298157,0.15887433290481567,0.15887433290481567,1.0165225267410278,1.0165225267410278,False,684,2028
shuffle,20,0.7600131034851074,-0.12032294273376465,0.12032294273376465,-0.5365785360336304,0.5365785360336304,False,684,2028
shuffle,21,0.7707585096359253,-0.00981295108795166,0.00981295108795166,-0.04768639802932739,0.04768639802932739,False,684,2028
shuffle,22,0.7546279430389404,-0.013516664505004883,0.013516664505004883,-0.06544256210327148,0.06544256210327148,False,684,2028
shuffle,23,0.9592167735099792,0.20732808113098145,0.20732808113098145,1.5560439825057983,1.5560439825057983,False,684,2028
shuffle,24,0.9766110777854919,0.24397629499435425,0.24397629499435425,2.235164523124695,2.235164523124695,False,684,2028
shuffle,25,0.9838162660598755,0.24729114770889282,0.24729114770889282,2.323210597038269,2.323210597038269,False,684,2028
shuffle,26,0.9640181064605713,0.1768997311592102,0.1768997311592102,1.1913632154464722,1.1913632154464722,False,684,2028
shuffle,27,0.9647192358970642,0.2091885209083557,0.2091885209083557,1.582351565361023,1.582351565361023,False,684,2028
shuffle,28,0.9609319567680359,-0.1042405366897583,0.1042405366897583,-0.4693980813026428,0.4693980813026428,False,684,2028
shuffle,29,0.9732067584991455,0.25410592555999756,0.25410592555999756,2.5305222272872925,2.5305222272872925,False,684,2028
uniform,0,0.7427588105201721,-0.23813366889953613,0.23813366889953613,-1.5447636842727661,1.5447636842727661,False,689,2028
shuffle,0,0.9196733236312866,-0.3963894844055176,0.3963894844055176,-2.203292667865753,2.203292667865753,False,689,2028
shuffle,1,0.9239568710327148,-0.7054464519023895,0.7054464519023895,-3.631789207458496,3.631789207458496,True,689,2028
shuffle,2,0.9361168146133423,-0.6626905500888824,0.6626905500888824,-3.3809744119644165,3.3809744119644165,True,689,2028
shuffle,3,0.9163137674331665,-0.4619225561618805,0.4619225561618805,-2.466536194086075,2.466536194086075,True,689,2028
shuffle,4,0.7843472361564636,-0.2739185094833374,0.2739185094833374,-1.7015066742897034,1.7015066742897034,False,689,2028
shuffle,5,0.856252908706665,-0.22477924823760986,0.22477924823760986,-1.4842290878295898,1.4842290878295898,False,689,2028
shuffle,6,0.8895184993743896,-0.13034385442733765,0.13034385442733765,-1.0066566467285156,1.0066566467285156,False,689,2028
shuffle,7,0.9333444237709045,-0.1499953269958496,0.1499953269958496,-1.115270733833313,1.115270733833313,False,689,2028
shuffle,8,0.9402603507041931,-0.5895045697689056,0.5895045697689056,-3.013675630092621,3.013675630092621,True,689,2028
shuffle,9,0.9051052331924438,-0.294156014919281,0.294156014919281,-1.7873147428035736,1.7873147428035736,False,689,2028
shuffle,10,0.9451932907104492,-0.2748371362686157,0.2748371362686157,-1.7054410576820374,1.7054410576820374,False,689,2028
shuffle,11,0.8285459876060486,-0.19435906410217285,0.19435906410217285,-1.3410885334014893,1.3410885334014893,False,689,2028
shuffle,12,0.8884595036506653,-0.06392496824264526,0.06392496824264526,-0.5789597034454346,0.5789597034454346,False,689,2028
shuffle,13,0.8328014016151428,-0.4787437915802002,0.4787437915802002,-2.5350775122642517,2.5350775122642517,True,689,2028
shuffle,14,0.9506502151489258,-0.056361377239227295,0.056361377239227295,-0.5218955278396606,0.5218955278396606,False,689,2028
shuffle,15,0.9387571811676025,-0.05198538303375244,0.05198538303375244,-0.4878237247467041,0.4878237247467041,False,689,2028
shuffle,16,0.6699783205986023,-0.024667441844940186,0.024667441844940186,-0.2539231777191162,0.2539231777191162,False,689,2028
shuffle,17,0.9112425446510315,-0.06323999166488647,0.06323999166488647,-0.5738828182220459,0.5738828182220459,False,689,2028
shuffle,18,0.883338987827301,-0.4662536382675171,0.4662536382675171,-2.4841246604919434,2.4841246604919434,True,689,2028
shuffle,19,0.9437906742095947,-0.42250534892082214,0.42250534892082214,-2.3077981024980545,2.3077981024980545,True,689,2028
shuffle,20,0.6659090518951416,-0.010180413722991943,0.010180413722991943,-0.11097383499145508,0.11097383499145508,False,689,2028
shuffle,21,0.9603660702705383,-0.31638360023498535,0.31638360023498535,-1.8797621130943298,1.8797621130943298,False,689,2028
shuffle,22,0.9494340419769287,-0.3361348509788513,0.3361348509788513,-1.9606763124465942,1.9606763124465942,False,689,2028
shuffle,23,0.8385784029960632,-0.21971452236175537,0.21971452236175537,-1.46093088388443,1.46093088388443,False,689,2028
shuffle,24,0.8200199007987976,-0.21023523807525635,0.21023523807525635,-1.4167792797088623,1.4167792797088623,False,689,2028
shuffle,25,0.9202591776847839,-0.059297800064086914,0.059297800064086914,-0.5443160533905029,0.5443160533905029,False,689,2028
shuffle,26,0.941022515296936,-0.5039979517459869,0.5039979517459869,-2.6393904387950897,2.6393904387950897,True,689,2028
shuffle,27,0.678091824054718,-0.039106547832489014,0.039106547832489014,-0.38249969482421875,0.38249969482421875,False,689,2028
shuffle,28,0.8705224394798279,-0.008971452713012695,0.008971452713012695,-0.09829592704772949,0.09829592704772949,False,689,2028
shuffle,29,0.9296689629554749,-0.4532184898853302,0.4532184898853302,-2.4312968403100967,2.4312968403100967,True,689,2028
uniform,0,0.811214029788971,-0.4273000955581665,0.4273000955581665,-3.38338103890419,3.38338103890419,False,692,2028
shuffle,0,0.98130202293396,-0.5500300526618958,0.5500300526618958,-3.877319633960724,3.877319633960724,True,692,2028
shuffle,1,0.9462724328041077,-0.8324863761663437,0.8324863761663437,-5.379981279373169,5.379981279373169,True,692,2028
shuffle,2,0.9739691615104675,-0.839317113161087,0.839317113161087,-5.437920093536377,5.437920093536377,True,692,2028
shuffle,3,0.9747430682182312,-0.3539774417877197,0.3539774417877197,-3.0813999474048615,3.0813999474048615,False,692,2028
shuffle,4,0.7908114790916443,-0.5496577620506287,0.5496577620506287,-3.875793993473053,3.875793993473053,True,692,2028
shuffle,5,0.5866200923919678,-0.03806585073471069,0.03806585073471069,-0.9081592559814453,0.9081592559814453,False,692,2028
shuffle,6,0.9498358368873596,-0.7645729184150696,0.7645729184150696,-4.90220308303833,4.90220308303833,True,692,2028
shuffle,7,0.7909572124481201,-0.07237112522125244,0.07237112522125244,-1.3662323951721191,1.3662323951721191,False,692,2028
shuffle,8,0.9687372446060181,-0.8601064682006836,0.8601064682006836,-5.631378412246704,5.631378412246704,True,692,2028
shuffle,9,0.7781276702880859,-0.4336017966270447,0.4336017966270447,-3.4087675362825394,3.4087675362825394,False,692,2028
shuffle,10,0.9363657832145691,-0.12676477432250977,0.12676477432250977,-1.8632493019104004,1.8632493019104004,False,692,2028
shuffle,11,0.9469693303108215,-0.840223491191864,0.840223491191864,-5.44579541683197,5.44579541683197,True,692,2028
shuffle,12,0.9486532807350159,-0.7848780900239944,0.7848780900239944,-5.030288934707642,5.030288934707642,True,692,2028
shuffle,13,0.3267096281051636,-0.0027531981468200684,0.0027531981468200684,-0.09815049171447754,0.09815049171447754,False,692,2028
shuffle,14,0.960011899471283,-0.5902824401855469,0.5902824401855469,-4.044827967882156,4.044827967882156,True,692,2028
shuffle,15,0.9868557453155518,-0.7826802283525467,0.7826802283525467,-5.015931844711304,5.015931844711304,True,692,2028
shuffle,16,0.98145592212677,-0.720796138048172,0.720796138048172,-4.65425968170166,4.65425968170166,True,692,2028
shuffle,17,0.9567654728889465,-0.773451954126358,0.773451954126358,-4.956997871398926,4.956997871398926,True,692,2028
shuffle,18,0.9725555777549744,-0.4008252024650574,0.4008252024650574,-3.275989532470703,3.275989532470703,False,692,2028
shuffle,19,0.9809993505477905,-0.5358202457427979,0.5358202457427979,-3.81932470202446,3.81932470202446,True,692,2028
shuffle,20,0.6620749235153198,-0.4606173038482666,0.4606173038482666,-3.517134979367256,3.517134979367256,False,692,2028
shuffle,21,0.639579176902771,-0.41123026609420776,0.41123026609420776,-3.3183595538139343,3.3183595538139343,False,692,2028
shuffle,22,0.960732102394104,-0.30592817068099976,0.30592817068099976,-2.871969223022461,2.871969223022461,False,692,2028
shuffle,23,0.7719858884811401,-0.42806708812713623,0.42806708812713623,-3.3864736109972,3.3864736109972,False,692,2028
shuffle,24,0.3373090624809265,-0.0043051838874816895,0.0043051838874816895,-0.14973211288452148,0.14973211288452148,False,692,2028
shuffle,25,0.9894973039627075,-0.37437182664871216,0.37437182664871216,-3.1670075953006744,3.1670075953006744,False,692,2028
shuffle,26,0.9465266466140747,-0.23232507705688477,0.23232507705688477,-2.5178327560424805,2.5178327560424805,False,692,2028
shuffle,27,0.9833536148071289,-0.5163041055202484,0.5163041055202484,-3.740342155098915,3.740342155098915,True,692,2028
shuffle,28,0.9737999439239502,-0.45093727111816406,0.45093727111816406,-3.478370264172554,3.478370264172554,False,692,2028
shuffle,29,0.9832216501235962,-0.4623199701309204,0.4623199701309204,-3.523948732763529,3.523948732763529,False,692,2028
uniform,0,0.76590895652771,-0.2244248390197754,0.2244248390197754,-1.1594886481761932,1.1594886481761932,False,695,2028
shuffle,0,0.9438959956169128,-0.35370591282844543,0.35370591282844543,-1.6832945197820663,1.6832945197820663,True,695,2028
shuffle,1,0.8679470419883728,-0.4041876494884491,0.4041876494884491,-1.8872854709625244,1.8872854709625244,True,695,2028
shuffle,2,0.9104748964309692,-0.0003841519355773926,0.0003841519355773926,-0.0027321577072143555,0.0027321577072143555,False,695,2028
shuffle,3,0.9434338212013245,-0.2256399393081665,0.2256399393081665,-1.164577066898346,1.164577066898346,False,695,2028
shuffle,4,0.9672574996948242,-0.16236191987991333,0.16236191987991333,-0.8904292583465576,0.8904292583465576,False,695,2028
shuffle,5,0.9006367325782776,-0.05762362480163574,0.05762362480163574,-0.3651094436645508,0.3651094436645508,False,695,2028
shuffle,6,0.32960593700408936,-0.17960286140441895,0.17960286140441895,-0.9672632217407227,0.9672632217407227,False,695,2028
shuffle,7,0.949798583984375,-0.6083093136548996,0.6083093136548996,-2.842646837234497,2.842646837234497,True,695,2028
shuffle,8,0.8232998251914978,0.014623701572418213,0.014623701572418213,0.1078939437866211,0.1078939437866211,False,695,2028
shuffle,9,0.9651638269424438,-0.3346140682697296,0.3346140682697296,-1.606863908469677,1.606863908469677,True,695,2028
shuffle,10,0.905261754989624,-0.2722281813621521,0.2722281813621521,-1.35623437166214,1.35623437166214,False,695,2028
shuffle,11,0.8636682033538818,-0.3310677409172058,0.3310677409172058,-1.5926785320043564,1.5926785320043564,True,695,2028
shuffle,12,0.9141268134117126,-0.011564671993255615,0.011564671993255615,-0.08016729354858398,0.08016729354858398,False,695,2028
shuffle,13,0.9187617301940918,-0.25889915227890015,0.25889915227890015,-1.3019886016845703,1.3019886016845703,False,695,2028
shuffle,14,0.2850063145160675,-0.2063949704170227,0.2063949704170227,-1.08329439163208,1.08329439163208,False,695,2028
shuffle,15,0.8538618683815002,0.0915488600730896,0.0915488600730896,0.8840487003326416,0.8840487003326416,False,695,2028
shuffle,16,0.9139072895050049,-0.6334962993860245,0.6334962993860245,-2.994617462158203,2.994617462158203,True,695,2028
shuffle,17,0.8629499077796936,-0.0354691743850708,0.0354691743850708,-0.2340381145477295,0.2340381145477295,False,695,2028
shuffle,18,0.7935863733291626,0.11267811059951782,0.11267811059951782,1.2247579097747803,1.2247579097747803,False,695,2028
shuffle,19,0.9020978212356567,-0.3745235800743103,0.3745235800743103,-1.766946703195572,1.766946703195572,True,695,2028
shuffle,20,0.9623106122016907,-0.6759853512048721,0.6759853512048721,-3.2885849475860596,3.2885849475860596,True,695,2028
shuffle,21,0.8839700222015381,-0.5854139029979706,0.5854139029979706,-2.71484637260437,2.71484637260437,True,695,2028
shuffle,22,0.9675984978675842,-0.21725493669509888,0.21725493669509888,-1.1293483674526215,1.1293483674526215,False,695,2028
shuffle,23,0.8264527916908264,-0.003443896770477295,0.003443896770477295,-0.0243147611618042,0.0243147611618042,False,695,2028
shuffle,24,0.9313511848449707,-0.14521938562393188,0.14521938562393188,-0.8120077848434448,0.8120077848434448,False,695,2028
shuffle,25,0.9334940910339355,0.033798813819885254,0.033798813819885254,0.26285314559936523,0.26285314559936523,False,695,2028
shuffle,26,0.8278750777244568,-0.02602142095565796,0.02602142095565796,-0.17494726181030273,0.17494726181030273,False,695,2028
shuffle,27,0.9513968825340271,0.004117727279663086,0.004117727279663086,0.029594898223876953,0.029594898223876953,False,695,2028
shuffle,28,0.8318852186203003,-0.15791285037994385,0.15791285037994385,-0.8702830076217651,0.8702830076217651,False,695,2028
shuffle,29,0.951393723487854,-0.19352668523788452,0.19352668523788452,-1.0280272960662842,1.0280272960662842,False,695,2028
uniform,0,0.8310690522193909,-0.0038676857948303223,0.0038676857948303223,-3.5574398040771484,3.5574398040771484,False,711,2028
shuffle,0,0.8627349138259888,-0.0034810304641723633,0.0034810304641723633,-3.4549150466918945,3.4549150466918945,False,711,2028
shuffle,1,0.9731490015983582,-0.03730762004852295,0.03730762004852295,-5.8321533203125,5.8321533203125,False,711,2028
shuffle,2,0.9680320620536804,-0.004898786544799805,0.004898786544799805,-3.7887773513793945,3.7887773513793945,False,711,2028
shuffle,3,0.9772207140922546,-0.00802534818649292,0.00802534818649292,-4.276650905609131,4.276650905609131,False,711,2028
shuffle,4,0.9611062407493591,-0.004085123538970947,0.004085123538970947,-3.610832691192627,3.610832691192627,False,711,2028
shuffle,5,0.8408629894256592,-0.001147925853729248,0.001147925853729248,-2.405684471130371,2.405684471130371,False,711,2028
shuffle,6,0.9581741094589233,-0.008858025074005127,0.008858025074005127,-4.374887466430664,4.374887466430664,False,711,2028
shuffle,7,0.9772952198982239,-0.03601205348968506,0.03601205348968506,-5.795573472976685,5.795573472976685,False,711,2028
shuffle,8,0.9727178812026978,-0.037985026836395264,0.037985026836395264,-5.850794553756714,5.850794553756714,False,711,2028
shuffle,9,0.9450401663780212,2.86102294921875e-06,2.86102294921875e-06,0.02552318572998047,0.02552318572998047,False,711,2028
shuffle,10,0.9434128999710083,-0.0008745193481445312,0.0008745193481445312,-2.161123275756836,2.161123275756836,False,711,2028
shuffle,11,0.9677655100822449,-0.013171970844268799,0.013171970844268799,-4.771845817565918,4.771845817565918,False,711,2028
shuffle,12,0.9320082068443298,-0.06709128618240356,0.06709128618240356,-6.4490861892700195,6.4490861892700195,False,711,2028
shuffle,13,0.9800835847854614,-0.001890420913696289,0.001890420913696289,-2.8691444396972656,2.8691444396972656,False,711,2028
shuffle,14,0.9736641645431519,-0.06450766324996948,0.06450766324996948,-6.40711784362793,6.40711784362793,False,711,2028
shuffle,15,0.9660760760307312,-0.00380098819732666,0.00380098819732666,-3.5404887199401855,3.5404887199401855,False,711,2028
shuffle,16,0.9764522910118103,-0.00869208574295044,0.00869208574295044,-4.356057643890381,4.356057643890381,False,711,2028
shuffle,17,0.9769822955131531,-0.07280009984970093,0.07280009984970093,-6.536755561828613,6.536755561828613,False,711,2028
shuffle,18,0.9695648550987244,-0.007069706916809082,0.007069706916809082,-4.150781154632568,4.150781154632568,False,711,2028
shuffle,19,0.905968427658081,7.748603820800781e-06,7.748603820800781e-06,0.07095050811767578,0.07095050811767578,False,711,2028
shuffle,20,0.8617392778396606,-0.008287310600280762,0.008287310600280762,-4.30858039855957,4.30858039855957,False,711,2028
shuffle,21,0.9766091108322144,-0.002965688705444336,0.002965688705444336,-3.2996740341186523,3.2996740341186523,False,711,2028
shuffle,22,0.976158618927002,-0.010331392288208008,0.010331392288208008,-4.52842903137207,4.52842903137207,False,711,2028
shuffle,23,0.960239052772522,-0.0053597092628479,0.0053597092628479,-3.877206325531006,3.877206325531006,False,711,2028
shuffle,24,0.9776951670646667,-0.08304023742675781,0.08304023742675781,-6.679278135299683,6.679278135299683,False,711,2028
shuffle,25,0.9638307690620422,-0.010831594467163086,0.010831594467163086,-4.575703144073486,4.575703144073486,False,711,2028
shuffle,26,0.9609922766685486,-0.00686192512512207,0.00686192512512207,-4.121224403381348,4.121224403381348,False,711,2028
shuffle,27,0.9529504776000977,-0.0010570883750915527,0.0010570883750915527,-2.330876350402832,2.330876350402832,False,711,2028
shuffle,28,0.9435350894927979,-0.006963014602661133,0.006963014602661133,-4.135709762573242,4.135709762573242,False,711,2028
shuffle,29,0.9583376049995422,-0.01677536964416504,0.01677536964416504,-5.0154829025268555,5.0154829025268555,False,711,2028
uniform,0,0.5437721014022827,-0.01293867826461792,0.01293867826461792,-1.6648902893066406,1.6648902893066406,False,721,2028
shuffle,0,0.530886709690094,-0.013885498046875,0.013885498046875,-1.7233147621154785,1.7233147621154785,False,721,2028
shuffle,1,0.612734317779541,-0.03014451265335083,0.03014451265335083,-2.4124257564544678,2.4124257564544678,False,721,2028
shuffle,2,0.6836844682693481,-0.013781845569610596,0.013781845569610596,-1.7170758247375488,1.7170758247375488,False,721,2028
shuffle,3,0.5253511071205139,-0.0002510547637939453,0.0002510547637939453,-0.07892370223999023,0.07892370223999023,False,721,2028
shuffle,4,0.5994002819061279,-0.012561678886413574,0.012561678886413574,-1.6406669616699219,1.6406669616699219,False,721,2028
shuffle,5,0.6966057419776917,-0.006767928600311279,0.006767928600311279,-1.1716976165771484,1.1716976165771484,False,721,2028
shuffle,6,0.7680632472038269,-0.005612671375274658,0.005612671375274658,-1.0455999374389648,1.0455999374389648,False,721,2028
shuffle,7,0.758453369140625,-0.016651391983032227,0.016651391983032227,-1.8772573471069336,1.8772573471069336,False,721,2028
shuffle,8,0.6108723282814026,-0.018061816692352295,0.018061816692352295,-1.9477756023406982,1.9477756023406982,False,721,2028
shuffle,9,0.7795352339744568,-0.012915492057800293,0.012915492057800293,-1.6634092330932617,1.6634092330932617,False,721,2028
shuffle,10,0.515741229057312,-0.016259729862213135,0.016259729862213135,-1.8567914962768555,1.8567914962768555,False,721,2028
shuffle,11,0.6917998790740967,-0.013532757759094238,0.013532757759094238,-1.7019338607788086,1.7019338607788086,False,721,2028
shuffle,12,0.7699233889579773,-0.007860898971557617,0.007860898971557617,-1.2781615257263184,1.2781615257263184,False,721,2028
shuffle,13,0.4357556402683258,-3.218650817871094e-05,3.218650817871094e-05,-0.010503292083740234,0.010503292083740234,False,721,2028
shuffle,14,0.6917998790740967,-0.012408733367919922,0.012408733367919922,-1.6306819915771484,1.6306819915771484,False,721,2028
shuffle,15,0.2678575813770294,-0.004280984401702881,0.004280984401702881,-0.8777379989624023,0.8777379989624023,False,721,2028
shuffle,16,0.6103630065917969,-0.011832833290100098,0.011832833290100098,-1.5921783447265625,1.5921783447265625,False,721,2028
shuffle,17,0.5138810873031616,-0.007692694664001465,0.007692694664001465,-1.262481689453125,1.262481689453125,False,721,2028
shuffle,18,0.6025564670562744,-0.00425034761428833,0.00425034761428833,-0.8735146522521973,0.8735146522521973,False,721,2028
shuffle,19,0.8554445505142212,-0.04304617643356323,0.04304617643356323,-2.75404691696167,2.75404691696167,False,721,2028
shuffle,20,0.5174016952514648,-0.002354145050048828,0.002354145050048828,-0.5717458724975586,0.5717458724975586,False,721,2028
shuffle,21,0.6175402998924255,-0.008474469184875488,0.008474469184875488,-1.3334074020385742,1.3334074020385742,False,721,2028
shuffle,22,0.6966058015823364,-0.013782978057861328,0.013782978057861328,-1.7171478271484375,1.7171478271484375,False,721,2028
shuffle,23,0.603696882724762,-0.007766067981719971,0.007766067981719971,-1.2693514823913574,1.2693514823913574,False,721,2028
shuffle,24,0.45203161239624023,-0.00017088651657104492,0.00017088651657104492,-0.05439424514770508,0.05439424514770508,False,721,2028
shuffle,25,0.6156782507896423,-0.00785362720489502,0.00785362720489502,-1.277491569519043,1.277491569519043,False,721,2028
shuffle,26,0.8573066592216492,-0.03163224458694458,0.03163224458694458,-2.4577836990356445,2.4577836990356445,False,721,2028
shuffle,27,0.690859854221344,-0.034554123878479004,0.034554123878479004,-2.541660785675049,2.541660785675049,False,721,2028
shuffle,28,0.7632573246955872,-0.012748777866363525,0.012748777866363525,-1.6527585983276367,1.6527585983276367,False,721,2028
shuffle,29,0.8621126413345337,-0.03347975015640259,0.03347975015640259,-2.511570692062378,2.511570692062378,False,721,2028
uniform,0,0.6068510413169861,-0.062124013900756836,0.062124013900756836,-0.32815444469451904,0.32815444469451904,False,730,2028
shuffle,0,0.7909653186798096,-0.02146017551422119,0.02146017551422119,-0.11950516700744629,0.11950516700744629,False,730,2028
shuffle,1,0.7616100907325745,-0.11049675941467285,0.11049675941467285,-0.5544904470443726,0.5544904470443726,False,730,2028
shuffle,2,0.6773433089256287,-0.03254038095474243,0.03254038095474243,-0.1784377098083496,0.1784377098083496,False,730,2028
shuffle,3,0.6123203039169312,0.03056126832962036,0.03056126832962036,0.18526077270507812,0.18526077270507812,False,730,2028
shuffle,4,0.732001006603241,-0.32984304428100586,0.32984304428100586,-1.4585821032524109,1.4585821032524109,True,730,2028
shuffle,5,0.6011274456977844,0.01886385679244995,0.01886385679244995,0.11196041107177734,0.11196041107177734,False,730,2028
shuffle,6,0.7731160521507263,-0.029842913150787354,0.029842913150787354,-0.16424822807312012,0.16424822807312012,False,730,2028
shuffle,7,0.6939547657966614,0.012561917304992676,0.012561917304992676,0.07375311851501465,0.07375311851501465,False,730,2028
shuffle,8,0.6584851741790771,-0.3010285198688507,0.3010285198688507,-1.3425664529204369,1.3425664529204369,True,730,2028
shuffle,9,0.8013937473297119,-0.08652818202972412,0.08652818202972412,-0.44476985931396484,0.44476985931396484,False,730,2028
shuffle,10,0.7684162259101868,-0.2537005543708801,0.2537005543708801,-1.1531114801764488,1.1531114801764488,False,730,2028
shuffle,11,0.7696606516838074,-0.015583455562591553,0.015583455562591553,-0.08752059936523438,0.08752059936523438,False,730,2028
shuffle,12,0.6449626684188843,-0.1688132882118225,0.1688132882118225,-0.8068810701370239,0.8068810701370239,False,730,2028
shuffle,13,0.7834420800209045,-0.032802462577819824,0.032802462577819824,-0.17981112003326416,0.17981112003326416,False,730,2028
shuffle,14,0.821084201335907,-0.15278154611587524,0.15278154611587524,-0.7391567826271057,0.7391567826271057,False,730,2028
shuffle,15,0.7030897736549377,-0.12368929386138916,0.12368929386138916,-0.613188624382019,0.613188624382019,False,730,2028
shuffle,16,0.7784926891326904,-0.03403186798095703,0.03403186798095703,-0.18624091148376465,0.18624091148376465,False,730,2028
shuffle,17,0.7777643203735352,-0.04721999168395996,0.04721999168395996,-0.25401008129119873,0.25401008129119873,False,730,2028
shuffle,18,0.7920569777488708,-0.07020145654678345,0.07020145654678345,-0.3673670291900635,0.3673670291900635,False,730,2028
shuffle,19,0.6829360723495483,-0.22884374856948853,0.22884374856948853,-1.0531834959983826,1.0531834959983826,False,730,2028
shuffle,20,0.8023169636726379,-0.07239514589309692,0.07239514589309692,-0.3779072165489197,0.3779072165489197,False,730,2028
shuffle,21,0.7808865904808044,-0.13695251941680908,0.13695251941680908,-0.6711621284484863,0.6711621284484863,False,730,2028
shuffle,22,0.6911713480949402,-0.14300096035003662,0.14300096035003662,-0.6972873210906982,0.6972873210906982,False,730,2028
shuffle,23,0.6856465339660645,-0.0400007963180542,0.0400007963180542,-0.21718144416809082,0.21718144416809082,False,730,2028
shuffle,24,0.7954123616218567,-0.0613551139831543,0.0613551139831543,-0.32438790798187256,0.32438790798187256,False,730,2028
shuffle,25,0.7411078214645386,-0.2607128620147705,0.2607128620147705,-1.1812006905674934,1.1812006905674934,False,730,2028
shuffle,26,0.751085102558136,-0.07951635122299194,0.07951635122299194,-0.41181671619415283,0.41181671619415283,False,730,2028
shuffle,27,0.6775588393211365,-0.2233424186706543,0.2233424186706543,-1.0309571325778961,1.0309571325778961,False,730,2028
shuffle,28,0.7736961841583252,0.07163262367248535,0.07163262367248535,0.47348928451538086,0.47348928451538086,False,730,2028
shuffle,29,0.7210783362388611,0.0314640998840332,0.0314640998840332,0.1910560131072998,0.1910560131072998,False,730,2028
uniform,0,0.5838941931724548,-0.01991403102874756,0.01991403102874756,-0.38092494010925293,0.38092494010925293,False,731,2028
shuffle,0,0.8435468673706055,-0.023918449878692627,0.023918449878692627,-0.4442145824432373,0.4442145824432373,False,731,2028
shuffle,1,0.531407356262207,0.012547552585601807,0.012547552585601807,0.3317296504974365,0.3317296504974365,False,731,2028
shuffle,2,0.7925037741661072,-0.0436592698097229,0.0436592698097229,-0.7144124507904053,0.7144124507904053,False,731,2028
shuffle,3,0.8837883472442627,-0.02326303720474243,0.02326303720474243,-0.43409085273742676,0.43409085273742676,False,731,2028
shuffle,4,0.8945557475090027,-0.07780694961547852,0.07780694961547852,-1.075406789779663,1.075406789779663,False,731,2028
shuffle,5,0.8872735500335693,0.014937162399291992,0.014937162399291992,0.40835070610046387,0.40835070610046387,False,731,2028
shuffle,6,0.808763861656189,-0.03718864917755127,0.03718864917755127,-0.6324090957641602,0.6324090957641602,False,731,2028
shuffle,7,0.7630298137664795,0.004485487937927246,0.004485487937927246,0.1073312759399414,0.1073312759399414,False,731,2028
shuffle,8,0.3949284553527832,0.0134163498878479,0.0134163498878479,0.35895657539367676,0.35895657539367676,False,731,2028
shuffle,9,0.507636547088623,-0.04159301519393921,0.04159301519393921,-0.6888248920440674,0.6888248920440674,False,731,2028
shuffle,10,0.765141487121582,0.0013775229454040527,0.0013775229454040527,0.03185772895812988,0.03185772895812988,False,731,2028
shuffle,11,0.8123770356178284,0.006000041961669922,0.006000041961669922,0.14608979225158691,0.14608979225158691,False,731,2028
shuffle,12,0.8132538199424744,-0.0068354010581970215,0.0068354010581970215,-0.1457841396331787,0.1457841396331787,False,731,2028
shuffle,13,0.825072705745697,-0.09733223915100098,0.09733223915100098,-1.2444040775299072,1.2444040775299072,False,731,2028
shuffle,14,0.8153078556060791,-0.09830033779144287,0.09830033779144287,-1.252267599105835,1.252267599105835,False,731,2028
shuffle,15,0.8077611327171326,0.00698930025100708,0.00698930025100708,0.17217516899108887,0.17217516899108887,False,731,2028
shuffle,16,0.8380542993545532,-0.01737147569656372,0.01737147569656372,-0.33885884284973145,0.33885884284973145,False,731,2028
shuffle,17,0.7664107084274292,0.0015698671340942383,0.0015698671340942383,0.03638100624084473,0.03638100624084473,False,731,2028
shuffle,18,0.5104776620864868,-0.03598994016647339,0.03598994016647339,-0.6165845394134521,0.6165845394134521,False,731,2028
shuffle,19,0.5640825629234314,-0.018311619758605957,0.018311619758605957,-0.35459232330322266,0.35459232330322266,False,731,2028
shuffle,20,0.8348910808563232,-0.023885130882263184,0.023885130882263184,-0.44370269775390625,0.44370269775390625,False,731,2028
shuffle,21,0.7632474899291992,-0.03641235828399658,0.03641235828399658,-0.6221840381622314,0.6221840381622314,False,731,2028
shuffle,22,0.8837882876396179,-0.0037279129028320312,0.0037279129028320312,-0.08187127113342285,0.08187127113342285,False,731,2028
shuffle,23,0.793670654296875,-0.011344313621520996,0.011344313621520996,-0.23247456550598145,0.23247456550598145,False,731,2028
shuffle,24,0.6046460270881653,-0.008837640285491943,0.008837640285491943,-0.18510794639587402,0.18510794639587402,False,731,2028
shuffle,25,0.8582495450973511,0.01819908618927002,0.01819908618927002,0.5227253437042236,0.5227253437042236,False,731,2028
shuffle,26,0.7194074392318726,-0.025603055953979492,0.025603055953979492,-0.46984267234802246,0.46984267234802246,False,731,2028
shuffle,27,0.8069741725921631,-0.008024156093597412,0.008024156093597412,-0.1692955493927002,0.1692955493927002,False,731,2028
shuffle,28,0.8407544493675232,-0.019077718257904053,0.019077718257904053,-0.36725711822509766,0.36725711822509766,False,731,2028
shuffle,29,0.8197978138923645,-0.009688138961791992,0.009688138961791992,-0.2014017105102539,0.2014017105102539,False,731,2028
uniform,0,0.5349676609039307,-0.016895651817321777,0.016895651817321777,-1.9228100776672363,1.9228100776672363,False,744,2028
shuffle,0,0.6669830083847046,-0.02813929319381714,0.02813929319381714,-2.383194923400879,2.383194923400879,False,744,2028
shuffle,1,0.7381913661956787,-0.051052749156951904,0.051052749156951904,-2.9592795372009277,2.9592795372009277,False,744,2028
shuffle,2,0.7378635406494141,-0.014221012592315674,0.014221012592315674,-1.7753362655639648,1.7753362655639648,False,744,2028
shuffle,3,0.09242376685142517,-0.00037980079650878906,0.00037980079650878906,-0.12143516540527344,0.12143516540527344,False,744,2028
shuffle,4,0.71697598695755,-0.035513460636138916,0.035513460636138916,-2.6036720275878906,2.6036720275878906,False,744,2028
shuffle,5,0.7166481018066406,-0.010156989097595215,0.010156989097595215,-1.50115966796875,1.50115966796875,False,744,2028
shuffle,6,0.7381913661956787,-0.03842771053314209,0.03842771053314209,-2.679738998413086,2.679738998413086,False,744,2028
shuffle,7,0.7169759273529053,-0.03736579418182373,0.03736579418182373,-2.6526331901550293,2.6526331901550293,False,744,2028
shuffle,8,0.7169759273529053,-0.04472661018371582,0.04472661018371582,-2.8280229568481445,2.8280229568481445,False,744,2028
shuffle,9,0.07120834290981293,-0.00017446279525756836,0.00017446279525756836,-0.05759429931640625,0.05759429931640625,False,744,2028
shuffle,10,0.7378635406494141,-0.049281418323516846,0.049281418323516846,-2.9240593910217285,2.9240593910217285,False,744,2028
shuffle,11,0.7169759273529053,-0.032112061977386475,0.032112061977386475,-2.507554531097412,2.507554531097412,False,744,2028
shuffle,12,0.09242376685142517,-0.00012087821960449219,0.00012087821960449219,-0.040238380432128906,0.040238380432128906,False,744,2028
shuffle,13,0.7381913661956787,-0.03821057081222534,0.03821057081222534,-2.674250841140747,2.674250841140747,False,744,2028
shuffle,14,0.7381913661956787,-0.051052749156951904,0.051052749156951904,-2.9592795372009277,2.9592795372009277,False,744,2028
shuffle,15,0.6457676291465759,-0.01002436876296997,0.01002436876296997,-1.4908580780029297,1.4908580780029297,False,744,2028
shuffle,16,0.07120834290981293,-3.212690353393555e-05,3.212690353393555e-05,-0.010837554931640625,0.010837554931640625,False,744,2028
shuffle,17,0.7163202166557312,-0.010139703750610352,0.010139703750610352,-1.499819278717041,1.499819278717041,False,744,2028
shuffle,18,0.7381913661956787,-0.04548776149749756,0.04548776149749756,-2.844661235809326,2.844661235809326,False,744,2028
shuffle,19,0.7381913661956787,-0.04136073589324951,0.04136073589324951,-2.751286029815674,2.751286029815674,False,744,2028
shuffle,20,0.7381913661956787,-0.04136073589324951,0.04136073589324951,-2.751286029815674,2.751286029815674,False,744,2028
shuffle,21,0.021215423941612244,1.5139579772949219e-05,1.5139579772949219e-05,0.005156517028808594,0.005156517028808594,False,744,2028
shuffle,22,0.7378635406494141,-0.011212170124053955,0.011212170124053955,-1.5796480178833008,1.5796480178833008,False,744,2028
shuffle,23,0.02154330164194107,-8.958578109741211e-05,8.958578109741211e-05,-0.029984474182128906,0.029984474182128906,False,744,2028
shuffle,24,0.71697598695755,-0.03911978006362915,0.03911978006362915,-2.697047710418701,2.697047710418701,False,744,2028
shuffle,25,0.7166481018066406,-0.039067745208740234,0.039067745208740234,-2.6957550048828125,2.6957550048828125,False,744,2028
shuffle,26,0.6951047778129578,-0.010256469249725342,0.010256469249725342,-1.5088214874267578,1.5088214874267578,False,744,2028
shuffle,27,0.0708804652094841,-6.651878356933594e-05,6.651878356933594e-05,-0.02232646942138672,0.02232646942138672,False,744,2028
shuffle,28,0.02154330164194107,-8.958578109741211e-05,8.958578109741211e-05,-0.029984474182128906,0.029984474182128906,False,744,2028
shuffle,29,0.7166481018066406,-0.01031404733657837,0.01031404733657837,-1.5132312774658203,1.5132312774658203,False,744,2028
uniform,0,0.8179619908332825,0.020778179168701172,0.020778179168701172,0.177504301071167,0.177504301071167,False,747,2028
shuffle,0,0.9826045036315918,0.013718128204345703,0.013718128204345703,0.11457264423370361,0.11457264423370361,False,747,2028
shuffle,1,0.9485783576965332,0.04691314697265625,0.04691314697265625,0.4409308433532715,0.4409308433532715,False,747,2028
shuffle,2,0.422681599855423,-0.017032861709594727,0.017032861709594727,-0.13045835494995117,0.13045835494995117,False,747,2028
shuffle,3,0.9741388559341431,-0.0034620165824890137,0.0034620165824890137,-0.02749037742614746,0.02749037742614746,False,747,2028
shuffle,4,0.9648754000663757,0.11835682392120361,0.11835682392120361,1.792586088180542,1.792586088180542,False,747,2028
shuffle,5,0.9359514713287354,0.04456537961959839,0.04456537961959839,0.4149148464202881,0.4149148464202881,False,747,2028
shuffle,6,0.9785796403884888,-0.1721566915512085,0.1721566915512085,-1.003901481628418,1.003901481628418,False,747,2028
shuffle,7,0.9411855340003967,0.07932102680206299,0.07932102680206299,0.8721394538879395,0.8721394538879395,False,747,2028
shuffle,8,0.9891846179962158,-0.07705223560333252,0.07705223560333252,-0.5182472467422485,0.5182472467422485,False,747,2028
shuffle,9,0.9400235414505005,-0.13610583543777466,0.13610583543777466,-0.8321334719657898,0.8321334719657898,False,747,2028
shuffle,10,0.9665334224700928,-0.03296530246734619,0.03296530246734619,-0.24289202690124512,0.24289202690124512,False,747,2028
shuffle,11,0.9033950567245483,0.12601310014724731,0.12601310014724731,2.1240532398223877,2.1240532398223877,False,747,2028
shuffle,12,0.9426607489585876,0.1185651421546936,0.1185651421546936,1.800351858139038,1.800351858139038,False,747,2028
shuffle,13,0.9748932719230652,-0.01014631986618042,0.01014631986618042,-0.07911801338195801,0.07911801338195801,False,747,2028
shuffle,14,0.9737032055854797,0.06172740459442139,0.06172740459442139,0.6190941333770752,0.6190941333770752,False,747,2028
shuffle,15,0.980196475982666,0.04690521955490112,0.04690521955490112,0.4408423900604248,0.4408423900604248,False,747,2028
shuffle,16,0.9344932436943054,0.03237956762313843,0.03237956762313843,0.28786349296569824,0.28786349296569824,False,747,2028
shuffle,17,0.9685533046722412,0.06102156639099121,0.06102156639099121,0.6099870204925537,0.6099870204925537,False,747,2028
shuffle,18,0.6660624742507935,0.017398715019226074,0.017398715019226074,0.14701402187347412,0.14701402187347412,False,747,2028
shuffle,19,0.6956455707550049,0.09593743085861206,0.09593743085861206,1.1761579513549805,1.1761579513549805,False,747,2028
shuffle,20,0.9281011819839478,-0.0028976798057556152,0.0028976798057556152,-0.023045778274536133,0.023045778274536133,False,747,2028
shuffle,21,0.9810100793838501,0.0919874906539917,0.0919874906539917,1.0961215496063232,1.0961215496063232,False,747,2028
shuffle,22,0.9344967007637024,0.04267561435699463,0.04267561435699463,0.3943593502044678,0.3943593502044678,False,747,2028
shuffle,23,0.9785633087158203,0.08000433444976807,0.08000433444976807,0.8831632137298584,0.8831632137298584,False,747,2028
shuffle,24,0.9771624803543091,0.0789685845375061,0.0789685845375061,0.8664929866790771,0.8664929866790771,False,747,2028
shuffle,25,0.9790254831314087,0.05222207307815552,0.05222207307815552,0.5018463134765625,0.5018463134765625,False,747,2028
shuffle,26,0.9728241562843323,0.09336018562316895,0.09336018562316895,1.123290777206421,1.123290777206421,False,747,2028
shuffle,27,0.9787070751190186,0.1195368766784668,0.1195368766784668,1.837348222732544,1.837348222732544,False,747,2028
shuffle,28,0.9204986691474915,0.03881257772445679,0.03881257772445679,0.35335373878479004,0.35335373878479004,False,747,2028
shuffle,29,0.97315514087677,-0.01319211721420288,0.01319211721420288,-0.10204637050628662,0.10204637050628662,False,747,2028
uniform,0,0.8734656572341919,0.3428781032562256,0.3428781032562256,2.48370623588562,2.48370623588562,False,748,2028
shuffle,0,0.9836385250091553,0.32113659381866455,0.32113659381866455,2.10856556892395,2.10856556892395,False,748,2028
shuffle,1,0.9867019653320312,0.371492862701416,0.371492862701416,3.323556661605835,3.323556661605835,False,748,2028
shuffle,2,0.07526862621307373,0.0068097710609436035,0.0068097710609436035,0.028598308563232422,0.028598308563232422,False,748,2028
shuffle,3,0.9927712082862854,-0.23823535442352295,0.23823535442352295,-0.9723955392837524,0.9723955392837524,True,748,2028
shuffle,4,0.9921714663505554,0.21907055377960205,0.21907055377960205,1.1194143295288086,1.1194143295288086,False,748,2028
shuffle,5,0.9970247745513916,-0.24761363863945007,0.24761363863945007,-1.0129718780517578,1.0129718780517578,True,748,2028
shuffle,6,0.9927065372467041,0.19805341958999634,0.19805341958999634,0.9803938865661621,0.9803938865661621,False,748,2028
shuffle,7,0.9924899935722351,0.3878762125968933,0.3878762125968933,4.59421706199646,4.59421706199646,False,748,2028
shuffle,8,0.9962180256843567,0.38629311323165894,0.38629311323165894,4.375901460647583,4.375901460647583,False,748,2028
shuffle,9,0.9883975982666016,0.3751083016395569,0.3751083016395569,3.498873233795166,3.498873233795166,False,748,2028
shuffle,10,0.9902012944221497,-0.3013100326061249,0.3013100326061249,-1.2558156251907349,1.2558156251907349,True,748,2028
shuffle,11,0.9282432198524475,0.36686694622039795,0.36686694622039795,3.134999990463257,3.134999990463257,False,748,2028
shuffle,12,0.996783971786499,0.3736923336982727,0.3736923336982727,3.426663637161255,3.426663637161255,False,748,2028
shuffle,13,0.9283614754676819,0.13321280479431152,0.13321280479431152,0.6109353303909302,0.6109353303909302,False,748,2028
shuffle,14,0.9827226400375366,0.3808460831642151,0.3808460831642151,3.8573172092437744,3.8573172092437744,False,748,2028
shuffle,15,0.9964600205421448,0.38718825578689575,0.38718825578689575,4.493539094924927,4.493539094924927,False,748,2028
shuffle,16,0.9935278296470642,0.36966949701309204,0.36966949701309204,3.2451541423797607,3.2451541423797607,False,748,2028
shuffle,17,0.9926919937133789,0.33677005767822266,0.33677005767822266,2.365246534347534,2.365246534347534,False,748,2028
shuffle,18,0.9927083253860474,0.3811681866645813,0.3811681866645813,3.881659746170044,3.881659746170044,False,748,2028
shuffle,19,0.9927141070365906,0.38092541694641113,0.38092541694641113,3.863264322280884,3.863264322280884,False,748,2028
shuffle,20,0.9310662150382996,0.3069722652435303,0.3069722652435303,1.9164512157440186,1.9164512157440186,False,748,2028
shuffle,21,0.9932292103767395,0.3721238970756531,0.3721238970756531,3.3521108627319336,3.3521108627319336,False,748,2028
shuffle,22,0.07980923354625702,-0.023910343647003174,0.023910343647003174,-0.09913936257362366,0.09913936257362366,False,748,2028
shuffle,23,0.9268434643745422,0.3761700391769409,0.3761700391769409,3.5565145015716553,3.5565145015716553,False,748,2028
shuffle,24,0.983375072479248,0.34243178367614746,0.34243178367614746,2.474613904953003,2.474613904953003,False,748,2028
shuffle,25,0.991039514541626,0.331329882144928,0.331329882144928,2.269280195236206,2.269280195236206,False,748,2028
shuffle,26,0.9274572134017944,0.38768821954727173,0.38768821954727173,4.565690279006958,4.565690279006958,False,748,2028
shuffle,27,0.9241520166397095,0.3709719181060791,0.3709719181060791,3.300554037094116,3.300554037094116,False,748,2028
shuffle,28,0.9772962927818298,0.3629746437072754,0.3629746437072754,2.9988420009613037,2.9988420009613037,False,748,2028
shuffle,29,0.9891402125358582,0.39145761728286743,0.39145761728286743,5.390740156173706,5.390740156173706,False,748,2028
uniform,0,0.6641156077384949,-0.1272163987159729,0.1272163987159729,-0.523446574807167,0.523446574807167,False,757,2028
shuffle,0,0.8385459184646606,-0.11441004276275635,0.11441004276275635,-0.4721599593758583,0.4721599593758583,False,757,2028
shuffle,1,0.8258956074714661,-0.42268355190753937,0.42268355190753937,-1.8603837490081787,1.8603837490081787,True,757,2028
shuffle,2,0.7401462197303772,-0.12335836887359619,0.12335836887359619,-0.5080049484968185,0.5080049484968185,False,757,2028
shuffle,3,0.8287920951843262,-0.3417845070362091,0.3417845070362091,-1.4322316646575928,1.4322316646575928,True,757,2028
shuffle,4,0.8043941855430603,-0.3719054162502289,0.3719054162502289,-1.5814805030822754,1.5814805030822754,True,757,2028
shuffle,5,0.6619287133216858,0.034860849380493164,0.034860849380493164,0.15438973903656006,0.15438973903656006,False,757,2028
shuffle,6,0.8080799579620361,-0.14242205023765564,0.14242205023765564,-0.584275871515274,0.584275871515274,True,757,2028
shuffle,7,0.8311290144920349,0.1377546787261963,0.1377546787261963,0.6739412546157837,0.6739412546157837,False,757,2028
shuffle,8,0.8178727030754089,-0.4380349963903427,0.4380349963903427,-1.9538333415985107,1.9538333415985107,True,757,2028
shuffle,9,0.8294937610626221,-0.3276505768299103,0.3276505768299103,-1.3652923703193665,1.3652923703193665,True,757,2028
shuffle,10,0.6964952945709229,-0.4358951449394226,0.4358951449394226,-1.9404945373535156,1.9404945373535156,True,757,2028
shuffle,11,0.7618470191955566,0.10600036382675171,0.10600036382675171,0.4998723268508911,0.4998723268508911,False,757,2028
shuffle,12,0.7841910719871521,0.09604024887084961,0.09604024887084961,0.4482673406600952,0.4482673406600952,False,757,2028
shuffle,13,0.836159348487854,-0.2982005774974823,0.2982005774974823,-1.2309244871139526,1.2309244871139526,True,757,2028
shuffle,14,0.7930277585983276,-0.41473542153835297,0.41473542153835297,-1.8139047622680664,1.8139047622680664,True,757,2028
shuffle,15,0.8240615129470825,-0.152787446975708,0.152787446975708,-0.6257554478943348,0.6257554478943348,True,757,2028
shuffle,16,0.7510404586791992,0.09484410285949707,0.09484410285949707,0.4421541690826416,0.4421541690826416,False,757,2028
shuffle,17,0.7578644156455994,-0.04816490411758423,0.04816490411758423,-0.2033466398715973,0.2033466398715973,False,757,2028
shuffle,18,0.818850576877594,0.12862879037857056,0.12862879037857056,0.6222690343856812,0.6222690343856812,False,757,2028
shuffle,19,0.6920585632324219,-0.008473336696624756,0.008473336696624756,-0.03649371862411499,0.03649371862411499,False,757,2028
shuffle,20,0.874731719493866,-0.18097400665283203,0.18097400665283203,-0.7389180958271027,0.7389180958271027,True,757,2028
shuffle,21,0.8299510478973389,0.018803834915161133,0.018803834915161133,0.08235430717468262,0.08235430717468262,False,757,2028
shuffle,22,0.8200622797012329,-0.3792897164821625,0.3792897164821625,-1.6196651458740234,1.6196651458740234,True,757,2028
shuffle,23,0.6938943862915039,0.015817880630493164,0.015817880630493164,0.06914103031158447,0.06914103031158447,False,757,2028
shuffle,24,0.8372196555137634,-0.49687428772449493,0.49687428772449493,-2.3739430904388428,2.3739430904388428,True,757,2028
shuffle,25,0.8551499247550964,0.003824293613433838,0.003824293613433838,0.0165901780128479,0.0165901780128479,False,757,2028
shuffle,26,0.7535450458526611,0.08627444505691528,0.08627444505691528,0.39885056018829346,0.39885056018829346,False,757,2028
shuffle,27,0.8286054134368896,0.10232794284820557,0.10232794284820557,0.480696439743042,0.480696439743042,False,757,2028
shuffle,28,0.8338032960891724,-0.0521620512008667,0.0521620512008667,-0.21984076499938965,0.21984076499938965,False,757,2028
shuffle,29,0.8263251781463623,0.10002994537353516,0.10002994537353516,0.46878671646118164,0.46878671646118164,False,757,2028
uniform,0,0.7840479612350464,-0.013796985149383545,0.013796985149383545,-1.0936527252197266,1.0936527252197266,False,778,2028
shuffle,0,0.9633519649505615,-0.005713224411010742,0.005713224411010742,-0.5962505340576172,0.5962505340576172,False,778,2028
shuffle,1,0.9783840179443359,-0.020487964153289795,0.020487964153289795,-1.378303050994873,1.378303050994873,False,778,2028
shuffle,2,0.9627199172973633,-0.003936827182769775,0.003936827182769775,-0.4451909065246582,0.4451909065246582,False,778,2028
shuffle,3,0.02052377536892891,-0.0001812577247619629,0.0001812577247619629,-0.025402069091796875,0.025402069091796875,False,778,2028
shuffle,4,0.9658142328262329,-0.0022762417793273926,0.0022762417793273926,-0.2804293632507324,0.2804293632507324,False,778,2028
shuffle,5,0.01872590184211731,-0.00012439489364624023,0.00012439489364624023,-0.017499923706054688,0.017499923706054688,False,778,2028
shuffle,6,0.9600415229797363,-0.007844090461730957,0.007844090461730957,-0.7522678375244141,0.7522678375244141,False,778,2028
shuffle,7,0.9542485475540161,-0.0039556026458740234,0.0039556026458740234,-0.4469137191772461,0.4469137191772461,False,778,2028
shuffle,8,0.9769529104232788,-0.05572539567947388,0.05572539567947388,-2.238224744796753,2.238224744796753,False,778,2028
shuffle,9,0.9702053070068359,-0.04718625545501709,0.04718625545501709,-2.0830607414245605,2.0830607414245605,False,778,2028
shuffle,10,0.8222820162773132,-0.038734495639801025,0.038734495639801025,-1.904926061630249,1.904926061630249,False,778,2028
shuffle,11,0.8377513885498047,-0.003332853317260742,0.003332853317260742,-0.3883037567138672,0.3883037567138672,False,778,2028
shuffle,12,0.9683220386505127,-0.016784608364105225,0.016784608364105225,-1.2303483486175537,1.2303483486175537,False,778,2028
shuffle,13,0.8321239352226257,0.0019379854202270508,0.0019379854202270508,0.3208026885986328,0.3208026885986328,False,778,2028
shuffle,14,0.969923734664917,-0.017901122570037842,0.017901122570037842,-1.2771797180175781,1.2771797180175781,False,778,2028
shuffle,15,0.9802835583686829,-0.02248549461364746,0.02248549461364746,-1.450268268585205,1.450268268585205,False,778,2028
shuffle,16,0.9781932234764099,-0.025568902492523193,0.025568902492523193,-1.55259370803833,1.55259370803833,False,778,2028
shuffle,17,0.965578019618988,-0.04529070854187012,0.04529070854187012,-2.045516014099121,2.045516014099121,False,778,2028
shuffle,18,0.9714869856834412,-0.05681443214416504,0.05681443214416504,-2.25657320022583,2.25657320022583,False,778,2028
shuffle,19,0.9658143520355225,-0.008132517337799072,0.008132517337799072,-0.7716808319091797,0.7716808319091797,False,778,2028
shuffle,20,0.8322713375091553,-0.014050900936126709,0.014050900936126709,-1.1059870719909668,1.1059870719909668,False,778,2028
shuffle,21,0.16554340720176697,-0.002687692642211914,0.002687692642211914,-0.3238058090209961,0.3238058090209961,False,778,2028
shuffle,22,0.960965633392334,-0.00409853458404541,0.00409853458404541,-0.45990753173828125,0.45990753173828125,False,778,2028
shuffle,23,0.9716323614120483,-0.06680542230606079,0.06680542230606079,-2.412548780441284,2.412548780441284,False,778,2028
shuffle,24,0.017901767045259476,-0.0002332925796508789,0.0002332925796508789,-0.03256702423095703,0.03256702423095703,False,778,2028
shuffle,25,0.9763349890708923,-0.06459802389144897,0.06459802389144897,-2.3798446655273438,2.3798446655273438,False,778,2028
shuffle,26,0.16041377186775208,-0.002463698387145996,0.002463698387145996,-0.30042600631713867,0.30042600631713867,False,778,2028
shuffle,27,0.9698984622955322,-0.05310022830963135,0.05310022830963135,-2.1927433013916016,2.1927433013916016,False,778,2028
shuffle,28,0.9750987887382507,-0.005357921123504639,0.005357921123504639,-0.5677700042724609,0.5677700042724609,False,778,2028
shuffle,29,0.16349457204341888,-0.0026352405548095703,0.0026352405548095703,-0.3183774948120117,0.3183774948120117,False,778,2028
uniform,0,0.8502165079116821,0.0022218823432922363,0.0022218823432922363,0.08912539482116699,0.08912539482116699,False,780,2028
shuffle,0,0.985702395439148,-0.015692174434661865,0.015692174434661865,-0.4783961772918701,0.4783961772918701,False,780,2028
shuffle,1,0.968353271484375,0.025585293769836426,0.025585293769836426,3.1922430992126465,3.1922430992126465,False,780,2028
shuffle,2,0.9909169673919678,-0.23098331689834595,0.23098331689834595,-2.5376051664352417,2.5376051664352417,False,780,2028
shuffle,3,0.046391651034355164,-0.002563655376434326,0.002563655376434326,-0.09428167343139648,0.09428167343139648,False,780,2028
shuffle,4,0.9574925899505615,-0.09146618843078613,0.09146618843078613,-1.5857882499694824,1.5857882499694824,False,780,2028
shuffle,5,0.9719578623771667,0.025652050971984863,0.025652050971984863,3.2534899711608887,3.2534899711608887,False,780,2028
shuffle,6,0.9462583065032959,-0.21318376064300537,0.21318376064300537,-2.442335605621338,2.442335605621338,False,780,2028
shuffle,7,0.9503589868545532,-0.0003782510757446289,0.0003782510757446289,-0.014449357986450195,0.014449357986450195,False,780,2028
shuffle,8,0.9456816911697388,-0.0003489255905151367,0.0003489255905151367,-0.013338088989257812,0.013338088989257812,False,780,2028
shuffle,9,0.0505760982632637,-0.001626133918762207,0.001626133918762207,-0.06076765060424805,0.06076765060424805,False,780,2028
shuffle,10,0.974950909614563,0.025528669357299805,0.025528669357299805,3.14316987991333,3.14316987991333,False,780,2028
shuffle,11,0.9871357679367065,-0.014065325260162354,0.014065325260162354,-0.4375777244567871,0.4375777244567871,False,780,2028
shuffle,12,0.9843921065330505,-0.08482873439788818,0.08482873439788818,-1.5204851627349854,1.5204851627349854,False,780,2028
shuffle,13,0.9439606070518494,-0.002486109733581543,0.002486109733581543,-0.0915524959564209,0.0915524959564209,False,780,2028
shuffle,14,0.9798510670661926,-0.01645076274871826,0.01645076274871826,-0.496920108795166,0.496920108795166,False,780,2028
shuffle,15,0.033723972737789154,0.0007358193397521973,0.0007358193397521973,0.028687238693237305,0.028687238693237305,False,780,2028
shuffle,16,0.05273987725377083,0.0003924369812011719,0.0003924369812011719,0.015202999114990234,0.015202999114990234,False,780,2028
shuffle,17,0.9772618412971497,0.02185279130935669,0.02185279130935669,1.7265315055847168,1.7265315055847168,False,780,2028
shuffle,18,0.020986540243029594,-0.0006600618362426758,0.0006600618362426758,-0.02508687973022461,0.02508687973022461,False,780,2028
shuffle,19,0.9438342452049255,-0.001307070255279541,0.001307070255279541,-0.0491185188293457,0.0491185188293457,False,780,2028
shuffle,20,0.9774350523948669,-0.04443788528442383,0.04443788528442383,-1.026421308517456,1.026421308517456,False,780,2028
shuffle,21,0.9820944666862488,-0.01155024766921997,0.01155024766921997,-0.3712959289550781,0.3712959289550781,False,780,2028
shuffle,22,0.9700535535812378,-0.015415489673614502,0.015415489673614502,-0.47156190872192383,0.47156190872192383,False,780,2028
shuffle,23,0.9755014777183533,0.025601625442504883,0.025601625442504883,3.2068796157836914,3.2068796157836914,False,780,2028
shuffle,24,0.9862788915634155,-0.010679066181182861,0.010679066181182861,-0.34735751152038574,0.34735751152038574,False,780,2028
shuffle,25,0.9637907147407532,-0.004455685615539551,0.004455685615539551,-0.1588606834411621,0.1588606834411621,False,780,2028
shuffle,26,0.03565763682126999,0.0003323554992675781,0.0003323554992675781,0.012862205505371094,0.012862205505371094,False,780,2028
shuffle,27,0.9505322575569153,-0.2248205542564392,0.2248205542564392,-2.505131721496582,2.505131721496582,False,780,2028
shuffle,28,0.9886367321014404,0.02462148666381836,0.02462148666381836,2.5729737281799316,2.5729737281799316,False,780,2028
shuffle,29,0.04383128881454468,-0.0018355250358581543,0.0018355250358581543,-0.06834816932678223,0.06834816932678223,False,780,2028
uniform,0,0.8261707425117493,-0.2931550145149231,0.2931550145149231,-1.4156182780861855,1.4156182780861855,False,782,2028
shuffle,0,0.9297338128089905,-0.05671679973602295,0.05671679973602295,-0.348616361618042,0.348616361618042,False,782,2028
shuffle,1,0.9762250781059265,-0.10576534271240234,0.10576534271240234,-0.6048904657363892,0.6048904657363892,False,782,2028
shuffle,2,0.9680852890014648,-0.21290016174316406,0.21290016174316406,-1.0875190198421478,1.0875190198421478,False,782,2028
shuffle,3,0.9221975207328796,-0.31161022186279297,0.31161022186279297,-1.4895661547780037,1.4895661547780037,False,782,2028
shuffle,4,0.9722738265991211,-0.1808931827545166,0.1808931827545166,-0.9508171081542969,0.9508171081542969,False,782,2028
shuffle,5,0.9569190740585327,-0.01722097396850586,0.01722097396850586,-0.11371588706970215,0.11371588706970215,False,782,2028
shuffle,6,0.9599547386169434,-0.6052796244621277,0.6052796244621277,-2.81523334980011,2.81523334980011,True,782,2028
shuffle,7,0.9799302220344543,-0.28172850608825684,0.28172850608825684,-1.3696855902671814,1.3696855902671814,False,782,2028
shuffle,8,0.9759990572929382,-0.16945147514343262,0.16945147514343262,-0.9007012844085693,0.9007012844085693,False,782,2028
shuffle,9,0.8882284760475159,0.005026280879974365,0.005026280879974365,0.034804582595825195,0.034804582595825195,False,782,2028
shuffle,10,0.9764131903648376,-0.12191206216812134,0.12191206216812134,-0.6830989122390747,0.6830989122390747,False,782,2028
shuffle,11,0.974526047706604,0.0592154860496521,0.0592154860496521,0.4751625061035156,0.4751625061035156,False,782,2028
shuffle,12,0.8896496295928955,-0.1958402395248413,0.1958402395248413,-1.0152422189712524,1.0152422189712524,False,782,2028
shuffle,13,0.9775927066802979,-0.1555423140525818,0.1555423140525818,-0.8387185335159302,0.8387185335159302,False,782,2028
shuffle,14,0.978522539138794,-0.20133298635482788,0.20133298635482788,-1.038648933172226,1.038648933172226,False,782,2028
shuffle,15,0.9338997006416321,-0.682272881269455,0.682272881269455,-3.3469078540802,3.3469078540802,True,782,2028
shuffle,16,0.9750180840492249,-0.2202242612838745,0.2202242612838745,-1.118190884590149,1.118190884590149,False,782,2028
shuffle,17,0.9684972763061523,-0.13081097602844238,0.13081097602844238,-0.7251640558242798,0.7251640558242798,False,782,2028
shuffle,18,0.9222395420074463,-0.5657677054405212,0.5657677054405212,-2.596261739730835,2.596261739730835,True,782,2028
shuffle,19,0.9011090993881226,-0.5150499641895294,0.5150499641895294,-2.345259964466095,2.345259964466095,True,782,2028
shuffle,20,0.9075121283531189,-0.10692673921585083,0.10692673921585083,-0.610602617263794,0.610602617263794,False,782,2028
shuffle,21,0.9157428741455078,-0.4675266146659851,0.4675266146659851,-2.1304126977920532,2.1304126977920532,True,782,2028
shuffle,22,0.9743801355361938,-0.6974318102002144,0.6974318102002144,-3.478862762451172,3.478862762451172,True,782,2028
shuffle,23,0.9667360186576843,-0.3724552094936371,0.3724552094936371,-1.7336254119873047,1.7336254119873047,True,782,2028
shuffle,24,0.8940228223800659,-0.37250587344169617,0.37250587344169617,-1.7338299453258514,1.7338299453258514,True,782,2028
shuffle,25,0.1416010856628418,0.005301535129547119,0.005301535129547119,0.036733269691467285,0.036733269691467285,False,782,2028
shuffle,26,0.8832526206970215,-0.11289763450622559,0.11289763450622559,-0.6397520303726196,0.6397520303726196,False,782,2028
shuffle,27,0.9789398312568665,-0.032035768032073975,0.032035768032073975,-0.2055819034576416,0.2055819034576416,False,782,2028
shuffle,28,0.9807499051094055,-0.1146014928817749,0.1146014928817749,-0.6480048894882202,0.6480048894882202,False,782,2028
shuffle,29,0.9088068008422852,-0.3082207441329956,0.3082207441329956,-1.4759997949004173,1.4759997949004173,False,782,2028
uniform,0,0.5613297820091248,-0.0796666145324707,0.0796666145324707,-0.3258681669831276,0.3258681669831276,False,785,2028
shuffle,0,0.7011619806289673,0.04043400287628174,0.04043400287628174,0.17367517948150635,0.17367517948150635,False,785,2028
shuffle,1,0.7848393321037292,-0.09022307395935059,0.09022307395935059,-0.3682037442922592,0.3682037442922592,False,785,2028
shuffle,2,0.7348437905311584,-0.021128475666046143,0.021128475666046143,-0.08802491426467896,0.08802491426467896,False,785,2028
shuffle,3,0.7460929751396179,-0.20586279034614563,0.20586279034614563,-0.8355786800384521,0.8355786800384521,True,785,2028
shuffle,4,0.764252245426178,-0.30114108324050903,0.30114108324050903,-1.2526735067367554,1.2526735067367554,True,785,2028
shuffle,5,0.7821239233016968,0.08875894546508789,0.08875894546508789,0.39419472217559814,0.39419472217559814,False,785,2028
shuffle,6,0.7581897377967834,-0.3176770806312561,0.3176770806312561,-1.3313125371932983,1.3313125371932983,True,785,2028
shuffle,7,0.7937089204788208,-0.054979562759399414,0.054979562759399414,-0.22636714577674866,0.22636714577674866,False,785,2028
shuffle,8,0.713690996170044,0.06131058931350708,0.06131058931350708,0.2668735384941101,0.2668735384941101,False,785,2028
shuffle,9,0.8555670976638794,-0.14290300011634827,0.14290300011634827,-0.5791528522968292,0.5791528522968292,True,785,2028
shuffle,10,0.712291955947876,-0.3256054222583771,0.3256054222583771,-1.369933843612671,1.369933843612671,True,785,2028
shuffle,11,0.8157501220703125,-0.23808708786964417,0.23808708786964417,-0.9713156223297119,0.9713156223297119,True,785,2028
shuffle,12,0.8631853461265564,-0.027426183223724365,0.027426183223724365,-0.11398288607597351,0.11398288607597351,False,785,2028
shuffle,13,0.84772789478302,-0.2618533968925476,0.2618533968925476,-1.0744669437408447,1.0744669437408447,True,785,2028
shuffle,14,0.7696380615234375,0.06632941961288452,0.06632941961288452,0.28971636295318604,0.28971636295318604,False,785,2028
shuffle,15,0.808357298374176,0.03817439079284668,0.03817439079284668,0.163749098777771,0.163749098777771,False,785,2028
shuffle,16,0.8308104276657104,-0.035762786865234375,0.035762786865234375,-0.14817523956298828,0.14817523956298828,False,785,2028
shuffle,17,0.7664071321487427,0.11879098415374756,0.11879098415374756,0.5413596034049988,0.5413596034049988,False,785,2028
shuffle,18,0.695034921169281,-0.16514065861701965,0.16514065861701965,-0.6688072383403778,0.6688072383403778,True,785,2028
shuffle,19,0.7845630645751953,0.11003601551055908,0.11003601551055908,0.4974830150604248,0.4974830150604248,False,785,2028
shuffle,20,0.6151176691055298,-0.047531306743621826,0.047531306743621826,-0.19615375995635986,0.19615375995635986,False,785,2028
shuffle,21,0.7454859018325806,-0.24636518955230713,0.24636518955230713,-1.0069109201431274,1.0069109201431274,True,785,2028
shuffle,22,0.7632976174354553,-0.26890748739242554,0.26890748739242554,-1.1056915521621704,1.1056915521621704,True,785,2028
shuffle,23,0.7006762623786926,0.029019713401794434,0.029019713401794434,0.12382656335830688,0.12382656335830688,False,785,2028
shuffle,24,0.8432382941246033,-0.06820029020309448,0.06820029020309448,-0.27975812554359436,0.27975812554359436,False,785,2028
shuffle,25,0.7223110198974609,0.052379310131073,0.052379310131073,0.22665810585021973,0.22665810585021973,False,785,2028
shuffle,26,0.8591257333755493,-0.06141740083694458,0.06141740083694458,-0.25240063667297363,0.25240063667297363,False,785,2028
shuffle,27,0.8057430386543274,-0.027822792530059814,0.027822792530059814,-0.11561375856399536,0.11561375856399536,False,785,2028
shuffle,28,0.854722261428833,-0.027855515480041504,0.027855515480041504,-0.11574828624725342,0.11574828624725342,False,785,2028
shuffle,29,0.7750592231750488,-0.08213639259338379,0.08213639259338379,-0.33578136563301086,0.33578136563301086,False,785,2028
uniform,0,0.7947324514389038,-0.052764713764190674,0.052764713764190674,-2.673637866973877,2.673637866973877,False,792,2028
shuffle,0,0.9672943353652954,-0.03698849678039551,0.03698849678039551,-2.332414388656616,2.332414388656616,False,792,2028
shuffle,1,0.026288587599992752,5.602836608886719e-05,5.602836608886719e-05,0.013661384582519531,0.013661384582519531,False,792,2028
shuffle,2,0.9609851241111755,-0.03686833381652832,0.03686833381652832,-2.3293659687042236,2.3293659687042236,False,792,2028
shuffle,3,0.9899556636810303,-0.04506540298461914,0.04506540298461914,-2.5201504230499268,2.5201504230499268,False,792,2028
shuffle,4,0.983493447303772,-0.11505085229873657,0.11505085229873657,-3.481252670288086,3.481252670288086,False,792,2028
shuffle,5,0.9899556636810303,-0.04404449462890625,0.04404449462890625,-2.498115062713623,2.498115062713623,False,792,2028
shuffle,6,0.9871206283569336,-0.045903027057647705,0.045903027057647705,-2.5379109382629395,2.5379109382629395,False,792,2028
shuffle,7,0.9899556636810303,-0.0446586012840271,0.0446586012840271,-2.5114216804504395,2.5114216804504395,False,792,2028
shuffle,8,0.9644594192504883,-0.194829523563385,0.194829523563385,-4.08859920501709,4.08859920501709,False,792,2028
shuffle,9,0.9871206283569336,-0.1340937614440918,0.1340937614440918,-3.6513227224349976,3.6513227224349976,False,792,2028
shuffle,10,0.9609851241111755,-0.04169118404388428,0.04169118404388428,-2.4455785751342773,2.4455785751342773,False,792,2028
shuffle,11,0.9871207475662231,-0.13300704956054688,0.13300704956054688,-3.6421701908111572,3.6421701908111572,False,792,2028
shuffle,12,0.983493447303772,-0.1375206708908081,0.1375206708908081,-3.6797940731048584,3.6797940731048584,False,792,2028
shuffle,13,0.028970517218112946,7.969141006469727e-05,7.969141006469727e-05,0.019486427307128906,0.019486427307128906,False,792,2028
shuffle,14,0.006462241988629103,3.4749507904052734e-05,3.4749507904052734e-05,0.008453369140625,0.008453369140625,False,792,2028
shuffle,15,0.9638200402259827,-0.045824646949768066,0.045824646949768066,-2.5362606048583984,2.5362606048583984,False,792,2028
shuffle,16,0.9608321189880371,-0.1260637640953064,0.1260637640953064,-3.582205057144165,3.582205057144165,False,792,2028
shuffle,17,0.029762865975499153,0.00016874074935913086,0.00016874074935913086,0.041722774505615234,0.041722774505615234,False,792,2028
shuffle,18,0.9871207475662231,-0.04000270366668701,0.04000270366668701,-2.4062790870666504,2.4062790870666504,False,792,2028
shuffle,19,0.9871206283569336,-0.04593414068222046,0.04593414068222046,-2.5385642051696777,2.5385642051696777,False,792,2028
shuffle,20,0.9871207475662231,-0.04040324687957764,0.04040324687957764,-2.4157309532165527,2.4157309532165527,False,792,2028
shuffle,21,0.9383238554000854,-0.17944484949111938,0.17944484949111938,-3.989102840423584,3.989102840423584,False,792,2028
shuffle,22,0.9836463928222656,-0.13223761320114136,0.13223761320114136,-3.635652780532837,3.635652780532837,False,792,2028
shuffle,23,0.026288587599992752,0.00014668703079223633,0.00014668703079223633,0.03618621826171875,0.03618621826171875,False,792,2028
shuffle,24,0.9836463928222656,-0.038913071155548096,0.038913071155548096,-2.3801493644714355,2.3801493644714355,False,792,2028
shuffle,25,0.9609851241111755,-0.1934264898300171,0.1934264898300171,-4.079772710800171,4.079772710800171,False,792,2028
shuffle,26,0.003627295373007655,1.7285346984863281e-06,1.7285346984863281e-06,0.0004267692565917969,0.0004267692565917969,False,792,2028
shuffle,27,0.9808114767074585,-0.04115092754364014,0.04115092754364014,-2.4331583976745605,2.4331583976745605,False,792,2028
shuffle,28,0.9808114767074585,-0.03997689485549927,0.03997689485549927,-2.4056692123413086,2.4056692123413086,False,792,2028
shuffle,29,0.9609851837158203,-0.13873332738876343,0.13873332738876343,-3.6897315979003906,3.6897315979003906,False,792,2028
uniform,0,0.8915981650352478,-0.008376836776733398,0.008376836776733398,-4.7573113441467285,4.7573113441467285,False,793,2028
shuffle,0,0.9918110966682434,-0.1378929615020752,0.1378929615020752,-7.6901233196258545,7.6901233196258545,False,793,2028
shuffle,1,0.9612268209457397,-0.01690208911895752,0.01690208911895752,-5.463530540466309,5.463530540466309,False,793,2028
shuffle,2,0.9958001971244812,-0.001967310905456543,0.001967310905456543,-3.3298845291137695,3.3298845291137695,False,793,2028
shuffle,3,0.9756969809532166,-0.0037112832069396973,0.0037112832069396973,-3.9493417739868164,3.9493417739868164,False,793,2028
shuffle,4,0.9433513879776001,-0.000630497932434082,0.000630497932434082,-2.2639007568359375,2.2639007568359375,False,793,2028
shuffle,5,0.9560758471488953,-0.11989986896514893,0.11989986896514893,-7.529723763465881,7.529723763465881,False,793,2028
shuffle,6,0.9981318712234497,-0.011212527751922607,0.011212527751922607,-5.049546241760254,5.049546241760254,False,793,2028
shuffle,7,0.9951733350753784,-0.39851999282836914,0.39851999282836914,-9.111079216003418,9.111079216003418,False,793,2028
shuffle,8,0.9754827618598938,-0.0020456910133361816,0.0020456910133361816,-3.367664337158203,3.367664337158203,False,793,2028
shuffle,9,0.9949744939804077,-0.6788626909255981,0.6788626909255981,-10.271295189857483,10.271295189857483,True,793,2028
shuffle,10,0.9929153919219971,-0.004525661468505859,0.004525661468505859,-4.145066261291504,4.145066261291504,False,793,2028
shuffle,11,0.9779649972915649,-0.015195608139038086,0.015195608139038086,-5.355851173400879,5.355851173400879,False,793,2028
shuffle,12,0.9963201284408569,-0.003643333911895752,0.003643333911895752,-3.931180000305176,3.931180000305176,False,793,2028
shuffle,13,0.9523626565933228,-0.0016604065895080566,0.0016604065895080566,-3.1666393280029297,3.1666393280029297,False,793,2028
shuffle,14,0.9977481365203857,-0.005329012870788574,0.005329012870788574,-4.306869983673096,4.306869983673096,False,793,2028
shuffle,15,0.9942886829376221,-0.003427863121032715,0.003427863121032715,-3.8712077140808105,3.8712077140808105,False,793,2028
shuffle,16,0.990032434463501,-0.12355738878250122,0.12355738878250122,-7.56391978263855,7.56391978263855,False,793,2028
shuffle,17,0.9969813227653503,-0.002864062786102295,0.002864062786102295,-3.695071220397949,3.695071220397949,False,793,2028
shuffle,18,0.9967648983001709,-0.346673846244812,0.346673846244812,-8.88904070854187,8.88904070854187,False,793,2028
shuffle,19,0.9924263954162598,-0.004088759422302246,0.004088759422302246,-4.044801712036133,4.044801712036133,False,793,2028
shuffle,20,0.9784618020057678,-0.04823029041290283,0.04823029041290283,-6.541667938232422,6.541667938232422,False,793,2028
shuffle,21,0.997074544429779,-0.002675950527191162,0.002675950527191162,-3.6286983489990234,3.6286983489990234,False,793,2028
shuffle,22,0.9610303640365601,-0.0005803704261779785,0.0005803704261779785,-2.1898880004882812,2.1898880004882812,False,793,2028
shuffle,23,0.9947077035903931,-0.006056308746337891,0.006056308746337891,-4.43391227722168,4.43391227722168,False,793,2028
shuffle,24,0.9927153587341309,-0.012659966945648193,0.012659966945648193,-5.17167854309082,5.17167854309082,False,793,2028
shuffle,25,0.9967647194862366,-0.0010200738906860352,0.0010200738906860352,-2.704962730407715,2.704962730407715,False,793,2028
shuffle,26,0.9969713091850281,-0.00331193208694458,0.00331193208694458,-3.8374228477478027,3.8374228477478027,False,793,2028
shuffle,27,0.9775060415267944,-0.003395974636077881,0.003395974636077881,-3.8620476722717285,3.8620476722717285,False,793,2028
shuffle,28,0.9755690097808838,-0.044891417026519775,0.044891417026519775,-6.466536045074463,6.466536045074463,False,793,2028
shuffle,29,0.9972501993179321,-0.0031092166900634766,0.0031092166900634766,-3.775470733642578,3.775470733642578,False,793,2028
uniform,0,0.7710092067718506,-0.016552507877349854,0.016552507877349854,-1.753096580505371,1.753096580505371,False,826,2028
shuffle,0,0.984143853187561,-0.09012049436569214,0.09012049436569214,-3.37048602104187,3.37048602104187,False,826,2028
shuffle,1,0.796210765838623,-0.002055823802947998,0.002055823802947998,-0.4600057601928711,0.4600057601928711,False,826,2028
shuffle,2,0.9858273267745972,-0.002946197986602783,0.002946197986602783,-0.6085739135742188,0.6085739135742188,False,826,2028
shuffle,3,0.9513339996337891,-0.11509674787521362,0.11509674787521362,-3.6348209381103516,3.6348209381103516,False,826,2028
shuffle,4,0.9826693534851074,-0.0034569501876831055,0.0034569501876831055,-0.6849064826965332,0.6849064826965332,False,826,2028
shuffle,5,0.7645137310028076,-0.10656487941741943,0.10656487941741943,-3.5505542755126953,3.5505542755126953,False,826,2028
shuffle,6,0.9852229952812195,-0.005759179592132568,0.005759179592132568,-0.9716897010803223,0.9716897010803223,False,826,2028
shuffle,7,0.7649011015892029,0.0006125569343566895,0.0006125569343566895,0.1906447410583496,0.1906447410583496,False,826,2028
shuffle,8,0.9521474838256836,-0.02108091115951538,0.02108091115951538,-1.960979700088501,1.960979700088501,False,826,2028
shuffle,9,0.795823335647583,-0.07618093490600586,0.07618093490600586,-3.194077253341675,3.194077253341675,False,826,2028
shuffle,10,0.9892946481704712,-0.006475389003753662,0.006475389003753662,-1.0466198921203613,1.0466198921203613,False,826,2028
shuffle,11,0.7991288304328918,-0.002935469150543213,0.002935469150543213,-0.6069121360778809,0.6069121360778809,False,826,2028
shuffle,12,0.9849574565887451,-0.10016614198684692,0.10016614198684692,-3.4835171699523926,3.4835171699523926,False,826,2028
shuffle,13,0.9546395540237427,-0.03699773550033569,0.03699773550033569,-2.4760758876800537,2.4760758876800537,False,826,2028
shuffle,14,0.986402153968811,-0.009398460388183594,0.009398460388183594,-1.3056607246398926,1.3056607246398926,False,826,2028
shuffle,15,0.9837179183959961,-0.01278620958328247,0.01278620958328247,-1.5416741371154785,1.5416741371154785,False,826,2028
shuffle,16,0.7635613679885864,0.0005987286567687988,0.0005987286567687988,0.18590021133422852,0.18590021133422852,False,826,2028
shuffle,17,0.7961068153381348,-0.03763163089752197,0.03763163089752197,-2.4922544956207275,2.4922544956207275,False,826,2028
shuffle,18,0.9847968816757202,-0.0917961597442627,0.0917961597442627,-3.3900692462921143,3.3900692462921143,False,826,2028
shuffle,19,0.9847980737686157,-0.0022983551025390625,0.0022983551025390625,-0.5026850700378418,0.5026850700378418,False,826,2028
shuffle,20,0.9858542680740356,-0.001641392707824707,0.001641392707824707,-0.3826432228088379,0.3826432228088379,False,826,2028
shuffle,21,0.9865627288818359,-0.006963789463043213,0.006963789463043213,-1.0947208404541016,1.0947208404541016,False,826,2028
shuffle,22,0.9209148287773132,-0.0736280083656311,0.0736280083656311,-3.1587605476379395,3.1587605476379395,False,826,2028
shuffle,23,0.9846929907798767,-0.08967912197113037,0.08967912197113037,-3.365276336669922,3.365276336669922,False,826,2028
shuffle,24,0.19071492552757263,-0.000422060489654541,0.000422060489654541,-0.11307907104492188,0.11307907104492188,False,826,2028
shuffle,25,0.9525749683380127,-0.0023680925369262695,0.0023680925369262695,-0.5146398544311523,0.5146398544311523,False,826,2028
shuffle,26,0.9543572664260864,-0.12630778551101685,0.12630778551101685,-3.737919807434082,3.737919807434082,False,826,2028
shuffle,27,0.9549051523208618,-0.0025412440299987793,0.0025412440299987793,-0.5436930656433105,0.5436930656433105,False,826,2028
shuffle,28,0.9539146423339844,-0.08855199813842773,0.08855199813842773,-3.3518691062927246,3.3518691062927246,False,826,2028
shuffle,29,0.9549051523208618,-0.11702924966812134,0.11702924966812134,-3.653174042701721,3.653174042701721,False,826,2028
uniform,0,0.3419716954231262,0.010629892349243164,0.010629892349243164,0.13121318817138672,0.13121318817138672,False,838,2028
shuffle,0,0.4675605595111847,0.03469592332839966,0.03469592332839966,0.4960970878601074,0.4960970878601074,False,838,2028
shuffle,1,0.4799632132053375,-0.014776766300201416,0.014776766300201416,-0.16196203231811523,0.16196203231811523,False,838,2028
shuffle,2,0.5233726501464844,0.060490429401397705,0.060490429401397705,1.089606761932373,1.089606761932373,False,838,2028
shuffle,3,0.2944238781929016,-0.007354438304901123,0.007354438304901123,-0.08321952819824219,0.08321952819824219,False,838,2028
shuffle,4,0.45863157510757446,-0.08642452955245972,0.08642452955245972,-0.750575065612793,0.750575065612793,False,838,2028
shuffle,5,0.40755224227905273,0.022864103317260742,0.022864103317260742,0.3024730682373047,0.3024730682373047,False,838,2028
shuffle,6,0.4016960561275482,0.028043627738952637,0.028043627738952637,0.3832588195800781,0.3832588195800781,False,838,2028
shuffle,7,0.3272126019001007,-0.012185156345367432,0.012185156345367432,-0.13502001762390137,0.13502001762390137,False,838,2028
shuffle,8,0.49282121658325195,0.010884225368499756,0.010884225368499756,0.13453197479248047,0.13453197479248047,False,838,2028
shuffle,9,0.5224947333335876,-0.024595975875854492,0.024595975875854492,-0.25921058654785156,0.25921058654785156,False,838,2028
shuffle,10,0.543069064617157,0.012362182140350342,0.012362182140350342,0.15401220321655273,0.15401220321655273,False,838,2028
shuffle,11,0.4811709523200989,0.028684675693511963,0.028684675693511963,0.3936605453491211,0.3936605453491211,False,838,2028
shuffle,12,0.342446893453598,-0.017939269542694092,0.017939269542694092,-0.19408845901489258,0.19408845901489258,False,838,2028
shuffle,13,0.5457643270492554,0.04707324504852295,0.04707324504852295,0.7417526245117188,0.7417526245117188,False,838,2028
shuffle,14,0.439336895942688,-0.00359189510345459,0.00359189510345459,-0.04134035110473633,0.04134035110473633,False,838,2028
shuffle,15,0.5330635905265808,0.0052700042724609375,0.0052700042724609375,0.06328392028808594,0.06328392028808594,False,838,2028
shuffle,16,0.47043919563293457,0.01906728744506836,0.01906728744506836,0.24661898612976074,0.24661898612976074,False,838,2028
shuffle,17,0.5052136182785034,0.020869731903076172,0.020869731903076172,0.27280187606811523,0.27280187606811523,False,838,2028
shuffle,18,0.5602744221687317,0.03545111417770386,0.03545111417770386,0.5096402168273926,0.5096402168273926,False,838,2028
shuffle,19,0.3657548725605011,0.003021419048309326,0.003021419048309326,0.03588056564331055,0.03588056564331055,False,838,2028
shuffle,20,0.5115333199501038,0.025605440139770508,0.025605440139770508,0.3445277214050293,0.3445277214050293,False,838,2028
shuffle,21,0.49167799949645996,-0.02522057294845581,0.02522057294845581,-0.26515722274780273,0.26515722274780273,False,838,2028
shuffle,22,0.5504739284515381,0.011808037757873535,0.011808037757873535,0.14667081832885742,0.14667081832885742,False,838,2028
shuffle,23,0.5008464455604553,0.027178287506103516,0.027178287506103516,0.36936450004577637,0.36936450004577637,False,838,2028
shuffle,24,0.2828946113586426,-0.0024014711380004883,0.0024014711380004883,-0.027791976928710938,0.027791976928710938,False,838,2028
shuffle,25,0.5166804790496826,0.034640371799468994,0.034640371799468994,0.4951057434082031,0.4951057434082031,False,838,2028
shuffle,26,0.5119300484657288,0.04555535316467285,0.04555535316467285,0.7085521221160889,0.7085521221160889,False,838,2028
shuffle,27,0.5070245862007141,0.004046618938446045,0.004046618938446045,0.04829907417297363,0.04829907417297363,False,838,2028
shuffle,28,0.37689900398254395,0.013510644435882568,0.013510644435882568,0.16937041282653809,0.16937041282653809,False,838,2028
shuffle,29,0.5452873110771179,0.029291272163391113,0.029291272163391113,0.403592586517334,0.403592586517334,False,838,2028
uniform,0,0.8338609337806702,-0.05381882190704346,0.05381882190704346,-2.380131721496582,2.380131721496582,False,844,2028
shuffle,0,0.2223529815673828,0.0014460086822509766,0.0014460086822509766,0.2861518859863281,0.2861518859863281,False,844,2028
shuffle,1,0.9579508304595947,0.001986682415008545,0.001986682415008545,0.41812849044799805,0.41812849044799805,False,844,2028
shuffle,2,0.9211375713348389,-0.2815130949020386,0.2815130949020386,-4.229505896568298,4.229505896568298,False,844,2028
shuffle,3,0.7830281257629395,0.0025475621223449707,0.0025475621223449707,0.5761451721191406,0.5761451721191406,False,844,2028
shuffle,4,0.9762343168258667,-0.7621979117393494,0.7621979117393494,-6.335042715072632,6.335042715072632,True,844,2028
shuffle,5,0.9689106345176697,-0.04057478904724121,0.04057478904724121,-2.1151041984558105,2.1151041984558105,False,844,2028
shuffle,6,0.945183277130127,-0.5263302028179169,0.5263302028179169,-5.26664237678051,5.26664237678051,True,844,2028
shuffle,7,0.95674729347229,0.002506732940673828,0.002506732940673828,0.5637741088867188,0.5637741088867188,False,844,2028
shuffle,8,0.9714431762695312,-0.4135192036628723,0.4135192036628723,-4.812378764152527,4.812378764152527,False,844,2028
shuffle,9,0.9649747610092163,-0.02716827392578125,0.02716827392578125,-1.7602496147155762,1.7602496147155762,False,844,2028
shuffle,10,0.798424243927002,0.001449882984161377,0.001449882984161377,0.2870454788208008,0.2870454788208008,False,844,2028
shuffle,11,0.9481492638587952,-0.2346213459968567,0.2346213459968567,-3.987626314163208,3.987626314163208,False,844,2028
shuffle,12,0.7985492944717407,0.00468212366104126,0.00468212366104126,1.6254472732543945,1.6254472732543945,False,844,2028
shuffle,13,0.9617375135421753,-0.5552998483181,0.5552998483181,-5.383572667837143,5.383572667837143,True,844,2028
shuffle,14,0.9415124654769897,-0.15194207429885864,0.15194207429885864,-3.4629464149475098,3.4629464149475098,False,844,2028
shuffle,15,0.22903457283973694,0.0008195042610168457,0.0008195042610168457,0.15214252471923828,0.15214252471923828,False,844,2028
shuffle,16,0.7992246150970459,-0.0010176301002502441,0.0010176301002502441,-0.16175174713134766,0.16175174713134766,False,844,2028
shuffle,17,0.9429832696914673,-0.07028567790985107,0.07028567790985107,-2.6415553092956543,2.6415553092956543,False,844,2028
shuffle,18,0.7932302355766296,-0.1373997926712036,0.1373997926712036,-3.349130153656006,3.349130153656006,False,844,2028
shuffle,19,0.9585781097412109,-0.1325775384902954,0.1325775384902954,-3.3092710971832275,3.3092710971832275,False,844,2028
shuffle,20,0.9714221358299255,-0.22489720582962036,0.22489720582962036,-3.9336243867874146,3.9336243867874146,False,844,2028
shuffle,21,0.9410625696182251,-0.24754375219345093,0.24754375219345093,-4.057132720947266,4.057132720947266,False,844,2028
shuffle,22,0.9377192258834839,-0.14923095703125,0.14923095703125,-3.4424002170562744,3.4424002170562744,False,844,2028
shuffle,23,0.9708622097969055,0.00035572052001953125,0.00035572052001953125,0.06325054168701172,0.06325054168701172,False,844,2028
shuffle,24,0.9523700475692749,-0.01750403642654419,0.01750403642654419,-1.4038410186767578,1.4038410186767578,False,844,2028
shuffle,25,0.948856770992279,-0.005320131778717041,0.005320131778717041,-0.6532812118530273,0.6532812118530273,False,844,2028
shuffle,26,0.9521656036376953,-0.15914803743362427,0.15914803743362427,-3.5161983966827393,3.5161983966827393,False,844,2028
shuffle,27,0.9610593914985657,-0.26934748888015747,0.26934748888015747,-4.16931939125061,4.16931939125061,False,844,2028
shuffle,28,0.957734227180481,-0.02071017026901245,0.02071017026901245,-1.535846471786499,1.535846471786499,False,844,2028
shuffle,29,0.9740832448005676,-0.01257866621017456,0.01257866621017456,-1.1617915630340576,1.1617915630340576,False,844,2028
uniform,0,0.5462080240249634,-0.04354888200759888,0.04354888200759888,-0.2097594141960144,0.2097594141960144,False,846,2028
shuffle,0,0.7667351365089417,-0.048393309116363525,0.048393309116363525,-0.23205912113189697,0.23205912113189697,False,846,2028
shuffle,1,0.6210418939590454,-0.27232250571250916,0.27232250571250916,-1.1612006276845932,1.1612006276845932,True,846,2028
shuffle,2,0.2809106409549713,0.18369972705841064,0.18369972705841064,1.342443585395813,1.342443585395813,False,846,2028
shuffle,3,0.6628236770629883,-0.039736390113830566,0.039736390113830566,-0.19208097457885742,0.19208097457885742,False,846,2028
shuffle,4,0.7821719646453857,0.029803156852722168,0.029803156852722168,0.15576040744781494,0.15576040744781494,False,846,2028
shuffle,5,0.6468623876571655,0.1091802716255188,0.1091802716255188,0.6505258083343506,0.6505258083343506,False,846,2028
shuffle,6,0.7750772833824158,-0.07283258438110352,0.07283258438110352,-0.3420196771621704,0.3420196771621704,False,846,2028
shuffle,7,0.5745768547058105,-0.37582045793533325,0.37582045793533325,-1.5932854413986206,1.5932854413986206,True,846,2028
shuffle,8,0.74263596534729,-0.19210976362228394,0.19210976362228394,-0.8396230936050415,0.8396230936050415,False,846,2028
shuffle,9,0.6468623280525208,0.10419631004333496,0.10419631004333496,0.614585280418396,0.614585280418396,False,846,2028
shuffle,10,0.6880823373794556,0.11389625072479248,0.11389625072479248,0.6853524446487427,0.6853524446487427,False,846,2028
shuffle,11,0.726409375667572,0.029908955097198486,0.029908955097198486,0.1563352346420288,0.1563352346420288,False,846,2028
shuffle,12,0.827031672000885,-0.2256733775138855,0.2256733775138855,-0.9741037786006927,0.9741037786006927,False,846,2028
shuffle,13,0.5639901161193848,-0.27390602231025696,0.27390602231025696,-1.1675893068313599,1.1675893068313599,True,846,2028
shuffle,14,0.7619224786758423,-0.10415279865264893,0.10415279865264893,-0.4777705669403076,0.4777705669403076,False,846,2028
shuffle,15,0.7492567896842957,-0.06618893146514893,0.06618893146514893,-0.3125193119049072,0.3125193119049072,False,846,2028
shuffle,16,0.5486204028129578,0.09029972553253174,0.09029972553253174,0.5186330080032349,0.5186330080032349,False,846,2028
shuffle,17,0.7866687774658203,-0.23583778738975525,0.23583778738975525,-1.0147651433944702,1.0147651433944702,True,846,2028
shuffle,18,0.8012112975120544,-0.07895398139953613,0.07895398139953613,-0.36896538734436035,0.36896538734436035,False,846,2028
shuffle,19,0.6163277626037598,-0.41426941752433777,0.41426941752433777,-1.7668226957321167,1.7668226957321167,True,846,2028
shuffle,20,0.782171905040741,-0.04428917169570923,0.04428917169570923,-0.2131788730621338,0.2131788730621338,False,846,2028
shuffle,21,0.3065136671066284,0.07272344827651978,0.07272344827651978,0.4050605297088623,0.4050605297088623,False,846,2028
shuffle,22,0.7320789098739624,-0.08111953735351562,0.08111953735351562,-0.3784463405609131,0.3784463405609131,False,846,2028
shuffle,23,0.16046962141990662,0.05609554052352905,0.05609554052352905,0.3043067455291748,0.3043067455291748,False,846,2028
shuffle,24,0.7939807772636414,-0.1462012529373169,0.1462012529373169,-0.6533616781234741,0.6533616781234741,False,846,2028
shuffle,25,0.6421482563018799,0.120838463306427,0.120838463306427,0.7381764650344849,0.7381764650344849,False,846,2028
shuffle,26,0.7241274118423462,-0.05178910493850708,0.05178910493850708,-0.24758511781692505,0.24758511781692505,False,846,2028
shuffle,27,0.8457576632499695,0.02182590961456299,0.02182590961456299,0.11289346218109131,0.11289346218109131,False,846,2028
shuffle,28,0.7676292657852173,0.16136717796325684,0.16136717796325684,1.0944992303848267,1.0944992303848267,False,846,2028
shuffle,29,0.6009283065795898,-0.12429112195968628,0.12429112195968628,-0.5626527667045593,0.5626527667045593,False,846,2028
uniform,0,0.8245811462402344,-0.012347638607025146,0.012347638607025146,-5.295883655548096,5.295883655548096,False,853,2028
shuffle,0,0.07654869556427002,-1.0728836059570312e-06,1.0728836059570312e-06,-0.015716552734375,0.015716552734375,False,853,2028
shuffle,1,0.9705467224121094,-0.003034830093383789,0.003034830093383789,-3.898636817932129,3.898636817932129,False,853,2028
shuffle,2,0.9522644877433777,-0.08829396963119507,0.08829396963119507,-7.338737964630127,7.338737964630127,False,853,2028
shuffle,3,0.9596406817436218,-0.029171109199523926,0.029171109199523926,-6.169852018356323,6.169852018356323,False,853,2028
shuffle,4,0.9687812924385071,-0.37201136350631714,0.37201136350631714,-9.14927351474762,9.14927351474762,False,853,2028
shuffle,5,0.9559437036514282,-0.00210493803024292,0.00210493803024292,-3.5407447814941406,3.5407447814941406,False,853,2028
shuffle,6,0.9577862024307251,-0.21001166105270386,0.21001166105270386,-8.34812617301941,8.34812617301941,False,853,2028
shuffle,7,0.9257216453552246,-0.017284631729125977,0.017284631729125977,-5.635796546936035,5.635796546936035,False,853,2028
shuffle,8,0.9275205731391907,-0.00033015012741088867,0.00033015012741088867,-1.8315668106079102,1.8315668106079102,False,853,2028
shuffle,9,0.9495894312858582,-0.3614804744720459,0.3614804744720459,-9.103930175304413,9.103930175304413,False,853,2028
shuffle,10,0.9456707239151001,-0.0014333724975585938,0.0014333724975585938,-3.1694040298461914,3.1694040298461914,False,853,2028
shuffle,11,0.9616806507110596,-0.025249123573303223,0.025249123573303223,-6.021765232086182,6.021765232086182,False,853,2028
shuffle,12,0.9624581336975098,-0.0021542906761169434,0.0021542906761169434,-3.563338279724121,3.563338279724121,False,853,2028
shuffle,13,0.9498419761657715,-0.03656870126724243,0.03656870126724243,-6.403077840805054,6.403077840805054,False,853,2028
shuffle,14,0.9789157509803772,-0.02816373109817505,0.02816373109817505,-6.133743762969971,6.133743762969971,False,853,2028
shuffle,15,0.9675024747848511,-0.08179926872253418,0.08179926872253418,-7.255291938781738,7.255291938781738,False,853,2028
shuffle,16,0.9587905406951904,-0.07744377851486206,0.07744377851486206,-7.19588565826416,7.19588565826416,False,853,2028
shuffle,17,0.9651223421096802,-0.02837902307510376,0.02837902307510376,-6.141565799713135,6.141565799713135,False,853,2028
shuffle,18,0.9509404301643372,-0.025979936122894287,0.025979936122894287,-6.050976514816284,6.050976514816284,False,853,2028
shuffle,19,0.9704899787902832,-0.0030939579010009766,0.0030939579010009766,-3.9175939559936523,3.9175939559936523,False,853,2028
shuffle,20,0.9546583890914917,-0.24645602703094482,0.24645602703094482,-8.555336713790894,8.555336713790894,False,853,2028
shuffle,21,0.9079647660255432,-0.025969207286834717,0.025969207286834717,-6.0505547523498535,6.0505547523498535,False,853,2028
shuffle,22,0.9600200653076172,-0.03409475088119507,0.03409475088119507,-6.330589771270752,6.330589771270752,False,853,2028
shuffle,23,0.9649577140808105,-0.0909498929977417,0.0909498929977417,-7.37127161026001,7.37127161026001,False,853,2028
shuffle,24,0.922126054763794,-0.02436143159866333,0.02436143159866333,-5.985153913497925,5.985153913497925,False,853,2028
shuffle,25,0.9068759679794312,-0.0003407597541809082,0.0003407597541809082,-1.8582000732421875,1.8582000732421875,False,853,2028
shuffle,26,0.0721888467669487,-1.6450881958007812e-05,1.6450881958007812e-05,-0.2314605712890625,0.2314605712890625,False,853,2028
shuffle,27,0.9231236577033997,-0.026338577270507812,0.026338577270507812,-6.065027475357056,6.065027475357056,False,853,2028
shuffle,28,0.9546039700508118,-0.0020089149475097656,0.0020089149475097656,-3.495372772216797,3.495372772216797,False,853,2028
shuffle,29,0.9624211192131042,-0.037444353103637695,0.037444353103637695,-6.427609920501709,6.427609920501709,False,853,2028
uniform,0,0.7806268930435181,0.14295107126235962,0.14295107126235962,0.6210812479257584,0.6210812479257584,False,856,2028
shuffle,0,0.9234787225723267,0.23193055391311646,0.23193055391311646,1.0977865010499954,1.0977865010499954,False,856,2028
shuffle,1,0.9053033590316772,-0.0504535436630249,0.0504535436630249,-0.20303868502378464,0.20303868502378464,False,856,2028
shuffle,2,0.9278966784477234,0.3310345411300659,0.3310345411300659,1.8674886971712112,1.8674886971712112,False,856,2028
shuffle,3,0.5809199213981628,0.25051283836364746,0.25051283836364746,1.2150473147630692,1.2150473147630692,False,856,2028
shuffle,4,0.940604567527771,0.1303982138633728,0.1303982138633728,0.5615435987710953,0.5615435987710953,False,856,2028
shuffle,5,0.9133573770523071,0.3038237690925598,0.3038237690925598,1.6114474087953568,1.6114474087953568,False,856,2028
shuffle,6,0.5951256155967712,0.0972169041633606,0.0972169041633606,0.41019876301288605,0.41019876301288605,False,856,2028
shuffle,7,0.9159635901451111,-0.039292216300964355,0.039292216300964355,-0.1583440601825714,0.1583440601825714,False,856,2028
shuffle,8,0.9447134733200073,0.18217575550079346,0.18217575550079346,0.817508652806282,0.817508652806282,False,856,2028
shuffle,9,0.9730788469314575,0.3043188452720642,0.3043188452720642,1.6156936436891556,1.6156936436891556,False,856,2028
shuffle,10,0.9336006045341492,-0.12868079543113708,0.12868079543113708,-0.5176141709089279,0.5176141709089279,True,856,2028
shuffle,11,0.9323145151138306,0.08594262599945068,0.08594262599945068,0.36045677959918976,0.36045677959918976,False,856,2028
shuffle,12,0.9327706098556519,0.3392951488494873,0.3392951488494873,1.956425502896309,1.956425502896309,False,856,2028
shuffle,13,0.56047123670578,0.24932008981704712,0.24932008981704712,1.2072628289461136,1.2072628289461136,False,856,2028
shuffle,14,0.9471009969711304,0.19182026386260986,0.19182026386260986,0.8687008172273636,0.8687008172273636,False,856,2028
shuffle,15,0.5931295156478882,-0.033620595932006836,0.033620595932006836,-0.1356019824743271,0.1356019824743271,False,856,2028
shuffle,16,0.9381750822067261,0.31247377395629883,0.31247377395629883,1.6876087933778763,1.6876087933778763,False,856,2028
shuffle,17,0.9256086349487305,0.22264695167541504,0.22264695167541504,1.0421212464571,1.0421212464571,False,856,2028
shuffle,18,0.9434703588485718,-0.256803035736084,0.256803035736084,-1.072505995631218,1.072505995631218,True,856,2028
shuffle,19,0.5728697776794434,0.1517704725265503,0.1517704725265503,0.6637886315584183,0.6637886315584183,False,856,2028
shuffle,20,0.9184249639511108,0.3044695258140564,0.3044695258140564,1.6169881373643875,1.6169881373643875,False,856,2028
shuffle,21,0.9419946670532227,0.23873668909072876,0.23873668909072876,1.1397791653871536,1.1397791653871536,False,856,2028
shuffle,22,0.947685956954956,0.22429561614990234,0.22429561614990234,1.0518772155046463,1.0518772155046463,False,856,2028
shuffle,23,0.9214010238647461,0.27265697717666626,0.27265697717666626,1.3670553714036942,1.3670553714036942,False,856,2028
shuffle,24,0.9456610083580017,0.19330012798309326,0.19330012798309326,0.8766729384660721,0.8766729384660721,False,856,2028
shuffle,25,0.9090542793273926,0.301858127117157,0.301858127117157,1.5947187691926956,1.5947187691926956,False,856,2028
shuffle,26,0.9126856923103333,-0.050750792026519775,0.050750792026519775,-0.20422817766666412,0.20422817766666412,False,856,2028
shuffle,27,0.5867422223091125,-0.20994997024536133,0.20994997024536133,-0.8595955818891525,0.8595955818891525,True,856,2028
shuffle,28,0.9393408298492432,-0.3220520168542862,0.3220520168542862,-1.4034463614225388,1.4034463614225388,True,856,2028
shuffle,29,0.9405410289764404,0.34301841259002686,0.34301841259002686,1.9986727982759476,1.9986727982759476,False,856,2028
uniform,0,0.8402383923530579,-0.10089784860610962,0.10089784860610962,-3.0774810314178467,3.0774810314178467,False,860,2028
shuffle,0,0.9740978479385376,-0.181809663772583,0.181809663772583,-3.7381542921066284,3.7381542921066284,False,860,2028
shuffle,1,0.970146119594574,-0.09571903944015503,0.09571903944015503,-3.0217816829681396,3.0217816829681396,False,860,2028
shuffle,2,0.9835517406463623,-0.2093614935874939,0.2093614935874939,-3.9099044799804688,3.9099044799804688,False,860,2028
shuffle,3,0.9839785099029541,-0.14814722537994385,0.14814722537994385,-3.4994118213653564,3.4994118213653564,False,860,2028
shuffle,4,0.9452950954437256,-0.05340850353240967,0.05340850353240967,-2.4341511726379395,2.4341511726379395,False,860,2028
shuffle,5,0.9799116849899292,-0.07442694902420044,0.07442694902420044,-2.762073516845703,2.762073516845703,False,860,2028
shuffle,6,0.9595968723297119,-0.06980448961257935,0.06980448961257935,-2.6974523067474365,2.6974523067474365,False,860,2028
shuffle,7,0.9396198987960815,-0.11131983995437622,0.11131983995437622,-3.182699203491211,3.182699203491211,False,860,2028
shuffle,8,0.9824015498161316,-0.1371256709098816,0.1371256709098816,-3.4120147228240967,3.4120147228240967,False,860,2028
shuffle,9,0.9646146893501282,-0.11033183336257935,0.11033183336257935,-3.173084259033203,3.173084259033203,False,860,2028
shuffle,10,0.9648895263671875,-0.2547643184661865,0.2547643184661865,-4.161210060119629,4.161210060119629,False,860,2028
shuffle,11,0.9833986759185791,-0.15039277076721191,0.15039277076721191,-3.5165817737579346,3.5165817737579346,False,860,2028
shuffle,12,0.972972571849823,-0.09778308868408203,0.09778308868408203,-3.0442771911621094,3.0442771911621094,False,860,2028
shuffle,13,0.9681645631790161,-0.30879998207092285,0.30879998207092285,-4.42573869228363,4.42573869228363,False,860,2028
shuffle,14,0.9729490876197815,-0.08732223510742188,0.08732223510742188,-2.9258408546447754,2.9258408546447754,False,860,2028
shuffle,15,0.5097346901893616,-0.0055699944496154785,0.0055699944496154785,-0.7093863487243652,0.7093863487243652,False,860,2028
shuffle,16,0.9734084010124207,-0.3089563846588135,0.3089563846588135,-4.4264644384384155,4.4264644384384155,False,860,2028
shuffle,17,0.9657878875732422,-0.30565690994262695,0.30565690994262695,-4.411113858222961,4.411113858222961,False,860,2028
shuffle,18,0.7234232425689697,-0.02711308002471924,0.02711308002471924,-1.814680576324463,1.814680576324463,False,860,2028
shuffle,19,0.7754241824150085,-0.4506230354309082,0.4506230354309082,-5.029899030923843,5.029899030923843,False,860,2028
shuffle,20,0.9633309841156006,-0.2097015380859375,0.2097015380859375,-3.9119194746017456,3.9119194746017456,False,860,2028
shuffle,21,0.9609642624855042,0.0022267699241638184,0.0022267699241638184,0.5270752906799316,0.5270752906799316,False,860,2028
shuffle,22,0.9581084251403809,-0.16200953722000122,0.16200953722000122,-3.602331757545471,3.602331757545471,False,860,2028
shuffle,23,0.9719250202178955,-0.19631290435791016,0.19631290435791016,-3.830755829811096,3.830755829811096,False,860,2028
shuffle,24,0.9712752103805542,-0.16923201084136963,0.16923201084136963,-3.6532692909240723,3.6532692909240723,False,860,2028
shuffle,25,0.9251248240470886,-0.12184721231460571,0.12184721231460571,-3.2810068130493164,3.2810068130493164,False,860,2028
shuffle,26,0.9435344338417053,-0.055097222328186035,0.055097222328186035,-2.464232921600342,2.464232921600342,False,860,2028
shuffle,27,0.9514339566230774,-0.10350257158279419,0.10350257158279419,-3.1045968532562256,3.1045968532562256,False,860,2028
shuffle,28,0.9708282947540283,-0.048973798751831055,0.048973798751831055,-2.3511202335357666,2.3511202335357666,False,860,2028
shuffle,29,0.9357028007507324,0.0012844204902648926,0.0012844204902648926,0.269866943359375,0.269866943359375,False,860,2028
uniform,0,0.7669172286987305,-0.008023679256439209,0.008023679256439209,-1.9601736068725586,1.9601736068725586,False,864,2028
shuffle,0,0.9743371605873108,-0.015680253505706787,0.015680253505706787,-2.5660901069641113,2.5660901069641113,False,864,2028
shuffle,1,0.8914355039596558,-0.003663301467895508,0.003663301467895508,-1.3278803825378418,1.3278803825378418,False,864,2028
shuffle,2,0.07438064366579056,-9.799003601074219e-05,9.799003601074219e-05,-0.07125282287597656,0.07125282287597656,False,864,2028
shuffle,3,0.9642530679702759,-0.01610267162322998,0.01610267162322998,-2.591055393218994,2.591055393218994,False,864,2028
shuffle,4,0.9108202457427979,-0.08469575643539429,0.08469575643539429,-4.25982666015625,4.25982666015625,False,864,2028
shuffle,5,0.9727743268013,-0.021227121353149414,0.021227121353149414,-2.8540146350860596,2.8540146350860596,False,864,2028
shuffle,6,0.9640589356422424,-0.0006690621376037598,0.0006690621376037598,-0.4087519645690918,0.4087519645690918,False,864,2028
shuffle,7,0.9464313387870789,-0.01243215799331665,0.01243215799331665,-2.350863456726074,2.350863456726074,False,864,2028
shuffle,8,0.9090631604194641,-0.0006112456321716309,0.0006112456321716309,-0.37931060791015625,0.37931060791015625,False,864,2028
shuffle,9,0.9108203053474426,-0.0032831430435180664,0.0032831430435180664,-1.2482829093933105,1.2482829093933105,False,864,2028
shuffle,10,0.9836380481719971,-0.0040929317474365234,0.0040929317474365234,-1.410904884338379,1.410904884338379,False,864,2028
shuffle,11,0.9743372201919556,-0.003662705421447754,0.003662705421447754,-1.3277692794799805,1.3277692794799805,False,864,2028
shuffle,12,0.9658161401748657,-0.02633500099182129,0.02633500099182129,-3.0633950233459473,3.0633950233459473,False,864,2028
shuffle,13,0.9836379885673523,-0.017025530338287354,0.017025530338287354,-2.643583297729492,2.643583297729492,False,864,2028
shuffle,14,0.8931507468223572,-0.028586506843566895,0.028586506843566895,-3.143960475921631,3.143960475921631,False,864,2028
shuffle,15,0.9210566878318787,-0.031122148036956787,0.031122148036956787,-3.2279410362243652,3.2279410362243652,False,864,2028
shuffle,16,0.8912831544876099,-0.002523660659790039,0.002523660659790039,-1.0675344467163086,1.0675344467163086,False,864,2028
shuffle,17,0.9642530679702759,-0.0034439563751220703,0.0034439563751220703,-1.2827324867248535,1.2827324867248535,False,864,2028
shuffle,18,0.9820749759674072,-0.03719514608383179,0.03719514608383179,-3.4057912826538086,3.4057912826538086,False,864,2028
shuffle,19,0.902299165725708,-0.0028232336044311523,0.0028232336044311523,-1.1427178382873535,1.1427178382873535,False,864,2028
shuffle,20,0.9541690349578857,-0.003247082233428955,0.003247082233428955,-1.2404003143310547,1.2404003143310547,False,864,2028
shuffle,21,0.9735538959503174,-0.0027810335159301758,0.0027810335159301758,-1.132479190826416,1.132479190826416,False,864,2028
shuffle,22,0.955731987953186,-0.01247471570968628,0.01247471570968628,-2.353999137878418,2.353999137878418,False,864,2028
shuffle,23,0.09068141877651215,-0.0003147721290588379,0.0003147721290588379,-0.21302127838134766,0.21302127838134766,False,864,2028
shuffle,24,0.9733597636222839,-0.0005106329917907715,0.0005106329917907715,-0.3259248733520508,0.3259248733520508,False,864,2028
shuffle,25,0.9734016060829163,-0.01840794086456299,0.01840794086456299,-2.7176105976104736,2.7176105976104736,False,864,2028
shuffle,26,0.9008885622024536,-0.0004284381866455078,0.0004284381866455078,-0.2801036834716797,0.2801036834716797,False,864,2028
shuffle,27,0.9735538363456726,-0.0005602836608886719,0.0005602836608886719,-0.3526144027709961,0.3526144027709961,False,864,2028
shuffle,28,0.9001089334487915,-0.08952504396438599,0.08952504396438599,-4.319744825363159,4.319744825363159,False,864,2028
shuffle,29,0.09239669889211655,-0.0001767873764038086,0.0001767873764038086,-0.12514972686767578,0.12514972686767578,False,864,2028
uniform,0,0.8745390772819519,-0.08440762758255005,0.08440762758255005,-3.504605531692505,3.504605531692505,False,871,2028
shuffle,0,0.9931765794754028,-0.12219017744064331,0.12219017744064331,-3.9065972566604614,3.9065972566604614,False,871,2028
shuffle,1,0.9878478646278381,-0.36660492420196533,0.36660492420196533,-5.317506909370422,5.317506909370422,False,871,2028
shuffle,2,0.9960666298866272,-0.1849052906036377,0.1849052906036377,-4.387436628341675,4.387436628341675,False,871,2028
shuffle,3,0.990616500377655,-0.2836300730705261,0.2836300730705261,-4.939530968666077,4.939530968666077,False,871,2028
shuffle,4,0.9948946237564087,-0.3883996605873108,0.3883996605873108,-5.409999042749405,5.409999042749405,False,871,2028
shuffle,5,0.9907629489898682,-0.054912447929382324,0.054912447929382324,-3.0603675842285156,3.0603675842285156,False,871,2028
shuffle,6,0.9617406725883484,-0.12776827812194824,0.12776827812194824,-3.9566314220428467,3.9566314220428467,False,871,2028
shuffle,7,0.9922177791595459,-0.08860176801681519,0.08860176801681519,-3.556150197982788,3.556150197982788,False,871,2028
shuffle,8,0.9865614771842957,-0.43840426206588745,0.43840426206588745,-5.615985795855522,5.615985795855522,False,871,2028
shuffle,9,0.9976869821548462,-0.16559463739395142,0.16559463739395142,-4.255417466163635,4.255417466163635,False,871,2028
shuffle,10,0.9855054020881653,-0.018055975437164307,0.018055975437164307,-2.0061817169189453,2.0061817169189453,False,871,2028
shuffle,11,0.5299108028411865,-0.11677151918411255,0.11677151918411255,-3.8561261892318726,3.8561261892318726,False,871,2028
shuffle,12,0.9967809319496155,-0.225114643573761,0.225114643573761,-4.632245302200317,4.632245302200317,False,871,2028
shuffle,13,0.9902697801589966,-0.06253397464752197,0.06253397464752197,-3.1923961639404297,3.1923961639404297,False,871,2028
shuffle,14,0.9938544034957886,-0.02084261178970337,0.02084261178970337,-2.134066581726074,2.134066581726074,False,871,2028
shuffle,15,0.9838271737098694,-0.37374794483184814,0.37374794483184814,-5.34804892539978,5.34804892539978,False,871,2028
shuffle,16,0.9809685945510864,-0.04929929971694946,0.04929929971694946,-2.952230453491211,2.952230453491211,False,871,2028
shuffle,17,0.9906485676765442,-0.38552922010421753,0.38552922010421753,-5.397931218147278,5.397931218147278,False,871,2028
shuffle,18,0.9930342435836792,-0.17805862426757812,0.17805862426757812,-4.341898441314697,4.341898441314697,False,871,2028
shuffle,19,0.9777143001556396,-0.07604694366455078,0.07604694366455078,-3.3947834968566895,3.3947834968566895,False,871,2028
shuffle,20,0.9954652786254883,-0.05717813968658447,0.05717813968658447,-3.1012396812438965,3.1012396812438965,False,871,2028
shuffle,21,0.9922643303871155,-0.07269126176834106,0.07269126176834106,-3.3476929664611816,3.3476929664611816,False,871,2028
shuffle,22,0.9969777464866638,-0.3864993453025818,0.3864993453025818,-5.4020132422447205,5.4020132422447205,False,871,2028
shuffle,23,0.5223727226257324,-0.0924612283706665,0.0924612283706665,-3.601735830307007,3.601735830307007,False,871,2028
shuffle,24,0.9968278408050537,-0.12066924571990967,0.12066924571990967,-3.892624258995056,3.892624258995056,False,871,2028
shuffle,25,0.9963719844818115,-0.3600754141807556,0.3600754141807556,-5.289373874664307,5.289373874664307,False,871,2028
shuffle,26,0.9823326468467712,-0.11257928609848022,0.11257928609848022,-3.815706491470337,3.815706491470337,False,871,2028
shuffle,27,0.9924036860466003,-0.29411715269088745,0.29411715269088745,-4.990288734436035,4.990288734436035,False,871,2028
shuffle,28,0.9966006875038147,-0.10478752851486206,0.10478752851486206,-3.737057685852051,3.737057685852051,False,871,2028
shuffle,29,0.997936487197876,-0.04225283861160278,0.04225283861160278,-2.7997055053710938,2.7997055053710938,False,871,2028
