kind,trial,attention_tv,probability_change,abs_probability_change,margin_change,abs_margin_change,label_changed,idx,model_seed
uniform,0,0.6903391480445862,-3.063678741455078e-05,3.063678741455078e-05,-2.1350784301757812,2.1350784301757812,False,0,2026
shuffle,0,0.8919234275817871,-0.0002213120460510254,0.0002213120460510254,-4.002378463745117,4.002378463745117,False,0,2026
shuffle,1,0.9283835887908936,-2.9087066650390625e-05,2.9087066650390625e-05,-2.0870208740234375,2.0870208740234375,False,0,2026
shuffle,2,0.7882620692253113,-7.68899917602539e-05,7.68899917602539e-05,-2.978534698486328,2.978534698486328,False,0,2026
shuffle,3,0.8272205591201782,-7.748603820800781e-06,7.748603820800781e-06,-1.0620403289794922,1.0620403289794922,False,0,2026
shuffle,4,0.9226372241973877,-1.1205673217773438e-05,1.1205673217773438e-05,-1.3195390701293945,1.3195390701293945,False,0,2026
shuffle,5,0.9284477233886719,-1.4543533325195312e-05,1.4543533325195312e-05,-1.5158233642578125,1.5158233642578125,False,0,2026
shuffle,6,0.8539336919784546,-0.0004329085350036621,0.0004329085350036621,-4.664292335510254,4.664292335510254,False,0,2026
shuffle,7,0.13861219584941864,-7.152557373046875e-07,7.152557373046875e-07,-0.16492652893066406,0.16492652893066406,False,0,2026
shuffle,8,0.7597717046737671,5.960464477539062e-07,5.960464477539062e-07,0.15717124938964844,0.15717124938964844,False,0,2026
shuffle,9,0.8263403177261353,-7.152557373046875e-07,7.152557373046875e-07,-0.1637592315673828,0.1637592315673828,False,0,2026
shuffle,10,0.8247463703155518,9.5367431640625e-07,9.5367431640625e-07,0.2294178009033203,0.2294178009033203,False,0,2026
shuffle,11,0.9308777451515198,-2.7894973754882812e-05,2.7894973754882812e-05,-2.0522079467773438,2.0522079467773438,False,0,2026
shuffle,12,0.8628002405166626,-0.0004343390464782715,0.0004343390464782715,-4.667563438415527,4.667563438415527,False,0,2026
shuffle,13,0.8903295397758484,-2.9087066650390625e-05,2.9087066650390625e-05,-2.0873470306396484,2.0873470306396484,False,0,2026
shuffle,14,0.8564037084579468,-1.6570091247558594e-05,1.6570091247558594e-05,-1.6164608001708984,1.6164608001708984,False,0,2026
shuffle,15,0.9623492956161499,-0.00013303756713867188,0.00013303756713867188,-3.5053653717041016,3.5053653717041016,False,0,2026
shuffle,16,0.8262556195259094,4.76837158203125e-07,4.76837158203125e-07,0.10972785949707031,0.10972785949707031,False,0,2026
shuffle,17,0.8886271119117737,-5.459785461425781e-05,5.459785461425781e-05,-2.6574172973632812,2.6574172973632812,False,0,2026
shuffle,18,0.8936658501625061,-0.0003160238265991211,0.0003160238265991211,-4.352998733520508,4.352998733520508,False,0,2026
shuffle,19,0.9598750472068787,-1.5616416931152344e-05,1.5616416931152344e-05,-1.5689411163330078,1.5689411163330078,False,0,2026
shuffle,20,0.9250527024269104,-4.100799560546875e-05,4.100799560546875e-05,-2.3941049575805664,2.3941049575805664,False,0,2026
shuffle,21,0.8263401985168457,-6.9141387939453125e-06,6.9141387939453125e-06,-0.9908485412597656,0.9908485412597656,False,0,2026
shuffle,22,0.9226372838020325,-0.0005294680595397949,0.0005294680595397949,-4.864162445068359,4.864162445068359,False,0,2026
shuffle,23,0.8886513710021973,-3.6716461181640625e-05,3.6716461181640625e-05,-2.2944507598876953,2.2944507598876953,False,0,2026
shuffle,24,0.8562792539596558,-2.1338462829589844e-05,2.1338462829589844e-05,-1.8231163024902344,1.8231163024902344,False,0,2026
shuffle,25,0.9284476637840271,-1.6808509826660156e-05,1.6808509826660156e-05,-1.6285457611083984,1.6285457611083984,False,0,2026
shuffle,26,0.821410059928894,-9.417533874511719e-06,9.417533874511719e-06,-1.1941413879394531,1.1941413879394531,False,0,2026
shuffle,27,0.9267895221710205,-9.191036224365234e-05,9.191036224365234e-05,-3.149435043334961,3.149435043334961,False,0,2026
shuffle,28,0.8246616721153259,-9.298324584960938e-06,9.298324584960938e-06,-1.1857109069824219,1.1857109069824219,False,0,2026
shuffle,29,0.8579809665679932,-4.661083221435547e-05,4.661083221435547e-05,-2.511972427368164,2.511972427368164,False,0,2026
uniform,0,0.843021810054779,-0.023294687271118164,0.023294687271118164,-1.8331489562988281,1.8331489562988281,False,5,2026
shuffle,0,0.9653220772743225,-0.014904618263244629,0.014904618263244629,-1.4661664962768555,1.4661664962768555,False,5,2026
shuffle,1,0.9622573852539062,-0.3856193423271179,0.3856193423271179,-4.939056843519211,4.939056843519211,False,5,2026
shuffle,2,0.9787216186523438,-0.07130807638168335,0.07130807638168335,-2.885768175125122,2.885768175125122,False,5,2026
shuffle,3,0.9511351585388184,-0.02035123109817505,0.02035123109817505,-1.7184464931488037,1.7184464931488037,False,5,2026
shuffle,4,0.9495912194252014,-0.017224371433258057,0.017224371433258057,-1.5811259746551514,1.5811259746551514,False,5,2026
shuffle,5,0.9422089457511902,-0.030150949954986572,0.030150949954986572,-2.0602712631225586,2.0602712631225586,False,5,2026
shuffle,6,0.08006611466407776,-0.00016987323760986328,0.00016987323760986328,-0.03673362731933594,0.03673362731933594,False,5,2026
shuffle,7,0.9861966967582703,-0.0743209719657898,0.0743209719657898,-2.92797589302063,2.92797589302063,False,5,2026
shuffle,8,0.9590069055557251,-0.016825735569000244,0.016825735569000244,-1.5622506141662598,1.5622506141662598,False,5,2026
shuffle,9,0.9354288578033447,-0.03114396333694458,0.03114396333694458,-2.089505910873413,2.089505910873413,False,5,2026
shuffle,10,0.9290531277656555,-0.015702545642852783,0.015702545642852783,-1.507157325744629,1.507157325744629,False,5,2026
shuffle,11,0.9757941961288452,-0.016041934490203857,0.016041934490203857,-1.5241131782531738,1.5241131782531738,False,5,2026
shuffle,12,0.9691340923309326,-0.020450234413146973,0.020450234413146973,-1.7225141525268555,1.7225141525268555,False,5,2026
shuffle,13,0.9323160648345947,-0.020360827445983887,0.020360827445983887,-1.7188408374786377,1.7188408374786377,False,5,2026
shuffle,14,0.9495560526847839,-0.017466247081756592,0.017466247081756592,-1.5924150943756104,1.5924150943756104,False,5,2026
shuffle,15,0.9851390719413757,-0.3384316563606262,0.3384316563606262,-4.73562490940094,4.73562490940094,False,5,2026
shuffle,16,0.9656726717948914,-0.060503244400024414,0.060503244400024414,-2.7205100059509277,2.7205100059509277,False,5,2026
shuffle,17,0.9648836255073547,-0.018818557262420654,0.018818557262420654,-1.6533820629119873,1.6533820629119873,False,5,2026
shuffle,18,0.9661111235618591,-0.021730363368988037,0.021730363368988037,-1.7737436294555664,1.7737436294555664,False,5,2026
shuffle,19,0.9508227705955505,-0.0050201416015625,0.0050201416015625,-0.7472934722900391,0.7472934722900391,False,5,2026
shuffle,20,0.9743911027908325,-0.37590479850769043,0.37590479850769043,-4.89803946018219,4.89803946018219,False,5,2026
shuffle,21,0.07417161762714386,-0.00031262636184692383,0.00031262636184692383,-0.06659126281738281,0.06659126281738281,False,5,2026
shuffle,22,0.9329876899719238,-0.06520408391952515,0.06520408391952515,-2.795309543609619,2.795309543609619,False,5,2026
shuffle,23,0.9724356532096863,-0.005194127559661865,0.005194127559661865,-0.765465259552002,0.765465259552002,False,5,2026
shuffle,24,0.9731793999671936,-0.008600592613220215,0.008600592613220215,-1.0684127807617188,1.0684127807617188,False,5,2026
shuffle,25,0.9475797414779663,-0.004605770111083984,0.004605770111083984,-0.7026591300964355,0.7026591300964355,False,5,2026
shuffle,26,0.9581489562988281,-0.0639946460723877,0.0639946460723877,-2.776522159576416,2.776522159576416,False,5,2026
shuffle,27,0.9459096193313599,-0.01993769407272339,0.01993769407272339,-1.701284408569336,1.701284408569336,False,5,2026
shuffle,28,0.960863471031189,-0.017422139644622803,0.017422139644622803,-1.590367317199707,1.590367317199707,False,5,2026
shuffle,29,0.9643205404281616,-0.03259676694869995,0.03259676694869995,-2.1308979988098145,2.1308979988098145,False,5,2026
uniform,0,0.7731078267097473,-0.16954302787780762,0.16954302787780762,-1.607363224029541,1.607363224029541,False,6,2026
shuffle,0,0.9480409026145935,-0.12197250127792358,0.12197250127792358,-1.3095123767852783,1.3095123767852783,False,6,2026
shuffle,1,9.684183169156313e-06,1.3113021850585938e-06,1.3113021850585938e-06,2.4557113647460938e-05,2.4557113647460938e-05,False,6,2026
shuffle,2,0.9730634093284607,-0.07825064659118652,0.07825064659118652,-0.973605751991272,0.973605751991272,False,6,2026
shuffle,3,0.025580042973160744,-0.0011022686958312988,0.0011022686958312988,-0.021086454391479492,0.021086454391479492,False,6,2026
shuffle,4,0.9980762004852295,-0.08513003587722778,0.08513003587722778,-1.0319902896881104,1.0319902896881104,False,6,2026
shuffle,5,0.9980761408805847,-0.28540927171707153,0.28540927171707153,-2.185553789138794,2.185553789138794,False,6,2026
shuffle,6,0.9730537533760071,-0.5928910970687866,0.5928910970687866,-3.456822156906128,3.456822156906128,True,6,2026
shuffle,7,0.9980664849281311,-0.08908289670944214,0.08908289670944214,-1.0644563436508179,1.0644563436508179,False,6,2026
shuffle,8,0.9980762004852295,-0.28496938943862915,0.28496938943862915,-2.183593511581421,2.183593511581421,False,6,2026
shuffle,9,0.9730537533760071,-0.592761367559433,0.592761367559433,-3.45625376701355,3.45625376701355,True,6,2026
shuffle,10,0.9730536937713623,-0.13558423519134521,0.13558423519134521,-1.4003715515136719,1.4003715515136719,False,6,2026
shuffle,11,0.9730440378189087,-0.13549327850341797,0.13549327850341797,-1.3997812271118164,1.3997812271118164,False,6,2026
shuffle,12,0.9980664849281311,-0.5977238416671753,0.5977238416671753,-3.4780678749084473,3.4780678749084473,True,6,2026
shuffle,13,0.9730536937713623,-0.13558244705200195,0.13558244705200195,-1.400359869003296,1.400359869003296,False,6,2026
shuffle,14,0.9730536937713623,-0.13062924146652222,0.13062924146652222,-1.3678970336914062,1.3678970336914062,False,6,2026
shuffle,15,0.9980664849281311,-0.5978527367115021,0.5978527367115021,-3.47863632440567,3.47863632440567,True,6,2026
shuffle,16,0.9730536937713623,-0.13033020496368408,0.13033020496368408,-1.3659157752990723,1.3659157752990723,False,6,2026
shuffle,17,0.9730537533760071,-0.2872210144996643,0.2872210144996643,-2.1936147809028625,2.1936147809028625,False,6,2026
shuffle,18,0.9725058078765869,-0.1258888840675354,0.1258888840675354,-1.3361960649490356,1.3361960649490356,False,6,2026
shuffle,19,0.9725058078765869,-0.5846678018569946,0.5846678018569946,-3.4209722876548767,3.4209722876548767,True,6,2026
shuffle,20,0.9980762004852295,-0.2995043992996216,0.2995043992996216,-2.247745156288147,2.247745156288147,False,6,2026
shuffle,21,0.9980762004852295,-0.5976802408695221,0.5976802408695221,-3.4778754711151123,3.4778754711151123,True,6,2026
shuffle,22,0.9980664849281311,-0.5977208316326141,0.5977208316326141,-3.4780545234680176,3.4780545234680176,True,6,2026
shuffle,23,0.9980761408805847,-0.08489346504211426,0.08489346504211426,-1.0300226211547852,1.0300226211547852,False,6,2026
shuffle,24,0.9980761408805847,-0.08512753248214722,0.08512753248214722,-1.031969428062439,1.031969428062439,False,6,2026
shuffle,25,0.9980664849281311,-0.5977208316326141,0.5977208316326141,-3.4780545234680176,3.4780545234680176,True,6,2026
shuffle,26,0.9730634093284607,-0.12578177452087402,0.12578177452087402,-1.3354721069335938,1.3354721069335938,False,6,2026
shuffle,27,0.025570357218384743,-0.0011663436889648438,0.0011663436889648438,-0.022300243377685547,0.022300243377685547,False,6,2026
shuffle,28,0.9730536937713623,-0.12607187032699585,0.12607187032699585,-1.33743155002594,1.33743155002594,False,6,2026
shuffle,29,0.9980762004852295,-0.2852361798286438,0.2852361798286438,-2.18478262424469,2.18478262424469,False,6,2026
uniform,0,0.6483896374702454,-0.015675783157348633,0.015675783157348633,-0.62109375,0.62109375,False,16,2026
shuffle,0,0.773571252822876,-0.030698955059051514,0.030698955059051514,-0.997955322265625,0.997955322265625,False,16,2026
shuffle,1,0.8146950602531433,-0.012039482593536377,0.012039482593536377,-0.5060741901397705,0.5060741901397705,False,16,2026
shuffle,2,0.840186595916748,-0.08801805973052979,0.08801805973052979,-1.8286995887756348,1.8286995887756348,False,16,2026
shuffle,3,0.792324960231781,-0.0019412040710449219,0.0019412040710449219,-0.09995603561401367,0.09995603561401367,False,16,2026
shuffle,4,0.7866536378860474,-0.08405637741088867,0.08405637741088867,-1.786501407623291,1.786501407623291,False,16,2026
shuffle,5,0.8836021423339844,-0.015010952949523926,0.015010952949523926,-0.6009683609008789,0.6009683609008789,False,16,2026
shuffle,6,0.8588607311248779,0.004599571228027344,0.004599571228027344,0.28424835205078125,0.28424835205078125,False,16,2026
shuffle,7,0.8747367262840271,0.0019518733024597168,0.0019518733024597168,0.11124229431152344,0.11124229431152344,False,16,2026
shuffle,8,0.8755393624305725,-0.09340924024581909,0.09340924024581909,-1.8839664459228516,1.8839664459228516,False,16,2026
shuffle,9,0.7559189200401306,-0.008280575275421143,0.008280575275421143,-0.37248706817626953,0.37248706817626953,False,16,2026
shuffle,10,0.8503559827804565,-0.07944023609161377,0.07944023609161377,-1.7354779243469238,1.7354779243469238,False,16,2026
shuffle,11,0.826037585735321,0.0030654072761535645,0.0030654072761535645,0.18050336837768555,0.18050336837768555,False,16,2026
shuffle,12,0.8473696112632751,-0.002423107624053955,0.002423107624053955,-0.12335443496704102,0.12335443496704102,False,16,2026
shuffle,13,0.12269002199172974,0.0003209710121154785,0.0003209710121154785,0.017493724822998047,0.017493724822998047,False,16,2026
shuffle,14,0.8313423991203308,-0.030869901180267334,0.030869901180267334,-1.0015802383422852,1.0015802383422852,False,16,2026
shuffle,15,0.8251004219055176,-0.05601394176483154,0.05601394176483154,-1.437605381011963,1.437605381011963,False,16,2026
shuffle,16,0.8605373501777649,-0.021736204624176025,0.021736204624176025,-0.7890753746032715,0.7890753746032715,False,16,2026
shuffle,17,0.8621822595596313,-0.011605679988861084,0.011605679988861084,-0.4914863109588623,0.4914863109588623,False,16,2026
shuffle,18,0.8662106990814209,-0.015395045280456543,0.015395045280456543,-0.6126399040222168,0.6126399040222168,False,16,2026
shuffle,19,0.8485141396522522,-0.016071319580078125,0.016071319580078125,-0.6328935623168945,0.6328935623168945,False,16,2026
shuffle,20,0.14607718586921692,0.001036226749420166,0.001036226749420166,0.057567596435546875,0.057567596435546875,False,16,2026
shuffle,21,0.8834205269813538,-0.0305025577545166,0.0305025577545166,-0.9937796592712402,0.9937796592712402,False,16,2026
shuffle,22,0.8175767064094543,0.002418696880340576,0.002418696880340576,0.13971900939941406,0.13971900939941406,False,16,2026
shuffle,23,0.7905293107032776,-0.03262805938720703,0.03262805938720703,-1.0381760597229004,1.0381760597229004,False,16,2026
shuffle,24,0.7905758619308472,-0.008007943630218506,0.008007943630218506,-0.3621091842651367,0.3621091842651367,False,16,2026
shuffle,25,0.8595343828201294,-0.037359416484832764,0.037359416484832764,-1.1310906410217285,1.1310906410217285,False,16,2026
shuffle,26,0.8480611443519592,-0.009935855865478516,0.009935855865478516,-0.4333953857421875,0.4333953857421875,False,16,2026
shuffle,27,0.789857029914856,-0.027774453163146973,0.027774453163146973,-0.934058427810669,0.934058427810669,False,16,2026
shuffle,28,0.798132061958313,-0.04150593280792236,0.04150593280792236,-1.2066576480865479,1.2066576480865479,False,16,2026
shuffle,29,0.8269018530845642,-0.03580796718597412,0.03580796718597412,-1.1014645099639893,1.1014645099639893,False,16,2026
uniform,0,0.7546796202659607,-0.016991913318634033,0.016991913318634033,-1.2165436744689941,1.2165436744689941,False,18,2026
shuffle,0,0.9589053392410278,-0.05838119983673096,0.05838119983673096,-2.2537481784820557,2.2537481784820557,False,18,2026
shuffle,1,0.9159533381462097,-0.06459879875183105,0.06459879875183105,-2.3508291244506836,2.3508291244506836,False,18,2026
shuffle,2,0.9265580177307129,-0.0511360764503479,0.0511360764503479,-2.129202365875244,2.129202365875244,False,18,2026
shuffle,3,0.9309598803520203,-0.011433005332946777,0.011433005332946777,-0.9513869285583496,0.9513869285583496,False,18,2026
shuffle,4,0.13703776895999908,-0.0008309483528137207,0.0008309483528137207,-0.10821533203125,0.10821533203125,False,18,2026
shuffle,5,0.8661701083183289,-0.009202420711517334,0.009202420711517334,-0.8225655555725098,0.8225655555725098,False,18,2026
shuffle,6,0.8721649050712585,-0.03206294775009155,0.03206294775009155,-1.7142982482910156,1.7142982482910156,False,18,2026
shuffle,7,0.9113979339599609,-0.010604143142700195,0.010604143142700195,-0.9053683280944824,0.9053683280944824,False,18,2026
shuffle,8,0.8752120137214661,-0.010117053985595703,0.010117053985595703,-0.8773341178894043,0.8773341178894043,False,18,2026
shuffle,9,0.9822614789009094,-0.0130423903465271,0.0130423903465271,-1.0353193283081055,1.0353193283081055,False,18,2026
shuffle,10,0.9144889116287231,-0.016077399253845215,0.016077399253845215,-1.1772823333740234,1.1772823333740234,False,18,2026
shuffle,11,0.9693567156791687,-0.01936274766921997,0.01936274766921997,-1.3119871616363525,1.3119871616363525,False,18,2026
shuffle,12,0.9265739321708679,-0.01574087142944336,0.01574087142944336,-1.1624603271484375,1.1624603271484375,False,18,2026
shuffle,13,0.8940609693527222,-0.005041658878326416,0.005041658878326416,-0.5284566879272461,0.5284566879272461,False,18,2026
shuffle,14,0.9706666469573975,-0.06163060665130615,0.06163060665130615,-2.3054957389831543,2.3054957389831543,False,18,2026
shuffle,15,0.9516716003417969,-0.0021910667419433594,0.0021910667419433594,-0.26370954513549805,0.26370954513549805,False,18,2026
shuffle,16,0.976341187953949,-0.018737196922302246,0.018737196922302246,-1.2876291275024414,1.2876291275024414,False,18,2026
shuffle,17,0.9058062434196472,-0.05253809690475464,0.05253809690475464,-2.1543893814086914,2.1543893814086914,False,18,2026
shuffle,18,0.9193241596221924,-0.0018551945686340332,0.0018551945686340332,-0.22745132446289062,0.22745132446289062,False,18,2026
shuffle,19,0.9516556262969971,-0.0014222264289855957,0.0014222264289855957,-0.17873859405517578,0.17873859405517578,False,18,2026
shuffle,20,0.9224215745925903,-0.016213953495025635,0.016213953495025635,-1.1832375526428223,1.1832375526428223,False,18,2026
shuffle,21,0.9649000763893127,-0.05083966255187988,0.05083966255187988,-2.1238040924072266,2.1238040924072266,False,18,2026
shuffle,22,0.12123583257198334,0.0002570152282714844,0.0002570152282714844,0.03593254089355469,0.03593254089355469,False,18,2026
shuffle,23,0.9118010401725769,-0.026613891124725342,0.026613891124725342,-1.5597681999206543,1.5597681999206543,False,18,2026
shuffle,24,0.9132235646247864,-0.010713756084442139,0.010713756084442139,-0.9115719795227051,0.9115719795227051,False,18,2026
shuffle,25,0.9118009805679321,-0.05365508794784546,0.05365508794784546,-2.1740636825561523,2.1740636825561523,False,18,2026
shuffle,26,0.9649000763893127,-0.05656248331069946,0.05656248331069946,-2.223735809326172,2.223735809326172,False,18,2026
shuffle,27,0.9605744481086731,-0.06256484985351562,0.06256484985351562,-2.3199567794799805,2.3199567794799805,False,18,2026
shuffle,28,0.915152370929718,-0.009311676025390625,0.009311676025390625,-0.8292636871337891,0.8292636871337891,False,18,2026
shuffle,29,0.8922222256660461,-0.0539093017578125,0.0539093017578125,-2.178492546081543,2.178492546081543,False,18,2026
uniform,0,0.6299800872802734,-0.010682225227355957,0.010682225227355957,-1.7263598442077637,1.7263598442077637,False,51,2026
shuffle,0,0.9400717616081238,-0.01675236225128174,0.01675236225128174,-2.115091562271118,2.115091562271118,False,51,2026
shuffle,1,0.7405086755752563,-0.0065857768058776855,0.0065857768058776855,-1.344588279724121,1.344588279724121,False,51,2026
shuffle,2,0.7873197197914124,-0.0008559226989746094,0.0008559226989746094,-0.31226253509521484,0.31226253509521484,False,51,2026
shuffle,3,0.8318884968757629,-0.012488007545471191,0.012488007545471191,-1.858027458190918,1.858027458190918,False,51,2026
shuffle,4,0.8820177316665649,-0.0034636855125427246,0.0034636855125427246,-0.9111490249633789,0.9111490249633789,False,51,2026
shuffle,5,0.8684355020523071,-0.010670304298400879,0.010670304298400879,-1.7254209518432617,1.7254209518432617,False,51,2026
shuffle,6,0.7926279306411743,-0.022883713245391846,0.022883713245391846,-2.399825096130371,2.399825096130371,False,51,2026
shuffle,7,0.7621703743934631,-0.031138181686401367,0.031138181686401367,-2.6914126873016357,2.6914126873016357,False,51,2026
shuffle,8,0.7827054262161255,-0.009238123893737793,0.009238123893737793,-1.6073708534240723,1.6073708534240723,False,51,2026
shuffle,9,0.6231371760368347,-0.0005150437355041504,0.0005150437355041504,-0.19922447204589844,0.19922447204589844,False,51,2026
shuffle,10,0.8137109279632568,-0.009654045104980469,0.009654045104980469,-1.64308500289917,1.64308500289917,False,51,2026
shuffle,11,0.834825336933136,-0.0061266422271728516,0.0061266422271728516,-1.2913408279418945,1.2913408279418945,False,51,2026
shuffle,12,0.6726978421211243,-0.16434967517852783,0.16434967517852783,-4.444890260696411,4.444890260696411,False,51,2026
shuffle,13,0.7380573153495789,-0.006260037422180176,0.006260037422180176,-1.307088851928711,1.307088851928711,False,51,2026
shuffle,14,0.750653862953186,-0.041676104068756104,0.041676104068756104,-2.9760208129882812,2.9760208129882812,False,51,2026
shuffle,15,0.7112340927124023,-0.04764056205749512,0.04764056205749512,-3.1093499660491943,3.1093499660491943,False,51,2026
shuffle,16,0.8493709564208984,-0.051818013191223145,0.051818013191223145,-3.1940248012542725,3.1940248012542725,False,51,2026
shuffle,17,0.716594398021698,-0.002722322940826416,0.002722322940826416,-0.7738075256347656,0.7738075256347656,False,51,2026
shuffle,18,0.7303918600082397,-0.004884660243988037,0.004884660243988037,-1.1315078735351562,1.1315078735351562,False,51,2026
shuffle,19,0.8002983331680298,-0.08104383945465088,0.08104383945465088,-3.6569437980651855,3.6569437980651855,False,51,2026
shuffle,20,0.671450674533844,-0.0020406246185302734,0.0020406246185302734,-0.6285719871520996,0.6285719871520996,False,51,2026
shuffle,21,0.8355833292007446,-0.007247209548950195,0.007247209548950195,-1.4167208671569824,1.4167208671569824,False,51,2026
shuffle,22,0.839995801448822,-0.1756296157836914,0.1756296157836914,-4.5239973068237305,4.5239973068237305,False,51,2026
shuffle,23,0.7252273559570312,-0.0212404727935791,0.0212404727935791,-2.3307836055755615,2.3307836055755615,False,51,2026
shuffle,24,0.5903874039649963,-0.019187211990356445,0.019187211990356445,-2.2375922203063965,2.2375922203063965,False,51,2026
shuffle,25,0.842537522315979,-0.00494539737701416,0.00494539737701416,-1.1399259567260742,1.1399259567260742,False,51,2026
shuffle,26,0.7419103384017944,-0.0025008320808410645,0.0025008320808410645,-0.7288455963134766,0.7288455963134766,False,51,2026
shuffle,27,0.7700880765914917,-0.006783127784729004,0.006783127784729004,-1.3666534423828125,1.3666534423828125,False,51,2026
shuffle,28,0.7678232789039612,-0.01679980754852295,0.01679980754852295,-2.1176228523254395,2.1176228523254395,False,51,2026
shuffle,29,0.8262975811958313,-0.0030913352966308594,0.0030913352966308594,-0.8445005416870117,0.8445005416870117,False,51,2026
uniform,0,0.7487703561782837,-0.26200008392333984,0.26200008392333984,-2.967674970626831,2.967674970626831,False,52,2026
shuffle,0,0.6847301125526428,-0.022710740566253662,0.022710740566253662,-0.7881841659545898,0.7881841659545898,False,52,2026
shuffle,1,0.6828095316886902,-0.04094552993774414,0.04094552993774414,-1.1645207405090332,1.1645207405090332,False,52,2026
shuffle,2,0.957602858543396,-0.19618690013885498,0.19618690013885498,-2.6139931678771973,2.6139931678771973,False,52,2026
shuffle,3,0.974639892578125,-0.5085743069648743,0.5085743069648743,-4.016867235302925,4.016867235302925,True,52,2026
shuffle,4,0.9438404440879822,-0.4113388657569885,0.4113388657569885,-3.6260401606559753,3.6260401606559753,False,52,2026
shuffle,5,0.8805861473083496,-0.4616944193840027,0.4616944193840027,-3.8291918858885765,3.8291918858885765,False,52,2026
shuffle,6,0.9058486819267273,-0.2455163598060608,0.2455163598060608,-2.8847031593322754,2.8847031593322754,False,52,2026
shuffle,7,0.6878657937049866,-0.25824838876724243,0.25824838876724243,-2.9490609169006348,2.9490609169006348,False,52,2026
shuffle,8,0.8916416168212891,-0.24607759714126587,0.24607759714126587,-2.8875808715820312,2.8875808715820312,False,52,2026
shuffle,9,0.2992885708808899,-0.03849804401397705,0.03849804401397705,-1.1207773685455322,1.1207773685455322,False,52,2026
shuffle,10,0.9675600528717041,-0.7141590714454651,0.7141590714454651,-4.918023586273193,4.918023586273193,True,52,2026
shuffle,11,0.9272242784500122,-0.15576910972595215,0.15576910972595215,-2.356515407562256,2.356515407562256,False,52,2026
shuffle,12,0.9208249449729919,-0.43945688009262085,0.43945688009262085,-3.7399127781391144,3.7399127781391144,False,52,2026
shuffle,13,0.9745003581047058,-0.08177310228347778,0.08177310228347778,-1.7232096195220947,1.7232096195220947,False,52,2026
shuffle,14,0.9100045561790466,-0.39881545305252075,0.39881545305252075,-3.574785828590393,3.574785828590393,False,52,2026
shuffle,15,0.9503645896911621,-0.39683985710144043,0.39683985710144043,-3.566662758588791,3.566662758588791,False,52,2026
shuffle,16,0.9485939145088196,-0.23867350816726685,0.23867350816726685,-2.849300265312195,2.849300265312195,False,52,2026
shuffle,17,0.9712842702865601,-0.35560446977615356,0.35560446977615356,-3.3941412568092346,3.3941412568092346,False,52,2026
shuffle,18,0.9223107099533081,-0.05419003963470459,0.05419003963470459,-1.3760321140289307,1.3760321140289307,False,52,2026
shuffle,19,0.9173749089241028,-0.28547215461730957,0.28547215461730957,-3.0809139013290405,3.0809139013290405,False,52,2026
shuffle,20,0.7339481115341187,-0.044969141483306885,0.044969141483306885,-1.2329761981964111,1.2329761981964111,False,52,2026
shuffle,21,0.30236566066741943,-0.02375161647796631,0.02375161647796631,-0.8134744167327881,0.8134744167327881,False,52,2026
shuffle,22,0.9327335953712463,-0.5643918216228485,0.5643918216228485,-4.243250489234924,4.243250489234924,True,52,2026
shuffle,23,0.6714627742767334,-0.5310565531253815,0.5310565531253815,-4.107379242777824,4.107379242777824,True,52,2026
shuffle,24,0.970623254776001,-0.15798819065093994,0.15798819065093994,-2.3717730045318604,2.3717730045318604,False,52,2026
shuffle,25,0.9255857467651367,-0.5105555951595306,0.5105555951595306,-4.024819806218147,4.024819806218147,True,52,2026
shuffle,26,0.8580045104026794,-0.7626133561134338,0.7626133561134338,-5.182987928390503,5.182987928390503,True,52,2026
shuffle,27,0.30224019289016724,-0.05464857816696167,0.05464857816696167,-1.3827078342437744,1.3827078342437744,False,52,2026
shuffle,28,0.36049726605415344,-0.03417670726776123,0.03417670726776123,-1.0391490459442139,1.0391490459442139,False,52,2026
shuffle,29,0.967532753944397,-0.12322765588760376,0.12322765588760376,-2.1127781867980957,2.1127781867980957,False,52,2026
uniform,0,0.8687044382095337,-0.4771251082420349,0.4771251082420349,-3.823353134095669,3.823353134095669,False,56,2026
shuffle,0,0.9695408940315247,-0.6678564548492432,0.6678564548492432,-4.625798761844635,4.625798761844635,True,56,2026
shuffle,1,0.980832040309906,-0.025114119052886963,0.025114119052886963,-0.8061237335205078,0.8061237335205078,False,56,2026
shuffle,2,0.9820542931556702,0.010030746459960938,0.010030746459960938,0.6488704681396484,0.6488704681396484,False,56,2026
shuffle,3,0.9868481159210205,-0.9640225609764457,0.9640225609764457,-8.033152103424072,8.033152103424072,True,56,2026
shuffle,4,0.9403979778289795,-0.2967139482498169,0.2967139482498169,-3.06670880317688,3.06670880317688,False,56,2026
shuffle,5,0.9875543713569641,-0.2623116970062256,0.2623116970062256,-2.902991473674774,2.902991473674774,False,56,2026
shuffle,6,0.983829915523529,-0.1456155776977539,0.1456155776977539,-2.221850872039795,2.221850872039795,False,56,2026
shuffle,7,0.986862063407898,-0.9419028498232365,0.9419028498232365,-7.093321323394775,7.093321323394775,True,56,2026
shuffle,8,0.9845166802406311,-0.07938921451568604,0.07938921451568604,-1.6397199630737305,1.6397199630737305,False,56,2026
shuffle,9,0.9751163721084595,-0.9438373036682606,0.9438373036682606,-7.149257659912109,7.149257659912109,True,56,2026
shuffle,10,0.9799387454986572,-0.3674048185348511,0.3674048185348511,-3.3768829107284546,3.3768829107284546,False,56,2026
shuffle,11,0.06504383683204651,0.004247486591339111,0.004247486591339111,0.2273120880126953,0.2273120880126953,False,56,2026
shuffle,12,0.07724310457706451,0.0008703470230102539,0.0008703470230102539,0.04271221160888672,0.04271221160888672,False,56,2026
shuffle,13,0.9529193043708801,-0.9460289441049099,0.9460289441049099,-7.216360569000244,7.216360569000244,True,56,2026
shuffle,14,0.9883049130439758,-0.14840716123580933,0.14840716123580933,-2.2417980432510376,2.2417980432510376,False,56,2026
shuffle,15,0.987705409526825,-0.3504106402397156,0.3504106402397156,-3.3047537207603455,3.3047537207603455,False,56,2026
shuffle,16,0.9702983498573303,-0.09808385372161865,0.09808385372161865,-1.8311071395874023,1.8311071395874023,False,56,2026
shuffle,17,0.9716136455535889,-0.9479617420583963,0.9479617420583963,-7.279244899749756,7.279244899749756,True,56,2026
shuffle,18,0.9904845356941223,-0.48155176639556885,0.48155176639556885,-3.8410598132759333,3.8410598132759333,True,56,2026
shuffle,19,0.9856742024421692,-0.9511500354856253,0.9511500354856253,-7.391853332519531,7.391853332519531,True,56,2026
shuffle,20,0.9738104343414307,-0.15510767698287964,0.15510767698287964,-2.2886346578598022,2.2886346578598022,False,56,2026
shuffle,21,0.9811089634895325,-0.9489650800824165,0.9489650800824165,-7.313412189483643,7.313412189483643,True,56,2026
shuffle,22,0.9485234618186951,-0.6396996378898621,0.6396996378898621,-4.497382402420044,4.497382402420044,True,56,2026
shuffle,23,0.961594820022583,-0.4517744779586792,0.4517744779586792,-3.721845880150795,3.721845880150795,False,56,2026
shuffle,24,0.9837333559989929,-0.9535401724278927,0.9535401724278927,-7.484893798828125,7.484893798828125,True,56,2026
shuffle,25,0.9794024229049683,-0.9726376156322658,0.9726376156322658,-8.921391010284424,8.921391010284424,True,56,2026
shuffle,26,0.9629325866699219,-0.07973301410675049,0.07973301410675049,-1.6435127258300781,1.6435127258300781,False,56,2026
shuffle,27,0.9629213213920593,-0.42924487590789795,0.42924487590789795,-3.63118115067482,3.63118115067482,False,56,2026
shuffle,28,0.9796335697174072,-0.9435392022132874,0.9435392022132874,-7.140446186065674,7.140446186065674,True,56,2026
shuffle,29,0.9504824876785278,-0.9535756167024374,0.9535756167024374,-7.486337184906006,7.486337184906006,True,56,2026
uniform,0,0.5546855330467224,-0.004901885986328125,0.004901885986328125,-1.1005396842956543,1.1005396842956543,False,57,2026
shuffle,0,0.5505142211914062,-0.011952102184295654,0.011952102184295654,-1.7792978286743164,1.7792978286743164,False,57,2026
shuffle,1,0.6573598384857178,-0.006085872650146484,0.006085872650146484,-1.2508282661437988,1.2508282661437988,False,57,2026
shuffle,2,0.7935769557952881,-0.0042577385902404785,0.0042577385902404785,-1.0083622932434082,1.0083622932434082,False,57,2026
shuffle,3,0.4396612048149109,-0.02380889654159546,0.02380889654159546,-2.3916540145874023,2.3916540145874023,False,57,2026
shuffle,4,0.7108430862426758,0.0009998083114624023,0.0009998083114624023,0.5220847129821777,0.5220847129821777,False,57,2026
shuffle,5,0.28650209307670593,-0.005626082420349121,0.005626082420349121,-1.1950736045837402,1.1950736045837402,False,57,2026
shuffle,6,0.3602113723754883,-0.009535670280456543,0.009535670280456543,-1.5933494567871094,1.5933494567871094,False,57,2026
shuffle,7,0.4219903349876404,0.001355588436126709,0.001355588436126709,0.8012709617614746,0.8012709617614746,False,57,2026
shuffle,8,0.6657134294509888,-0.0013588666915893555,0.0013588666915893555,-0.4408726692199707,0.4408726692199707,False,57,2026
shuffle,9,0.561514139175415,0.0016564726829528809,0.0016564726829528809,1.1189470291137695,1.1189470291137695,False,57,2026
shuffle,10,0.39482760429382324,-0.0021509528160095215,0.0021509528160095215,-0.6300492286682129,0.6300492286682129,False,57,2026
shuffle,11,0.5391113758087158,-0.002655625343322754,0.002655625343322754,-0.734375,0.734375,False,57,2026
shuffle,12,0.7589015364646912,-0.018065571784973145,0.018065571784973145,-2.1390812397003174,2.1390812397003174,False,57,2026
shuffle,13,0.5582533478736877,2.0742416381835938e-05,2.0742416381835938e-05,0.008506298065185547,0.008506298065185547,False,57,2026
shuffle,14,0.8816226124763489,-0.00402456521987915,0.00402456521987915,-0.9727997779846191,0.9727997779846191,False,57,2026
shuffle,15,0.6262606382369995,-0.00045174360275268555,0.00045174360275268555,-0.16888904571533203,0.16888904571533203,False,57,2026
shuffle,16,0.6961522102355957,-0.0033603906631469727,0.0033603906631469727,-0.8641090393066406,0.8641090393066406,False,57,2026
shuffle,17,0.6736738085746765,-0.01995033025741577,0.01995033025741577,-2.228853702545166,2.228853702545166,False,57,2026
shuffle,18,0.7439603805541992,-0.02152252197265625,0.02152252197265625,-2.2982559204101562,2.2982559204101562,False,57,2026
shuffle,19,0.5891513824462891,-0.011059224605560303,0.011059224605560303,-1.7144389152526855,1.7144389152526855,False,57,2026
shuffle,20,0.7767590284347534,-0.027974247932434082,0.027974247932434082,-2.543117046356201,2.543117046356201,False,57,2026
shuffle,21,0.5390357971191406,0.0008840560913085938,0.0008840560913085938,0.4457707405090332,0.4457707405090332,False,57,2026
shuffle,22,0.751922607421875,-0.013755977153778076,0.013755977153778076,-1.8990421295166016,1.8990421295166016,False,57,2026
shuffle,23,0.5366758108139038,-0.0010403990745544434,0.0010403990745544434,-0.3535118103027344,0.3535118103027344,False,57,2026
shuffle,24,0.757421612739563,-0.0019370317459106445,0.0019370317459106445,-0.5823554992675781,0.5823554992675781,False,57,2026
shuffle,25,0.7690805792808533,-0.0011137127876281738,0.0011137127876281738,-0.37427663803100586,0.37427663803100586,False,57,2026
shuffle,26,0.5854871273040771,-0.009703099727630615,0.009703099727630615,-1.6073737144470215,1.6073737144470215,False,57,2026
shuffle,27,0.4641695022583008,-0.0009720921516418457,0.0009720921516418457,-0.33376598358154297,0.33376598358154297,False,57,2026
shuffle,28,0.8088557124137878,-0.0451197624206543,0.0451197624206543,-3.0077738761901855,3.0077738761901855,False,57,2026
shuffle,29,0.8086941838264465,-0.04763138294219971,0.04763138294219971,-3.061854362487793,3.061854362487793,False,57,2026
uniform,0,0.7246214151382446,0.010320842266082764,0.010320842266082764,1.1785402297973633,1.1785402297973633,False,74,2026
shuffle,0,0.9316171407699585,0.012028276920318604,0.012028276920318604,1.6369328498840332,1.6369328498840332,False,74,2026
shuffle,1,0.980681836605072,0.004503428936004639,0.004503428936004639,0.3621840476989746,0.3621840476989746,False,74,2026
shuffle,2,0.9777069091796875,-0.003032505512237549,0.003032505512237549,-0.1874527931213379,0.1874527931213379,False,74,2026
shuffle,3,0.9686283469200134,0.011586964130401611,0.011586964130401611,1.4970498085021973,1.4970498085021973,False,74,2026
shuffle,4,0.9137604236602783,0.007805824279785156,0.007805824279785156,0.7442517280578613,0.7442517280578613,False,74,2026
shuffle,5,0.957228422164917,0.0018651485443115234,0.0018651485443115234,0.13487958908081055,0.13487958908081055,False,74,2026
shuffle,6,0.9615548253059387,0.012193083763122559,0.012193083763122559,1.6945700645446777,1.6945700645446777,False,74,2026
shuffle,7,0.6363468170166016,0.012711703777313232,0.012711703777313232,1.9011545181274414,1.9011545181274414,False,74,2026
shuffle,8,0.9057091474533081,0.0020567774772644043,0.0020567774772644043,0.1497950553894043,0.1497950553894043,False,74,2026
shuffle,9,0.9038512110710144,0.01440197229385376,0.01440197229385376,3.272031784057617,3.272031784057617,False,74,2026
shuffle,10,0.664562463760376,0.0026515722274780273,0.0026515722274780273,0.19752168655395508,0.19752168655395508,False,74,2026
shuffle,11,0.6657862067222595,-0.005566060543060303,0.005566060543060303,-0.321652889251709,0.321652889251709,False,74,2026
shuffle,12,0.9638522863388062,0.010046184062957764,0.010046184062957764,1.1209673881530762,1.1209673881530762,False,74,2026
shuffle,13,0.9766046404838562,0.012136399745941162,0.012136399745941162,1.674337387084961,1.674337387084961,False,74,2026
shuffle,14,0.8998763561248779,0.014269888401031494,0.014269888401031494,3.065640926361084,3.065640926361084,False,74,2026
shuffle,15,0.35893428325653076,0.010632574558258057,0.010632574558258057,1.2481303215026855,1.2481303215026855,False,74,2026
shuffle,16,0.9610554575920105,0.014219701290130615,0.014219701290130615,2.997117042541504,2.997117042541504,False,74,2026
shuffle,17,0.9316171407699585,0.011789321899414062,0.011789321899414062,1.5587725639343262,1.5587725639343262,False,74,2026
shuffle,18,0.6701095700263977,0.014310002326965332,0.014310002326965332,3.1239590644836426,3.1239590644836426,False,74,2026
shuffle,19,0.6240198016166687,0.010433852672576904,0.010433852672576904,1.2032389640808105,1.2032389640808105,False,74,2026
shuffle,20,0.906480073928833,0.010670661926269531,0.010670661926269531,1.2569842338562012,1.2569842338562012,False,74,2026
shuffle,21,0.9782062768936157,0.009954392910003662,0.009954392910003662,1.102433681488037,1.102433681488037,False,74,2026
shuffle,22,0.9055806398391724,0.010607540607452393,0.010607540607452393,1.2423715591430664,1.2423715591430664,False,74,2026
shuffle,23,0.6027097105979919,0.013848185539245605,0.013848185539245605,2.5982370376586914,2.5982370376586914,False,74,2026
shuffle,24,0.651931643486023,0.010149240493774414,0.010149240493774414,1.1422057151794434,1.1422057151794434,False,74,2026
shuffle,25,0.9553806781768799,0.012664496898651123,0.012664496898651123,1.8804755210876465,1.8804755210876465,False,74,2026
shuffle,26,0.9541459083557129,0.014198362827301025,0.014198362827301025,2.9693779945373535,2.9693779945373535,False,74,2026
shuffle,27,0.3222796320915222,-0.00957953929901123,0.00957953929901123,-0.5042023658752441,0.5042023658752441,False,74,2026
shuffle,28,0.9858867526054382,0.0043947696685791016,0.0043947696685791016,0.35174989700317383,0.35174989700317383,False,74,2026
shuffle,29,0.37747272849082947,-0.0012955665588378906,0.0012955665588378906,-0.0842742919921875,0.0842742919921875,False,74,2026
uniform,0,0.7064881324768066,-0.05518430471420288,0.05518430471420288,-1.6749567985534668,1.6749567985534668,False,88,2026
shuffle,0,0.8968141674995422,-0.26527106761932373,0.26527106761932373,-3.3297659158706665,3.3297659158706665,False,88,2026
shuffle,1,0.8935808539390564,-0.3629096746444702,0.3629096746444702,-3.7754021286964417,3.7754021286964417,False,88,2026
shuffle,2,0.9008905291557312,-0.006977200508117676,0.006977200508117676,-0.41972827911376953,0.41972827911376953,False,88,2026
shuffle,3,0.9084447622299194,-0.0062673091888427734,0.0062673091888427734,-0.3839998245239258,0.3839998245239258,False,88,2026
shuffle,4,0.8732320070266724,0.009695827960968018,0.009695827960968018,1.2469539642333984,1.2469539642333984,False,88,2026
shuffle,5,0.8577113747596741,-0.6023808121681213,0.6023808121681213,-4.752313137054443,4.752313137054443,True,88,2026
shuffle,6,0.8304985761642456,-0.014614999294281006,0.014614999294281006,-0.7424402236938477,0.7424402236938477,False,88,2026
shuffle,7,0.8577620387077332,-0.01981937885284424,0.01981937885284424,-0.9167628288269043,0.9167628288269043,False,88,2026
shuffle,8,0.89417964220047,-0.043609797954559326,0.043609797954559326,-1.4785280227661133,1.4785280227661133,False,88,2026
shuffle,9,0.8927820920944214,-0.3403988480567932,0.3403988480567932,-3.6782910227775574,3.6782910227775574,False,88,2026
shuffle,10,0.8651416301727295,-0.15728425979614258,0.15728425979614258,-2.7005858421325684,2.7005858421325684,False,88,2026
shuffle,11,0.9434962868690491,-0.1273936629295349,0.1273936629295349,-2.47296941280365,2.47296941280365,False,88,2026
shuffle,12,0.852981448173523,-0.02918905019760132,0.02918905019760132,-1.1732573509216309,1.1732573509216309,False,88,2026
shuffle,13,0.9170348048210144,-0.14133280515670776,0.14133280515670776,-2.583569645881653,2.583569645881653,False,88,2026
shuffle,14,0.8317196369171143,-0.029828429222106934,0.029828429222106934,-1.188736915588379,1.188736915588379,False,88,2026
shuffle,15,0.8165477514266968,-0.08732295036315918,0.08732295036315918,-2.0931849479675293,2.0931849479675293,False,88,2026
shuffle,16,0.843200147151947,-0.07136553525924683,0.07136553525924683,-1.9035911560058594,1.9035911560058594,False,88,2026
shuffle,17,0.9147582054138184,-0.1492065191268921,0.1492065191268921,-2.6424829959869385,2.6424829959869385,False,88,2026
shuffle,18,0.8644319176673889,-0.1324957013130188,0.1324957013130188,-2.514459490776062,2.514459490776062,False,88,2026
shuffle,19,0.887656569480896,-0.11304742097854614,0.11304742097854614,-2.3491454124450684,2.3491454124450684,False,88,2026
shuffle,20,0.9225212335586548,-0.06036019325256348,0.06036019325256348,-1.7530217170715332,1.7530217170715332,False,88,2026
shuffle,21,0.788724422454834,-0.006923794746398926,0.006923794746398926,-0.4170823097229004,0.4170823097229004,False,88,2026
shuffle,22,0.9293471574783325,-0.16340523958206177,0.16340523958206177,-2.7431771755218506,2.7431771755218506,False,88,2026
shuffle,23,0.9497663974761963,-0.741165354847908,0.741165354847908,-5.404051661491394,5.404051661491394,True,88,2026
shuffle,24,0.9398354887962341,-0.00043576955795288086,0.00043576955795288086,-0.031844139099121094,0.031844139099121094,False,88,2026
shuffle,25,0.9247599244117737,-0.6936252415180206,0.6936252415180206,-5.161771535873413,5.161771535873413,True,88,2026
shuffle,26,0.8947153091430664,-0.044451117515563965,0.044451117515563965,-1.494004487991333,1.494004487991333,False,88,2026
shuffle,27,0.8350932002067566,-0.020754754543304443,0.020754754543304443,-0.9452857971191406,0.9452857971191406,False,88,2026
shuffle,28,0.7994929552078247,-0.0015468597412109375,0.0015468597412109375,-0.10885143280029297,0.10885143280029297,False,88,2026
shuffle,29,0.8697254657745361,-0.025528311729431152,0.025528311729431152,-1.0801339149475098,1.0801339149475098,False,88,2026
uniform,0,0.6189902424812317,-0.03614598512649536,0.03614598512649536,-0.7139449119567871,0.7139449119567871,False,101,2026
shuffle,0,0.9487480521202087,0.0012052655220031738,0.0012052655220031738,0.033971309661865234,0.033971309661865234,False,101,2026
shuffle,1,0.7500234842300415,-0.062471628189086914,0.062471628189086914,-1.0485923290252686,1.0485923290252686,False,101,2026
shuffle,2,0.3126969337463379,0.0014539361000061035,0.0014539361000061035,0.04111361503601074,0.04111361503601074,False,101,2026
shuffle,3,0.7168324589729309,-0.021885395050048828,0.021885395050048828,-0.4832634925842285,0.4832634925842285,False,101,2026
shuffle,4,0.7382241487503052,-0.007083535194396973,0.007083535194396973,-0.1806490421295166,0.1806490421295166,False,101,2026
shuffle,5,0.33822980523109436,0.011317014694213867,0.011317014694213867,0.37157320976257324,0.37157320976257324,False,101,2026
shuffle,6,0.882680356502533,-0.0036133527755737305,0.0036133527755737305,-0.09588408470153809,0.09588408470153809,False,101,2026
shuffle,7,0.7462873458862305,0.012762188911437988,0.012762188911437988,0.42995667457580566,0.42995667457580566,False,101,2026
shuffle,8,0.9096802473068237,-0.06005483865737915,0.06005483865737915,-1.021425485610962,1.021425485610962,False,101,2026
shuffle,9,0.888629138469696,4.291534423828125e-06,4.291534423828125e-06,0.00011920928955078125,0.00011920928955078125,False,101,2026
shuffle,10,0.8547151684761047,-0.08490514755249023,0.08490514755249023,-1.2763862609863281,1.2763862609863281,False,101,2026
shuffle,11,0.8661770224571228,-0.1448943018913269,0.1448943018913269,-1.7461726665496826,1.7461726665496826,False,101,2026
shuffle,12,0.6974765658378601,-0.07152730226516724,0.07152730226516724,-1.145463466644287,1.145463466644287,False,101,2026
shuffle,13,0.7790791988372803,-0.16571956872940063,0.16571956872940063,-1.880119800567627,1.880119800567627,False,101,2026
shuffle,14,0.8026914000511169,-0.11335492134094238,0.11335492134094238,-1.5184080600738525,1.5184080600738525,False,101,2026
shuffle,15,0.8563991189002991,-0.04990124702453613,0.04990124702453613,-0.9002659320831299,0.9002659320831299,False,101,2026
shuffle,16,0.7327076196670532,-0.0774468183517456,0.0774468183517456,-1.2050273418426514,1.2050273418426514,False,101,2026
shuffle,17,0.6059480309486389,0.007446408271789551,0.007446408271789551,0.22943854331970215,0.22943854331970215,False,101,2026
shuffle,18,0.36138656735420227,-0.00840449333190918,0.00840449333190918,-0.21126770973205566,0.21126770973205566,False,101,2026
shuffle,19,0.7998466491699219,-0.06395512819290161,0.06395512819290161,-1.0649800300598145,1.0649800300598145,False,101,2026
shuffle,20,0.7219938635826111,-0.010287463665008545,0.010287463665008545,-0.2534925937652588,0.2534925937652588,False,101,2026
shuffle,21,0.8226065039634705,-0.07359832525253296,0.07359832525253296,-1.1666178703308105,1.1666178703308105,False,101,2026
shuffle,22,0.7592836618423462,-0.002294600009918213,0.002294600009918213,-0.061864614486694336,0.061864614486694336,False,101,2026
shuffle,23,0.8743889331817627,-0.08451378345489502,0.08451378345489502,-1.2727360725402832,1.2727360725402832,False,101,2026
shuffle,24,0.8147637248039246,-3.212690353393555e-05,3.212690353393555e-05,-0.0008931159973144531,0.0008931159973144531,False,101,2026
shuffle,25,0.788234531879425,-0.030674755573272705,0.030674755573272705,-0.6307990550994873,0.6307990550994873,False,101,2026
shuffle,26,0.33207187056541443,0.0077988505363464355,0.0077988505363464355,0.2416231632232666,0.2416231632232666,False,101,2026
shuffle,27,0.8205653429031372,-0.14541614055633545,0.14541614055633545,-1.749669075012207,1.749669075012207,False,101,2026
shuffle,28,0.8732545375823975,-0.05546212196350098,0.05546212196350098,-0.9680984020233154,0.9680984020233154,False,101,2026
shuffle,29,0.7920235395431519,-0.0882139801979065,0.0882139801979065,-1.3068482875823975,1.3068482875823975,False,101,2026
uniform,0,0.6933231949806213,-0.0007696747779846191,0.0007696747779846191,-0.3092937469482422,0.3092937469482422,False,103,2026
shuffle,0,0.9051465392112732,-0.0018860101699829102,0.0018860101699829102,-0.6361494064331055,0.6361494064331055,False,103,2026
shuffle,1,0.8571144938468933,-0.005151867866516113,0.005151867866516113,-1.2345333099365234,1.2345333099365234,False,103,2026
shuffle,2,0.7591882348060608,0.0010842084884643555,0.0010842084884643555,0.712554931640625,0.712554931640625,False,103,2026
shuffle,3,0.9335882067680359,0.0007150173187255859,0.0007150173187255859,0.40973949432373047,0.40973949432373047,False,103,2026
shuffle,4,0.9463262557983398,-0.0025168657302856445,0.0025168657302856445,-0.7826929092407227,0.7826929092407227,False,103,2026
shuffle,5,0.8605862855911255,-0.007675349712371826,0.007675349712371826,-1.5346298217773438,1.5346298217773438,False,103,2026
shuffle,6,0.9320067763328552,0.0006532073020935059,0.0006532073020935059,0.3668842315673828,0.3668842315673828,False,103,2026
shuffle,7,0.18310436606407166,-0.0011113286018371582,0.0011113286018371582,-0.42103052139282227,0.42103052139282227,False,103,2026
shuffle,8,0.8541424870491028,0.0005967020988464355,0.0005967020988464355,0.32928943634033203,0.32928943634033203,False,103,2026
shuffle,9,0.8810492157936096,-0.0019422173500061035,0.0019422173500061035,-0.6500844955444336,0.6500844955444336,False,103,2026
shuffle,10,0.8592404723167419,-0.002876460552215576,0.002876460552215576,-0.8575811386108398,0.8575811386108398,False,103,2026
shuffle,11,0.9351104497909546,-0.0021356940269470215,0.0021356940269470215,-0.6967086791992188,0.6967086791992188,False,103,2026
shuffle,12,0.7917681336402893,0.0006836056709289551,0.0006836056709289551,0.38779449462890625,0.38779449462890625,False,103,2026
shuffle,13,0.9119859933853149,-0.004199981689453125,0.004199981689453125,-1.0934762954711914,1.0934762954711914,False,103,2026
shuffle,14,0.8717537522315979,0.0015700459480285645,0.0015700459480285645,1.3379297256469727,1.3379297256469727,False,103,2026
shuffle,15,0.927537202835083,-3.36766242980957e-05,3.36766242980957e-05,-0.01573657989501953,0.01573657989501953,False,103,2026
shuffle,16,0.9275751113891602,-0.00031751394271850586,0.00031751394271850586,-0.1393146514892578,0.1393146514892578,False,103,2026
shuffle,17,0.8874621391296387,0.00025337934494018555,0.00025337934494018555,0.1269054412841797,0.1269054412841797,False,103,2026
shuffle,18,0.8890193104743958,-0.0033188462257385254,0.0033188462257385254,-0.9427027702331543,0.9427027702331543,False,103,2026
shuffle,19,0.8392633199691772,0.0015624165534973145,0.0015624165534973145,1.3244295120239258,1.3244295120239258,False,103,2026
shuffle,20,0.9355449676513672,7.063150405883789e-05,7.063150405883789e-05,0.03376007080078125,0.03376007080078125,False,103,2026
shuffle,21,0.9019469022750854,-0.009094834327697754,0.009094834327697754,-1.6712737083435059,1.6712737083435059,False,103,2026
shuffle,22,0.9420462846755981,-0.0021639466285705566,0.0021639466285705566,-0.703338623046875,0.703338623046875,False,103,2026
shuffle,23,0.9294208884239197,0.0003216862678527832,0.0003216862678527832,0.16405200958251953,0.16405200958251953,False,103,2026
shuffle,24,0.14922763407230377,-0.0004976987838745117,0.0004976987838745117,-0.2105250358581543,0.2105250358581543,False,103,2026
shuffle,25,0.9207354784011841,0.00047218799591064453,0.00047218799591064453,0.25112056732177734,0.25112056732177734,False,103,2026
shuffle,26,0.9061065912246704,-0.002495706081390381,0.002495706081390381,-0.7780923843383789,0.7780923843383789,False,103,2026
shuffle,27,0.9404093623161316,-0.0017909407615661621,0.0017909407615661621,-0.6120891571044922,0.6120891571044922,False,103,2026
shuffle,28,0.7624983787536621,-0.00030553340911865234,0.00030553340911865234,-0.13442134857177734,0.13442134857177734,False,103,2026
shuffle,29,0.24085733294487,-0.0005354881286621094,0.0005354881286621094,-0.2248668670654297,0.2248668670654297,False,103,2026
uniform,0,0.8216832876205444,-0.3867834508419037,0.3867834508419037,-1.8023261278867722,1.8023261278867722,True,121,2026
shuffle,0,0.9826309680938721,-0.4652531147003174,0.4652531147003174,-2.493399903178215,2.493399903178215,True,121,2026
shuffle,1,0.9204513430595398,-0.1048109233379364,0.1048109233379364,-0.4209049344062805,0.4209049344062805,True,121,2026
shuffle,2,0.9708476066589355,-0.4796167016029358,0.4796167016029358,-2.672375723719597,2.672375723719597,True,121,2026
shuffle,3,0.8624534606933594,-0.5265767313539982,0.5265767313539982,-3.588896557688713,3.588896557688713,True,121,2026
shuffle,4,0.9458719491958618,0.02961552143096924,0.02961552143096924,0.12126113474369049,0.12126113474369049,False,121,2026
shuffle,5,0.9758026599884033,-0.4784342125058174,0.4784342125058174,-2.6565974205732346,2.6565974205732346,True,121,2026
shuffle,6,0.9701166152954102,-0.010263204574584961,0.010263204574584961,-0.0415663868188858,0.0415663868188858,False,121,2026
shuffle,7,0.9595686197280884,-0.4558968022465706,0.4558968022465706,-2.389423653483391,2.389423653483391,True,121,2026
shuffle,8,0.9795507788658142,-0.46861276030540466,0.46861276030540466,-2.532967135310173,2.532967135310173,True,121,2026
shuffle,9,0.9728947877883911,-0.06980997323989868,0.06980997323989868,-0.28044333308935165,0.28044333308935165,True,121,2026
shuffle,10,0.9835991859436035,-0.24579286575317383,0.24579286575317383,-1.0213202685117722,1.0213202685117722,True,121,2026
shuffle,11,0.9520041942596436,-0.5365210641175508,0.5365210641175508,-3.944479987025261,3.944479987025261,True,121,2026
shuffle,12,0.9613546133041382,-0.34181541204452515,0.34181541204452515,-1.516306683421135,1.516306683421135,True,121,2026
shuffle,13,0.9737910628318787,0.03238123655319214,0.03238123655319214,0.1327085644006729,0.1327085644006729,False,121,2026
shuffle,14,0.9771490693092346,-0.5234013795852661,0.5234013795852661,-3.4964526146650314,3.4964526146650314,True,121,2026
shuffle,15,0.9403395652770996,-0.41221925616264343,0.41221925616264343,-1.9908390492200851,1.9908390492200851,True,121,2026
shuffle,16,0.9715325832366943,-0.3929092586040497,0.3929092586040497,-1.8455863445997238,1.8455863445997238,True,121,2026
shuffle,17,0.9198731780052185,-0.5366250984370708,0.5366250984370708,-3.9489109963178635,3.9489109963178635,True,121,2026
shuffle,18,0.9718402028083801,-0.3902193009853363,0.3902193009853363,-1.826437994837761,1.826437994837761,True,121,2026
shuffle,19,0.9854475259780884,-0.04478657245635986,0.04478657245635986,-0.1803242638707161,0.1803242638707161,False,121,2026
shuffle,20,0.9618321061134338,-0.28351032733917236,0.28351032733917236,-1.2025133222341537,1.2025133222341537,True,121,2026
shuffle,21,0.9590476155281067,-0.4680393636226654,0.4680393636226654,-2.5261233299970627,2.5261233299970627,True,121,2026
shuffle,22,0.9811018109321594,-0.08687815070152283,0.08687815070152283,-0.3488084003329277,0.3488084003329277,True,121,2026
shuffle,23,0.8567663431167603,-0.4906998723745346,0.4906998723745346,-2.8314800709486008,2.8314800709486008,True,121,2026
shuffle,24,0.16907088458538055,0.048815250396728516,0.048815250396728516,0.20126156508922577,0.20126156508922577,False,121,2026
shuffle,25,0.939670979976654,-0.4117407351732254,0.4117407351732254,-1.9870579689741135,1.9870579689741135,True,121,2026
shuffle,26,0.9623150825500488,-0.03573000431060791,0.03573000431060791,-0.14403684437274933,0.14403684437274933,False,121,2026
shuffle,27,0.8462195992469788,-0.52467180788517,0.52467180788517,-3.5324919670820236,3.5324919670820236,True,121,2026
shuffle,28,0.9334657192230225,-0.49395574629306793,0.49395574629306793,-2.8826523274183273,2.8826523274183273,True,121,2026
shuffle,29,0.859462320804596,-0.518364567309618,0.518364567309618,-3.3643162697553635,3.3643162697553635,True,121,2026
uniform,0,0.5778669118881226,0.058350205421447754,0.058350205421447754,0.2576531767845154,0.2576531767845154,False,123,2026
shuffle,0,0.7552516460418701,0.23123383522033691,0.23123383522033691,1.265584945678711,1.265584945678711,False,123,2026
shuffle,1,0.6968133449554443,0.14889955520629883,0.14889955520629883,0.7166478633880615,0.7166478633880615,False,123,2026
shuffle,2,0.7677192687988281,-0.1367802619934082,0.1367802619934082,-0.557415135204792,0.557415135204792,True,123,2026
shuffle,3,0.7811222076416016,0.2944382429122925,0.2944382429122925,1.9049901962280273,1.9049901962280273,False,123,2026
shuffle,4,0.7983483076095581,-0.1212615966796875,0.1212615966796875,-0.4953263495117426,0.4953263495117426,False,123,2026
shuffle,5,0.7312654256820679,-0.23944780230522156,0.23944780230522156,-0.9767969250679016,0.9767969250679016,True,123,2026
shuffle,6,0.887341320514679,-0.2106497585773468,0.2106497585773468,-0.8565483689308167,0.8565483689308167,True,123,2026
shuffle,7,0.7194119691848755,0.15966981649398804,0.15966981649398804,0.7788562774658203,0.7788562774658203,False,123,2026
shuffle,8,0.8407399654388428,0.15661323070526123,0.15661323070526123,0.7609817981719971,0.7609817981719971,False,123,2026
shuffle,9,0.9045674204826355,-0.17637699842453003,0.17637699842453003,-0.716608390212059,0.716608390212059,True,123,2026
shuffle,10,0.7983483076095581,-0.19606563448905945,0.19606563448905945,-0.7966572046279907,0.7966572046279907,True,123,2026
shuffle,11,0.28273338079452515,-0.04106342792510986,0.04106342792510986,-0.17156082391738892,0.17156082391738892,False,123,2026
shuffle,12,0.9641851186752319,-0.17164194583892822,0.17164194583892822,-0.6974681615829468,0.6974681615829468,True,123,2026
shuffle,13,0.9641851186752319,-0.1849190890789032,0.1849190890789032,-0.7512394338846207,0.7512394338846207,True,123,2026
shuffle,14,0.7983483076095581,-0.19878730177879333,0.19878730177879333,-0.8077912330627441,0.8077912330627441,True,123,2026
shuffle,15,0.8646831512451172,-0.3099205791950226,0.3099205791950226,-1.2880959510803223,1.2880959510803223,True,123,2026
shuffle,16,0.6477046012878418,0.15102732181549072,0.15102732181549072,0.7287695407867432,0.7287695407867432,False,123,2026
shuffle,17,0.8474571108818054,-0.26684480905532837,0.26684480905532837,-1.0944011211395264,1.0944011211395264,True,123,2026
shuffle,18,0.8373937606811523,0.318239688873291,0.318239688873291,2.2702746391296387,2.2702746391296387,False,123,2026
shuffle,19,0.26007524132728577,-0.05949431657791138,0.05949431657791138,-0.24688315391540527,0.24688315391540527,False,123,2026
shuffle,20,0.8579660654067993,0.21272116899490356,0.21272116899490356,1.1241754293441772,1.1241754293441772,False,123,2026
shuffle,21,0.318439245223999,-0.09656614065170288,0.09656614065170288,-0.39644673466682434,0.39644673466682434,False,123,2026
shuffle,22,0.22311556339263916,-0.15170592069625854,0.15170592069625854,-0.6172309666872025,0.6172309666872025,True,123,2026
shuffle,23,0.6908754110336304,0.3053075075149536,0.3053075075149536,2.0577759742736816,2.0577759742736816,False,123,2026
shuffle,24,0.7540574669837952,0.16652435064315796,0.16652435064315796,0.8196125030517578,0.8196125030517578,False,123,2026
shuffle,25,0.8449495434761047,-0.2088477909564972,0.2088477909564972,-0.8491165935993195,0.8491165935993195,True,123,2026
shuffle,26,0.7983481884002686,0.06439507007598877,0.06439507007598877,0.28563427925109863,0.28563427925109863,False,123,2026
shuffle,27,0.9230471253395081,-0.2123693823814392,0.2123693823814392,-0.8636499643325806,0.8636499643325806,True,123,2026
shuffle,28,0.8394862413406372,0.14988398551940918,0.14988398551940918,0.7222461700439453,0.7222461700439453,False,123,2026
shuffle,29,0.7744959592819214,0.11596006155014038,0.11596006155014038,0.5381919145584106,0.5381919145584106,False,123,2026
uniform,0,0.8025181889533997,-0.0011056065559387207,0.0011056065559387207,-0.05416536331176758,0.05416536331176758,False,134,2026
shuffle,0,0.9522019028663635,0.0021315813064575195,0.0021315813064575195,0.11311674118041992,0.11311674118041992,False,134,2026
shuffle,1,0.9909956455230713,-0.02132493257522583,0.02132493257522583,-0.7401151657104492,0.7401151657104492,False,134,2026
shuffle,2,0.9550084471702576,-0.2749309539794922,0.2749309539794922,-3.006568968296051,3.006568968296051,False,134,2026
shuffle,3,0.9790713787078857,-0.21490198373794556,0.21490198373794556,-2.697512984275818,2.697512984275818,False,134,2026
shuffle,4,0.9805291295051575,-0.0006718635559082031,0.0006718635559082031,-0.0332489013671875,0.0332489013671875,False,134,2026
shuffle,5,0.9293027520179749,-0.16872680187225342,0.16872680187225342,-2.42033314704895,2.42033314704895,False,134,2026
shuffle,6,0.9496912956237793,-0.045892179012298584,0.045892179012298584,-1.2299585342407227,1.2299585342407227,False,134,2026
shuffle,7,0.9888576865196228,0.016883134841918945,0.016883134841918945,1.7993125915527344,1.7993125915527344,False,134,2026
shuffle,8,0.9907986521720886,-0.04356694221496582,0.04356694221496582,-1.19171142578125,1.19171142578125,False,134,2026
shuffle,9,0.942013680934906,-0.03627479076385498,0.03627479076385498,-1.0627093315124512,1.0627093315124512,False,134,2026
shuffle,10,0.983346164226532,0.011997818946838379,0.011997818946838379,0.9063658714294434,0.9063658714294434,False,134,2026
shuffle,11,0.9207530617713928,0.01752018928527832,0.01752018928527832,2.006373882293701,2.006373882293701,False,134,2026
shuffle,12,0.9313400387763977,0.01759856939315796,0.01759856939315796,2.035050868988037,2.035050868988037,False,134,2026
shuffle,13,0.9867078065872192,-0.0003464221954345703,0.0003464221954345703,-0.017275333404541016,0.017275333404541016,False,134,2026
shuffle,14,0.9568853378295898,-0.14060312509536743,0.14060312509536743,-2.225154399871826,2.225154399871826,False,134,2026
shuffle,15,0.9844762682914734,6.246566772460938e-05,6.246566772460938e-05,0.003146648406982422,0.003146648406982422,False,134,2026
shuffle,16,0.955115020275116,-0.06388550996780396,0.06388550996780396,-1.4898796081542969,1.4898796081542969,False,134,2026
shuffle,17,0.945030152797699,-0.04079049825668335,0.04079049825668335,-1.144303321838379,1.144303321838379,False,134,2026
shuffle,18,0.821667492389679,0.004344344139099121,0.004344344139099121,0.2452535629272461,0.2452535629272461,False,134,2026
shuffle,19,0.9910807013511658,0.0014789104461669922,0.0014789104461669922,0.07715654373168945,0.07715654373168945,False,134,2026
shuffle,20,0.9876888990402222,0.009711086750030518,0.009711086750030518,0.6607403755187988,0.6607403755187988,False,134,2026
shuffle,21,0.9925329685211182,0.006142973899841309,0.006142973899841309,0.36669397354125977,0.36669397354125977,False,134,2026
shuffle,22,0.9136762619018555,-0.18017035722732544,0.18017035722732544,-2.4933223724365234,2.4933223724365234,False,134,2026
shuffle,23,0.9449740648269653,0.01569056510925293,0.01569056510925293,1.4986233711242676,1.4986233711242676,False,134,2026
shuffle,24,0.21282853186130524,-0.006059885025024414,0.006059885025024414,-0.2674403190612793,0.2674403190612793,False,134,2026
shuffle,25,0.9827797412872314,-0.04562503099441528,0.04562503099441528,-1.22562837600708,1.22562837600708,False,134,2026
shuffle,26,0.9807853698730469,0.008468866348266602,0.008468866348266602,0.5485448837280273,0.5485448837280273,False,134,2026
shuffle,27,0.9413816928863525,0.0175897479057312,0.0175897479057312,2.0317835807800293,2.0317835807800293,False,134,2026
shuffle,28,0.1681569516658783,-0.003912866115570068,0.003912866115570068,-0.18027353286743164,0.18027353286743164,False,134,2026
shuffle,29,0.9874640703201294,-0.05419516563415527,0.05419516563415527,-1.3570632934570312,1.3570632934570312,False,134,2026
uniform,0,0.741167426109314,-0.06092864274978638,0.06092864274978638,-0.9901771545410156,0.9901771545410156,False,141,2026
shuffle,0,0.9468985199928284,-0.12921327352523804,0.12921327352523804,-1.5856698751449585,1.5856698751449585,False,141,2026
shuffle,1,0.9633718132972717,-0.07288038730621338,0.07288038730621338,-1.115410327911377,1.115410327911377,False,141,2026
shuffle,2,0.42776578664779663,0.00710374116897583,0.00710374116897583,0.20255780220031738,0.20255780220031738,False,141,2026
shuffle,3,0.9069857001304626,-0.07366043329238892,0.07366043329238892,-1.1231725215911865,1.1231725215911865,False,141,2026
shuffle,4,0.9616208076477051,0.00010287761688232422,0.00010287761688232422,0.0026764869689941406,0.0026764869689941406,False,141,2026
shuffle,5,0.9097920060157776,-0.012439727783203125,0.012439727783203125,-0.2834630012512207,0.2834630012512207,False,141,2026
shuffle,6,0.9650006294250488,-0.1017565131187439,0.1017565131187439,-1.3761744499206543,1.3761744499206543,False,141,2026
shuffle,7,0.8896388411521912,-0.13698315620422363,0.13698315620422363,-1.6399459838867188,1.6399459838867188,False,141,2026
shuffle,8,0.8826692700386047,-0.08402955532073975,0.08402955532073975,-1.222200632095337,1.222200632095337,False,141,2026
shuffle,9,0.42753592133522034,0.023048222064971924,0.023048222064971924,0.8801298141479492,0.8801298141479492,False,141,2026
shuffle,10,0.9549401998519897,-0.1234237551689148,0.1234237551689148,-1.5439248085021973,1.5439248085021973,False,141,2026
shuffle,11,0.9367658495903015,-0.07936275005340576,0.07936275005340576,-1.1785533428192139,1.1785533428192139,False,141,2026
shuffle,12,0.9161798357963562,-0.11264634132385254,0.11264634132385254,-1.4629274606704712,1.4629274606704712,False,141,2026
shuffle,13,0.9249880909919739,-0.16582441329956055,0.16582441329956055,-1.8265407085418701,1.8265407085418701,False,141,2026
shuffle,14,0.9543253183364868,-0.13366740942001343,0.13366740942001343,-1.617018699645996,1.617018699645996,False,141,2026
shuffle,15,0.9659942388534546,-0.052610814571380615,0.052610814571380615,-0.8950133323669434,0.8950133323669434,False,141,2026
shuffle,16,0.8890820145606995,-0.18260371685028076,0.18260371685028076,-1.9262433052062988,1.9262433052062988,False,141,2026
shuffle,17,0.9088965654373169,-0.07275038957595825,0.07275038957595825,-1.1141119003295898,1.1141119003295898,False,141,2026
shuffle,18,0.9382951259613037,-0.11152094602584839,0.11152094602584839,-1.4542030096054077,1.4542030096054077,False,141,2026
shuffle,19,0.903546929359436,0.00986093282699585,0.00986093282699585,0.2927711009979248,0.2927711009979248,False,141,2026
shuffle,20,0.9602738618850708,-0.0320703387260437,0.0320703387260437,-0.6220555305480957,0.6220555305480957,False,141,2026
shuffle,21,0.4012390077114105,-0.009958624839782715,0.009958624839782715,-0.2324376106262207,0.2324376106262207,False,141,2026
shuffle,22,0.9478331208229065,-0.09604454040527344,0.09604454040527344,-1.3284306526184082,1.3284306526184082,False,141,2026
shuffle,23,0.5634962320327759,0.0032982230186462402,0.0032982230186462402,0.08934545516967773,0.08934545516967773,False,141,2026
shuffle,24,0.9285598397254944,-0.13178777694702148,0.13178777694702148,-1.6038684844970703,1.6038684844970703,False,141,2026
shuffle,25,0.5665087103843689,0.01986783742904663,0.01986783742904663,0.7055180072784424,0.7055180072784424,False,141,2026
shuffle,26,0.8809763789176941,-0.24157565832138062,0.24157565832138062,-2.2400896549224854,2.2400896549224854,False,141,2026
shuffle,27,0.9403545260429382,-0.09932374954223633,0.09932374954223633,-1.3560411930084229,1.3560411930084229,False,141,2026
shuffle,28,0.9300909638404846,-0.004651069641113281,0.004651069641113281,-0.11469507217407227,0.11469507217407227,False,141,2026
shuffle,29,0.9076119065284729,0.005139768123626709,0.005139768123626709,0.14264416694641113,0.14264416694641113,False,141,2026
uniform,0,0.9311888813972473,-0.01716291904449463,0.01716291904449463,-4.465962886810303,4.465962886810303,False,146,2026
shuffle,0,0.9845030903816223,-0.14752072095870972,0.14752072095870972,-6.749119758605957,6.749119758605957,False,146,2026
shuffle,1,0.9862958788871765,-0.012675046920776367,0.012675046920776367,-4.162421226501465,4.162421226501465,False,146,2026
shuffle,2,0.9949841499328613,-0.3578232526779175,0.3578232526779175,-7.917745351791382,7.917745351791382,False,146,2026
shuffle,3,0.9965857863426208,-0.018594086170196533,0.018594086170196533,-4.5466156005859375,4.5466156005859375,False,146,2026
shuffle,4,0.9877221584320068,8.821487426757812e-06,8.821487426757812e-06,0.044612884521484375,0.044612884521484375,False,146,2026
shuffle,5,0.9958880543708801,-0.018310904502868652,0.018310904502868652,-4.53114128112793,4.53114128112793,False,146,2026
shuffle,6,0.9894750118255615,-0.0018680691719055176,0.0018680691719055176,-2.324115753173828,2.324115753173828,False,146,2026
shuffle,7,0.9894590377807617,-0.33735138177871704,0.33735138177871704,-7.8274747133255005,7.8274747133255005,False,146,2026
shuffle,8,0.9960252642631531,-0.026793360710144043,0.026793360710144043,-4.917004823684692,4.917004823684692,False,146,2026
shuffle,9,0.9896841049194336,-0.004925906658172607,0.004925906658172607,-3.233992099761963,3.233992099761963,False,146,2026
shuffle,10,0.9859037399291992,-0.007295727729797363,0.007295727729797363,-3.6162004470825195,3.6162004470825195,False,146,2026
shuffle,11,0.9952880144119263,-0.3451848030090332,0.3451848030090332,-7.86231130361557,7.86231130361557,False,146,2026
shuffle,12,0.995697557926178,-0.3507996201515198,0.3507996201515198,-7.887051463127136,7.887051463127136,False,146,2026
shuffle,13,0.9888504147529602,-0.0009873509407043457,0.0009873509407043457,-1.7694530487060547,1.7694530487060547,False,146,2026
shuffle,14,0.017083942890167236,1.5497207641601562e-06,1.5497207641601562e-06,0.007697105407714844,0.007697105407714844,False,146,2026
shuffle,15,0.9897498488426208,-0.37153834104537964,0.37153834104537964,-7.97693258523941,7.97693258523941,False,146,2026
shuffle,16,0.9935528039932251,-0.026919007301330566,0.026919007301330566,-4.921773910522461,4.921773910522461,False,146,2026
shuffle,17,0.9958495497703552,-0.0019915103912353516,0.0019915103912353516,-2.3821120262145996,2.3821120262145996,False,146,2026
shuffle,18,0.025198310613632202,-6.556510925292969e-06,6.556510925292969e-06,-0.03185749053955078,0.03185749053955078,False,146,2026
shuffle,19,0.9912365078926086,-0.027555406093597412,0.027555406093597412,-4.94562029838562,4.94562029838562,False,146,2026
shuffle,20,0.9937978386878967,-0.25219666957855225,0.25219666957855225,-7.415831804275513,7.415831804275513,False,146,2026
shuffle,21,0.9892497658729553,-0.004697918891906738,0.004697918891906738,-3.188284397125244,3.188284397125244,False,146,2026
shuffle,22,0.9954338073730469,-6.961822509765625e-05,6.961822509765625e-05,-0.2948427200317383,0.2948427200317383,False,146,2026
shuffle,23,0.9981904625892639,-0.38356947898864746,0.38356947898864746,-8.02811998128891,8.02811998128891,False,146,2026
shuffle,24,0.9933637976646423,-0.06278401613235474,0.06278401613235474,-5.801919460296631,5.801919460296631,False,146,2026
shuffle,25,0.9906841516494751,-0.01389080286026001,0.01389080286026001,-4.253865718841553,4.253865718841553,False,146,2026
shuffle,26,0.9968507289886475,-0.37530553340911865,0.37530553340911865,-7.9930300116539,7.9930300116539,False,146,2026
shuffle,27,0.9800273776054382,-0.2593950629234314,0.2593950629234314,-7.453627824783325,7.453627824783325,False,146,2026
shuffle,28,0.9928951859474182,-0.017902731895446777,0.017902731895446777,-4.508434772491455,4.508434772491455,False,146,2026
shuffle,29,0.9899523258209229,-0.0047286152839660645,0.0047286152839660645,-3.19455623626709,3.19455623626709,False,146,2026
uniform,0,0.6553879976272583,-0.41584986448287964,0.41584986448287964,-1.9445319175720215,1.9445319175720215,True,148,2026
shuffle,0,0.8751596212387085,-0.8111477866768837,0.8111477866768837,-5.370866298675537,5.370866298675537,True,148,2026
shuffle,1,0.8783153891563416,-0.6918129622936249,0.6918129622936249,-3.4115148782730103,3.4115148782730103,True,148,2026
shuffle,2,0.7334086894989014,-0.6633529216051102,0.6633529216051102,-3.1952892541885376,3.1952892541885376,True,148,2026
shuffle,3,0.8619223237037659,-0.20770281553268433,0.20770281553268433,-1.0978002548217773,1.0978002548217773,False,148,2026
shuffle,4,0.7245640158653259,-0.3942001461982727,0.3942001461982727,-1.856133058667183,1.856133058667183,True,148,2026
shuffle,5,0.8832250833511353,-0.6111771762371063,0.6111771762371063,-2.8634968996047974,2.8634968996047974,True,148,2026
shuffle,6,0.7044722437858582,0.0361095666885376,0.0361095666885376,0.28763794898986816,0.28763794898986816,False,148,2026
shuffle,7,0.8369662165641785,-0.18118047714233398,0.18118047714233398,-0.9827125668525696,0.9827125668525696,False,148,2026
shuffle,8,0.8786494731903076,-0.7507954463362694,0.7507954463362694,-4.013989210128784,4.013989210128784,True,148,2026
shuffle,9,0.8576998114585876,-0.07273101806640625,0.07273101806640625,-0.45454883575439453,0.45454883575439453,False,148,2026
shuffle,10,0.8590125441551208,-0.6743604987859726,0.6743604987859726,-3.2751646041870117,3.2751646041870117,True,148,2026
shuffle,11,0.7601285576820374,-0.6840951591730118,0.6840951591730118,-3.3496100902557373,3.3496100902557373,True,148,2026
shuffle,12,0.8655398488044739,-0.3344319760799408,0.3344319760799408,-1.6158849895000458,1.6158849895000458,True,148,2026
shuffle,13,0.8276062607765198,-0.7225119173526764,0.7225119173526764,-3.6899545192718506,3.6899545192718506,True,148,2026
shuffle,14,0.8178761601448059,-0.05212968587875366,0.05212968587875366,-0.3376089334487915,0.3376089334487915,False,148,2026
shuffle,15,0.3691454529762268,0.07863068580627441,0.07863068580627441,0.7317962646484375,0.7317962646484375,False,148,2026
shuffle,16,0.8118621706962585,-0.1996874213218689,0.1996874213218689,-1.0634027123451233,1.0634027123451233,False,148,2026
shuffle,17,0.923035204410553,-0.7682690918445587,0.7682690918445587,-4.268689155578613,4.268689155578613,True,148,2026
shuffle,18,0.8433519601821899,-0.09835201501846313,0.09835201501846313,-0.5907179117202759,0.5907179117202759,False,148,2026
shuffle,19,0.3620905876159668,-0.06149864196777344,0.06149864196777344,-0.39171409606933594,0.39171409606933594,False,148,2026
shuffle,20,0.884748101234436,-0.6987752765417099,0.6987752765417099,-3.469813585281372,3.469813585281372,True,148,2026
shuffle,21,0.3490849435329437,-0.007995188236236572,0.007995188236236572,-0.05666494369506836,0.05666494369506836,False,148,2026
shuffle,22,0.7627160549163818,-0.7521824017167091,0.7521824017167091,-4.032316207885742,4.032316207885742,True,148,2026
shuffle,23,0.8559518456459045,0.007989823818206787,0.007989823818206787,0.05885505676269531,0.05885505676269531,False,148,2026
shuffle,24,0.35913610458374023,-0.02475029230117798,0.02475029230117798,-0.1690824031829834,0.1690824031829834,False,148,2026
shuffle,25,0.8725256323814392,-0.7445529326796532,0.7445529326796532,-3.9347891807556152,3.9347891807556152,True,148,2026
shuffle,26,0.8648601174354553,-0.05980396270751953,0.05980396270751953,-0.3820459842681885,0.3820459842681885,False,148,2026
shuffle,27,0.8913339972496033,-0.38163039088249207,0.38163039088249207,-1.8052590936422348,1.8052590936422348,True,148,2026
shuffle,28,0.868071973323822,-0.0062337517738342285,0.0062337517738342285,-0.04436159133911133,0.04436159133911133,False,148,2026
shuffle,29,0.9321324229240417,-0.1363651156425476,0.1363651156425476,-0.7781169414520264,0.7781169414520264,False,148,2026
uniform,0,0.9007840156555176,-0.0062520503997802734,0.0062520503997802734,-2.6808385848999023,2.6808385848999023,False,151,2026
shuffle,0,0.9816139936447144,-0.013858020305633545,0.013858020305633545,-3.445908546447754,3.445908546447754,False,151,2026
shuffle,1,0.9908732771873474,-0.0022196173667907715,0.0022196173667907715,-1.7591938972473145,1.7591938972473145,False,151,2026
shuffle,2,0.9840558171272278,-0.014758050441741943,0.014758050441741943,-3.507772445678711,3.507772445678711,False,151,2026
shuffle,3,0.9893218278884888,-0.022140145301818848,0.022140145301818848,-3.9107065200805664,3.9107065200805664,False,151,2026
shuffle,4,0.9833900332450867,-0.021770477294921875,0.021770477294921875,-3.8938417434692383,3.8938417434692383,False,151,2026
shuffle,5,0.020667267963290215,-4.291534423828125e-06,4.291534423828125e-06,-0.009263038635253906,0.009263038635253906,False,151,2026
shuffle,6,0.9837191104888916,-0.013792574405670166,0.013792574405670166,-3.4412574768066406,3.4412574768066406,False,151,2026
shuffle,7,0.02365485206246376,-1.4781951904296875e-05,1.4781951904296875e-05,-0.0314946174621582,0.0314946174621582,False,151,2026
shuffle,8,0.9757714867591858,-0.007738947868347168,0.007738947868347168,-2.882354736328125,2.882354736328125,False,151,2026
shuffle,9,0.9766470789909363,-0.05099654197692871,0.05099654197692871,-4.763385534286499,4.763385534286499,False,151,2026
shuffle,10,0.9837291836738586,-0.021493136882781982,0.021493136882781982,-3.881002187728882,3.881002187728882,False,151,2026
shuffle,11,0.9839845299720764,-0.014127671718597412,0.014127671718597412,-3.4648327827453613,3.4648327827453613,False,151,2026
shuffle,12,0.02470657415688038,-1.049041748046875e-05,1.049041748046875e-05,-0.022428035736083984,0.022428035736083984,False,151,2026
shuffle,13,0.9909669160842896,-0.013040006160736084,0.013040006160736084,-3.3862619400024414,3.3862619400024414,False,151,2026
shuffle,14,0.9772510528564453,-0.04953145980834961,0.04953145980834961,-4.73295783996582,4.73295783996582,False,151,2026
shuffle,15,0.9840202927589417,-0.002620697021484375,0.002620697021484375,-1.898961067199707,1.898961067199707,False,151,2026
shuffle,16,0.9895114302635193,-0.05024665594100952,0.05024665594100952,-4.7479166984558105,4.7479166984558105,False,151,2026
shuffle,17,0.9891998171806335,-0.002635478973388672,0.002635478973388672,-1.903763771057129,1.903763771057129,False,151,2026
shuffle,18,0.9842004776000977,-0.002555549144744873,0.002555549144744873,-1.8775148391723633,1.8775148391723633,False,151,2026
shuffle,19,0.9848424196243286,-0.002280294895172119,0.002280294895172119,-1.7816438674926758,1.7816438674926758,False,151,2026
shuffle,20,0.9860854744911194,-0.02251899242401123,0.02251899242401123,-3.9277195930480957,3.9277195930480957,False,151,2026
shuffle,21,0.984710693359375,-0.014634788036346436,0.014634788036346436,-3.499514102935791,3.499514102935791,False,151,2026
shuffle,22,0.9911938905715942,-0.02183067798614502,0.02183067798614502,-3.8966031074523926,3.8966031074523926,False,151,2026
shuffle,23,0.9706646800041199,-0.0029141902923583984,0.0029141902923583984,-1.990145206451416,1.990145206451416,False,151,2026
shuffle,24,0.978295087814331,-0.007781624794006348,0.007781624794006348,-2.8875818252563477,2.8875818252563477,False,151,2026
shuffle,25,0.9850117564201355,-0.01666891574859619,0.01666891574859619,-3.627981185913086,3.627981185913086,False,151,2026
shuffle,26,0.9730831384658813,-0.008310139179229736,0.008310139179229736,-2.9502506256103516,2.9502506256103516,False,151,2026
shuffle,27,0.9840039014816284,-0.0002751946449279785,0.0002751946449279785,-0.46679162979125977,0.46679162979125977,False,151,2026
shuffle,28,0.9840431213378906,-0.002559065818786621,0.002559065818786621,-1.878678321838379,1.878678321838379,False,151,2026
shuffle,29,0.03178824856877327,-1.2993812561035156e-05,1.2993812561035156e-05,-0.027712345123291016,0.027712345123291016,False,151,2026
uniform,0,0.849729061126709,-0.04376494884490967,0.04376494884490967,-0.7418215274810791,0.7418215274810791,False,159,2026
shuffle,0,0.9791103005409241,-0.056767821311950684,0.056767821311950684,-0.8949110507965088,0.8949110507965088,False,159,2026
shuffle,1,0.04937059432268143,-0.0006701946258544922,0.0006701946258544922,-0.015955209732055664,0.015955209732055664,False,159,2026
shuffle,2,0.9509381055831909,0.004308760166168213,0.004308760166168213,0.10853791236877441,0.10853791236877441,False,159,2026
shuffle,3,0.9544327259063721,-0.007896661758422852,0.007896661758422852,-0.17473292350769043,0.17473292350769043,False,159,2026
shuffle,4,0.956213653087616,-0.015961050987243652,0.015961050987243652,-0.32874369621276855,0.32874369621276855,False,159,2026
shuffle,5,0.9710061550140381,-0.17438244819641113,0.17438244819641113,-1.810567021369934,1.810567021369934,False,159,2026
shuffle,6,0.9586660861968994,-0.018321514129638672,0.018321514129638672,-0.3701202869415283,0.3701202869415283,False,159,2026
shuffle,7,0.9656329154968262,0.010999739170074463,0.010999739170074463,0.30213427543640137,0.30213427543640137,False,159,2026
shuffle,8,0.9478747248649597,0.00454789400100708,0.00454789400100708,0.11489152908325195,0.11489152908325195,False,159,2026
shuffle,9,0.03652869164943695,-8.249282836914062e-05,8.249282836914062e-05,-0.001977205276489258,0.001977205276489258,False,159,2026
shuffle,10,0.954477846622467,0.011170685291290283,0.011170685291290283,0.3075673580169678,0.3075673580169678,False,159,2026
shuffle,11,0.9597555994987488,-0.07516050338745117,0.07516050338745117,-1.0838277339935303,1.0838277339935303,False,159,2026
shuffle,12,0.9661949872970581,-0.4272637963294983,0.4272637963294983,-2.9713434875011444,2.9713434875011444,False,159,2026
shuffle,13,0.9661949872970581,0.010776758193969727,0.010776758193969727,0.2950894832611084,0.2950894832611084,False,159,2026
shuffle,14,0.9586406350135803,-0.05446922779083252,0.05446922779083252,-0.869192361831665,0.869192361831665,False,159,2026
shuffle,15,0.9431936740875244,-0.4184311032295227,0.4184311032295227,-2.9358520060777664,2.9358520060777664,False,159,2026
shuffle,16,0.036034200340509415,0.0023822784423828125,0.0023822784423828125,0.058669328689575195,0.058669328689575195,False,159,2026
shuffle,17,0.9558612108230591,0.003749847412109375,0.003749847412109375,0.09383249282836914,0.09383249282836914,False,159,2026
shuffle,18,0.968772828578949,-0.07333308458328247,0.07333308458328247,-1.066249132156372,1.066249132156372,False,159,2026
shuffle,19,0.9535850286483765,-0.4240584969520569,0.4240584969520569,-2.958473727107048,2.958473727107048,False,159,2026
shuffle,20,0.9538706541061401,-0.20071780681610107,0.20071780681610107,-1.958876609802246,1.958876609802246,False,159,2026
shuffle,21,0.9466535449028015,-0.4252108931541443,0.4252108931541443,-2.9631017595529556,2.9631017595529556,False,159,2026
shuffle,22,0.9525330662727356,0.003512263298034668,0.003512263298034668,0.08764195442199707,0.08764195442199707,False,159,2026
shuffle,23,0.9649177193641663,-0.33832329511642456,0.33832329511642456,-2.606628894805908,2.606628894805908,False,159,2026
shuffle,24,0.9649993777275085,-0.20721155405044556,0.20721155405044556,-1.9937384128570557,1.9937384128570557,False,159,2026
shuffle,25,0.9768691658973694,-0.19009721279144287,0.19009721279144287,-1.9004771709442139,1.9004771709442139,False,159,2026
shuffle,26,0.9641545414924622,-0.00602191686630249,0.00602191686630249,-0.13567829132080078,0.13567829132080078,False,159,2026
shuffle,27,0.9767389297485352,-0.07144665718078613,0.07144665718078613,-1.0478522777557373,1.0478522777557373,False,159,2026
shuffle,28,0.9916722774505615,-0.049982666969299316,0.049982666969299316,-0.8174045085906982,0.8174045085906982,False,159,2026
shuffle,29,0.9390429854393005,-0.418481707572937,0.418481707572937,-2.936055526137352,2.936055526137352,False,159,2026
uniform,0,0.7231855392456055,-0.020622968673706055,0.020622968673706055,-0.9272820949554443,0.9272820949554443,False,172,2026
shuffle,0,0.8873611092567444,-0.0032209157943725586,0.0032209157943725586,-0.2105560302734375,0.2105560302734375,False,172,2026
shuffle,1,0.699836254119873,-0.010064184665679932,0.010064184665679932,-0.5524125099182129,0.5524125099182129,False,172,2026
shuffle,2,0.8355943560600281,0.0014064908027648926,0.0014064908027648926,0.10742378234863281,0.10742378234863281,False,172,2026
shuffle,3,0.9273046255111694,-0.0012877583503723145,0.0012877583503723145,-0.08940458297729492,0.08940458297729492,False,172,2026
shuffle,4,0.8308715224266052,-0.008828520774841309,0.008828520774841309,-0.49839353561401367,0.49839353561401367,False,172,2026
shuffle,5,0.6349930167198181,-0.02465224266052246,0.02465224266052246,-1.0416016578674316,1.0416016578674316,False,172,2026
shuffle,6,0.7403736114501953,-0.013762235641479492,0.013762235641479492,-0.699249267578125,0.699249267578125,False,172,2026
shuffle,7,0.8337032794952393,-0.01184624433517456,0.01184624433517456,-0.6257243156433105,0.6257243156433105,False,172,2026
shuffle,8,0.5651391744613647,-0.008757174015045166,0.008757174015045166,-0.49518775939941406,0.49518775939941406,False,172,2026
shuffle,9,0.9372453689575195,-0.04679745435714722,0.04679745435714722,-1.5180020332336426,1.5180020332336426,False,172,2026
shuffle,10,0.8890371322631836,0.0024977922439575195,0.0024977922439575195,0.1992940902709961,0.1992940902709961,False,172,2026
shuffle,11,0.5926422476768494,-0.024325132369995117,0.024325132369995117,-1.032759428024292,1.032759428024292,False,172,2026
shuffle,12,0.8414220213890076,-0.045787036418914795,0.045787036418914795,-1.500162124633789,1.500162124633789,False,172,2026
shuffle,13,0.8408863544464111,0.0037328004837036133,0.0037328004837036133,0.3142986297607422,0.3142986297607422,False,172,2026
shuffle,14,0.907202959060669,-0.02244812250137329,0.02244812250137329,-0.9805703163146973,0.9805703163146973,False,172,2026
shuffle,15,0.9111199378967285,-0.002249777317047119,0.002249777317047119,-0.15146350860595703,0.15146350860595703,False,172,2026
shuffle,16,0.8023819327354431,-0.03571587800979614,0.03571587800979614,-1.304988145828247,1.304988145828247,False,172,2026
shuffle,17,0.917763352394104,-0.033848464488983154,0.033848464488983154,-1.2647285461425781,1.2647285461425781,False,172,2026
shuffle,18,0.5343874096870422,-0.02254629135131836,0.02254629135131836,-0.9833636283874512,0.9833636283874512,False,172,2026
shuffle,19,0.8119102716445923,-0.05345398187637329,0.05345398187637329,-1.629037857055664,1.629037857055664,False,172,2026
shuffle,20,0.7842463850975037,0.0005937814712524414,0.0005937814712524414,0.043985843658447266,0.043985843658447266,False,172,2026
shuffle,21,0.516014814376831,-0.022813796997070312,0.022813796997070312,-0.9909367561340332,0.9909367561340332,False,172,2026
shuffle,22,0.629672110080719,-0.0038124918937683105,0.0038124918937683105,-0.2449626922607422,0.2449626922607422,False,172,2026
shuffle,23,0.745785117149353,-0.035735249519348145,0.035735249519348145,-1.3054003715515137,1.3054003715515137,False,172,2026
shuffle,24,0.9359623193740845,-0.10891252756118774,0.10891252756118774,-2.2904841899871826,2.2904841899871826,False,172,2026
shuffle,25,0.8295915126800537,-0.05499511957168579,0.05499511957168579,-1.653287410736084,1.653287410736084,False,172,2026
shuffle,26,0.9061144590377808,-0.010818839073181152,0.010818839073181152,-0.584080696105957,0.584080696105957,False,172,2026
shuffle,27,0.9169974327087402,-0.022534191608428955,0.022534191608428955,-0.9830207824707031,0.9830207824707031,False,172,2026
shuffle,28,0.5864561200141907,0.000803828239440918,0.000803828239440918,0.06001472473144531,0.06001472473144531,False,172,2026
shuffle,29,0.6311593055725098,-0.008727669715881348,0.008727669715881348,-0.49385929107666016,0.49385929107666016,False,172,2026
uniform,0,0.6575019359588623,0.15897858142852783,0.15897858142852783,1.0935879945755005,1.0935879945755005,False,179,2026
shuffle,0,0.907280445098877,0.16788512468338013,0.16788512468338013,1.1883901357650757,1.1883901357650757,False,179,2026
shuffle,1,0.6789950132369995,-0.0864102840423584,0.0864102840423584,-0.40474939346313477,0.40474939346313477,False,179,2026
shuffle,2,0.3100273013114929,0.1431896686553955,0.1431896686553955,0.9409819841384888,0.9409819841384888,False,179,2026
shuffle,3,0.515853226184845,0.07882541418075562,0.07882541418075562,0.4499328136444092,0.4499328136444092,False,179,2026
shuffle,4,0.6792199015617371,0.22913247346878052,0.22913247346878052,2.193210482597351,2.193210482597351,False,179,2026
shuffle,5,0.6025481224060059,0.10715967416763306,0.10715967416763306,0.6461294889450073,0.6461294889450073,False,179,2026
shuffle,6,0.6838427782058716,0.21758490800857544,0.21758490800857544,1.9236825704574585,1.9236825704574585,False,179,2026
shuffle,7,0.6841788291931152,0.01922011375427246,0.01922011375427246,0.10021960735321045,0.10021960735321045,False,179,2026
shuffle,8,0.9070781469345093,0.10348367691040039,0.10348367691040039,0.6192034482955933,0.6192034482955933,False,179,2026
shuffle,9,0.6889129281044006,0.17827248573303223,0.17827248573303223,1.3088821172714233,1.3088821172714233,False,179,2026
shuffle,10,0.6888986825942993,-0.022330164909362793,0.022330164909362793,-0.1109001636505127,0.1109001636505127,False,179,2026
shuffle,11,0.9122393727302551,0.24036437273025513,0.24036437273025513,2.541122555732727,2.541122555732727,False,179,2026
shuffle,12,0.9071751832962036,0.22227197885513306,0.22227197885513306,2.025256037712097,2.025256037712097,False,179,2026
shuffle,13,0.9889253973960876,0.22895348072052002,0.22895348072052002,2.1884835958480835,2.1884835958480835,False,179,2026
shuffle,14,0.9938700199127197,0.2258724570274353,0.2258724570274353,2.110178828239441,2.110178828239441,False,179,2026
shuffle,15,0.9073998928070068,0.23162239789962769,0.23162239789962769,2.26120126247406,2.26120126247406,False,179,2026
shuffle,16,0.9070781469345093,0.2331274151802063,0.2331274151802063,2.304474711418152,2.304474711418152,False,179,2026
shuffle,17,0.6840592622756958,0.16317462921142578,0.16317462921142578,1.1373683214187622,1.1373683214187622,False,179,2026
shuffle,18,0.5974981784820557,0.02736002206802368,0.02736002206802368,0.14420759677886963,0.14420759677886963,False,179,2026
shuffle,19,0.9072946310043335,0.18309205770492554,0.18309205770492554,1.3690842390060425,1.3690842390060425,False,179,2026
shuffle,20,0.8256639838218689,0.20358973741531372,0.20358973741531372,1.6658204793930054,1.6658204793930054,False,179,2026
shuffle,21,0.9937504529953003,0.2173597812652588,0.2173597812652588,1.9190295934677124,1.9190295934677124,False,179,2026
shuffle,22,0.9121197462081909,0.08873933553695679,0.08873933553695679,0.5157872438430786,0.5157872438430786,False,179,2026
shuffle,23,0.9073998928070068,0.18266206979751587,0.18266206979751587,1.363590121269226,1.363590121269226,False,179,2026
shuffle,24,0.8208103179931641,0.24329644441604614,0.24329644441604614,2.6543434858322144,2.6543434858322144,False,179,2026
shuffle,25,0.9889253973960876,0.19258946180343628,0.19258946180343628,1.497352957725525,1.497352957725525,False,179,2026
shuffle,26,0.09175080806016922,-0.013680815696716309,0.013680815696716309,-0.06858253479003906,0.06858253479003906,False,179,2026
shuffle,27,0.6025481820106506,0.14529675245285034,0.14529675245285034,0.9603502750396729,0.9603502750396729,False,179,2026
shuffle,28,0.9072946906089783,0.23727011680603027,0.23727011680603027,2.4334620237350464,2.4334620237350464,False,179,2026
shuffle,29,0.6840592622756958,0.13572096824645996,0.13572096824645996,0.8744968175888062,0.8744968175888062,False,179,2026
uniform,0,0.6396698951721191,-0.31024837493896484,0.31024837493896484,-1.479423113167286,1.479423113167286,False,199,2026
shuffle,0,0.8413452506065369,-0.24095547199249268,0.24095547199249268,-1.199505865573883,1.199505865573883,False,199,2026
shuffle,1,0.7708715796470642,-0.30201536417007446,0.30201536417007446,-1.4464620426297188,1.4464620426297188,False,199,2026
shuffle,2,0.8099884390830994,-0.06341570615768433,0.06341570615768433,-0.3833165168762207,0.3833165168762207,False,199,2026
shuffle,3,0.8389632701873779,-0.4182402193546295,0.4182402193546295,-1.9164541959762573,1.9164541959762573,True,199,2026
shuffle,4,0.8364717364311218,-0.3906553089618683,0.3906553089618683,-1.802900493144989,1.802900493144989,True,199,2026
shuffle,5,0.8683362603187561,-0.35048308968544006,0.35048308968544006,-1.64050854742527,1.64050854742527,True,199,2026
shuffle,6,0.8271802067756653,-0.12370723485946655,0.12370723485946655,-0.6881811618804932,0.6881811618804932,False,199,2026
shuffle,7,0.858799397945404,-0.4719279110431671,0.4719279110431671,-2.1456568241119385,2.1456568241119385,True,199,2026
shuffle,8,0.8556169271469116,-0.5262974798679352,0.5262974798679352,-2.3952925205230713,2.3952925205230713,True,199,2026
shuffle,9,0.7618182301521301,-0.5269216895103455,0.5269216895103455,-2.3982988595962524,2.3982988595962524,True,199,2026
shuffle,10,0.6739511489868164,-0.12992489337921143,0.12992489337921143,-0.7174565196037292,0.7174565196037292,False,199,2026
shuffle,11,0.7993830442428589,-0.005290329456329346,0.005290329456329346,-0.035552978515625,0.035552978515625,False,199,2026
shuffle,12,0.840811550617218,-0.5478290021419525,0.5478290021419525,-2.501289129257202,2.501289129257202,True,199,2026
shuffle,13,0.8220082521438599,-0.4275611340999603,0.4275611340999603,-1.955363243818283,1.955363243818283,True,199,2026
shuffle,14,0.794069230556488,-0.4022027552127838,0.4022027552127838,-1.8501757681369781,1.8501757681369781,True,199,2026
shuffle,15,0.7649921774864197,-0.4629601538181305,0.4629601538181305,-2.1064058542251587,2.1064058542251587,True,199,2026
shuffle,16,0.6323705911636353,-0.38862597942352295,0.38862597942352295,-1.7946262061595917,1.7946262061595917,True,199,2026
shuffle,17,0.6361090540885925,-0.2432008981704712,0.2432008981704712,-1.2087154388427734,1.2087154388427734,False,199,2026
shuffle,18,0.8073318004608154,-0.13712209463119507,0.13712209463119507,-0.7509413957595825,0.7509413957595825,False,199,2026
shuffle,19,0.8120307922363281,-0.5552299916744232,0.5552299916744232,-2.5389089584350586,2.5389089584350586,True,199,2026
shuffle,20,0.6906369924545288,-0.1841098666191101,0.1841098666191101,-0.9606249928474426,0.9606249928474426,False,199,2026
shuffle,21,0.8098623156547546,-0.12946254014968872,0.12946254014968872,-0.7152909636497498,0.7152909636497498,False,199,2026
shuffle,22,0.8748271465301514,-0.1470286250114441,0.1470286250114441,-0.7963711023330688,0.7963711023330688,False,199,2026
shuffle,23,0.8764069080352783,-0.25058746337890625,0.25058746337890625,-1.2389214634895325,1.2389214634895325,False,199,2026
shuffle,24,0.815704345703125,-0.25093674659729004,0.25093674659729004,-1.240346610546112,1.240346610546112,False,199,2026
shuffle,25,0.8640435934066772,-0.04881405830383301,0.04881405830383301,-0.30216145515441895,0.30216145515441895,False,199,2026
shuffle,26,0.7634688019752502,-0.5397588312625885,0.5397588312625885,-2.4609867334365845,2.4609867334365845,True,199,2026
shuffle,27,0.7631567716598511,-0.4146979749202728,0.4146979749202728,-1.9017462134361267,1.9017462134361267,True,199,2026
shuffle,28,0.6304081082344055,-0.19926512241363525,0.19926512241363525,-1.0255802273750305,1.0255802273750305,False,199,2026
shuffle,29,0.6342422366142273,-0.11225724220275879,0.11225724220275879,-0.6333612203598022,0.6333612203598022,False,199,2026
uniform,0,0.8008170127868652,-0.004526376724243164,0.004526376724243164,-1.728386402130127,1.728386402130127,False,206,2026
shuffle,0,0.9774449467658997,-0.0019822120666503906,0.0019822120666503906,-1.106295108795166,1.106295108795166,False,206,2026
shuffle,1,0.6912108659744263,-0.005039095878601074,0.005039095878601074,-1.817887783050537,1.817887783050537,False,206,2026
shuffle,2,0.9830063581466675,-0.004780709743499756,0.004780709743499756,-1.7737841606140137,1.7737841606140137,False,206,2026
shuffle,3,0.9689253568649292,-0.019381403923034668,0.019381403923034668,-3.0508079528808594,3.0508079528808594,False,206,2026
shuffle,4,0.9847382307052612,-0.003621041774749756,0.003621041774749756,-1.5479474067687988,1.5479474067687988,False,206,2026
shuffle,5,0.6917901039123535,-0.003508925437927246,0.003508925437927246,-1.5231881141662598,1.5231881141662598,False,206,2026
shuffle,6,0.9896407723426819,-0.03450530767440796,0.03450530767440796,-3.6217899322509766,3.6217899322509766,False,206,2026
shuffle,7,0.7393521070480347,-0.006884396076202393,0.006884396076202393,-2.0870633125305176,2.0870633125305176,False,206,2026
shuffle,8,0.6859651803970337,-0.0007382631301879883,0.0007382631301879883,-0.5610957145690918,0.5610957145690918,False,206,2026
shuffle,9,0.7401354908943176,-0.0012721419334411621,0.0012721419334411621,-0.8318209648132324,0.8318209648132324,False,206,2026
shuffle,10,0.7424262762069702,-0.003950238227844238,0.003950238227844238,-1.6173548698425293,1.6173548698425293,False,206,2026
shuffle,11,0.979219913482666,-0.00014406442642211914,0.00014406442642211914,-0.13695192337036133,0.13695192337036133,False,206,2026
shuffle,12,0.9885695576667786,-0.0073250532150268555,0.0073250532150268555,-2.141997814178467,2.141997814178467,False,206,2026
shuffle,13,0.3824651539325714,0.00016480684280395508,0.00016480684280395508,0.18363332748413086,0.18363332748413086,False,206,2026
shuffle,14,0.5555751919746399,-0.004408478736877441,0.004408478736877441,-1.7066302299499512,1.7066302299499512,False,206,2026
shuffle,15,0.9886539578437805,-0.011972010135650635,0.011972010135650635,-2.590965747833252,2.590965747833252,False,206,2026
shuffle,16,0.31402164697647095,-0.00044906139373779297,0.00044906139373779297,-0.3768610954284668,0.3768610954284668,False,206,2026
shuffle,17,0.9897615909576416,-0.005228579044342041,0.005228579044342041,-1.8490557670593262,1.8490557670593262,False,206,2026
shuffle,18,0.986126184463501,-0.011181175708770752,0.011181175708770752,-2.527174472808838,2.527174472808838,False,206,2026
shuffle,19,0.7431294918060303,-0.0037887096405029297,0.0037887096405029297,-1.5839009284973145,1.5839009284973145,False,206,2026
shuffle,20,0.7427586317062378,-0.0036531686782836914,0.0036531686782836914,-1.5549397468566895,1.5549397468566895,False,206,2026
shuffle,21,0.9878065586090088,-0.0186803936958313,0.0186803936958313,-3.015064239501953,3.015064239501953,False,206,2026
shuffle,22,0.7325536012649536,-0.0023699402809143066,0.0023699402809143066,-1.2295918464660645,1.2295918464660645,False,206,2026
shuffle,23,0.6857761144638062,-0.004696965217590332,0.004696965217590332,-1.7590618133544922,1.7590618133544922,False,206,2026
shuffle,24,0.6882551908493042,-0.002228379249572754,0.002228379249572754,-1.1863160133361816,1.1863160133361816,False,206,2026
shuffle,25,0.6905702352523804,-0.0025789737701416016,0.0025789737701416016,-1.2902965545654297,1.2902965545654297,False,206,2026
shuffle,26,0.7372745275497437,-0.004507839679718018,0.004507839679718018,-1.72501802444458,1.72501802444458,False,206,2026
shuffle,27,0.981745719909668,-0.017907261848449707,0.017907261848449707,-2.9741663932800293,2.9741663932800293,False,206,2026
shuffle,28,0.7344736456871033,-0.015144050121307373,0.015144050121307373,-2.813199520111084,2.813199520111084,False,206,2026
shuffle,29,0.9834554195404053,-0.017225205898284912,0.017225205898284912,-2.9366917610168457,2.9366917610168457,False,206,2026
uniform,0,0.8902727961540222,-0.023717164993286133,0.023717164993286133,-2.9597506523132324,2.9597506523132324,False,227,2026
shuffle,0,0.9202606081962585,-0.007496297359466553,0.007496297359466553,-1.90020751953125,1.90020751953125,False,227,2026
shuffle,1,0.9194672703742981,-0.026712417602539062,0.026712417602539062,-3.075784206390381,3.075784206390381,False,227,2026
shuffle,2,0.9977424740791321,-0.026566803455352783,0.026566803455352783,-3.070427656173706,3.070427656173706,False,227,2026
shuffle,3,0.9973870515823364,-0.039819180965423584,0.039819180965423584,-3.472848415374756,3.472848415374756,False,227,2026
shuffle,4,0.9198569059371948,-0.026824116706848145,0.026824116706848145,-3.0798745155334473,3.0798745155334473,False,227,2026
shuffle,5,0.9978041648864746,-0.013913571834564209,0.013913571834564209,-2.453139305114746,2.453139305114746,False,227,2026
shuffle,6,0.9987077713012695,-0.03680384159088135,0.03680384159088135,-3.3936080932617188,3.3936080932617188,False,227,2026
shuffle,7,0.9983375072479248,-0.019337236881256104,0.019337236881256104,-2.7630553245544434,2.7630553245544434,False,227,2026
shuffle,8,0.9977547526359558,-0.022623538970947266,0.022623538970947266,-2.913984537124634,2.913984537124634,False,227,2026
shuffle,9,0.9969754219055176,-0.09855324029922485,0.09855324029922485,-4.422861576080322,4.422861576080322,False,227,2026
shuffle,10,0.9983934760093689,-0.0073468685150146484,0.0073468685150146484,-1.8829779624938965,1.8829779624938965,False,227,2026
shuffle,11,0.9979820251464844,-0.12368357181549072,0.12368357181549072,-4.675598621368408,4.675598621368408,False,227,2026
shuffle,12,0.9988906383514404,-0.03674417734146118,0.03674417734146118,-3.3919782638549805,3.3919782638549805,False,227,2026
shuffle,13,0.9980650544166565,-0.007166624069213867,0.007166624069213867,-1.8618059158325195,1.8618059158325195,False,227,2026
shuffle,14,0.9983221888542175,-0.03755849599838257,0.03755849599838257,-3.413989305496216,3.413989305496216,False,227,2026
shuffle,15,0.9191979765892029,-0.007503926753997803,0.007503926753997803,-1.90108060836792,1.90108060836792,False,227,2026
shuffle,16,0.9980550408363342,-0.04426091909408569,0.04426091909408569,-3.579998016357422,3.579998016357422,False,227,2026
shuffle,17,0.9977929592132568,-0.010688245296478271,0.010688245296478271,-2.212132453918457,2.212132453918457,False,227,2026
shuffle,18,0.9977471828460693,-0.019999325275421143,0.019999325275421143,-2.795262575149536,2.795262575149536,False,227,2026
shuffle,19,0.9191344976425171,-0.07498711347579956,0.07498711347579956,-4.1279120445251465,4.1279120445251465,False,227,2026
shuffle,20,0.9977297186851501,-0.02834254503250122,0.02834254503250122,-3.1339666843414307,3.1339666843414307,False,227,2026
shuffle,21,0.9984415769577026,-0.018456637859344482,0.018456637859344482,-2.7186145782470703,2.7186145782470703,False,227,2026
shuffle,22,0.9983084797859192,-0.09897512197494507,0.09897512197494507,-4.427544593811035,4.427544593811035,False,227,2026
shuffle,23,0.9194434881210327,-0.009552419185638428,0.009552419185638428,-2.1116995811462402,2.1116995811462402,False,227,2026
shuffle,24,0.9980085492134094,-0.03116464614868164,0.03116464614868164,-3.227734088897705,3.227734088897705,False,227,2026
shuffle,25,0.9972245097160339,-0.08167058229446411,0.08167058229446411,-4.219125270843506,4.219125270843506,False,227,2026
shuffle,26,0.9981249570846558,-0.07118773460388184,0.07118773460388184,-4.072740077972412,4.072740077972412,False,227,2026
shuffle,27,0.9969861507415771,-0.041430771350860596,0.041430771350860596,-3.512948513031006,3.512948513031006,False,227,2026
shuffle,28,0.9186947345733643,-0.032151997089385986,0.032151997089385986,-3.2586872577667236,3.2586872577667236,False,227,2026
shuffle,29,0.998977780342102,-0.025156378746032715,0.025156378746032715,-3.0170960426330566,3.0170960426330566,False,227,2026
uniform,0,0.79395592212677,-0.32814937829971313,0.32814937829971313,-2.0223180651664734,2.0223180651664734,False,232,2026
shuffle,0,0.9442254304885864,-0.03553903102874756,0.03553903102874756,-0.38776421546936035,0.38776421546936035,False,232,2026
shuffle,1,0.943820595741272,-0.2718694806098938,0.2718694806098938,-1.78438138961792,1.78438138961792,False,232,2026
shuffle,2,0.8796684741973877,-0.17345714569091797,0.17345714569091797,-1.3196512460708618,1.3196512460708618,False,232,2026
shuffle,3,0.9282135367393494,-0.47483423352241516,0.47483423352241516,-2.6137460470199585,2.6137460470199585,True,232,2026
shuffle,4,0.7754057049751282,-0.026138246059417725,0.026138246059417725,-0.2961697578430176,0.2961697578430176,False,232,2026
shuffle,5,0.9864068031311035,-0.182803213596344,0.182803213596344,-1.3678172826766968,1.3678172826766968,False,232,2026
shuffle,6,0.9922325611114502,-0.23926496505737305,0.23926496505737305,-1.6391898393630981,1.6391898393630981,False,232,2026
shuffle,7,0.8234171867370605,-0.22049349546432495,0.22049349546432495,-1.5522082448005676,1.5522082448005676,False,232,2026
shuffle,8,0.9272905588150024,-0.40401744842529297,0.40401744842529297,-2.3292998895049095,2.3292998895049095,False,232,2026
shuffle,9,0.889976441860199,-0.22318196296691895,0.22318196296691895,-1.5648409128189087,1.5648409128189087,False,232,2026
shuffle,10,0.8695899844169617,-0.5068142116069794,0.5068142116069794,-2.7447550296783447,2.7447550296783447,True,232,2026
shuffle,11,0.8714267015457153,-0.3459934592247009,0.3459934592247009,-2.0954640209674835,2.0954640209674835,False,232,2026
shuffle,12,0.9922439455986023,-0.3011478781700134,0.3011478781700134,-1.9097778797149658,1.9097778797149658,False,232,2026
shuffle,13,0.8717346787452698,-0.28924494981765747,0.28924494981765747,-1.8592805862426758,1.8592805862426758,False,232,2026
shuffle,14,0.7979134917259216,-0.32692694664001465,0.32692694664001465,-2.017275333404541,2.017275333404541,False,232,2026
shuffle,15,0.9961534738540649,-0.639422595500946,0.639422595500946,-3.3400903940200806,3.3400903940200806,True,232,2026
shuffle,16,0.5968766808509827,0.03788399696350098,0.03788399696350098,0.6273887157440186,0.6273887157440186,False,232,2026
shuffle,17,0.9620082378387451,-0.09596890211105347,0.09596890211105347,-0.8643820285797119,0.8643820285797119,False,232,2026
shuffle,18,0.7720896601676941,-0.29951542615890503,0.29951542615890503,-1.9028877913951874,1.9028877913951874,False,232,2026
shuffle,19,0.917012095451355,-0.2770543098449707,0.2770543098449707,-1.806890606880188,1.806890606880188,False,232,2026
shuffle,20,0.8423576951026917,-0.6634415984153748,0.6634415984153748,-3.464006185531616,3.464006185531616,True,232,2026
shuffle,21,0.988517701625824,-0.7695909887552261,0.7695909887552261,-4.145702838897705,4.145702838897705,True,232,2026
shuffle,22,0.9068987965583801,-0.23934483528137207,0.23934483528137207,-1.6395541429519653,1.6395541429519653,False,232,2026
shuffle,23,0.9321743249893188,-0.33339768648147583,0.33339768648147583,-2.043919622898102,2.043919622898102,False,232,2026
shuffle,24,0.9926856756210327,-0.35446852445602417,0.35446852445602417,-2.1299374997615814,2.1299374997615814,False,232,2026
shuffle,25,0.7478377223014832,-0.3446834683418274,0.3446834683418274,-2.090121477842331,2.090121477842331,False,232,2026
shuffle,26,0.8597875237464905,-0.20638293027877808,0.20638293027877808,-1.4848490357398987,1.4848490357398987,False,232,2026
shuffle,27,0.995470404624939,-0.8464350029826164,0.8464350029826164,-4.986200571060181,4.986200571060181,True,232,2026
shuffle,28,0.9502575397491455,-0.3748042583465576,0.3748042583465576,-2.2121146619319916,2.2121146619319916,False,232,2026
shuffle,29,0.9483973383903503,-0.5023462176322937,0.5023462176322937,-2.7262855768203735,2.7262855768203735,True,232,2026
uniform,0,0.867863118648529,-0.6890316307544708,0.6890316307544708,-4.3774693608284,4.3774693608284,True,233,2026
shuffle,0,0.9819158911705017,-0.9351802542805672,0.9351802542805672,-6.7937891483306885,6.7937891483306885,True,233,2026
shuffle,1,0.9727457761764526,-0.8225345015525818,0.8225345015525818,-5.196465969085693,5.196465969085693,True,233,2026
shuffle,2,0.979431688785553,-0.5709599256515503,0.5709599256515503,-3.8462251126766205,3.8462251126766205,True,233,2026
shuffle,3,0.9903427958488464,-0.8714138343930244,0.8714138343930244,-5.659334182739258,5.659334182739258,True,233,2026
shuffle,4,0.9902629256248474,-0.8977997899055481,0.8977997899055481,-6.004660129547119,6.004660129547119,True,233,2026
shuffle,5,0.9862175583839417,-0.8736907690763474,0.8736907690763474,-5.685544490814209,5.685544490814209,True,233,2026
shuffle,6,0.9643025398254395,-0.9341556206345558,0.9341556206345558,-6.762587547302246,6.762587547302246,True,233,2026
shuffle,7,0.9871082305908203,-0.9347960352897644,0.9347960352897644,-6.781982421875,6.781982421875,True,233,2026
shuffle,8,0.9819544553756714,-0.19172334671020508,0.19172334671020508,-2.1832562685012817,2.1832562685012817,False,233,2026
shuffle,9,0.9860951900482178,-0.8231687843799591,0.8231687843799591,-5.201558351516724,5.201558351516724,True,233,2026
shuffle,10,0.9903467893600464,-0.8981317058205605,0.8981317058205605,-6.009711980819702,6.009711980819702,True,233,2026
shuffle,11,0.9886121153831482,-0.7947252243757248,0.7947252243757248,-4.98914647102356,4.98914647102356,True,233,2026
shuffle,12,0.9775184988975525,-0.8926725909113884,0.8926725909113884,-5.929272890090942,5.929272890090942,True,233,2026
shuffle,13,0.9875020384788513,-0.8643345609307289,0.8643345609307289,-5.58119535446167,5.58119535446167,True,233,2026
shuffle,14,0.9563555717468262,-0.31560778617858887,0.31560778617858887,-2.79868346452713,2.79868346452713,False,233,2026
shuffle,15,0.9668633341789246,-0.9067812263965607,0.9067812263965607,-6.149801254272461,6.149801254272461,True,233,2026
shuffle,16,0.9664671421051025,-0.9110703729093075,0.9110703729093075,-6.226191282272339,6.226191282272339,True,233,2026
shuffle,17,0.9672062397003174,-0.26217174530029297,0.26217174530029297,-2.552775263786316,2.552775263786316,False,233,2026
shuffle,18,0.9718576669692993,-0.8048413693904877,0.8048413693904877,-5.06123685836792,5.06123685836792,True,233,2026
shuffle,19,0.9681809544563293,-0.5494183599948883,0.5494183599948883,-3.7570551931858063,3.7570551931858063,True,233,2026
shuffle,20,0.9745520949363708,-0.8705643340945244,0.8705643340945244,-5.649695634841919,5.649695634841919,True,233,2026
shuffle,21,0.9724273681640625,-0.8129811882972717,0.8129811882972717,-5.121887683868408,5.121887683868408,True,233,2026
shuffle,22,0.9663840532302856,-0.2552042007446289,0.2552042007446289,-2.5189361572265625,2.5189361572265625,False,233,2026
shuffle,23,0.9750465154647827,-0.8987745046615601,0.8987745046615601,-6.019558429718018,6.019558429718018,True,233,2026
shuffle,24,0.9901076555252075,-0.8021299093961716,0.8021299093961716,-5.0415732860565186,5.0415732860565186,True,233,2026
shuffle,25,0.9826464056968689,-0.8948312625288963,0.8948312625288963,-5.960423946380615,5.960423946380615,True,233,2026
shuffle,26,0.9527506828308105,-0.8566020429134369,0.8566020429134369,-5.5010271072387695,5.5010271072387695,True,233,2026
shuffle,27,0.9673571586608887,-0.9372843354940414,0.9372843354940414,-6.860861301422119,6.860861301422119,True,233,2026
shuffle,28,0.9712087512016296,-0.5283352136611938,0.5283352136611938,-3.671012282371521,3.671012282371521,True,233,2026
shuffle,29,0.9766726493835449,-0.7979057729244232,0.7979057729244232,-5.011443853378296,5.011443853378296,True,233,2026
uniform,0,0.7063709497451782,0.10501331090927124,0.10501331090927124,0.476958692073822,0.476958692073822,False,236,2026
shuffle,0,0.8053510785102844,-0.1957944929599762,0.1957944929599762,-0.7945456206798553,0.7945456206798553,True,236,2026
shuffle,1,0.9025590419769287,0.22231876850128174,0.22231876850128174,1.1734628677368164,1.1734628677368164,False,236,2026
shuffle,2,0.34668973088264465,-0.030242562294006348,0.030242562294006348,-0.12616008520126343,0.12616008520126343,False,236,2026
shuffle,3,0.9010553359985352,-0.14113840460777283,0.14113840460777283,-0.5732632130384445,0.5732632130384445,True,236,2026
shuffle,4,0.8207719326019287,0.32811444997787476,0.32811444997787476,2.3557173013687134,2.3557173013687134,False,236,2026
shuffle,5,0.9037477970123291,0.1619093418121338,0.1619093418121338,0.7810661792755127,0.7810661792755127,False,236,2026
shuffle,6,0.8226699233055115,0.12489110231399536,0.12489110231399536,0.5780929327011108,0.5780929327011108,False,236,2026
shuffle,7,0.8035386204719543,-0.13046222925186157,0.13046222925186157,-0.530490230768919,0.530490230768919,True,236,2026
shuffle,8,0.8654118180274963,0.1902937889099121,0.1902937889099121,0.9537051916122437,0.9537051916122437,False,236,2026
shuffle,9,0.8588799238204956,0.17607909440994263,0.17607909440994263,0.8650721311569214,0.8650721311569214,False,236,2026
shuffle,10,0.9301945567131042,-0.15248149633407593,0.15248149633407593,-0.6188095211982727,0.6188095211982727,True,236,2026
shuffle,11,0.9311633110046387,0.11961573362350464,0.11961573362350464,0.5507856607437134,0.5507856607437134,False,236,2026
shuffle,12,0.9548428058624268,0.15038514137268066,0.15038514137268066,0.7155338525772095,0.7155338525772095,False,236,2026
shuffle,13,0.9022327065467834,-0.13528171181678772,0.13528171181678772,-0.5497902855277061,0.5497902855277061,True,236,2026
shuffle,14,0.7911524772644043,-0.0674365758895874,0.0674365758895874,-0.2777540236711502,0.2777540236711502,False,236,2026
shuffle,15,0.909697949886322,0.28558921813964844,0.28558921813964844,1.743064045906067,1.743064045906067,False,236,2026
shuffle,16,0.9232747554779053,-0.12337607145309448,0.12337607145309448,-0.5021319948136806,0.5021319948136806,True,236,2026
shuffle,17,0.9093503952026367,-0.15640312433242798,0.15640312433242798,-0.6345886737108231,0.6345886737108231,True,236,2026
shuffle,18,0.8727331161499023,0.17330151796340942,0.17330151796340942,0.8482834100723267,0.8482834100723267,False,236,2026
shuffle,19,0.7485052943229675,-0.030546724796295166,0.030546724796295166,-0.12741363048553467,0.12741363048553467,False,236,2026
shuffle,20,0.7473818063735962,0.2043258547782898,0.2043258547782898,1.0461918115615845,1.0461918115615845,False,236,2026
shuffle,21,0.9206681251525879,0.26727741956710815,0.26727741956710815,1.5517476797103882,1.5517476797103882,False,236,2026
shuffle,22,0.9177030920982361,0.30770206451416016,0.30770206451416016,2.022072196006775,2.022072196006775,False,236,2026
shuffle,23,0.9374933242797852,0.2948465943336487,0.2948465943336487,1.852169394493103,1.852169394493103,False,236,2026
shuffle,24,0.8985232710838318,0.07536566257476807,0.07536566257476807,0.33395034074783325,0.33395034074783325,False,236,2026
shuffle,25,0.868282675743103,-0.11040562391281128,0.11040562391281128,-0.4502471461892128,0.4502471461892128,False,236,2026
shuffle,26,0.8091282844543457,-0.24302032589912415,0.24302032589912415,-0.9920547008514404,0.9920547008514404,True,236,2026
shuffle,27,0.9209611415863037,0.03598153591156006,0.03598153591156006,0.15517330169677734,0.15517330169677734,False,236,2026
shuffle,28,0.7681110501289368,0.14071142673492432,0.14071142673492432,0.66224205493927,0.66224205493927,False,236,2026
shuffle,29,0.9102032780647278,0.0627516508102417,0.0627516508102417,0.27547019720077515,0.27547019720077515,False,236,2026
uniform,0,0.756026029586792,-0.04052501916885376,0.04052501916885376,-1.7624359130859375,1.7624359130859375,False,237,2026
shuffle,0,0.9535824060440063,-0.058069467544555664,0.058069467544555664,-2.0852041244506836,2.0852041244506836,False,237,2026
shuffle,1,0.9570386409759521,-0.23237043619155884,0.23237043619155884,-3.5743942260742188,3.5743942260742188,False,237,2026
shuffle,2,0.5253615975379944,-0.0074926018714904785,0.0074926018714904785,-0.6218743324279785,0.6218743324279785,False,237,2026
shuffle,3,0.9435817003250122,-0.15358984470367432,0.15358984470367432,-3.0801753997802734,3.0801753997802734,False,237,2026
shuffle,4,0.9661529660224915,-0.02706247568130493,0.02706247568130493,-1.429877758026123,1.429877758026123,False,237,2026
shuffle,5,0.5396806001663208,-0.06480193138122559,0.06480193138122559,-2.18833065032959,2.18833065032959,False,237,2026
shuffle,6,0.9083807468414307,-0.05609482526779175,0.05609482526779175,-2.053130626678467,2.053130626678467,False,237,2026
shuffle,7,0.4797239601612091,0.0034261345863342285,0.0034261345863342285,0.49434947967529297,0.49434947967529297,False,237,2026
shuffle,8,0.9286165833473206,-0.06766796112060547,0.06766796112060547,-2.2296133041381836,2.2296133041381836,False,237,2026
shuffle,9,0.8724820613861084,-0.02251756191253662,0.02251756191253662,-1.2897915840148926,1.2897915840148926,False,237,2026
shuffle,10,0.9573076963424683,-0.0026943087577819824,0.0026943087577819824,-0.26897192001342773,0.26897192001342773,False,237,2026
shuffle,11,0.9153662323951721,-0.06902676820755005,0.06902676820755005,-2.248692512512207,2.248692512512207,False,237,2026
shuffle,12,0.9334821105003357,-0.16904693841934204,0.16904693841934204,-3.189708709716797,3.189708709716797,False,237,2026
shuffle,13,0.8901376724243164,-0.004074156284332275,0.004074156284332275,-0.3834400177001953,0.3834400177001953,False,237,2026
shuffle,14,0.9213119745254517,-0.3096458911895752,0.3096458911895752,-3.9597171545028687,3.9597171545028687,False,237,2026
shuffle,15,0.9500107765197754,-0.04207444190979004,0.04207444190979004,-1.794975757598877,1.794975757598877,False,237,2026
shuffle,16,0.5007780194282532,0.0020938515663146973,0.0020938515663146973,0.2727041244506836,0.2727041244506836,False,237,2026
shuffle,17,0.5200725793838501,-0.0548853874206543,0.0548853874206543,-2.0330348014831543,2.0330348014831543,False,237,2026
shuffle,18,0.9318934082984924,-0.10516613721847534,0.10516613721847534,-2.669956684112549,2.669956684112549,False,237,2026
shuffle,19,0.8918887376785278,-0.10782665014266968,0.10782665014266968,-2.696033239364624,2.696033239364624,False,237,2026
shuffle,20,0.8962804675102234,-0.007934033870697021,0.007934033870697021,-0.6490106582641602,0.6490106582641602,False,237,2026
shuffle,21,0.9286282658576965,-0.0658266544342041,0.0658266544342041,-2.203256845474243,2.203256845474243,False,237,2026
shuffle,22,0.4883534610271454,0.0028844475746154785,0.0028844475746154785,0.39829254150390625,0.39829254150390625,False,237,2026
shuffle,23,0.5252344608306885,-0.05014503002166748,0.05014503002166748,-1.9506757259368896,1.9506757259368896,False,237,2026
shuffle,24,0.8956067562103271,-0.07226425409317017,0.07226425409317017,-2.2929484844207764,2.2929484844207764,False,237,2026
shuffle,25,0.8849278092384338,-0.013489007949829102,0.013489007949829102,-0.9408442974090576,0.9408442974090576,False,237,2026
shuffle,26,0.8910804986953735,-0.008879899978637695,0.008879899978637695,-0.7048463821411133,0.7048463821411133,False,237,2026
shuffle,27,0.9565586447715759,-0.3016393780708313,0.3016393780708313,-3.922576427459717,3.922576427459717,False,237,2026
shuffle,28,0.9670249819755554,-0.20173150300979614,0.20173150300979614,-3.3989607095718384,3.3989607095718384,False,237,2026
shuffle,29,0.9151744842529297,-0.003968179225921631,0.003968179225921631,-0.37508583068847656,0.37508583068847656,False,237,2026
uniform,0,0.7435088753700256,-0.00869143009185791,0.00869143009185791,-1.5639142990112305,1.5639142990112305,False,242,2026
shuffle,0,0.9103103876113892,-0.01047283411026001,0.01047283411026001,-1.7155890464782715,1.7155890464782715,False,242,2026
shuffle,1,0.7129789590835571,-0.0028911828994750977,0.0028911828994750977,-0.8106036186218262,0.8106036186218262,False,242,2026
shuffle,2,0.2719300389289856,-0.0010299086570739746,0.0010299086570739746,-0.36754894256591797,0.36754894256591797,False,242,2026
shuffle,3,0.9169938564300537,-0.06995987892150879,0.06995987892150879,-3.5089902877807617,3.5089902877807617,False,242,2026
shuffle,4,0.9726477861404419,-0.011094450950622559,0.011094450950622559,-1.7636489868164062,1.7636489868164062,False,242,2026
shuffle,5,0.9122796058654785,-0.0071201324462890625,0.0071201324462890625,-1.4084663391113281,1.4084663391113281,False,242,2026
shuffle,6,0.9841346144676208,-0.009950816631317139,0.009950816631317139,-1.6734204292297363,1.6734204292297363,False,242,2026
shuffle,7,0.974861741065979,-0.022856712341308594,0.022856712341308594,-2.405003547668457,2.405003547668457,False,242,2026
shuffle,8,0.9076430797576904,-0.007655620574951172,0.007655620574951172,-1.464144229888916,1.464144229888916,False,242,2026
shuffle,9,0.9119069576263428,-0.008810341358184814,0.008810341358184814,-1.5747718811035156,1.5747718811035156,False,242,2026
shuffle,10,0.7860843539237976,-0.002505362033843994,0.002505362033843994,-0.7333850860595703,0.7333850860595703,False,242,2026
shuffle,11,0.9771698713302612,-0.007299602031707764,0.007299602031707764,-1.4274625778198242,1.4274625778198242,False,242,2026
shuffle,12,0.9867339730262756,-0.011084377765655518,0.011084377765655518,-1.7628822326660156,1.7628822326660156,False,242,2026
shuffle,13,0.9226328134536743,-0.010826826095581055,0.010826826095581055,-1.7432284355163574,1.7432284355163574,False,242,2026
shuffle,14,0.9120481610298157,-0.021184802055358887,0.021184802055358887,-2.3345932960510254,2.3345932960510254,False,242,2026
shuffle,15,0.08577479422092438,-3.5822391510009766e-05,3.5822391510009766e-05,-0.015307903289794922,0.015307903289794922,False,242,2026
shuffle,16,0.9894012808799744,-0.013238906860351562,0.013238906860351562,-1.9140548706054688,1.9140548706054688,False,242,2026
shuffle,17,0.9869229793548584,-0.07211548089981079,0.07211548089981079,-3.5406994819641113,3.5406994819641113,False,242,2026
shuffle,18,0.9172618389129639,-0.007359623908996582,0.007359623908996582,-1.4337453842163086,1.4337453842163086,False,242,2026
shuffle,19,0.9073752760887146,-0.01926976442337036,0.01926976442337036,-2.247675895690918,2.247675895690918,False,242,2026
shuffle,20,0.7959680557250977,-0.005330801010131836,0.005330801010131836,-1.1966590881347656,1.1966590881347656,False,242,2026
shuffle,21,0.9800139665603638,-0.01902484893798828,0.01902484893798828,-2.236018180847168,2.236018180847168,False,242,2026
shuffle,22,0.9226981401443481,-0.011729896068572998,0.011729896068572998,-1.8105530738830566,1.8105530738830566,False,242,2026
shuffle,23,0.9225674867630005,-0.008961141109466553,0.008961141109466553,-1.5883750915527344,1.5883750915527344,False,242,2026
shuffle,24,0.9172847270965576,-0.00447237491607666,0.00447237491607666,-1.0768895149230957,1.0768895149230957,False,242,2026
shuffle,25,0.9893358945846558,-0.021660029888153076,0.021660029888153076,-2.355091094970703,2.355091094970703,False,242,2026
shuffle,26,0.9198023080825806,-0.011926591396331787,0.011926591396331787,-1.8246450424194336,1.8246450424194336,False,242,2026
shuffle,27,0.9129190444946289,-0.0116921067237854,0.0116921067237854,-1.8078231811523438,1.8078231811523438,False,242,2026
shuffle,28,0.977431058883667,-0.07601463794708252,0.07601463794708252,-3.5959744453430176,3.5959744453430176,False,242,2026
shuffle,29,0.9872495532035828,-0.00874471664428711,0.00874471664428711,-1.5687990188598633,1.5687990188598633,False,242,2026
uniform,0,0.788509726524353,-0.30117201805114746,0.30117201805114746,-2.331801950931549,2.331801950931549,False,251,2026
shuffle,0,0.9827203750610352,-0.3866191506385803,0.3866191506385803,-2.690823048353195,2.690823048353195,False,251,2026
shuffle,1,0.9136691093444824,-0.15158164501190186,0.15158164501190186,-1.569117546081543,1.569117546081543,False,251,2026
shuffle,2,0.973295271396637,-0.21161037683486938,0.21161037683486938,-1.908018708229065,1.908018708229065,False,251,2026
shuffle,3,0.9429276585578918,-0.6485145092010498,0.6485145092010498,-3.785900354385376,3.785900354385376,True,251,2026
shuffle,4,0.9736109375953674,-0.3207625150680542,0.3207625150680542,-2.416753828525543,2.416753828525543,False,251,2026
shuffle,5,0.47725793719291687,-0.16613197326660156,0.16613197326660156,-1.6572281122207642,1.6572281122207642,False,251,2026
shuffle,6,0.55750972032547,0.0101470947265625,0.0101470947265625,0.23783469200134277,0.23783469200134277,False,251,2026
shuffle,7,0.9573563933372498,-0.3570069670677185,0.3570069670677185,-2.5693591833114624,2.5693591833114624,False,251,2026
shuffle,8,0.4995936155319214,-0.024792194366455078,0.024792194366455078,-0.42963218688964844,0.42963218688964844,False,251,2026
shuffle,9,0.9664983153343201,-0.6509304642677307,0.6509304642677307,-3.7973970770835876,3.7973970770835876,True,251,2026
shuffle,10,0.9816100001335144,-0.350037157535553,0.350037157535553,-2.540399670600891,2.540399670600891,False,251,2026
shuffle,11,0.9380360841751099,-0.33444398641586304,0.33444398641586304,-2.4749775528907776,2.4749775528907776,False,251,2026
shuffle,12,0.9311792254447937,-0.383134126663208,0.383134126663208,-2.6766416132450104,2.6766416132450104,False,251,2026
shuffle,13,0.9669485092163086,-0.2194730043411255,0.2194730043411255,-1.9483432173728943,1.9483432173728943,False,251,2026
shuffle,14,0.49877431988716125,-0.14427131414413452,0.14427131414413452,-1.5230515003204346,1.5230515003204346,False,251,2026
shuffle,15,0.9194825291633606,-0.22758710384368896,0.22758710384368896,-1.9891859292984009,1.9891859292984009,False,251,2026
shuffle,16,0.9532821178436279,-0.4572192430496216,0.4572192430496216,-2.97460113465786,2.97460113465786,True,251,2026
shuffle,17,0.9297361969947815,-0.3874514698982239,0.3874514698982239,-2.6942058801651,2.6942058801651,False,251,2026
shuffle,18,0.9817761182785034,-0.2171892523765564,0.2171892523765564,-1.936708927154541,1.936708927154541,False,251,2026
shuffle,19,0.975768506526947,-0.6179651319980621,0.6179651319980621,-3.644680082798004,3.644680082798004,True,251,2026
shuffle,20,0.48722803592681885,-0.07437658309936523,0.07437658309936523,-0.993710994720459,0.993710994720459,False,251,2026
shuffle,21,0.9812073707580566,-0.21322941780090332,0.21322941780090332,-1.9163846969604492,1.9163846969604492,False,251,2026
shuffle,22,0.972425103187561,-0.15051311254501343,0.15051311254501343,-1.5624638795852661,1.5624638795852661,False,251,2026
shuffle,23,0.9537413716316223,-0.48829907178878784,0.48829907178878784,-3.0992176085710526,3.0992176085710526,True,251,2026
shuffle,24,0.969556987285614,-0.19386392831802368,0.19386392831802368,-1.8140045404434204,1.8140045404434204,False,251,2026
shuffle,25,0.9520220756530762,-0.7886209040880203,0.7886209040880203,-4.593470335006714,4.593470335006714,True,251,2026
shuffle,26,0.9167343378067017,-0.3825000524520874,0.3825000524520874,-2.674058675765991,2.674058675765991,False,251,2026
shuffle,27,0.9807648658752441,-0.4618309438228607,0.4618309438228607,-2.9930548891425133,2.9930548891425133,True,251,2026
shuffle,28,0.9580288529396057,-0.23126733303070068,0.23126733303070068,-2.007467210292816,2.007467210292816,False,251,2026
shuffle,29,0.9752639532089233,-0.06589388847351074,0.06589388847351074,-0.9133875370025635,0.9133875370025635,False,251,2026
uniform,0,0.7037951350212097,0.028453290462493896,0.028453290462493896,0.25907444953918457,0.25907444953918457,False,258,2026
shuffle,0,0.9600627422332764,0.008323252201080322,0.008323252201080322,0.07075762748718262,0.07075762748718262,False,258,2026
shuffle,1,0.9743524789810181,0.0019736289978027344,0.0019736289978027344,0.016451597213745117,0.016451597213745117,False,258,2026
shuffle,2,0.2524585425853729,-0.01014864444732666,0.01014864444732666,-0.08167719841003418,0.08167719841003418,False,258,2026
shuffle,3,0.929637610912323,0.008099973201751709,0.008099973201751709,0.06881093978881836,0.06881093978881836,False,258,2026
shuffle,4,0.22682000696659088,0.016093790531158447,0.016093790531158447,0.14031553268432617,0.14031553268432617,False,258,2026
shuffle,5,0.7608336806297302,0.00369185209274292,0.00369185209274292,0.03093695640563965,0.03093695640563965,False,258,2026
shuffle,6,0.8484117388725281,0.06808978319168091,0.06808978319168091,0.7399003505706787,0.7399003505706787,False,258,2026
shuffle,7,0.8514700531959534,-0.05433368682861328,0.05433368682861328,-0.3924720287322998,0.3924720287322998,False,258,2026
shuffle,8,0.8681957125663757,-0.027832627296447754,0.027832627296447754,-0.2137913703918457,0.2137913703918457,False,258,2026
shuffle,9,0.7860592603683472,-0.00401991605758667,0.00401991605758667,-0.032921552658081055,0.032921552658081055,False,258,2026
shuffle,10,0.9615524411201477,0.019322097301483154,0.019322097301483154,0.17031383514404297,0.17031383514404297,False,258,2026
shuffle,11,0.8544125556945801,0.0561903715133667,0.0561903715133667,0.5746052265167236,0.5746052265167236,False,258,2026
shuffle,12,0.8513922691345215,0.10412353277206421,0.10412353277206421,1.468094825744629,1.468094825744629,False,258,2026
shuffle,13,0.9477708339691162,0.02121502161026001,0.02121502161026001,0.18822503089904785,0.18822503089904785,False,258,2026
shuffle,14,0.8796195387840271,-0.026301026344299316,0.026301026344299316,-0.2028043270111084,0.2028043270111084,False,258,2026
shuffle,15,0.9421573877334595,0.05362045764923096,0.05362045764923096,0.5417265892028809,0.5417265892028809,False,258,2026
shuffle,16,0.2399706095457077,-0.03043651580810547,0.03043651580810547,-0.23228800296783447,0.23228800296783447,False,258,2026
shuffle,17,0.919326901435852,0.05405771732330322,0.05405771732330322,0.5472581386566162,0.5472581386566162,False,258,2026
shuffle,18,0.6963905096054077,0.010837018489837646,0.010837018489837646,0.09286916255950928,0.09286916255950928,False,258,2026
shuffle,19,0.8542450666427612,0.05642127990722656,0.05642127990722656,0.5776045322418213,0.5776045322418213,False,258,2026
shuffle,20,0.7902116179466248,-0.017006754875183105,0.017006754875183105,-0.13433635234832764,0.13433635234832764,False,258,2026
shuffle,21,0.8894240260124207,-0.004045665264129639,0.004045665264129639,-0.03312945365905762,0.03312945365905762,False,258,2026
shuffle,22,0.9806628227233887,0.06579333543777466,0.06579333543777466,0.706148624420166,0.706148624420166,False,258,2026
shuffle,23,0.3263835906982422,-0.020202219486236572,0.020202219486236572,-0.15823602676391602,0.15823602676391602,False,258,2026
shuffle,24,0.8297135233879089,0.09413290023803711,0.09413290023803711,1.2142865657806396,1.2142865657806396,False,258,2026
shuffle,25,0.9547815918922424,0.08247578144073486,0.08247578144073486,0.9771907329559326,0.9771907329559326,False,258,2026
shuffle,26,0.9359750747680664,0.026929080486297607,0.026929080486297607,0.24382996559143066,0.24382996559143066,False,258,2026
shuffle,27,0.8532773852348328,-0.010715067386627197,0.010715067386627197,-0.08610033988952637,0.08610033988952637,False,258,2026
shuffle,28,0.9481307864189148,-0.02594888210296631,0.02594888210296631,-0.20026719570159912,0.20026719570159912,False,258,2026
shuffle,29,0.7879073023796082,-0.0009772777557373047,0.0009772777557373047,-0.008075714111328125,0.008075714111328125,False,258,2026
uniform,0,0.6890572905540466,-0.027613162994384766,0.027613162994384766,-0.6578717231750488,0.6578717231750488,False,263,2026
shuffle,0,0.46565955877304077,-0.023868978023529053,0.023868978023529053,-0.5885062217712402,0.5885062217712402,False,263,2026
shuffle,1,0.9459381103515625,-0.033978402614593506,0.033978402614593506,-0.7668685913085938,0.7668685913085938,False,263,2026
shuffle,2,0.655398964881897,-0.0007230043411254883,0.0007230043411254883,-0.02341318130493164,0.02341318130493164,False,263,2026
shuffle,3,0.6396814584732056,0.006398320198059082,0.006398320198059082,0.2333531379699707,0.2333531379699707,False,263,2026
shuffle,4,0.7819845080375671,-0.05403280258178711,0.05403280258178711,-1.0556154251098633,1.0556154251098633,False,263,2026
shuffle,5,0.7466464042663574,-0.07367825508117676,0.07367825508117676,-1.2840125560760498,1.2840125560760498,False,263,2026
shuffle,6,0.7465836405754089,0.015169203281402588,0.015169203281402588,0.6714367866516113,0.6714367866516113,False,263,2026
shuffle,7,0.9114630222320557,-0.0050449371337890625,0.0050449371337890625,-0.15362262725830078,0.15362262725830078,False,263,2026
shuffle,8,0.9239739179611206,-0.00980907678604126,0.00980907678604126,-0.281008243560791,0.281008243560791,False,263,2026
shuffle,9,0.7798944711685181,-0.07678663730621338,0.07678663730621338,-1.3166084289550781,1.3166084289550781,False,263,2026
shuffle,10,0.9333224892616272,-0.027068257331848145,0.027068257331848145,-0.6480357646942139,0.6480357646942139,False,263,2026
shuffle,11,0.9306412935256958,-0.12730073928833008,0.12730073928833008,-1.7576913833618164,1.7576913833618164,False,263,2026
shuffle,12,0.9454786777496338,-0.1326303482055664,0.1326303482055664,-1.7970507144927979,1.7970507144927979,False,263,2026
shuffle,13,0.9219446182250977,-0.027523815631866455,0.027523815631866455,-0.6562635898590088,0.6562635898590088,False,263,2026
shuffle,14,0.9421671032905579,-0.08588367700576782,0.08588367700576782,-1.4075038433074951,1.4075038433074951,False,263,2026
shuffle,15,0.45523977279663086,-0.022696256637573242,0.022696256637573242,-0.5658700466156006,0.5658700466156006,False,263,2026
shuffle,16,0.5423651933670044,-0.03955608606338501,0.03955608606338501,-0.854560375213623,0.854560375213623,False,263,2026
shuffle,17,0.4571727514266968,-0.05495721101760864,0.05495721101760864,-1.0673718452453613,1.0673718452453613,False,263,2026
shuffle,18,0.6217026710510254,-0.04751163721084595,0.04751163721084595,-0.9692378044128418,0.9692378044128418,False,263,2026
shuffle,19,0.6452592611312866,0.00042492151260375977,0.00042492151260375977,0.014004230499267578,0.014004230499267578,False,263,2026
shuffle,20,0.9216718673706055,-0.1551026701927185,0.1551026701927185,-1.9526002407073975,1.9526002407073975,False,263,2026
shuffle,21,0.9433251023292542,-0.0462612509727478,0.0462612509727478,-0.9519369602203369,0.9519369602203369,False,263,2026
shuffle,22,0.9449981451034546,-0.09895950555801392,0.09895950555801392,-1.5280146598815918,1.5280146598815918,False,263,2026
shuffle,23,0.9837353229522705,0.01107180118560791,0.01107180118560791,0.4438345432281494,0.4438345432281494,False,263,2026
shuffle,24,0.9242914319038391,0.018337905406951904,0.018337905406951904,0.8898448944091797,0.8898448944091797,False,263,2026
shuffle,25,0.4558902084827423,0.007354795932769775,0.007354795932769775,0.27312707901000977,0.27312707901000977,False,263,2026
shuffle,26,0.8643183708190918,-0.059489667415618896,0.059489667415618896,-1.1234216690063477,1.1234216690063477,False,263,2026
shuffle,27,0.7558845281600952,-0.029212534427642822,0.029212534427642822,-0.6862525939941406,0.6862525939941406,False,263,2026
shuffle,28,0.9187573790550232,-0.016428649425506592,0.016428649425506592,-0.43645238876342773,0.43645238876342773,False,263,2026
shuffle,29,0.5641909241676331,0.005795419216156006,0.005795419216156006,0.20903468132019043,0.20903468132019043,False,263,2026
uniform,0,0.7550415396690369,-0.00018852949142456055,0.00018852949142456055,-1.8149261474609375,1.8149261474609375,False,275,2026
shuffle,0,0.7651553153991699,-0.0001627802848815918,0.0001627802848815918,-1.6935195922851562,1.6935195922851562,False,275,2026
shuffle,1,0.9656242728233337,-0.0004886984825134277,0.0004886984825134277,-2.662353992462158,2.662353992462158,False,275,2026
shuffle,2,0.5576669573783875,-4.2557716369628906e-05,4.2557716369628906e-05,-0.7709121704101562,0.7709121704101562,False,275,2026
shuffle,3,0.9486060738563538,-0.0002727508544921875,0.0002727508544921875,-2.1329174041748047,2.1329174041748047,False,275,2026
shuffle,4,0.7777703404426575,-0.0005077719688415527,0.0005077719688415527,-2.697957992553711,2.697957992553711,False,275,2026
shuffle,5,0.7661072015762329,-0.00030100345611572266,0.00030100345611572266,-2.2203149795532227,2.2203149795532227,False,275,2026
shuffle,6,0.7698286771774292,-0.00036221742630004883,0.00036221742630004883,-2.3869428634643555,2.3869428634643555,False,275,2026
shuffle,7,0.9564138054847717,-0.000246584415435791,0.000246584415435791,-2.044170379638672,2.044170379638672,False,275,2026
shuffle,8,0.7562851905822754,-7.522106170654297e-05,7.522106170654297e-05,-1.1159744262695312,1.1159744262695312,False,275,2026
shuffle,9,0.7642087340354919,-0.00012421607971191406,0.00012421607971191406,-1.4789705276489258,1.4789705276489258,False,275,2026
shuffle,10,0.7572716474533081,-0.00035446882247924805,0.00035446882247924805,-2.3673086166381836,2.3673086166381836,False,275,2026
shuffle,11,0.5550604462623596,-3.0994415283203125e-05,3.0994415283203125e-05,-0.6136112213134766,0.6136112213134766,False,275,2026
shuffle,12,0.7554358839988708,-9.715557098388672e-05,9.715557098388672e-05,-1.2941951751708984,1.2941951751708984,False,275,2026
shuffle,13,0.9666057825088501,-0.00021570920944213867,0.00021570920944213867,-1.9291648864746094,1.9291648864746094,False,275,2026
shuffle,14,0.9795840382575989,-0.0003727078437805176,0.0003727078437805176,-2.412820816040039,2.412820816040039,False,275,2026
shuffle,15,0.9545267820358276,-0.00018733739852905273,0.00018733739852905273,-1.8098316192626953,1.8098316192626953,False,275,2026
shuffle,16,0.7573962807655334,-0.00020879507064819336,0.00020879507064819336,-1.9013500213623047,1.9013500213623047,False,275,2026
shuffle,17,0.5699478387832642,-0.00016170740127563477,0.00016170740127563477,-1.6881999969482422,1.6881999969482422,False,275,2026
shuffle,18,0.9657366871833801,-0.00048476457595825195,0.00048476457595825195,-2.654879570007324,2.654879570007324,False,275,2026
shuffle,19,0.9666586518287659,-0.00029146671295166016,0.00029146671295166016,-2.1917572021484375,2.1917572021484375,False,275,2026
shuffle,20,0.7541306614875793,-0.00016385316848754883,0.00016385316848754883,-1.6993474960327148,1.6993474960327148,False,275,2026
shuffle,21,0.9579994082450867,-0.00040990114212036133,0.00040990114212036133,-2.499868869781494,2.499868869781494,False,275,2026
shuffle,22,0.9637526869773865,-0.0012393593788146973,0.0012393593788146973,-3.5504159927368164,3.5504159927368164,False,275,2026
shuffle,23,0.6210211515426636,-6.508827209472656e-05,6.508827209472656e-05,-1.0210838317871094,1.0210838317871094,False,275,2026
shuffle,24,0.6303356885910034,-0.0001545548439025879,0.0001545548439025879,-1.6516666412353516,1.6516666412353516,False,275,2026
shuffle,25,0.4092828631401062,-5.5670738220214844e-05,5.5670738220214844e-05,-0.9229869842529297,0.9229869842529297,False,275,2026
shuffle,26,0.7531032562255859,-0.0002993345260620117,0.0002993345260620117,-2.2151894569396973,2.2151894569396973,False,275,2026
shuffle,27,0.7697886228561401,-0.0003032684326171875,0.0003032684326171875,-2.2269129753112793,2.2269129753112793,False,275,2026
shuffle,28,0.9672325253486633,-0.0011663436889648438,0.0011663436889648438,-3.4914302825927734,3.4914302825927734,False,275,2026
shuffle,29,0.6277081966400146,-0.0001538395881652832,0.0001538395881652832,-1.6478214263916016,1.6478214263916016,False,275,2026
uniform,0,0.7535302639007568,-0.2918103337287903,0.2918103337287903,-1.6745747923851013,1.6745747923851013,False,283,2026
shuffle,0,0.45727482438087463,-0.233769953250885,0.233769953250885,-1.4267878532409668,1.4267878532409668,False,283,2026
shuffle,1,0.9575711488723755,-0.3978894054889679,0.3978894054889679,-2.103590179234743,2.103590179234743,True,283,2026
shuffle,2,0.9704728722572327,-0.27929162979125977,0.27929162979125977,-1.622350037097931,1.622350037097931,False,283,2026
shuffle,3,0.5431599020957947,-0.10674262046813965,0.10674262046813965,-0.7929909229278564,0.7929909229278564,False,283,2026
shuffle,4,0.9583690762519836,-0.03588664531707764,0.03588664531707764,-0.31694602966308594,0.31694602966308594,False,283,2026
shuffle,5,0.8781485557556152,-0.2022409439086914,0.2022409439086914,-1.2843413352966309,1.2843413352966309,False,283,2026
shuffle,6,0.8886762857437134,-0.4486985206604004,0.4486985206604004,-2.3080883473157883,2.3080883473157883,True,283,2026
shuffle,7,0.9629437327384949,-0.3037729859352112,0.3037729859352112,-1.7239990830421448,1.7239990830421448,False,283,2026
shuffle,8,0.5445768237113953,-0.09757876396179199,0.09757876396179199,-0.7387306690216064,0.7387306690216064,False,283,2026
shuffle,9,0.9565560817718506,-0.6431850790977478,0.6431850790977478,-3.192005157470703,3.192005157470703,True,283,2026
shuffle,10,0.5275354981422424,-0.35433512926101685,0.35433512926101685,-1.9291810244321823,1.9291810244321823,False,283,2026
shuffle,11,0.8827008605003357,-0.3580496907234192,0.3580496907234192,-1.9440957009792328,1.9440957009792328,False,283,2026
shuffle,12,0.5162807106971741,-0.06094104051589966,0.06094104051589966,-0.5022897720336914,0.5022897720336914,False,283,2026
shuffle,13,0.5354532599449158,-0.09123742580413818,0.09123742580413818,-0.7001631259918213,0.7001631259918213,False,283,2026
shuffle,14,0.9726950526237488,-0.24313730001449585,0.24313730001449585,-1.4678826332092285,1.4678826332092285,False,283,2026
shuffle,15,0.9321144819259644,-0.496026873588562,0.496026873588562,-2.5032635927200317,2.5032635927200317,True,283,2026
shuffle,16,0.786925196647644,-0.5109516978263855,0.5109516978263855,-2.5663997530937195,2.5663997530937195,True,283,2026
shuffle,17,0.9454439878463745,-0.26753515005111694,0.26753515005111694,-1.5727657079696655,1.5727657079696655,False,283,2026
shuffle,18,0.9599851965904236,-0.3267360329627991,0.3267360329627991,-1.8177965432405472,1.8177965432405472,False,283,2026
shuffle,19,0.9563900828361511,-0.5909542143344879,0.5909542143344879,-2.926282584667206,2.926282584667206,True,283,2026
shuffle,20,0.8931185603141785,-0.13302558660507202,0.13302558660507202,-0.9402028322219849,0.9402028322219849,False,283,2026
shuffle,21,0.957630455493927,-0.3363453149795532,0.3363453149795532,-1.8567124903202057,1.8567124903202057,False,283,2026
shuffle,22,0.5431405901908875,-0.16824102401733398,0.16824102401733398,-1.1217797994613647,1.1217797994613647,False,283,2026
shuffle,23,0.8796764612197876,-0.13305187225341797,0.13305187225341797,-0.9403445720672607,0.9403445720672607,False,283,2026
shuffle,24,0.5190538763999939,-0.3432021141052246,0.3432021141052246,-1.8843861818313599,1.8843861818313599,False,283,2026
shuffle,25,0.5342902541160583,-0.3340960144996643,0.3340960144996643,-1.8476178646087646,1.8476178646087646,False,283,2026
shuffle,26,0.8878077268600464,-0.6085375845432281,0.6085375845432281,-3.0121976137161255,3.0121976137161255,True,283,2026
shuffle,27,0.950817346572876,-0.48582425713539124,0.48582425713539124,-2.460605949163437,2.460605949163437,True,283,2026
shuffle,28,0.9320154190063477,-0.538957804441452,0.538957804441452,-2.687711238861084,2.687711238861084,True,283,2026
shuffle,29,0.9601841568946838,-0.13073796033859253,0.13073796033859253,-0.9278342723846436,0.9278342723846436,False,283,2026
uniform,0,0.573689341545105,0.19937187433242798,0.19937187433242798,0.9160023331642151,0.9160023331642151,False,285,2026
shuffle,0,0.581835150718689,0.1306774616241455,0.1306774616241455,0.5656194090843201,0.5656194090843201,False,285,2026
shuffle,1,0.7658739686012268,0.33644813299179077,0.33644813299179077,1.9552486538887024,1.9552486538887024,False,285,2026
shuffle,2,0.7593578100204468,0.30863046646118164,0.30863046646118164,1.674263060092926,1.674263060092926,False,285,2026
shuffle,3,0.6674553155899048,0.02066671848297119,0.02066671848297119,0.08462464809417725,0.08462464809417725,False,285,2026
shuffle,4,0.8365569710731506,0.33587026596069336,0.33587026596069336,1.9487343430519104,1.9487343430519104,False,285,2026
shuffle,5,0.7768909335136414,0.3256847858428955,0.3256847858428955,1.839130699634552,1.839130699634552,False,285,2026
shuffle,6,0.7987518310546875,0.28178149461746216,0.28178149461746216,1.4497719407081604,1.4497719407081604,False,285,2026
shuffle,7,0.7123951315879822,0.15975499153137207,0.15975499153137207,0.7071264982223511,0.7071264982223511,False,285,2026
shuffle,8,0.6433415412902832,0.27901947498321533,0.27901947498321533,1.4285874962806702,1.4285874962806702,False,285,2026
shuffle,9,0.7070620059967041,-0.07705232501029968,0.07705232501029968,-0.30972907692193985,0.30972907692193985,True,285,2026
shuffle,10,0.6231648921966553,0.007062792778015137,0.007062792778015137,0.028800010681152344,0.028800010681152344,False,285,2026
shuffle,11,0.8046247363090515,0.3114328980445862,0.3114328980445862,1.6999734044075012,1.6999734044075012,False,285,2026
shuffle,12,0.3923669159412384,0.1531895399093628,0.1531895399093628,0.6744204163551331,0.6744204163551331,False,285,2026
shuffle,13,0.5510982275009155,0.16096532344818115,0.16096532344818115,0.7132083773612976,0.7132083773612976,False,285,2026
shuffle,14,0.7040661573410034,0.18293613195419312,0.18293613195419312,0.8267236351966858,0.8267236351966858,False,285,2026
shuffle,15,0.8384029865264893,0.2847100496292114,0.2847100496292114,1.4725797772407532,1.4725797772407532,False,285,2026
shuffle,16,0.7663518190383911,0.2707720398902893,0.2707720398902893,1.3671005368232727,1.3671005368232727,False,285,2026
shuffle,17,0.8433858752250671,0.2922525405883789,0.2922525405883789,1.5330635905265808,1.5330635905265808,False,285,2026
shuffle,18,0.7158412933349609,-0.11420658230781555,0.11420658230781555,-0.458959236741066,0.458959236741066,True,285,2026
shuffle,19,0.6955257654190063,0.20990276336669922,0.20990276336669922,0.9754906296730042,0.9754906296730042,False,285,2026
shuffle,20,0.7348559498786926,0.3202739357948303,0.3202739357948303,1.7845295071601868,1.7845295071601868,False,285,2026
shuffle,21,0.6763597726821899,0.04815876483917236,0.04815876483917236,0.1991977095603943,0.1991977095603943,False,285,2026
shuffle,22,0.6864016652107239,0.23668044805526733,0.23668044805526733,1.1363723874092102,1.1363723874092102,False,285,2026
shuffle,23,0.633554995059967,0.06582063436508179,0.06582063436508179,0.2743629217147827,0.2743629217147827,False,285,2026
shuffle,24,0.52150958776474,0.10746943950653076,0.10746943950653076,0.45811229944229126,0.45811229944229126,False,285,2026
shuffle,25,0.46152326464653015,0.2837708592414856,0.2837708592414856,1.4652257561683655,1.4652257561683655,False,285,2026
shuffle,26,0.6871271729469299,0.20283466577529907,0.20283466577529907,0.935353696346283,0.935353696346283,False,285,2026
shuffle,27,0.7173609733581543,0.31160253286361694,0.31160253286361694,1.7015452980995178,1.7015452980995178,False,285,2026
shuffle,28,0.6867449283599854,0.09650558233261108,0.09650558233261108,0.4087138772010803,0.4087138772010803,False,285,2026
shuffle,29,0.47079893946647644,0.1693229079246521,0.1693229079246521,0.7556738257408142,0.7556738257408142,False,285,2026
uniform,0,0.6395646333694458,-0.032876014709472656,0.032876014709472656,-0.4523313045501709,0.4523313045501709,False,305,2026
shuffle,0,0.6913646459579468,-0.07565057277679443,0.07565057277679443,-0.8677588701248169,0.8677588701248169,False,305,2026
shuffle,1,0.7479456663131714,-0.0700952410697937,0.0700952410697937,-0.8206179141998291,0.8206179141998291,False,305,2026
shuffle,2,0.7282760143280029,-0.022216796875,0.022216796875,-0.323544979095459,0.323544979095459,False,305,2026
shuffle,3,0.7199383974075317,-0.05415749549865723,0.05415749549865723,-0.675468921661377,0.675468921661377,False,305,2026
shuffle,4,0.7289783954620361,-0.1010674238204956,0.1010674238204956,-1.0653666257858276,1.0653666257858276,False,305,2026
shuffle,5,0.699200451374054,-0.09040385484695435,0.09040385484695435,-0.9857380390167236,0.9857380390167236,False,305,2026
shuffle,6,0.8005515336990356,-0.028595566749572754,0.028595566749572754,-0.40223073959350586,0.40223073959350586,False,305,2026
shuffle,7,0.7798359394073486,-0.09004569053649902,0.09004569053649902,-0.9829869270324707,0.9829869270324707,False,305,2026
shuffle,8,0.8514646291732788,0.003191828727722168,0.003191828727722168,0.05487847328186035,0.05487847328186035,False,305,2026
shuffle,9,0.6915628910064697,0.03549438714981079,0.03549438714981079,0.8535151481628418,0.8535151481628418,False,305,2026
shuffle,10,0.7013547420501709,-0.16393202543258667,0.16393202543258667,-1.466942548751831,1.466942548751831,False,305,2026
shuffle,11,0.4290391206741333,0.008301198482513428,0.008301198482513428,0.1486494541168213,0.1486494541168213,False,305,2026
shuffle,12,0.877974808216095,0.017204999923706055,0.017204999923706055,0.3335304260253906,0.3335304260253906,False,305,2026
shuffle,13,0.7193076610565186,-0.012397170066833496,0.012397170066833496,-0.19136738777160645,0.19136738777160645,False,305,2026
shuffle,14,0.7581020593643188,-0.07992368936538696,0.07992368936538696,-0.9029567241668701,0.9029567241668701,False,305,2026
shuffle,15,0.8334133625030518,-0.06618988513946533,0.06618988513946533,-0.7864776849746704,0.7864776849746704,False,305,2026
shuffle,16,0.7424514293670654,0.0047234296798706055,0.0047234296798706055,0.08218145370483398,0.08218145370483398,False,305,2026
shuffle,17,0.7566094398498535,-0.07335495948791504,0.07335495948791504,-0.8484742641448975,0.8484742641448975,False,305,2026
shuffle,18,0.7078641653060913,0.012894093990325928,0.012894093990325928,0.24017906188964844,0.24017906188964844,False,305,2026
shuffle,19,0.6775295734405518,0.03172391653060913,0.03172391653060913,0.7238123416900635,0.7238123416900635,False,305,2026
shuffle,20,0.7933862805366516,0.011042177677154541,0.011042177677154541,0.20236730575561523,0.20236730575561523,False,305,2026
shuffle,21,0.8558142185211182,-0.10436254739761353,0.10436254739761353,-1.0891302824020386,1.0891302824020386,False,305,2026
shuffle,22,0.8785241842269897,-0.060479044914245605,0.060479044914245605,-0.7349441051483154,0.7349441051483154,False,305,2026
shuffle,23,0.9159994125366211,-0.0796205997467041,0.0796205997467041,-0.900489330291748,0.900489330291748,False,305,2026
shuffle,24,0.8375219702720642,-0.0031452178955078125,0.0031452178955078125,-0.051621437072753906,0.051621437072753906,False,305,2026
shuffle,25,0.5530486106872559,-0.09949010610580444,0.09949010610580444,-1.0538561344146729,1.0538561344146729,False,305,2026
shuffle,26,0.8909438252449036,0.03385823965072632,0.03385823965072632,0.7952814102172852,0.7952814102172852,False,305,2026
shuffle,27,0.9162489175796509,-0.04927152395248413,0.04927152395248413,-0.627575159072876,0.627575159072876,False,305,2026
shuffle,28,0.7201287746429443,-0.16294556856155396,0.16294556856155396,-1.4613213539123535,1.4613213539123535,False,305,2026
shuffle,29,0.9135377407073975,-0.09198349714279175,0.09198349714279175,-0.9978113174438477,0.9978113174438477,False,305,2026
uniform,0,0.7413378357887268,-0.15322953462600708,0.15322953462600708,-1.4322733879089355,1.4322733879089355,False,306,2026
shuffle,0,0.7375863194465637,-0.11876797676086426,0.11876797676086426,-1.2141199111938477,1.2141199111938477,False,306,2026
shuffle,1,0.9642649292945862,-0.2716783881187439,0.2716783881187439,-2.0355383157730103,2.0355383157730103,False,306,2026
shuffle,2,0.73625648021698,-0.07749658823013306,0.07749658823013306,-0.9044911861419678,0.9044911861419678,False,306,2026
shuffle,3,0.7361197471618652,-0.3648412227630615,0.3648412227630615,-2.4327211380004883,2.4327211380004883,False,306,2026
shuffle,4,0.9964626431465149,-0.4149470925331116,0.4149470925331116,-2.635259985923767,2.635259985923767,False,306,2026
shuffle,5,0.9636863470077515,-0.4423953890800476,0.4423953890800476,-2.745126150548458,2.745126150548458,True,306,2026
shuffle,6,0.9641281962394714,-0.27244746685028076,0.27244746685028076,-2.038999557495117,2.038999557495117,False,306,2026
shuffle,7,0.9643877744674683,-0.0645439624786377,0.0645439624786377,-0.7915089130401611,0.7915089130401611,False,306,2026
shuffle,8,0.9962030649185181,-0.43099212646484375,0.43099212646484375,-2.6995103992521763,2.6995103992521763,False,306,2026
shuffle,9,0.03487522900104523,0.003415346145629883,0.003415346145629883,0.06107807159423828,0.06107807159423828,False,306,2026
shuffle,10,0.997560441493988,-0.4892563819885254,0.4892563819885254,-2.933258444070816,2.933258444070816,True,306,2026
shuffle,11,0.9965994358062744,-0.5263586640357971,0.5263586640357971,-3.0846239924430847,3.0846239924430847,True,306,2026
shuffle,12,0.9634543061256409,-0.5938622951507568,0.5938622951507568,-3.3721017837524414,3.3721017837524414,True,306,2026
shuffle,13,0.73611980676651,-0.07674902677536011,0.07674902677536011,-0.8982185125350952,0.8982185125350952,False,306,2026
shuffle,14,0.7359238266944885,-0.022881686687469482,0.022881686687469482,-0.34241175651550293,0.34241175651550293,False,306,2026
shuffle,15,0.7366252541542053,-0.018005847930908203,0.018005847930908203,-0.2773475646972656,0.2773475646972656,False,306,2026
shuffle,16,0.7372175455093384,-0.06034696102142334,0.06034696102142334,-0.7527661323547363,0.7527661323547363,False,306,2026
shuffle,17,0.963194727897644,-0.2460806965827942,0.2460806965827942,-1.9178663492202759,1.9178663492202759,False,306,2026
shuffle,18,0.9636863470077515,-0.04061049222946167,0.04061049222946167,-0.5533256530761719,0.5533256530761719,False,306,2026
shuffle,19,0.26034289598464966,-0.027543187141418457,0.027543187141418457,-0.40148496627807617,0.40148496627807617,False,306,2026
shuffle,20,0.7371900677680969,-0.018286406993865967,0.018286406993865967,-0.2811894416809082,0.2811894416809082,False,306,2026
shuffle,21,0.9637593626976013,-0.26785314083099365,0.26785314083099365,-2.018262505531311,2.018262505531311,False,306,2026
shuffle,22,0.7041816711425781,-0.441332072019577,0.441332072019577,-2.7408727556467056,2.7408727556467056,True,306,2026
shuffle,23,0.7028242349624634,-0.15689802169799805,0.15689802169799805,-1.4539192914962769,1.4539192914962769,False,306,2026
shuffle,24,0.736092209815979,-0.07539981603622437,0.07539981603622437,-0.8868247270584106,0.8868247270584106,False,306,2026
shuffle,25,0.931351900100708,-0.2348310947418213,0.2348310947418213,-1.864457368850708,1.864457368850708,False,306,2026
shuffle,26,0.7040449380874634,-0.06955236196517944,0.06955236196517944,-0.8363171815872192,0.8363171815872192,False,306,2026
shuffle,27,0.737449586391449,-0.3090183734893799,0.3090183734893799,-2.1994579434394836,2.1994579434394836,False,306,2026
shuffle,28,0.26048362255096436,-0.027329325675964355,0.027329325675964355,-0.398836612701416,0.398836612701416,False,306,2026
shuffle,29,0.73625248670578,-0.01897144317626953,0.01897144317626953,-0.29051709175109863,0.29051709175109863,False,306,2026
uniform,0,0.7415686249732971,-0.009800136089324951,0.009800136089324951,-2.508535385131836,2.508535385131836,False,313,2026
shuffle,0,0.0997006967663765,-0.00010687112808227539,0.00010687112808227539,-0.1149911880493164,0.1149911880493164,False,313,2026
shuffle,1,0.8942792415618896,-0.02977842092514038,0.02977842092514038,-3.5835976600646973,3.5835976600646973,False,313,2026
shuffle,2,0.9067832231521606,-0.015493154525756836,0.015493154525756836,-2.9416370391845703,2.9416370391845703,False,313,2026
shuffle,3,0.9057134985923767,-0.01427459716796875,0.01427459716796875,-2.863048553466797,2.863048553466797,False,313,2026
shuffle,4,0.9687409400939941,-0.00429534912109375,0.00429534912109375,-1.7782692909240723,1.7782692909240723,False,313,2026
shuffle,5,0.9059596061706543,-0.0203666090965271,0.0203666090965271,-3.207190752029419,3.207190752029419,False,313,2026
shuffle,6,0.9149508476257324,-0.019498169422149658,0.019498169422149658,-3.1645684242248535,3.1645684242248535,False,313,2026
shuffle,7,0.9709954261779785,-0.0046120285987854,0.0046120285987854,-1.8380107879638672,1.8380107879638672,False,313,2026
shuffle,8,0.8824253082275391,-0.004030764102935791,0.004030764102935791,-1.7255043983459473,1.7255043983459473,False,313,2026
shuffle,9,0.9718230962753296,-0.01581496000289917,0.01581496000289917,-2.961428642272949,2.961428642272949,False,313,2026
shuffle,10,0.9143673777580261,-0.005430281162261963,0.005430281162261963,-1.9777717590332031,1.9777717590332031,False,313,2026
shuffle,11,0.9717358350753784,-0.033753156661987305,0.033753156661987305,-3.709620475769043,3.709620475769043,False,313,2026
shuffle,12,0.6746464371681213,-0.001150369644165039,0.001150369644165039,-0.838709831237793,0.838709831237793,False,313,2026
shuffle,13,0.7626943588256836,-0.022899091243743896,0.022899091243743896,-3.3224029541015625,3.3224029541015625,False,313,2026
shuffle,14,0.7633276581764221,-0.017051219940185547,0.017051219940185547,-3.034134864807129,3.034134864807129,False,313,2026
shuffle,15,0.9828696846961975,-0.002584517002105713,0.002584517002105713,-1.3750128746032715,1.3750128746032715,False,313,2026
shuffle,16,0.7521942853927612,-0.002800166606903076,0.002800166606903076,-1.4356303215026855,1.4356303215026855,False,313,2026
shuffle,17,0.8976308107376099,-0.015301167964935303,0.015301167964935303,-2.9296493530273438,2.9296493530273438,False,313,2026
shuffle,18,0.31921738386154175,0.00017327070236206055,0.00017327070236206055,0.2200164794921875,0.2200164794921875,False,313,2026
shuffle,19,0.9715456366539001,-0.024316787719726562,0.024316787719726562,-3.381772518157959,3.381772518157959,False,313,2026
shuffle,20,0.683582067489624,-0.020799219608306885,0.020799219608306885,-3.227794647216797,3.227794647216797,False,313,2026
shuffle,21,0.971489667892456,-0.026790738105773926,0.026790738105773926,-3.4779794216156006,3.4779794216156006,False,313,2026
shuffle,22,0.7602455019950867,-0.00102996826171875,0.00102996826171875,-0.7774229049682617,0.7774229049682617,False,313,2026
shuffle,23,0.90571528673172,-0.02736574411392212,0.02736574411392212,-3.499140739440918,3.499140739440918,False,313,2026
shuffle,24,0.9686891436576843,-0.04196995496749878,0.04196995496749878,-3.9310731887817383,3.9310731887817383,False,313,2026
shuffle,25,0.9832298755645752,-0.02359640598297119,0.02359640598297119,-3.352022647857666,3.352022647857666,False,313,2026
shuffle,26,0.22529587149620056,-0.0001226663589477539,0.0001226663589477539,-0.13096332550048828,0.13096332550048828,False,313,2026
shuffle,27,0.299510657787323,0.00046885013580322266,0.00046885013580322266,0.7643499374389648,0.7643499374389648,False,313,2026
shuffle,28,0.9029646515846252,-0.013553977012634277,0.013553977012634277,-2.8135862350463867,2.8135862350463867,False,313,2026
shuffle,29,0.9714582562446594,-0.006103634834289551,0.006103634834289551,-2.0798778533935547,2.0798778533935547,False,313,2026
uniform,0,0.8087727427482605,-0.5804365873336792,0.5804365873336792,-4.711059182882309,4.711059182882309,True,315,2026
shuffle,0,0.08655886352062225,0.0023873448371887207,0.0023873448371887207,0.20604753494262695,0.20604753494262695,False,315,2026
shuffle,1,0.9924151301383972,-0.6923586130142212,0.6923586130142212,-5.205787777900696,5.205787777900696,True,315,2026
shuffle,2,0.9950394630432129,-0.7873963862657547,0.7873963862657547,-5.72155237197876,5.72155237197876,True,315,2026
shuffle,3,0.9924105405807495,-0.021493375301361084,0.021493375301361084,-0.9998807907104492,0.9998807907104492,False,315,2026
shuffle,4,0.9911293983459473,-0.31133824586868286,0.31133824586868286,-3.598945140838623,3.598945140838623,False,315,2026
shuffle,5,0.08575288206338882,0.005940675735473633,0.005940675735473633,0.6193575859069824,0.6193575859069824,False,315,2026
shuffle,6,0.9095271229743958,-0.7369989454746246,0.7369989454746246,-5.4314247369766235,5.4314247369766235,True,315,2026
shuffle,7,0.9886204600334167,-0.6874354183673859,0.6874354183673859,-5.182214260101318,5.182214260101318,True,315,2026
shuffle,8,0.9121202826499939,-0.9402041547000408,0.9402041547000408,-7.346126317977905,7.346126317977905,True,315,2026
shuffle,9,0.9127054214477539,-0.5717246830463409,0.5717246830463409,-4.675069063901901,4.675069063901901,True,315,2026
shuffle,10,0.9127150774002075,-0.9608974270522594,0.9608974270522594,-7.9506447315216064,7.9506447315216064,True,315,2026
shuffle,11,0.914771556854248,-0.9646494258195162,0.9646494258195162,-8.10939884185791,8.10939884185791,True,315,2026
shuffle,12,0.9945027828216553,-0.6103493571281433,0.6103493571281433,-4.836652874946594,4.836652874946594,True,315,2026
shuffle,13,0.9120606184005737,-0.9439770802855492,0.9439770802855492,-7.434058666229248,7.434058666229248,True,315,2026
shuffle,14,0.994892954826355,-0.9330046214163303,0.9330046214163303,-7.195561408996582,7.195561408996582,True,315,2026
shuffle,15,0.9121472239494324,-0.9614475145936012,0.9614475145936012,-7.972473859786987,7.972473859786987,True,315,2026
shuffle,16,0.9918299317359924,-0.9353409297764301,0.9353409297764301,-7.242225170135498,7.242225170135498,True,315,2026
shuffle,17,0.9152413606643677,-0.7317093908786774,0.7317093908786774,-5.403412818908691,5.403412818908691,True,315,2026
shuffle,18,0.9911293983459473,-0.6459844708442688,0.6459844708442688,-4.99162757396698,4.99162757396698,True,315,2026
shuffle,19,0.9950394630432129,-0.6874396800994873,0.6874396800994873,-5.182234704494476,5.182234704494476,True,315,2026
shuffle,20,0.9945027828216553,-0.7643546313047409,0.7643546313047409,-5.5831156969070435,5.5831156969070435,True,315,2026
shuffle,21,0.9942766427993774,-0.6911300420761108,0.6911300420761108,-5.199883818626404,5.199883818626404,True,315,2026
shuffle,22,0.9126482009887695,-0.9599056877195835,0.9599056877195835,-7.912395477294922,7.912395477294922,True,315,2026
shuffle,23,0.9956246018409729,-0.9263523481786251,0.9263523481786251,-7.072408199310303,7.072408199310303,True,315,2026
shuffle,24,0.9127947092056274,-0.7012344002723694,0.7012344002723694,-5.248875975608826,5.248875975608826,True,315,2026
shuffle,25,0.9950394034385681,-0.8137799799442291,0.8137799799442291,-5.895724058151245,5.895724058151245,True,315,2026
shuffle,26,0.9950082898139954,-0.647047609090805,0.647047609090805,-4.996361792087555,4.996361792087555,True,315,2026
shuffle,27,0.992379367351532,-0.023816227912902832,0.023816227912902832,-1.0675392150878906,1.0675392150878906,False,315,2026
shuffle,28,0.0870046466588974,0.000740349292755127,0.000740349292755127,0.05958080291748047,0.05958080291748047,False,315,2026
shuffle,29,0.9912136793136597,-0.5881791412830353,0.5881791412830353,-4.743248134851456,4.743248134851456,True,315,2026
uniform,0,0.8481892347335815,-0.0028600692749023438,0.0028600692749023438,-5.931801795959473,5.931801795959473,False,317,2026
shuffle,0,0.9773687124252319,-0.00014460086822509766,0.00014460086822509766,-2.992725372314453,2.992725372314453,False,317,2026
shuffle,1,0.9167400002479553,-6.914138793945312e-05,6.914138793945312e-05,-2.309072494506836,2.309072494506836,False,317,2026
shuffle,2,0.981597363948822,-0.001107633113861084,0.001107633113861084,-4.985593795776367,4.985593795776367,False,317,2026
shuffle,3,0.9679278135299683,-0.0007209181785583496,0.0007209181785583496,-4.55952262878418,4.55952262878418,False,317,2026
shuffle,4,0.9792895913124084,-0.001800835132598877,0.001800835132598877,-5.469709873199463,5.469709873199463,False,317,2026
shuffle,5,0.9725999236106873,-0.0006886720657348633,0.0006886720657348633,-4.514204025268555,4.514204025268555,False,317,2026
shuffle,6,0.9600622653961182,-9.131431579589844e-05,9.131431579589844e-05,-2.5625648498535156,2.5625648498535156,False,317,2026
shuffle,7,0.9456669092178345,-0.00021392107009887695,0.00021392107009887695,-3.3688526153564453,3.3688526153564453,False,317,2026
shuffle,8,0.9758966565132141,-0.00011742115020751953,0.00011742115020751953,-2.7961673736572266,2.7961673736572266,False,317,2026
shuffle,9,0.9753426313400269,-0.017175912857055664,0.017175912857055664,-7.736706256866455,7.736706256866455,False,317,2026
shuffle,10,0.9829471707344055,-0.00045359134674072266,0.00045359134674072266,-4.102107048034668,4.102107048034668,False,317,2026
shuffle,11,0.22281888127326965,-2.0265579223632812e-05,2.0265579223632812e-05,-1.296982765197754,1.296982765197754,False,317,2026
shuffle,12,0.9867634773254395,-0.0006622076034545898,0.0006622076034545898,-4.47542667388916,4.47542667388916,False,317,2026
shuffle,13,0.9709877371788025,-0.01254969835281372,0.01254969835281372,-7.418363094329834,7.418363094329834,False,317,2026
shuffle,14,0.964832067489624,-0.074795663356781,0.074795663356781,-9.26803207397461,9.26803207397461,False,317,2026
shuffle,15,0.9876580238342285,-0.38067758083343506,0.38067758083343506,-11.296535402536392,11.296535402536392,False,317,2026
shuffle,16,0.980579674243927,-0.05931699275970459,0.05931699275970459,-9.01960301399231,9.01960301399231,False,317,2026
shuffle,17,0.9794689416885376,-0.0005705356597900391,0.0005705356597900391,-4.328049182891846,4.328049182891846,False,317,2026
shuffle,18,0.9780809879302979,-0.0003026723861694336,0.0003026723861694336,-3.7055301666259766,3.7055301666259766,False,317,2026
shuffle,19,0.9661266207695007,-0.0010221004486083984,0.0010221004486083984,-4.905742645263672,4.905742645263672,False,317,2026
shuffle,20,0.9563804864883423,-0.430275022983551,0.430275022983551,-11.502478301525116,11.502478301525116,False,317,2026
shuffle,21,0.9811469912528992,-0.0007035732269287109,0.0007035732269287109,-4.535218238830566,4.535218238830566,False,317,2026
shuffle,22,0.9762178659439087,-0.002167344093322754,0.002167344093322754,-5.654654502868652,5.654654502868652,False,317,2026
shuffle,23,0.9497109055519104,-0.0032949447631835938,0.0032949447631835938,-6.073429107666016,6.073429107666016,False,317,2026
shuffle,24,0.9827307462692261,-0.0019569993019104004,0.0019569993019104004,-5.552674293518066,5.552674293518066,False,317,2026
shuffle,25,0.9673579931259155,-0.0009777545928955078,0.0009777545928955078,-4.8616862297058105,4.8616862297058105,False,317,2026
shuffle,26,0.8256415724754333,-0.0005449652671813965,0.0005449652671813965,-4.2828288078308105,4.2828288078308105,False,317,2026
shuffle,27,0.9734902381896973,-0.5063071548938751,0.5063071548938751,-11.80843685567379,11.80843685567379,True,317,2026
shuffle,28,0.9746022820472717,-0.0004916191101074219,0.0004916191101074219,-4.181255340576172,4.181255340576172,False,317,2026
shuffle,29,0.9460920691490173,-0.0006998777389526367,0.0006998777389526367,-4.530056953430176,4.530056953430176,False,317,2026
uniform,0,0.3927323818206787,-0.09975308179855347,0.09975308179855347,-1.7254602909088135,1.7254602909088135,False,321,2026
shuffle,0,0.6472457647323608,-0.01706629991531372,0.01706629991531372,-0.5431644916534424,0.5431644916534424,False,321,2026
shuffle,1,0.08346988260746002,-0.004902541637420654,0.004902541637420654,-0.18618416786193848,0.18618416786193848,False,321,2026
shuffle,2,0.4624567925930023,-0.020697057247161865,0.020697057247161865,-0.6303424835205078,0.6303424835205078,False,321,2026
shuffle,3,0.6334998607635498,-0.1512547731399536,0.1512547731399536,-2.132413148880005,2.132413148880005,False,321,2026
shuffle,4,0.5775216817855835,-0.13913649320602417,0.13913649320602417,-2.046450614929199,2.046450614929199,False,321,2026
shuffle,5,0.5588171482086182,-0.13207852840423584,0.13207852840423584,-1.994006872177124,1.994006872177124,False,321,2026
shuffle,6,0.6700636148452759,-0.1646115779876709,0.1646115779876709,-2.221927046775818,2.221927046775818,False,321,2026
shuffle,7,0.6700636148452759,-0.11837887763977051,0.11837887763977051,-1.8864437341690063,1.8864437341690063,False,321,2026
shuffle,8,0.22517114877700806,0.00828397274017334,0.00828397274017334,0.4172835350036621,0.4172835350036621,False,321,2026
shuffle,9,0.1554471254348755,-0.01410907506942749,0.01410907506942749,-0.46662187576293945,0.46662187576293945,False,321,2026
shuffle,10,0.6472457647323608,-0.3746582865715027,0.3746582865715027,-3.2683086693286896,3.2683086693286896,False,321,2026
shuffle,11,0.5333211421966553,-0.016894876956939697,0.016894876956939697,-0.5388708114624023,0.5388708114624023,False,321,2026
shuffle,12,0.1554471254348755,-0.0012972354888916016,0.0012972354888916016,-0.05254316329956055,0.05254316329956055,False,321,2026
shuffle,13,0.6601362228393555,-0.13547909259796143,0.13547909259796143,-2.019507646560669,2.019507646560669,False,321,2026
shuffle,14,0.11392462253570557,0.001584470272064209,0.001584470272064209,0.0679621696472168,0.0679621696472168,False,321,2026
shuffle,15,0.6396089196205139,-0.31217604875564575,0.31217604875564575,-2.9991974234580994,2.9991974234580994,False,321,2026
shuffle,16,0.563775897026062,-0.18263572454452515,0.18263572454452515,-2.335361957550049,2.335361957550049,False,321,2026
shuffle,17,0.5470669865608215,-0.006721198558807373,0.006721198558807373,-0.2477104663848877,0.2477104663848877,False,321,2026
shuffle,18,0.6396089196205139,-0.06169438362121582,0.06169438362121582,-1.3178565502166748,1.3178565502166748,False,321,2026
shuffle,19,0.12499237805604935,0.008624672889709473,0.008624672889709473,0.4386167526245117,0.4386167526245117,False,321,2026
shuffle,20,0.5737032890319824,-0.03404343128204346,0.03404343128204346,-0.9022233486175537,0.9022233486175537,False,321,2026
shuffle,21,0.6334998607635498,-0.1518080234527588,0.1518080234527588,-2.136224150657654,2.136224150657654,False,321,2026
shuffle,22,0.6700636148452759,-0.08887267112731934,0.08887267112731934,-1.6216130256652832,1.6216130256652832,False,321,2026
shuffle,23,0.6738820672035217,-0.14516568183898926,0.14516568183898926,-2.0898289680480957,2.0898289680480957,False,321,2026
shuffle,24,0.6334998607635498,-0.13376647233963013,0.13376647233963013,-2.006720542907715,2.006720542907715,False,321,2026
shuffle,25,0.6334999799728394,-0.2242201566696167,0.2242201566696167,-2.572052836418152,2.572052836418152,False,321,2026
shuffle,26,0.6472457647323608,-0.011271357536315918,0.011271357536315918,-0.3877134323120117,0.3877134323120117,False,321,2026
shuffle,27,0.059086766093969345,0.0037483572959899902,0.0037483572959899902,0.16852593421936035,0.16852593421936035,False,321,2026
shuffle,28,0.5588170886039734,-0.41435563564300537,0.41435563564300537,-3.431454285979271,3.431454285979271,False,321,2026
shuffle,29,0.5737032890319824,-0.061289191246032715,0.061289191246032715,-1.3127107620239258,1.3127107620239258,False,321,2026
uniform,0,0.6333628296852112,-0.017271220684051514,0.017271220684051514,-1.0590014457702637,1.0590014457702637,False,348,2026
shuffle,0,0.7762404084205627,-0.0043773651123046875,0.0043773651123046875,-0.3860306739807129,0.3860306739807129,False,348,2026
shuffle,1,0.14371740818023682,-0.0004000067710876465,0.0004000067710876465,-0.041988372802734375,0.041988372802734375,False,348,2026
shuffle,2,0.7002580761909485,-0.019703567028045654,0.019703567028045654,-1.1487107276916504,1.1487107276916504,False,348,2026
shuffle,3,0.8427613377571106,-0.05970573425292969,0.05970573425292969,-2.055136203765869,2.055136203765869,False,348,2026
shuffle,4,0.29476070404052734,-0.00020813941955566406,0.00020813941955566406,-0.022072792053222656,0.022072792053222656,False,348,2026
shuffle,5,0.29476070404052734,0.0015906095504760742,0.0015906095504760742,0.1865234375,0.1865234375,False,348,2026
shuffle,6,0.7002580761909485,-0.010089337825775146,0.010089337825775146,-0.7382287979125977,0.7382287979125977,False,348,2026
shuffle,7,0.7002580761909485,-0.02733290195465088,0.02733290195465088,-1.3892593383789062,1.3892593383789062,False,348,2026
shuffle,8,0.6979332566261292,-0.013345718383789062,0.013345718383789062,-0.8959050178527832,0.8959050178527832,False,348,2026
shuffle,9,0.9179257750511169,-0.02605682611465454,0.02605682611465454,-1.3525996208190918,1.3525996208190918,False,348,2026
shuffle,10,0.9179258346557617,-0.015299022197723389,0.015299022197723389,-0.9802155494689941,0.9802155494689941,False,348,2026
shuffle,11,0.7761369347572327,-0.03384232521057129,0.03384232521057129,-1.559098243713379,1.559098243713379,False,348,2026
shuffle,12,0.29476070404052734,0.0012475848197937012,0.0012475848197937012,0.14330387115478516,0.14330387115478516,False,348,2026
shuffle,13,0.7024365067481995,-0.010808169841766357,0.010808169841766357,-0.7751426696777344,0.7751426696777344,False,348,2026
shuffle,14,0.7014722228050232,-0.027140557765960693,0.027140557765960693,-1.383812427520752,1.383812427520752,False,348,2026
shuffle,15,0.7763867974281311,-0.02015930414199829,0.02015930414199829,-1.1647052764892578,1.1647052764892578,False,348,2026
shuffle,16,0.9188899993896484,-0.032073795795440674,0.032073795795440674,-1.5155153274536133,1.5155153274536133,False,348,2026
shuffle,17,0.9201042652130127,-0.05629169940948486,0.05629169940948486,-2.000825881958008,2.000825881958008,False,348,2026
shuffle,18,0.07723940163850784,0.000522613525390625,0.000522613525390625,0.057590484619140625,0.057590484619140625,False,348,2026
shuffle,19,0.07506098598241806,0.0005474090576171875,0.0005474090576171875,0.0604100227355957,0.0604100227355957,False,348,2026
shuffle,20,0.9938046336174011,-0.050639331340789795,0.050639331340789795,-1.9048528671264648,1.9048528671264648,False,348,2026
shuffle,21,0.7773510813713074,-0.03147244453430176,0.03147244453430176,-1.5002894401550293,1.5002894401550293,False,348,2026
shuffle,22,0.9167116284370422,-0.019226670265197754,0.019226670265197754,-1.131706714630127,1.131706714630127,False,348,2026
shuffle,23,0.6263077855110168,-0.017095506191253662,0.017095506191253662,-1.0522136688232422,1.0522136688232422,False,348,2026
shuffle,24,0.9165652394294739,-0.0326770544052124,0.0326770544052124,-1.5305790901184082,1.5305790901184082,False,348,2026
shuffle,25,0.9950187802314758,-0.048531413078308105,0.048531413078308105,-1.8668859004974365,1.8668859004974365,False,348,2026
shuffle,26,0.29258227348327637,0.0017941594123840332,0.0017941594123840332,0.21305561065673828,0.21305561065673828,False,348,2026
shuffle,27,0.7002580761909485,-0.020679354667663574,0.020679354667663574,-1.1826696395874023,1.1826696395874023,False,348,2026
shuffle,28,0.7751726508140564,-0.028835594654083252,0.028835594654083252,-1.430891990661621,1.430891990661621,False,348,2026
shuffle,29,0.7751726508140564,-0.053370773792266846,0.053370773792266846,-1.9522371292114258,1.9522371292114258,False,348,2026
uniform,0,0.6518509984016418,-0.019835591316223145,0.019835591316223145,-0.2216777801513672,0.2216777801513672,False,349,2026
shuffle,0,0.7013094425201416,-0.0738489031791687,0.0738489031791687,-0.6849210262298584,0.6849210262298584,False,349,2026
shuffle,1,0.7990976572036743,-0.025580406188964844,0.025580406188964844,-0.2792387008666992,0.2792387008666992,False,349,2026
shuffle,2,0.8775355815887451,-0.03725433349609375,0.03725433349609375,-0.38892996311187744,0.38892996311187744,False,349,2026
shuffle,3,0.7455105185508728,0.003962278366088867,0.003962278366088867,0.04948711395263672,0.04948711395263672,False,349,2026
shuffle,4,0.36327704787254333,0.03546816110610962,0.03546816110610962,0.5409493446350098,0.5409493446350098,False,349,2026
shuffle,5,0.8564084768295288,-0.029184997081756592,0.029184997081756592,-0.31409335136413574,0.31409335136413574,False,349,2026
shuffle,6,0.6832969784736633,-0.13289028406143188,0.13289028406143188,-1.06624174118042,1.06624174118042,False,349,2026
shuffle,7,0.8969250917434692,-0.013529360294342041,0.013529360294342041,-0.15536117553710938,0.15536117553710938,False,349,2026
shuffle,8,0.51287442445755,0.04889035224914551,0.04889035224914551,0.8389911651611328,0.8389911651611328,False,349,2026
shuffle,9,0.8188401460647583,-0.05742776393890381,0.05742776393890381,-0.5597124099731445,0.5597124099731445,False,349,2026
shuffle,10,0.5743468403816223,-0.014720380306243896,0.014720380306243896,-0.16815447807312012,0.16815447807312012,False,349,2026
shuffle,11,0.7507930994033813,-0.003580033779144287,0.003580033779144287,-0.04304790496826172,0.04304790496826172,False,349,2026
shuffle,12,0.7012143135070801,-0.1105184555053711,0.1105184555053711,-0.9319777488708496,0.9319777488708496,False,349,2026
shuffle,13,0.7441083192825317,-0.03803664445877075,0.03803664445877075,-0.3959665298461914,0.3959665298461914,False,349,2026
shuffle,14,0.6816373467445374,-0.11076676845550537,0.11076676845550537,-0.9335274696350098,0.9335274696350098,False,349,2026
shuffle,15,0.9324145913124084,-0.007374107837677002,0.007374107837677002,-0.0870823860168457,0.0870823860168457,False,349,2026
shuffle,16,0.9009181261062622,-0.022426366806030273,0.022426366806030273,-0.2479557991027832,0.2479557991027832,False,349,2026
shuffle,17,0.8654374480247498,-0.0025217533111572266,0.0025217533111572266,-0.03047943115234375,0.03047943115234375,False,349,2026
shuffle,18,0.8620759844779968,0.05132633447647095,0.05132633447647095,0.9029724597930908,0.9029724597930908,False,349,2026
shuffle,19,0.7120926976203918,-0.067898690700531,0.067898690700531,-0.6407874822616577,0.6407874822616577,False,349,2026
shuffle,20,0.8116545677185059,-0.04103255271911621,0.04103255271911621,-0.4225785732269287,0.4225785732269287,False,349,2026
shuffle,21,0.9066587090492249,0.044583678245544434,0.044583678245544434,0.7343206405639648,0.7343206405639648,False,349,2026
shuffle,22,0.7689643502235413,-0.08660590648651123,0.08660590648651123,-0.7753709554672241,0.7753709554672241,False,349,2026
shuffle,23,0.8642043471336365,-0.014988183975219727,0.014988183975219727,-0.17101287841796875,0.17101287841796875,False,349,2026
shuffle,24,0.8857329487800598,-0.10896015167236328,0.10896015167236328,-0.9222197532653809,0.9222197532653809,False,349,2026
shuffle,25,0.85176682472229,-0.022575080394744873,0.022575080394744873,-0.24944710731506348,0.24944710731506348,False,349,2026
shuffle,26,0.902658224105835,-0.06271833181381226,0.06271833181381226,-0.6012477874755859,0.6012477874755859,False,349,2026
shuffle,27,0.8846477270126343,-0.007204234600067139,0.007204234600067139,-0.08514404296875,0.08514404296875,False,349,2026
shuffle,28,0.8528699278831482,0.0041689276695251465,0.0041689276695251465,0.05212545394897461,0.05212545394897461,False,349,2026
shuffle,29,0.7999793291091919,-0.10066848993301392,0.10066848993301392,-0.8693058490753174,0.8693058490753174,False,349,2026
uniform,0,0.7835700511932373,-0.008383035659790039,0.008383035659790039,-3.40604305267334,3.40604305267334,False,367,2026
shuffle,0,0.9237315058708191,-0.006395220756530762,0.006395220756530762,-3.143735885620117,3.143735885620117,False,367,2026
shuffle,1,0.8025182485580444,-0.0034500956535339355,0.0034500956535339355,-2.560019016265869,2.560019016265869,False,367,2026
shuffle,2,0.7992339730262756,-0.003729403018951416,0.003729403018951416,-2.632293701171875,2.632293701171875,False,367,2026
shuffle,3,0.9577134847640991,-0.01370781660079956,0.01370781660079956,-3.890103816986084,3.890103816986084,False,367,2026
shuffle,4,0.9563825726509094,-0.048939287662506104,0.048939287662506104,-5.184069633483887,5.184069633483887,False,367,2026
shuffle,5,0.2228303849697113,-0.00012314319610595703,0.00012314319610595703,-0.35419511795043945,0.35419511795043945,False,367,2026
shuffle,6,0.9897497296333313,-0.03618353605270386,0.03618353605270386,-4.870839595794678,4.870839595794678,False,367,2026
shuffle,7,0.9567052721977234,-0.012877404689788818,0.012877404689788818,-3.8281126022338867,3.8281126022338867,False,367,2026
shuffle,8,0.9889201521873474,-0.03456389904022217,0.03456389904022217,-4.823740243911743,4.823740243911743,False,367,2026
shuffle,9,0.9488966464996338,-0.006107926368713379,0.006107926368713379,-3.0995235443115234,3.0995235443115234,False,367,2026
shuffle,10,0.801971435546875,-0.004389524459838867,0.004389524459838867,-2.7850232124328613,2.7850232124328613,False,367,2026
shuffle,11,0.9841566681861877,-0.023345351219177246,0.023345351219177246,-4.423763751983643,4.423763751983643,False,367,2026
shuffle,12,0.9898335933685303,-0.03389596939086914,0.03389596939086914,-4.803697109222412,4.803697109222412,False,367,2026
shuffle,13,0.8060771226882935,-0.006316065788269043,0.006316065788269043,-3.131739616394043,3.131739616394043,False,367,2026
shuffle,14,0.9866513609886169,-0.030732929706573486,0.030732929706573486,-4.703339576721191,4.703339576721191,False,367,2026
shuffle,15,0.9818381071090698,-0.01497185230255127,0.01497185230255127,-3.977842330932617,3.977842330932617,False,367,2026
shuffle,16,0.7712519764900208,-0.0030829310417175293,0.0030829310417175293,-2.4563422203063965,2.4563422203063965,False,367,2026
shuffle,17,0.9551544785499573,-0.002040863037109375,0.002040863037109375,-2.0857620239257812,2.0857620239257812,False,367,2026
shuffle,18,0.9223572611808777,-0.0065805912017822266,0.0065805912017822266,-3.1712656021118164,3.1712656021118164,False,367,2026
shuffle,19,0.9784187078475952,-0.0017432570457458496,0.0017432570457458496,-1.948904037475586,1.948904037475586,False,367,2026
shuffle,20,0.9820771217346191,-0.010859489440917969,0.010859489440917969,-3.659717559814453,3.659717559814453,False,367,2026
shuffle,21,0.9829308390617371,-0.03130823373794556,0.03130823373794556,-4.722310781478882,4.722310781478882,False,367,2026
shuffle,22,0.9842617511749268,-0.013102829456329346,0.013102829456329346,-3.8453102111816406,3.8453102111816406,False,367,2026
shuffle,23,0.7998190522193909,-0.015431880950927734,0.015431880950927734,-4.008002758026123,4.008002758026123,False,367,2026
shuffle,24,0.9568299651145935,-0.04669994115829468,0.04669994115829468,-5.13516092300415,5.13516092300415,False,367,2026
shuffle,25,0.9881285429000854,-0.002334296703338623,0.002334296703338623,-2.2046351432800293,2.2046351432800293,False,367,2026
shuffle,26,0.9792482852935791,-0.030224204063415527,0.030224204063415527,-4.686280727386475,4.686280727386475,False,367,2026
shuffle,27,0.7736233472824097,-0.006402373313903809,0.006402373313903809,-3.1448211669921875,3.1448211669921875,False,367,2026
shuffle,28,0.9881582856178284,-0.0023331046104431152,0.0023331046104431152,-2.2041501998901367,2.2041501998901367,False,367,2026
shuffle,29,0.9876812100410461,-0.05514216423034668,0.05514216423034668,-5.309283971786499,5.309283971786499,False,367,2026
uniform,0,0.8219400644302368,-0.2052769660949707,0.2052769660949707,-1.0635314583778381,1.0635314583778381,False,384,2026
shuffle,0,0.9579148292541504,-0.34221211075782776,0.34221211075782776,-1.6208961755037308,1.6208961755037308,True,384,2026
shuffle,1,0.9627529978752136,-0.12708449363708496,0.12708449363708496,-0.7142695188522339,0.7142695188522339,False,384,2026
shuffle,2,0.9578688144683838,-0.8006358183920383,0.8006358183920383,-5.223701596260071,5.223701596260071,True,384,2026
shuffle,3,0.797787606716156,-0.6020768582820892,0.6020768582820892,-2.799876093864441,2.799876093864441,True,384,2026
shuffle,4,0.9450850486755371,0.08144605159759521,0.08144605159759521,0.7227693796157837,0.7227693796157837,False,384,2026
shuffle,5,0.9591718316078186,-0.7493107169866562,0.7493107169866562,-4.049454569816589,4.049454569816589,True,384,2026
shuffle,6,0.9710094332695007,-0.606756255030632,0.606756255030632,-2.827051520347595,2.827051520347595,True,384,2026
shuffle,7,0.9256073832511902,-0.6366186887025833,0.6366186887025833,-3.0113543272018433,3.0113543272018433,True,384,2026
shuffle,8,0.9589375257492065,-0.23335081338882446,0.23335081338882446,-1.1811677813529968,1.1811677813529968,False,384,2026
shuffle,9,0.9539889097213745,-0.285464882850647,0.285464882850647,-1.3935392946004868,1.3935392946004868,False,384,2026
shuffle,10,0.9691799283027649,-0.08485615253448486,0.08485615253448486,-0.5047223567962646,0.5047223567962646,False,384,2026
shuffle,11,0.9692310094833374,-0.06307262182235718,0.06307262182235718,-0.38801050186157227,0.38801050186157227,False,384,2026
shuffle,12,0.9787450432777405,-0.21687662601470947,0.21687662601470947,-1.1124964952468872,1.1124964952468872,False,384,2026
shuffle,13,0.9725009202957153,-0.07458752393722534,0.07458752393722534,-0.4505571126937866,0.4505571126937866,False,384,2026
shuffle,14,0.9718174934387207,-0.02550196647644043,0.02550196647644043,-0.16777265071868896,0.16777265071868896,False,384,2026
shuffle,15,0.7819473743438721,-0.34695643186569214,0.34695643186569214,-1.6399013102054596,1.6399013102054596,True,384,2026
shuffle,16,0.9592421650886536,-0.3305995762348175,0.3305995762348175,-1.57442207634449,1.57442207634449,True,384,2026
shuffle,17,0.9684950113296509,-0.7482986003160477,0.7482986003160477,-4.035159230232239,4.035159230232239,True,384,2026
shuffle,18,0.8317389488220215,-0.5591428577899933,0.5591428577899933,-2.5672231912612915,2.5672231912612915,True,384,2026
shuffle,19,0.9762611389160156,-0.08405178785324097,0.08405178785324097,-0.5005306005477905,0.5005306005477905,False,384,2026
shuffle,20,0.7746955156326294,-0.22781646251678467,0.22781646251678467,-1.158202588558197,1.158202588558197,False,384,2026
shuffle,21,0.8150128722190857,-0.6393601894378662,0.6393601894378662,-3.0293503999710083,3.0293503999710083,True,384,2026
shuffle,22,0.9714705944061279,0.06623119115829468,0.06623119115829468,0.5544346570968628,0.5544346570968628,False,384,2026
shuffle,23,0.9696307182312012,0.06160765886306763,0.06160765886306763,0.5074230432510376,0.5074230432510376,False,384,2026
shuffle,24,0.9509531259536743,-0.683956116437912,0.683956116437912,-3.356608748435974,3.356608748435974,True,384,2026
shuffle,25,0.9518066048622131,0.05009615421295166,0.05009615421295166,0.39727532863616943,0.39727532863616943,False,384,2026
shuffle,26,0.8366312980651855,0.10732847452163696,0.10732847452163696,1.0767780542373657,1.0767780542373657,False,384,2026
shuffle,27,0.9711539149284363,-0.28509223461151123,0.28509223461151123,-1.3920389860868454,1.3920389860868454,False,384,2026
shuffle,28,0.7443737983703613,0.03001338243484497,0.03001338243484497,0.2244340181350708,0.2244340181350708,False,384,2026
shuffle,29,0.7768862843513489,-0.7526598051190376,0.7526598051190376,-4.098034739494324,4.098034739494324,True,384,2026
uniform,0,0.63833087682724,-0.002538144588470459,0.002538144588470459,-1.524801254272461,1.524801254272461,False,405,2026
shuffle,0,0.9038726091384888,-0.0015881657600402832,0.0015881657600402832,-1.1776742935180664,1.1776742935180664,False,405,2026
shuffle,1,0.6847760677337646,-0.0006819963455200195,0.0006819963455200195,-0.6749696731567383,0.6749696731567383,False,405,2026
shuffle,2,0.8938690423965454,-0.002641022205352783,0.002641022205352783,-1.556081771850586,1.556081771850586,False,405,2026
shuffle,3,0.7614748477935791,-0.0010409951210021973,0.0010409951210021973,-0.9049901962280273,0.9049901962280273,False,405,2026
shuffle,4,0.6714721918106079,-0.0021231770515441895,0.0021231770515441895,-1.3876018524169922,1.3876018524169922,False,405,2026
shuffle,5,0.9168400764465332,-0.0018846392631530762,0.0018846392631530762,-1.2993850708007812,1.2993850708007812,False,405,2026
shuffle,6,0.8649299740791321,-0.004955708980560303,0.004955708980560303,-2.0837626457214355,2.0837626457214355,False,405,2026
shuffle,7,0.8577994108200073,-0.013573884963989258,0.013573884963989258,-3.0173392295837402,3.0173392295837402,False,405,2026
shuffle,8,0.7101132869720459,-0.0013947486877441406,0.0013947486877441406,-1.0894765853881836,1.0894765853881836,False,405,2026
shuffle,9,0.8483336567878723,-0.004908204078674316,0.004908204078674316,-2.075296401977539,2.075296401977539,False,405,2026
shuffle,10,0.7444912195205688,-0.0030713677406311035,0.0030713677406311035,-1.6773958206176758,1.6773958206176758,False,405,2026
shuffle,11,0.9099733829498291,-0.003119170665740967,0.003119170665740967,-1.6900138854980469,1.6900138854980469,False,405,2026
shuffle,12,0.8693942427635193,-0.005514621734619141,0.005514621734619141,-2.178441047668457,2.178441047668457,False,405,2026
shuffle,13,0.6046075224876404,0.00016456842422485352,0.00016456842422485352,0.26457977294921875,0.26457977294921875,False,405,2026
shuffle,14,0.4756719768047333,-0.0014570355415344238,0.0014570355415344238,-1.1187243461608887,1.1187243461608887,False,405,2026
shuffle,15,0.8471330404281616,-0.014463365077972412,0.014463365077972412,-3.0786566734313965,3.0786566734313965,False,405,2026
shuffle,16,0.9149411916732788,-0.014984190464019775,0.014984190464019775,-3.1129379272460938,3.1129379272460938,False,405,2026
shuffle,17,0.8431980609893799,-0.003142118453979492,0.003142118453979492,-1.6960105895996094,1.6960105895996094,False,405,2026
shuffle,18,0.6969329714775085,-0.00024336576461791992,0.00024336576461791992,-0.29545021057128906,0.29545021057128906,False,405,2026
shuffle,19,0.8987467885017395,-0.0014267563819885254,0.0014267563819885254,-1.1046690940856934,1.1046690940856934,False,405,2026
shuffle,20,0.8615349531173706,-0.0004203915596008301,0.0004203915596008301,-0.46627330780029297,0.46627330780029297,False,405,2026
shuffle,21,0.7286781072616577,-0.005975544452667236,0.005975544452667236,-2.250364303588867,2.250364303588867,False,405,2026
shuffle,22,0.832115888595581,-0.0018391013145446777,0.0018391013145446777,-1.2816162109375,1.2816162109375,False,405,2026
shuffle,23,0.47325021028518677,-0.00043570995330810547,0.00043570995330810547,-0.4797244071960449,0.4797244071960449,False,405,2026
shuffle,24,0.862622082233429,-0.0038208961486816406,0.0038208961486816406,-1.8590517044067383,1.8590517044067383,False,405,2026
shuffle,25,0.8866768479347229,-0.004285991191864014,0.004285991191864014,-1.9572725296020508,1.9572725296020508,False,405,2026
shuffle,26,0.7085880041122437,-0.005471646785736084,0.005471646785736084,-2.17147159576416,2.17147159576416,False,405,2026
shuffle,27,0.5195823311805725,-0.003163754940032959,0.003163754940032959,-1.7016525268554688,1.7016525268554688,False,405,2026
shuffle,28,0.8955724239349365,-0.0021944046020507812,0.0021944046020507812,-1.4125475883483887,1.4125475883483887,False,405,2026
shuffle,29,0.7829325199127197,-0.002381622791290283,0.002381622791290283,-1.475222110748291,1.475222110748291,False,405,2026
uniform,0,0.6903691291809082,-0.004553735256195068,0.004553735256195068,-0.05891561508178711,0.05891561508178711,False,410,2026
shuffle,0,0.9288493394851685,0.01927506923675537,0.01927506923675537,0.28813695907592773,0.28813695907592773,False,410,2026
shuffle,1,0.8964803814888,0.05782723426818848,0.05782723426818848,1.2778816223144531,1.2778816223144531,False,410,2026
shuffle,2,0.860706627368927,0.013656139373779297,0.013656139373779297,0.19654226303100586,0.19654226303100586,False,410,2026
shuffle,3,0.45639440417289734,-0.007972478866577148,0.007972478866577148,-0.1013326644897461,0.1013326644897461,False,410,2026
shuffle,4,0.8480573892593384,-0.08320891857147217,0.08320891857147217,-0.7945295572280884,0.7945295572280884,False,410,2026
shuffle,5,0.8947567343711853,0.02884763479232788,0.02884763479232788,0.46343326568603516,0.46343326568603516,False,410,2026
shuffle,6,0.7943651080131531,0.036136090755462646,0.036136090755462646,0.6181011199951172,0.6181011199951172,False,410,2026
shuffle,7,0.5629286766052246,0.044314563274383545,0.044314563274383545,0.8222784996032715,0.8222784996032715,False,410,2026
shuffle,8,0.877243161201477,-0.0385017991065979,0.0385017991065979,-0.4271671772003174,0.4271671772003174,False,410,2026
shuffle,9,0.8135384321212769,-0.006901562213897705,0.006901562213897705,-0.08820438385009766,0.08820438385009766,False,410,2026
shuffle,10,0.5880056023597717,-0.05170595645904541,0.05170595645904541,-0.5461435317993164,0.5461435317993164,False,410,2026
shuffle,11,0.8266585469245911,-0.17752671241760254,0.17752671241760254,-1.3657386302947998,1.3657386302947998,False,410,2026
shuffle,12,0.803325891494751,0.05417829751968384,0.05417829751968384,1.1344170570373535,1.1344170570373535,False,410,2026
shuffle,13,0.6327223181724548,0.05162930488586426,0.05162930488586426,1.044616460800171,1.044616460800171,False,410,2026
shuffle,14,0.9249914884567261,0.056413114070892334,0.056413114070892334,1.2199416160583496,1.2199416160583496,False,410,2026
shuffle,15,0.8148348331451416,-0.06553614139556885,0.06553614139556885,-0.6605560779571533,0.6605560779571533,False,410,2026
shuffle,16,0.5012274384498596,0.015721380710601807,0.015721380710601807,0.2293686866760254,0.2293686866760254,False,410,2026
shuffle,17,0.7106577754020691,-0.009500622749328613,0.009500622749328613,-0.1198270320892334,0.1198270320892334,False,410,2026
shuffle,18,0.864215075969696,0.03083062171936035,0.03083062171936035,0.503427267074585,0.503427267074585,False,410,2026
shuffle,19,0.8207776546478271,0.013454794883728027,0.013454794883728027,0.19339251518249512,0.19339251518249512,False,410,2026
shuffle,20,0.7934730648994446,-0.011784732341766357,0.011784732341766357,-0.1469573974609375,0.1469573974609375,False,410,2026
shuffle,21,0.7617456316947937,-0.17775297164916992,0.17775297164916992,-1.3669151067733765,1.3669151067733765,False,410,2026
shuffle,22,0.8337576985359192,0.046898841857910156,0.046898841857910156,0.8956875801086426,0.8956875801086426,False,410,2026
shuffle,23,0.8567461967468262,-0.05670136213302612,0.05670136213302612,-0.5885639190673828,0.5885639190673828,False,410,2026
shuffle,24,0.834143340587616,-0.0488322377204895,0.0488322377204895,-0.5211303234100342,0.5211303234100342,False,410,2026
shuffle,25,0.8464252352714539,-0.01077502965927124,0.01077502965927124,-0.13503789901733398,0.13503789901733398,False,410,2026
shuffle,26,0.7639532089233398,0.021097779273986816,0.021097779273986816,0.3194918632507324,0.3194918632507324,False,410,2026
shuffle,27,0.4600088596343994,-0.024823367595672607,0.024823367595672607,-0.2914161682128906,0.2914161682128906,False,410,2026
shuffle,28,0.8643590211868286,0.0483822226524353,0.0483822226524353,0.9401991367340088,0.9401991367340088,False,410,2026
shuffle,29,0.8045327067375183,-0.27832114696502686,0.27832114696502686,-1.8400578498840332,1.8400578498840332,False,410,2026
uniform,0,0.6241455674171448,0.0015259981155395508,0.0015259981155395508,0.052326202392578125,0.052326202392578125,False,411,2026
shuffle,0,0.7953408360481262,0.02174288034439087,0.02174288034439087,1.2432959079742432,1.2432959079742432,False,411,2026
shuffle,1,0.7746318578720093,0.009393453598022461,0.009393453598022461,0.3729417324066162,0.3729417324066162,False,411,2026
shuffle,2,0.8744967579841614,-0.0018211603164672852,0.0018211603164672852,-0.05926036834716797,0.05926036834716797,False,411,2026
shuffle,3,0.7979130148887634,0.02305382490158081,0.02305382490158081,1.400299310684204,1.400299310684204,False,411,2026
shuffle,4,0.8565319180488586,0.008438408374786377,0.008438408374786377,0.3283863067626953,0.3283863067626953,False,411,2026
shuffle,5,0.7058563232421875,-0.05207502841949463,0.05207502841949463,-1.0443031787872314,1.0443031787872314,False,411,2026
shuffle,6,0.8770678639411926,-0.0015087127685546875,0.0015087127685546875,-0.04932427406311035,0.04932427406311035,False,411,2026
shuffle,7,0.8600191473960876,0.017356574535369873,0.017356574535369873,0.8452403545379639,0.8452403545379639,False,411,2026
shuffle,8,0.9435100555419922,0.010449469089508057,0.010449469089508057,0.42452025413513184,0.42452025413513184,False,411,2026
shuffle,9,0.7603962421417236,-0.021821916103363037,0.021821916103363037,-0.5579009056091309,0.5579009056091309,False,411,2026
shuffle,10,0.6354702115058899,-0.0424041748046875,0.0424041748046875,-0.9097898006439209,0.9097898006439209,False,411,2026
shuffle,11,0.8214921355247498,-0.005332887172698975,0.005332887172698975,-0.16503190994262695,0.16503190994262695,False,411,2026
shuffle,12,0.9147498607635498,-0.002908051013946533,0.002908051013946533,-0.09312605857849121,0.09312605857849121,False,411,2026
shuffle,13,0.4697284698486328,-0.015114188194274902,0.015114188194274902,-0.41458868980407715,0.41458868980407715,False,411,2026
shuffle,14,0.9073737263679504,-0.01267319917678833,0.01267319917678833,-0.3574483394622803,0.3574483394622803,False,411,2026
shuffle,15,0.9053646922111511,0.00855952501296997,0.00855952501296997,0.33393359184265137,0.33393359184265137,False,411,2026
shuffle,16,0.8916180729866028,0.01929718255996704,0.01929718255996704,1.0026490688323975,1.0026490688323975,False,411,2026
shuffle,17,0.8081516623497009,0.006417036056518555,0.006417036056518555,0.2399134635925293,0.2399134635925293,False,411,2026
shuffle,18,0.6131284832954407,0.017618179321289062,0.017618179321289062,0.8651010990142822,0.8651010990142822,False,411,2026
shuffle,19,0.9379885196685791,-0.01767176389694214,0.01767176389694214,-0.4714367389678955,0.4714367389678955,False,411,2026
shuffle,20,0.8168381452560425,-0.0453416109085083,0.0453416109085083,-0.9522881507873535,0.9522881507873535,False,411,2026
shuffle,21,0.8044307827949524,0.00829225778579712,0.00829225778579712,0.32173657417297363,0.32173657417297363,False,411,2026
shuffle,22,0.8929981589317322,-0.00912851095199585,0.00912851095199585,-0.268768310546875,0.268768310546875,False,411,2026
shuffle,23,0.7472875714302063,-0.010689616203308105,0.010689616203308105,-0.3087153434753418,0.3087153434753418,False,411,2026
shuffle,24,0.7591907382011414,0.005847811698913574,0.005847811698913574,0.21629023551940918,0.21629023551940918,False,411,2026
shuffle,25,0.750904381275177,0.003860294818878174,0.003860294818878174,0.13771653175354004,0.13771653175354004,False,411,2026
shuffle,26,0.7263166308403015,0.0003732442855834961,0.0003732442855834961,0.01256251335144043,0.01256251335144043,False,411,2026
shuffle,27,0.6685388684272766,0.01940864324569702,0.01940864324569702,1.0124704837799072,1.0124704837799072,False,411,2026
shuffle,28,0.8421383500099182,-0.0062988996505737305,0.0062988996505737305,-0.19239354133605957,0.19239354133605957,False,411,2026
shuffle,29,0.917481541633606,-0.010942578315734863,0.010942578315734863,-0.3150501251220703,0.3150501251220703,False,411,2026
uniform,0,0.7254903316497803,-0.2957620620727539,0.2957620620727539,-1.2309984266757965,1.2309984266757965,True,422,2026
shuffle,0,0.8954708576202393,-0.4284166991710663,0.4284166991710663,-1.8366084098815918,1.8366084098815918,True,422,2026
shuffle,1,0.8147432208061218,-0.44090762734413147,0.44090762734413147,-1.9018652439117432,1.9018652439117432,True,422,2026
shuffle,2,0.9466339349746704,-0.5544590950012207,0.5544590950012207,-2.6428526639938354,2.6428526639938354,True,422,2026
shuffle,3,0.9186853170394897,-0.38546910881996155,0.38546910881996155,-1.6258698105812073,1.6258698105812073,True,422,2026
shuffle,4,0.9010624885559082,0.20572322607040405,0.20572322607040405,1.3668811321258545,1.3668811321258545,False,422,2026
shuffle,5,0.7128118276596069,-0.5579016357660294,0.5579016357660294,-2.6720621585845947,2.6720621585845947,True,422,2026
shuffle,6,0.9224882125854492,-0.4893278330564499,0.4893278330564499,-2.1781632900238037,2.1781632900238037,True,422,2026
shuffle,7,0.7540960311889648,-0.46578583121299744,0.46578583121299744,-2.038618564605713,2.038618564605713,True,422,2026
shuffle,8,0.9293808937072754,-0.4701312780380249,0.4701312780380249,-2.0635619163513184,2.0635619163513184,True,422,2026
shuffle,9,0.9108158349990845,-0.5488970726728439,0.5488970726728439,-2.596924066543579,2.596924066543579,True,422,2026
shuffle,10,0.7258795499801636,-0.023344576358795166,0.023344576358795166,-0.10749661922454834,0.10749661922454834,False,422,2026
shuffle,11,0.9100008010864258,-0.5791716128587723,0.5791716128587723,-2.8681135177612305,2.8681135177612305,True,422,2026
shuffle,12,0.833412766456604,-0.5757559016346931,0.5757559016346931,-2.8346028327941895,2.8346028327941895,True,422,2026
shuffle,13,0.9025231599807739,-0.5302931219339371,0.5302931219339371,-2.45327365398407,2.45327365398407,True,422,2026
shuffle,14,0.9195982217788696,0.21854591369628906,0.21854591369628906,1.515958547592163,1.515958547592163,False,422,2026
shuffle,15,0.6684582233428955,0.14069098234176636,0.14069098234176636,0.797011137008667,0.797011137008667,False,422,2026
shuffle,16,0.9000401496887207,-0.5216874033212662,0.5216874033212662,-2.391305446624756,2.391305446624756,True,422,2026
shuffle,17,0.9615067839622498,-0.4890030026435852,0.4890030026435852,-2.176159381866455,2.176159381866455,True,422,2026
shuffle,18,0.7717900276184082,-0.3383116126060486,0.3383116126060486,-1.412568211555481,1.412568211555481,True,422,2026
shuffle,19,0.9589582085609436,-0.5255535989999771,0.5255535989999771,-2.418829083442688,2.418829083442688,True,422,2026
shuffle,20,0.8566873073577881,-0.6184507980942726,0.6184507980942726,-3.3362228870391846,3.3362228870391846,True,422,2026
shuffle,21,0.9278157949447632,-0.5900599285960197,0.5900599285960197,-2.9811713695526123,2.9811713695526123,True,422,2026
shuffle,22,0.9131090641021729,-0.4921996146440506,0.4921996146440506,-2.1959850788116455,2.1959850788116455,True,422,2026
shuffle,23,0.9526214599609375,-0.4212411642074585,0.4212411642074585,-1.8000160455703735,1.8000160455703735,True,422,2026
shuffle,24,0.9169103503227234,0.03014218807220459,0.03014218807220459,0.14582324028015137,0.14582324028015137,False,422,2026
shuffle,25,0.9082529544830322,-0.28948891162872314,0.28948891162872314,-1.2048609554767609,1.2048609554767609,True,422,2026
shuffle,26,0.8249744176864624,-0.49814198911190033,0.49814198911190033,-2.233479857444763,2.233479857444763,True,422,2026
shuffle,27,0.9182220101356506,-0.5835317894816399,0.5835317894816399,-2.9121925830841064,2.9121925830841064,True,422,2026
shuffle,28,0.8884276151657104,-0.4849960505962372,0.4849960505962372,-2.151632070541382,2.151632070541382,True,422,2026
shuffle,29,0.9557256102561951,-0.5779151245951653,0.5779151245951653,-2.8556857109069824,2.8556857109069824,True,422,2026
uniform,0,0.7846004366874695,-0.0006325840950012207,0.0006325840950012207,-2.1039037704467773,2.1039037704467773,False,437,2026
shuffle,0,0.9627660512924194,-0.0001004338264465332,0.0001004338264465332,-0.7618789672851562,0.7618789672851562,False,437,2026
shuffle,1,0.9273250102996826,-0.0005387663841247559,0.0005387663841247559,-1.9644031524658203,1.9644031524658203,False,437,2026
shuffle,2,0.9764817953109741,-6.61611557006836e-05,6.61611557006836e-05,-0.5609903335571289,0.5609903335571289,False,437,2026
shuffle,3,0.9014725685119629,-0.0001448988914489746,0.0001448988914489746,-0.9738359451293945,0.9738359451293945,False,437,2026
shuffle,4,0.9615693092346191,-0.0005269050598144531,0.0005269050598144531,-1.9452228546142578,1.9452228546142578,False,437,2026
shuffle,5,0.860489010810852,-0.0020667314529418945,0.0020667314529418945,-3.200753688812256,3.200753688812256,False,437,2026
shuffle,6,0.9792989492416382,-0.0002028346061706543,0.0002028346061706543,-1.1959514617919922,1.1959514617919922,False,437,2026
shuffle,7,0.9202579259872437,1.5020370483398438e-05,1.5020370483398438e-05,0.18644046783447266,0.18644046783447266,False,437,2026
shuffle,8,0.9495359659194946,-0.0006495118141174316,0.0006495118141174316,-2.1272377967834473,2.1272377967834473,False,437,2026
shuffle,9,0.9748541116714478,-0.0003388524055480957,0.0003388524055480957,-1.579925537109375,1.579925537109375,False,437,2026
shuffle,10,0.9304801225662231,-0.00031620264053344727,0.00031620264053344727,-1.5253958702087402,1.5253958702087402,False,437,2026
shuffle,11,0.7647495865821838,-0.0002827644348144531,0.0002827644348144531,-1.4390974044799805,1.4390974044799805,False,437,2026
shuffle,12,0.9311464428901672,-0.00032263994216918945,0.00032263994216918945,-1.5411796569824219,1.5411796569824219,False,437,2026
shuffle,13,0.9272433519363403,-0.0008244514465332031,0.0008244514465332031,-2.3402252197265625,2.3402252197265625,False,437,2026
shuffle,14,0.954153299331665,-0.0007198452949523926,0.0007198452949523926,-2.218402862548828,2.218402862548828,False,437,2026
shuffle,15,0.9648082852363586,-0.0010633468627929688,0.0010633468627929688,-2.573014259338379,2.573014259338379,False,437,2026
shuffle,16,0.7124605178833008,-0.00020200014114379883,0.00020200014114379883,-1.1931486129760742,1.1931486129760742,False,437,2026
shuffle,17,0.9575095772743225,-0.0003330111503601074,0.0003330111503601074,-1.5661735534667969,1.5661735534667969,False,437,2026
shuffle,18,0.8295338153839111,-3.0517578125e-05,3.0517578125e-05,-0.29811859130859375,0.29811859130859375,False,437,2026
shuffle,19,0.8887637853622437,-0.0005485415458679199,0.0005485415458679199,-1.9799299240112305,1.9799299240112305,False,437,2026
shuffle,20,0.9462636113166809,-0.0026906728744506836,0.0026906728744506836,-3.4556989669799805,3.4556989669799805,False,437,2026
shuffle,21,0.9756749868392944,-0.0016077756881713867,0.0016077756881713867,-2.9608001708984375,2.9608001708984375,False,437,2026
shuffle,22,0.9288713335990906,-0.0004417300224304199,0.0004417300224304199,-1.7960700988769531,1.7960700988769531,False,437,2026
shuffle,23,0.941769003868103,-0.0004277229309082031,0.0004277229309082031,-1.7691354751586914,1.7691354751586914,False,437,2026
shuffle,24,0.7826311588287354,-0.0008265972137451172,0.0008265972137451172,-2.342510223388672,2.342510223388672,False,437,2026
shuffle,25,0.9612177610397339,-0.001453399658203125,0.001453399658203125,-2.865170955657959,2.865170955657959,False,437,2026
shuffle,26,0.9351122975349426,-0.0007091164588928223,0.0007091164588928223,-2.2050347328186035,2.2050347328186035,False,437,2026
shuffle,27,0.9466487169265747,-3.6954879760742188e-06,3.6954879760742188e-06,-0.04106712341308594,0.04106712341308594,False,437,2026
shuffle,28,0.9726989269256592,-0.001537919044494629,0.001537919044494629,-2.9186439514160156,2.9186439514160156,False,437,2026
shuffle,29,0.9585179090499878,-0.000792086124420166,0.000792086124420166,-2.304109573364258,2.304109573364258,False,437,2026
uniform,0,0.7189316153526306,-0.030596137046813965,0.030596137046813965,-0.3071296215057373,0.3071296215057373,False,449,2026
shuffle,0,0.9944735169410706,-0.018278300762176514,0.018278300762176514,-0.1920948028564453,0.1920948028564453,False,449,2026
shuffle,1,0.9944735169410706,-0.09298145771026611,0.09298145771026611,-0.7778470516204834,0.7778470516204834,False,449,2026
shuffle,2,0.9406264424324036,-0.025449633598327637,0.025449633598327637,-0.26027679443359375,0.26027679443359375,False,449,2026
shuffle,3,0.9689136743545532,-0.01610332727432251,0.01610332727432251,-0.17069339752197266,0.17069339752197266,False,449,2026
shuffle,4,0.028287243098020554,0.00035750865936279297,0.00035750865936279297,0.004063606262207031,0.004063606262207031,False,449,2026
shuffle,5,0.9689136743545532,-0.025774717330932617,0.025774717330932617,-0.2632852792739868,0.2632852792739868,False,449,2026
shuffle,6,0.9433538317680359,-0.025266289710998535,0.025266289710998535,-0.2585763931274414,0.2585763931274414,False,449,2026
shuffle,7,0.9944735169410706,-0.018278300762176514,0.018278300762176514,-0.1920948028564453,0.1920948028564453,False,449,2026
shuffle,8,0.9944735169410706,-0.018278300762176514,0.018278300762176514,-0.1920948028564453,0.1920948028564453,False,449,2026
shuffle,9,0.9944735169410706,-0.018200993537902832,0.018200993537902832,-0.19133996963500977,0.19133996963500977,False,449,2026
shuffle,10,0.028287243098020554,0.00023025274276733398,0.00023025274276733398,0.0026154518127441406,0.0026154518127441406,False,449,2026
shuffle,11,0.028287243098020554,0.00035750865936279297,0.00035750865936279297,0.004063606262207031,0.004063606262207031,False,449,2026
shuffle,12,0.9689136743545532,-0.09346294403076172,0.09346294403076172,-0.7809650897979736,0.7809650897979736,False,449,2026
shuffle,13,0.028287243098020554,0.00023025274276733398,0.00023025274276733398,0.0026154518127441406,0.0026154518127441406,False,449,2026
shuffle,14,0.9689136743545532,-0.015957415103912354,0.015957415103912354,-0.16924500465393066,0.16924500465393066,False,449,2026
shuffle,15,0.028287243098020554,-0.0011797547340393066,0.0011797547340393066,-0.01332235336303711,0.01332235336303711,False,449,2026
shuffle,16,0.0027274219319224358,0.00014972686767578125,0.00014972686767578125,0.0017004013061523438,0.0017004013061523438,False,449,2026
shuffle,17,0.9689136743545532,-0.01610332727432251,0.01610332727432251,-0.17069339752197266,0.17069339752197266,False,449,2026
shuffle,18,0.9689136743545532,-0.01610332727432251,0.01610332727432251,-0.17069339752197266,0.17069339752197266,False,449,2026
shuffle,19,0.028287243098020554,-0.0011797547340393066,0.0011797547340393066,-0.01332235336303711,0.01332235336303711,False,449,2026
shuffle,20,0.9406264424324036,-0.025449633598327637,0.025449633598327637,-0.26027679443359375,0.26027679443359375,False,449,2026
shuffle,21,0.9944735169410706,-0.018278300762176514,0.018278300762176514,-0.1920948028564453,0.1920948028564453,False,449,2026
shuffle,22,0.9944735169410706,-0.018278300762176514,0.018278300762176514,-0.1920948028564453,0.1920948028564453,False,449,2026
shuffle,23,0.028287243098020554,-0.0011797547340393066,0.0011797547340393066,-0.01332235336303711,0.01332235336303711,False,449,2026
shuffle,24,0.9689136743545532,-0.09346294403076172,0.09346294403076172,-0.7809650897979736,0.7809650897979736,False,449,2026
shuffle,25,0.9944735169410706,-0.018200993537902832,0.018200993537902832,-0.19133996963500977,0.19133996963500977,False,449,2026
shuffle,26,0.9689136743545532,-0.09346294403076172,0.09346294403076172,-0.7809650897979736,0.7809650897979736,False,449,2026
shuffle,27,0.9689136743545532,-0.09225600957870483,0.09225600957870483,-0.7731378078460693,0.7731378078460693,False,449,2026
shuffle,28,0.028287243098020554,-0.0011797547340393066,0.0011797547340393066,-0.01332235336303711,0.01332235336303711,False,449,2026
shuffle,29,0.9689136743545532,-0.025774717330932617,0.025774717330932617,-0.2632852792739868,0.2632852792739868,False,449,2026
uniform,0,0.874237596988678,-0.4549238979816437,0.4549238979816437,-2.0518457293510437,2.0518457293510437,True,461,2026
shuffle,0,0.9739652872085571,-0.5394992977380753,0.5394992977380753,-2.7498969435691833,2.7498969435691833,True,461,2026
shuffle,1,0.998719334602356,-0.5536544844508171,0.5536544844508171,-2.9132365584373474,2.9132365584373474,True,461,2026
shuffle,2,0.995082437992096,-0.33158373832702637,0.33158373832702637,-1.382038950920105,1.382038950920105,True,461,2026
shuffle,3,0.9987879395484924,-0.49052098393440247,0.49052098393440247,-2.3050501942634583,2.3050501942634583,True,461,2026
shuffle,4,0.9992347955703735,-0.5991749987006187,0.5991749987006187,-3.678968369960785,3.678968369960785,True,461,2026
shuffle,5,0.9700557589530945,-0.3262840211391449,0.3262840211391449,-1.357420802116394,1.357420802116394,True,461,2026
shuffle,6,0.9360863566398621,0.05717986822128296,0.05717986822128296,0.25958365201950073,0.25958365201950073,False,461,2026
shuffle,7,0.9740352034568787,-0.3102991580963135,0.3102991580963135,-1.28446364402771,1.28446364402771,True,461,2026
shuffle,8,0.9358012676239014,-0.6001224257051945,0.6001224257051945,-3.702016770839691,3.702016770839691,True,461,2026
shuffle,9,0.9994817972183228,-0.4530828893184662,0.4530828893184662,-2.039815366268158,2.039815366268158,True,461,2026
shuffle,10,0.9741679430007935,-0.5000713914632797,0.5000713914632797,-2.3811075091362,2.3811075091362,True,461,2026
shuffle,11,0.9736554026603699,-0.6070963814854622,0.6070963814854622,-3.888610303401947,3.888610303401947,True,461,2026
shuffle,12,0.9991549849510193,-0.48079322278499603,0.48079322278499603,-2.2315091490745544,2.2315091490745544,True,461,2026
shuffle,13,0.9357320666313171,-0.31635236740112305,0.31635236740112305,-1.31187242269516,1.31187242269516,True,461,2026
shuffle,14,0.08888531476259232,-0.0467989444732666,0.0467989444732666,-0.19866734743118286,0.19866734743118286,False,461,2026
shuffle,15,0.9989213347434998,-0.6039537750184536,0.6039537750184536,-3.800534665584564,3.800534665584564,True,461,2026
shuffle,16,0.9989194869995117,-0.6007986478507519,0.6007986478507519,-3.7187699675559998,3.7187699675559998,True,461,2026
shuffle,17,0.936154842376709,-0.5933381989598274,0.5933381989598274,-3.5467373728752136,3.5467373728752136,True,461,2026
shuffle,18,0.9989742040634155,-0.38057011365890503,0.38057011365890503,-1.6221105456352234,1.6221105456352234,True,461,2026
shuffle,19,0.99504154920578,-0.5894741415977478,0.5894741415977478,-3.4671515822410583,3.4671515822410583,True,461,2026
shuffle,20,0.9108561873435974,0.04320847988128662,0.04320847988128662,0.19392919540405273,0.19392919540405273,False,461,2026
shuffle,21,0.9950181245803833,-0.31387215852737427,0.31387215852737427,-1.3006112575531006,1.3006112575531006,True,461,2026
shuffle,22,0.9990590810775757,-0.3886456787586212,0.3886456787586212,-1.6642982363700867,1.6642982363700867,True,461,2026
shuffle,23,0.9743189811706543,-0.47342176735401154,0.47342176735401154,-2.178126275539398,2.178126275539398,True,461,2026
shuffle,24,0.9358597993850708,-0.5799777805805206,0.5799777805805206,-3.292618691921234,3.292618691921234,True,461,2026
shuffle,25,0.9908167123794556,-0.5075394064188004,0.5075394064188004,-2.443597972393036,2.443597972393036,True,461,2026
shuffle,26,0.9363918304443359,-0.5920056886970997,0.5920056886970997,-3.518645226955414,3.518645226955414,True,461,2026
shuffle,27,0.9988901019096375,-0.5468543618917465,0.5468543618917465,-2.8320743441581726,2.8320743441581726,True,461,2026
shuffle,28,0.9948828220367432,-0.5937527567148209,0.5937527567148209,-3.5556241869926453,3.5556241869926453,True,461,2026
shuffle,29,0.9111210107803345,-0.3504064381122589,0.3504064381122589,-1.471420407295227,1.471420407295227,True,461,2026
uniform,0,0.7798182964324951,-0.04470866918563843,0.04470866918563843,-0.3758118152618408,0.3758118152618408,False,466,2026
shuffle,0,0.9543745517730713,-0.0869719386100769,0.0869719386100769,-0.6598501205444336,0.6598501205444336,False,466,2026
shuffle,1,0.9553428292274475,-0.010503709316253662,0.010503709316253662,-0.09800755977630615,0.09800755977630615,False,466,2026
shuffle,2,0.9493842720985413,-0.4695955812931061,0.4695955812931061,-2.3716140389442444,2.3716140389442444,True,466,2026
shuffle,3,0.9123061299324036,-0.3456380367279053,0.3456380367279053,-1.8719877898693085,1.8719877898693085,False,466,2026
shuffle,4,0.6438769102096558,-0.10070246458053589,0.10070246458053589,-0.7424249649047852,0.7424249649047852,False,466,2026
shuffle,5,0.94679856300354,0.050484538078308105,0.050484538078308105,0.6209781169891357,0.6209781169891357,False,466,2026
shuffle,6,0.9596023559570312,-0.28568941354751587,0.28568941354751587,-1.6274296939373016,1.6274296939373016,False,466,2026
shuffle,7,0.8496308326721191,-0.1437455415725708,0.1437455415725708,-0.979501485824585,0.979501485824585,False,466,2026
shuffle,8,0.9406343102455139,-0.28035682439804077,0.28035682439804077,-1.6052088141441345,1.6052088141441345,False,466,2026
shuffle,9,0.8183208107948303,-0.24416911602020264,0.24416911602020264,-1.451390266418457,1.451390266418457,False,466,2026
shuffle,10,0.9630609750747681,0.026828110218048096,0.026828110218048096,0.2906363010406494,0.2906363010406494,False,466,2026
shuffle,11,0.6049764752388,0.026010990142822266,0.026010990142822266,0.28070735931396484,0.28070735931396484,False,466,2026
shuffle,12,0.9350019693374634,-0.17751163244247437,0.17751163244247437,-1.1480643153190613,1.1480643153190613,False,466,2026
shuffle,13,0.6570440530776978,0.02843189239501953,0.02843189239501953,0.3103635311126709,0.3103635311126709,False,466,2026
shuffle,14,0.6502982974052429,0.08130455017089844,0.08130455017089844,1.2771618366241455,1.2771618366241455,False,466,2026
shuffle,15,0.9210559129714966,0.07045990228652954,0.07045990228652954,0.9999127388000488,0.9999127388000488,False,466,2026
shuffle,16,0.9442433714866638,0.011059284210205078,0.011059284210205078,0.11182832717895508,0.11182832717895508,False,466,2026
shuffle,17,0.9412423372268677,-0.2478998303413391,0.2478998303413391,-1.4675258994102478,1.4675258994102478,False,466,2026
shuffle,18,0.9672344923019409,-0.016542494297027588,0.016542494297027588,-0.1512613296508789,0.1512613296508789,False,466,2026
shuffle,19,0.8014631867408752,-0.11988765001296997,0.11988765001296997,-0.8517452478408813,0.8517452478408813,False,466,2026
shuffle,20,0.6606749296188354,0.04192239046096802,0.04192239046096802,0.4905064105987549,0.4905064105987549,False,466,2026
shuffle,21,0.9181994199752808,0.109954833984375,0.109954833984375,2.9405553340911865,2.9405553340911865,False,466,2026
shuffle,22,0.9525556564331055,-0.13848096132278442,0.13848096132278442,-0.9520013332366943,0.9520013332366943,False,466,2026
shuffle,23,0.8083441853523254,0.04619497060775757,0.04619497060775757,0.5537858009338379,0.5537858009338379,False,466,2026
shuffle,24,0.8097190260887146,0.05481827259063721,0.05481827259063721,0.6930875778198242,0.6930875778198242,False,466,2026
shuffle,25,0.9052057862281799,0.10372453927993774,0.10372453927993774,2.2939841747283936,2.2939841747283936,False,466,2026
shuffle,26,0.9465730786323547,-0.09579843282699585,0.09579843282699585,-0.7133820056915283,0.7133820056915283,False,466,2026
shuffle,27,0.7961176633834839,0.03446781635284424,0.03446781635284424,0.38762974739074707,0.38762974739074707,False,466,2026
shuffle,28,0.947037935256958,-0.5354955494403839,0.5354955494403839,-2.651703119277954,2.651703119277954,True,466,2026
shuffle,29,0.9706407785415649,0.07109606266021729,0.07109606266021729,1.0143721103668213,1.0143721103668213,False,466,2026
uniform,0,0.7830722332000732,-0.0411376953125,0.0411376953125,-0.27219152450561523,0.27219152450561523,False,468,2026
shuffle,0,0.9840955138206482,0.045868098735809326,0.045868098735809326,0.377352237701416,0.377352237701416,False,468,2026
shuffle,1,0.9945629239082336,-0.11220371723175049,0.11220371723175049,-0.6612741947174072,0.6612741947174072,False,468,2026
shuffle,2,0.9385173916816711,-0.1486375331878662,0.1486375331878662,-0.8362007737159729,0.8362007737159729,False,468,2026
shuffle,3,0.28506627678871155,0.030153989791870117,0.030153989791870117,0.23622453212738037,0.23622453212738037,False,468,2026
shuffle,4,0.21640868484973907,0.017016112804412842,0.017016112804412842,0.12847065925598145,0.12847065925598145,False,468,2026
shuffle,5,0.9376131296157837,0.09310328960418701,0.09310328960418701,0.9301867485046387,0.9301867485046387,False,468,2026
shuffle,6,0.2844661772251129,0.027858972549438477,0.027858972549438477,0.21678948402404785,0.21678948402404785,False,468,2026
shuffle,7,0.9388366341590881,0.07692015171051025,0.07692015171051025,0.7116258144378662,0.7116258144378662,False,468,2026
shuffle,8,0.9385964870452881,-0.11587172746658325,0.11587172746658325,-0.679474949836731,0.679474949836731,False,468,2026
shuffle,9,0.9838412404060364,-0.1151876449584961,0.1151876449584961,-0.6760913729667664,0.6760913729667664,False,468,2026
shuffle,10,0.9702120423316956,-0.10647428035736084,0.10647428035736084,-0.632546603679657,0.632546603679657,False,468,2026
shuffle,11,0.9271286129951477,0.07530909776687622,0.07530909776687622,0.6918954849243164,0.6918954849243164,False,468,2026
shuffle,12,0.9950644969940186,-0.08179867267608643,0.08179867267608643,-0.504204511642456,0.504204511642456,False,468,2026
shuffle,13,0.9711434841156006,-0.00734633207321167,0.00734633207321167,-0.05219709873199463,0.05219709873199463,False,468,2026
shuffle,14,0.940092146396637,-0.04432404041290283,0.04432404041290283,-0.29149651527404785,0.29149651527404785,False,468,2026
shuffle,15,0.993789553642273,0.09623366594314575,0.09623366594314575,0.9775631427764893,0.9775631427764893,False,468,2026
shuffle,16,0.27297767996788025,0.029196560382843018,0.029196560382843018,0.22808361053466797,0.22808361053466797,False,468,2026
shuffle,17,0.27153468132019043,0.036761462688446045,0.036761462688446045,0.29377174377441406,0.29377174377441406,False,468,2026
shuffle,18,0.9944902062416077,-0.09420400857925415,0.09420400857925415,-0.5697147846221924,0.5697147846221924,False,468,2026
shuffle,19,0.938304603099823,0.09183412790298462,0.09183412790298462,0.9115128517150879,0.9115128517150879,False,468,2026
shuffle,20,0.982428252696991,-0.12062764167785645,0.12062764167785645,-0.7028606534004211,0.7028606534004211,False,468,2026
shuffle,21,0.9829638004302979,-0.03531616926193237,0.03531616926193237,-0.23634445667266846,0.23634445667266846,False,468,2026
shuffle,22,0.9808508157730103,-0.06824028491973877,0.06824028491973877,-0.43003153800964355,0.43003153800964355,False,468,2026
shuffle,23,0.9270804524421692,-0.10761743783950806,0.10761743783950806,-0.6383078098297119,0.6383078098297119,False,468,2026
shuffle,24,0.9948915243148804,-0.11379480361938477,0.11379480361938477,-0.669187068939209,0.669187068939209,False,468,2026
shuffle,25,0.7707898616790771,-0.2085769772529602,0.2085769772529602,-1.1021651029586792,1.1021651029586792,False,468,2026
shuffle,26,0.9380672574043274,-0.07181322574615479,0.07181322574615479,-0.4498574733734131,0.4498574733734131,False,468,2026
shuffle,27,0.9948114156723022,-0.09270834922790527,0.09270834922790527,-0.561927080154419,0.561927080154419,False,468,2026
shuffle,28,0.882112443447113,0.02372896671295166,0.02372896671295166,0.18248939514160156,0.18248939514160156,False,468,2026
shuffle,29,0.972076952457428,-0.0806511640548706,0.0806511640548706,-0.4980354309082031,0.4980354309082031,False,468,2026
uniform,0,0.7301767468452454,-0.31057822704315186,0.31057822704315186,-1.6042442321777344,1.6042442321777344,False,482,2026
shuffle,0,0.9427975416183472,-0.3007124662399292,0.3007124662399292,-1.5643595457077026,1.5643595457077026,False,482,2026
shuffle,1,0.9567789435386658,-0.3388693332672119,0.3388693332672119,-1.7179123386740685,1.7179123386740685,False,482,2026
shuffle,2,0.9412024021148682,-0.037575721740722656,0.037575721740722656,-0.27809858322143555,0.27809858322143555,False,482,2026
shuffle,3,0.8869802951812744,-0.15186625719070435,0.15186625719070435,-0.9186255931854248,0.9186255931854248,False,482,2026
shuffle,4,0.8215004205703735,-0.6335249543190002,0.6335249543190002,-3.0360491275787354,3.0360491275787354,True,482,2026
shuffle,5,0.9263991117477417,0.06581121683120728,0.06581121683120728,0.6903984546661377,0.6903984546661377,False,482,2026
shuffle,6,0.9463053345680237,-0.8012767881155014,0.8012767881155014,-4.620945453643799,4.620945453643799,True,482,2026
shuffle,7,0.9088230133056641,-0.7612646818161011,0.7612646818161011,-4.03623104095459,4.03623104095459,True,482,2026
shuffle,8,0.9153147339820862,-0.0889211893081665,0.0889211893081665,-0.5930209159851074,0.5930209159851074,False,482,2026
shuffle,9,0.9144061207771301,-0.44456878304481506,0.44456878304481506,-2.1443943977355957,2.1443943977355957,True,482,2026
shuffle,10,0.9228000044822693,-0.03457731008529663,0.03457731008529663,-0.25770437717437744,0.25770437717437744,False,482,2026
shuffle,11,0.814253568649292,0.02279764413833618,0.02279764413833618,0.19988274574279785,0.19988274574279785,False,482,2026
shuffle,12,0.8571757674217224,-0.4107670783996582,0.4107670783996582,-2.0063711255788803,2.0063711255788803,True,482,2026
shuffle,13,0.9503585696220398,-0.5851178765296936,0.5851178765296936,-2.7755929231643677,2.7755929231643677,True,482,2026
shuffle,14,0.9344274401664734,-0.8176392316818237,0.8176392316818237,-4.985978841781616,4.985978841781616,True,482,2026
shuffle,15,0.9649533629417419,-0.8076332546770573,0.8076332546770573,-4.748844385147095,4.748844385147095,True,482,2026
shuffle,16,0.8305513858795166,-0.43212032318115234,0.43212032318115234,-2.093242645263672,2.093242645263672,True,482,2026
shuffle,17,0.8330085873603821,-0.2920459508895874,0.2920459508895874,-1.5291759073734283,1.5291759073734283,False,482,2026
shuffle,18,0.9570140838623047,-0.5942249596118927,0.5942249596118927,-2.822096586227417,2.822096586227417,True,482,2026
shuffle,19,0.9252102375030518,-0.06831204891204834,0.06831204891204834,-0.4734923839569092,0.4734923839569092,False,482,2026
shuffle,20,0.9220802187919617,-0.3190283179283142,0.3190283179283142,-1.6382876485586166,1.6382876485586166,False,482,2026
shuffle,21,0.8811339735984802,-0.2978392243385315,0.2978392243385315,-1.5527115762233734,1.5527115762233734,False,482,2026
shuffle,22,0.8850330114364624,-0.6961554139852524,0.6961554139852524,-3.442527651786804,3.442527651786804,True,482,2026
shuffle,23,0.9449594020843506,-0.7947663851082325,0.7947663851082325,-4.503471612930298,4.503471612930298,True,482,2026
shuffle,24,0.7339300513267517,-0.24420619010925293,0.24420619010925293,-1.3314018249511719,1.3314018249511719,False,482,2026
shuffle,25,0.911125123500824,-0.7008103728294373,0.7008103728294373,-3.4774327278137207,3.4774327278137207,True,482,2026
shuffle,26,0.8893101811408997,0.08568334579467773,0.08568334579467773,1.0092308521270752,1.0092308521270752,False,482,2026
shuffle,27,0.2791183888912201,-0.05398070812225342,0.05398070812225342,-0.38526451587677,0.38526451587677,False,482,2026
shuffle,28,0.8488755822181702,0.06436198949813843,0.06436198949813843,0.6702337265014648,0.6702337265014648,False,482,2026
shuffle,29,0.26716479659080505,0.04319113492965698,0.04319113492965698,0.40866732597351074,0.40866732597351074,False,482,2026
uniform,0,0.7664462924003601,-0.0008623600006103516,0.0008623600006103516,-1.7178850173950195,1.7178850173950195,False,484,2026
shuffle,0,0.9538435935974121,-0.004536330699920654,0.004536330699920654,-3.224543571472168,3.224543571472168,False,484,2026
shuffle,1,0.610163688659668,-0.00046181678771972656,0.00046181678771972656,-1.237746238708496,1.237746238708496,False,484,2026
shuffle,2,0.8328379392623901,-0.00018471479415893555,0.00018471479415893555,-0.6824703216552734,0.6824703216552734,False,484,2026
shuffle,3,0.95595383644104,-0.002716958522796631,0.002716958522796631,-2.736542224884033,2.736542224884033,False,484,2026
shuffle,4,0.9680664539337158,-0.001554250717163086,0.001554250717163086,-2.224292755126953,2.224292755126953,False,484,2026
shuffle,5,0.7083481550216675,-5.543231964111328e-05,5.543231964111328e-05,-0.25749969482421875,0.25749969482421875,False,484,2026
shuffle,6,0.9661821722984314,-0.0027129054069519043,0.0027129054069519043,-2.735142230987549,2.735142230987549,False,484,2026
shuffle,7,0.9637160897254944,-0.0011060833930969238,0.0011060833930969238,-1.9265861511230469,1.9265861511230469,False,484,2026
shuffle,8,0.9693237543106079,-0.0010064244270324707,0.0010064244270324707,-1.8464837074279785,1.8464837074279785,False,484,2026
shuffle,9,0.9846605062484741,-0.0025046467781066895,0.0025046467781066895,-2.6604461669921875,2.6604461669921875,False,484,2026
shuffle,10,0.9680920839309692,-0.0018469691276550293,0.0018469691276550293,-2.37984037399292,2.37984037399292,False,484,2026
shuffle,11,0.6967470645904541,-0.00028246641159057617,0.00028246641159057617,-0.9150137901306152,0.9150137901306152,False,484,2026
shuffle,12,0.9729163646697998,-0.0005620718002319336,0.0005620718002319336,-1.3810853958129883,1.3810853958129883,False,484,2026
shuffle,13,0.9587896466255188,-0.0016607046127319336,0.0016607046127319336,-2.283644676208496,2.283644676208496,False,484,2026
shuffle,14,0.7461750507354736,-5.888938903808594e-05,5.888938903808594e-05,-0.2714729309082031,0.2714729309082031,False,484,2026
shuffle,15,0.6113878488540649,7.647275924682617e-05,7.647275924682617e-05,0.5198287963867188,0.5198287963867188,False,484,2026
shuffle,16,0.5664861798286438,-0.0007874369621276855,0.0007874369621276855,-1.6437864303588867,1.6437864303588867,False,484,2026
shuffle,17,0.7250972390174866,1.0728836059570312e-05,1.0728836059570312e-05,0.05872344970703125,0.05872344970703125,False,484,2026
shuffle,18,0.9558977484703064,-0.001092374324798584,0.001092374324798584,-1.9159517288208008,1.9159517288208008,False,484,2026
shuffle,19,0.9684838652610779,-0.0010902881622314453,0.0010902881622314453,-1.9143257141113281,1.9143257141113281,False,484,2026
shuffle,20,0.9829088449478149,-0.0003057122230529785,0.0003057122230529785,-0.963226318359375,0.963226318359375,False,484,2026
shuffle,21,0.4796604812145233,-0.00017827749252319336,0.00017827749252319336,-0.6651411056518555,0.6651411056518555,False,484,2026
shuffle,22,0.9717923998832703,-0.0014110803604125977,0.0014110803604125977,-2.1384310722351074,2.1384310722351074,False,484,2026
shuffle,23,0.9721614122390747,-0.0047223567962646484,0.0047223567962646484,-3.2633585929870605,3.2633585929870605,False,484,2026
shuffle,24,0.8500829935073853,-0.0012552738189697266,0.0012552738189697266,-2.0358099937438965,2.0358099937438965,False,484,2026
shuffle,25,0.9709987044334412,-0.004827916622161865,0.004827916622161865,-3.2847166061401367,3.2847166061401367,False,484,2026
shuffle,26,0.9692292213439941,-0.0014213919639587402,0.0014213919639587402,-2.1448707580566406,2.1448707580566406,False,484,2026
shuffle,27,0.9725423455238342,-0.002781093120574951,0.002781093120574951,-2.758416175842285,2.758416175842285,False,484,2026
shuffle,28,0.9651185274124146,-0.0016731619834899902,0.0016731619834899902,-2.2904176712036133,2.2904176712036133,False,484,2026
shuffle,29,0.987361490726471,-0.0031061172485351562,0.0031061172485351562,-2.862612724304199,2.862612724304199,False,484,2026
uniform,0,0.6689255833625793,-0.44645342230796814,0.44645342230796814,-2.103030115365982,2.103030115365982,True,489,2026
shuffle,0,0.9542706608772278,-0.7292109802365303,0.7292109802365303,-3.7316653728485107,3.7316653728485107,True,489,2026
shuffle,1,0.8101345896720886,-0.4867576062679291,0.4867576062679291,-2.2747358679771423,2.2747358679771423,True,489,2026
shuffle,2,0.9550793170928955,-0.6561444252729416,0.6561444252729416,-3.1520094871520996,3.1520094871520996,True,489,2026
shuffle,3,0.7743921875953674,-0.4883090555667877,0.4883090555667877,-2.2815014123916626,2.2815014123916626,True,489,2026
shuffle,4,0.7770823240280151,-0.24156278371810913,0.24156278371810913,-1.2717009782791138,1.2717009782791138,False,489,2026
shuffle,5,0.7772718667984009,-0.41709911823272705,0.41709911823272705,-1.981813907623291,1.981813907623291,True,489,2026
shuffle,6,0.9536868929862976,-0.6614002287387848,0.6614002287387848,-3.1868780851364136,3.1868780851364136,True,489,2026
shuffle,7,0.5316327214241028,-0.46105220913887024,0.46105220913887024,-2.1644027829170227,2.1644027829170227,True,489,2026
shuffle,8,0.25697359442710876,-0.006524085998535156,0.006524085998535156,-0.0486598014831543,0.0486598014831543,False,489,2026
shuffle,9,0.8834505081176758,-0.50736004114151,0.50736004114151,-2.3657214641571045,2.3657214641571045,True,489,2026
shuffle,10,0.9167255163192749,-0.7331450805068016,0.7331450805068016,-3.771059513092041,3.771059513092041,True,489,2026
shuffle,11,0.5696248412132263,-0.4670852720737457,0.4670852720737457,-2.19001966714859,2.19001966714859,True,489,2026
shuffle,12,0.9194640517234802,-0.5854475498199463,0.5854475498199463,-2.7411320209503174,2.7411320209503174,True,489,2026
shuffle,13,0.7782875299453735,-0.620368093252182,0.620368093252182,-2.9324052333831787,2.9324052333831787,True,489,2026
shuffle,14,0.8850782513618469,-0.42747440934181213,0.42747440934181213,-2.024367392063141,2.024367392063141,True,489,2026
shuffle,15,0.5711634159088135,-0.5428509712219238,0.5428509712219238,-2.529327094554901,2.529327094554901,True,489,2026
shuffle,16,0.4939795136451721,-0.07602250576019287,0.07602250576019287,-0.4908108711242676,0.4908108711242676,False,489,2026
shuffle,17,0.8107521533966064,-0.5344902276992798,0.5344902276992798,-2.4898864030838013,2.4898864030838013,True,489,2026
shuffle,18,0.4983857572078705,-0.03900963068008423,0.03900963068008423,-0.27016961574554443,0.27016961574554443,False,489,2026
shuffle,19,0.9192540645599365,-0.49233314394950867,0.49233314394950867,-2.299111783504486,2.299111783504486,True,489,2026
shuffle,20,0.8842353224754333,-0.6360127031803131,0.6360127031803131,-3.024968385696411,3.024968385696411,True,489,2026
shuffle,21,0.8482840061187744,-0.1610468626022339,0.1610468626022339,-0.9200799465179443,0.9200799465179443,False,489,2026
shuffle,22,0.7777717113494873,-0.5844861567020416,0.5844861567020416,-2.7361197471618652,2.7361197471618652,True,489,2026
shuffle,23,0.8101725578308105,-0.06410235166549683,0.06410235166549683,-0.42272675037384033,0.42272675037384033,False,489,2026
shuffle,24,0.4635772407054901,-0.11517137289047241,0.11517137289047241,-0.6988933086395264,0.6988933086395264,False,489,2026
shuffle,25,0.8102794289588928,-0.1159895658493042,0.1159895658493042,-0.7030268311500549,0.7030268311500549,False,489,2026
shuffle,26,0.9172897934913635,-0.5682713389396667,0.5682713389396667,-2.6533161401748657,2.6533161401748657,True,489,2026
shuffle,27,0.6408633589744568,-0.2037685513496399,0.2037685513496399,-1.1110094785690308,1.1110094785690308,False,489,2026
shuffle,28,0.392392098903656,-0.35747817158699036,0.35747817158699036,-1.741208828985691,1.741208828985691,True,489,2026
shuffle,29,0.7410673499107361,-0.24155020713806152,0.24155020713806152,-1.2716483771800995,1.2716483771800995,False,489,2026
uniform,0,0.603844165802002,-7.814168930053711e-05,7.814168930053711e-05,-0.5822105407714844,0.5822105407714844,False,492,2026
shuffle,0,0.7395199537277222,2.574920654296875e-05,2.574920654296875e-05,0.30109214782714844,0.30109214782714844,False,492,2026
shuffle,1,0.7294114232063293,4.208087921142578e-05,4.208087921142578e-05,0.5538845062255859,0.5538845062255859,False,492,2026
shuffle,2,0.8719929456710815,-1.2874603271484375e-05,1.2874603271484375e-05,-0.12268257141113281,0.12268257141113281,False,492,2026
shuffle,3,0.2778044044971466,-0.00010353326797485352,0.00010353326797485352,-0.7160921096801758,0.7160921096801758,False,492,2026
shuffle,4,0.8706296682357788,-4.4465065002441406e-05,4.4465065002441406e-05,-0.3709278106689453,0.3709278106689453,False,492,2026
shuffle,5,0.8782503008842468,-0.0004495978355407715,0.0004495978355407715,-1.7132072448730469,1.7132072448730469,False,492,2026
shuffle,6,0.8618844747543335,2.6226043701171875e-06,2.6226043701171875e-06,0.02650737762451172,0.02650737762451172,False,492,2026
shuffle,7,0.21456557512283325,-1.5854835510253906e-05,1.5854835510253906e-05,-0.14874935150146484,0.14874935150146484,False,492,2026
shuffle,8,0.8212687373161316,-8.243322372436523e-05,8.243322372436523e-05,-0.6063098907470703,0.6063098907470703,False,492,2026
shuffle,9,0.9439769983291626,-0.00011795759201049805,0.00011795759201049805,-0.7850208282470703,0.7850208282470703,False,492,2026
shuffle,10,0.6762810945510864,-0.00021576881408691406,0.00021576881408691406,-1.157282829284668,1.157282829284668,False,492,2026
shuffle,11,0.8136481046676636,-0.00028133392333984375,0.00028133392333984375,-1.3466663360595703,1.3466663360595703,False,492,2026
shuffle,12,0.8782503008842468,-8.171796798706055e-05,8.171796798706055e-05,-0.6019868850708008,0.6019868850708008,False,492,2026
shuffle,13,0.6762810945510864,-0.0003687143325805664,0.0003687143325805664,-1.553685188293457,1.553685188293457,False,492,2026
shuffle,14,0.8807381391525269,-0.0004519820213317871,0.0004519820213317871,-1.7175283432006836,1.7175283432006836,False,492,2026
shuffle,15,0.9377197027206421,-4.756450653076172e-05,4.756450653076172e-05,-0.39267539978027344,0.39267539978027344,False,492,2026
shuffle,16,0.6800505518913269,5.078315734863281e-05,5.078315734863281e-05,0.7204771041870117,0.7204771041870117,False,492,2026
shuffle,17,0.21207770705223083,-4.744529724121094e-05,4.744529724121094e-05,-0.3918418884277344,0.3918418884277344,False,492,2026
shuffle,18,0.6636846661567688,-8.600950241088867e-05,8.600950241088867e-05,-0.6260147094726562,0.6260147094726562,False,492,2026
shuffle,19,0.6800504922866821,1.8835067749023438e-05,1.8835067749023438e-05,0.2108144760131836,0.2108144760131836,False,492,2026
shuffle,20,0.9377197027206421,-6.878376007080078e-05,6.878376007080078e-05,-0.5278873443603516,0.5278873443603516,False,492,2026
shuffle,21,0.8744808435440063,-0.00011235475540161133,0.00011235475540161133,-0.7586097717285156,0.7586097717285156,False,492,2026
shuffle,22,0.8237566351890564,-0.0001640915870666504,0.0001640915870666504,-0.9779977798461914,0.9779977798461914,False,492,2026
shuffle,23,0.8807380795478821,-0.00033527612686157227,0.00033527612686157227,-1.479146957397461,1.479146957397461,False,492,2026
shuffle,24,0.8643723130226135,-2.0384788513183594e-05,2.0384788513183594e-05,-0.1875171661376953,0.1875171661376953,False,492,2026
shuffle,25,0.0758352279663086,-8.58306884765625e-06,8.58306884765625e-06,-0.08337020874023438,0.08337020874023438,False,492,2026
shuffle,26,0.07334735244512558,7.152557373046875e-07,7.152557373046875e-07,0.0070323944091796875,0.0070323944091796875,False,492,2026
shuffle,27,0.8706296682357788,-6.628036499023438e-05,6.628036499023438e-05,-0.51226806640625,0.51226806640625,False,492,2026
shuffle,28,0.878250241279602,-0.00011843442916870117,0.00011843442916870117,-0.7871246337890625,0.7871246337890625,False,492,2026
shuffle,29,0.7307747006416321,1.430511474609375e-06,1.430511474609375e-06,0.015233993530273438,0.015233993530273438,False,492,2026
uniform,0,0.7873002290725708,0.023083388805389404,0.023083388805389404,0.5201764106750488,0.5201764106750488,False,505,2026
shuffle,0,0.9922817349433899,-0.1357164978981018,0.1357164978981018,-1.3493330478668213,1.3493330478668213,False,505,2026
shuffle,1,0.7957438826560974,0.05582672357559204,0.05582672357559204,2.9696359634399414,2.9696359634399414,False,505,2026
shuffle,2,0.9913779497146606,0.020931541919708252,0.020931541919708252,0.45981383323669434,0.45981383323669434,False,505,2026
shuffle,3,0.9754587411880493,0.034289002418518066,0.034289002418518066,0.9052248001098633,0.9052248001098633,False,505,2026
shuffle,4,0.9236820340156555,-0.03459513187408447,0.03459513187408447,-0.4986720085144043,0.4986720085144043,False,505,2026
shuffle,5,0.9911087155342102,0.03219205141067505,0.03219205141067505,0.8217391967773438,0.8217391967773438,False,505,2026
shuffle,6,0.9820773601531982,0.009904921054840088,0.009904921054840088,0.19412517547607422,0.19412517547607422,False,505,2026
shuffle,7,0.9785938262939453,0.05042535066604614,0.05042535066604614,1.977318286895752,1.977318286895752,False,505,2026
shuffle,8,0.990298330783844,-0.2010677456855774,0.2010677456855774,-1.723323106765747,1.723323106765747,False,505,2026
shuffle,9,0.2678683400154114,-0.060206711292266846,0.060206711292266846,-0.7691333293914795,0.7691333293914795,False,505,2026
shuffle,10,0.9784698486328125,-0.15349960327148438,0.15349960327148438,-1.459044098854065,1.459044098854065,False,505,2026
shuffle,11,0.9285891652107239,-0.20659786462783813,0.20659786462783813,-1.751863718032837,1.751863718032837,False,505,2026
shuffle,12,0.9310762286186218,0.03889971971511841,0.03889971971511841,1.1161179542541504,1.1161179542541504,False,505,2026
shuffle,13,0.9344630837440491,-0.17231738567352295,0.17231738567352295,-1.5680675506591797,1.5680675506591797,False,505,2026
shuffle,14,0.7894637584686279,0.03533494472503662,0.03533494472503662,0.9494805335998535,0.9494805335998535,False,505,2026
shuffle,15,0.9253536462783813,0.05360764265060425,0.05360764265060425,2.441866397857666,2.441866397857666,False,505,2026
shuffle,16,0.9276116490364075,-0.010710656642913818,0.010710656642913818,-0.17816853523254395,0.17816853523254395,False,505,2026
shuffle,17,0.9221292734146118,-0.029141545295715332,0.029141545295715332,-0.4326620101928711,0.4326620101928711,False,505,2026
shuffle,18,0.9858245849609375,0.025905728340148926,0.025905728340148926,0.6048548221588135,0.6048548221588135,False,505,2026
shuffle,19,0.9269952774047852,-0.12827074527740479,0.12827074527740479,-1.3011466264724731,1.3011466264724731,False,505,2026
shuffle,20,0.7919931411743164,0.03707468509674072,0.03707468509674072,1.0274977684020996,1.0274977684020996,False,505,2026
shuffle,21,0.26172518730163574,-0.1311795711517334,0.1311795711517334,-1.320143222808838,1.320143222808838,False,505,2026
shuffle,22,0.9909428954124451,0.008782505989074707,0.008782505989074707,0.17035531997680664,0.17035531997680664,False,505,2026
shuffle,23,0.9309704303741455,-0.10060203075408936,0.10060203075408936,-1.1078298091888428,1.1078298091888428,False,505,2026
shuffle,24,0.7926985025405884,-0.09826880693435669,0.09826880693435669,-1.0903335809707642,1.0903335809707642,False,505,2026
shuffle,25,0.987087070941925,-0.1816747784614563,0.1816747784614563,-1.61996591091156,1.61996591091156,False,505,2026
shuffle,26,0.9799667596817017,0.05566000938415527,0.05566000938415527,2.9188246726989746,2.9188246726989746,False,505,2026
shuffle,27,0.9840222001075745,0.011451125144958496,0.011451125144958496,0.22772550582885742,0.22772550582885742,False,505,2026
shuffle,28,0.9875074028968811,-0.19238591194152832,0.19238591194152832,-1.6777095794677734,1.6777095794677734,False,505,2026
shuffle,29,0.7984316945075989,0.05621528625488281,0.05621528625488281,3.099038600921631,3.099038600921631,False,505,2026
uniform,0,0.6380236744880676,-0.0012705326080322266,0.0012705326080322266,-1.2913002967834473,1.2913002967834473,False,506,2026
shuffle,0,0.948011040687561,-0.0005859732627868652,0.0005859732627868652,-0.7954511642456055,0.7954511642456055,False,506,2026
shuffle,1,0.8591619729995728,-0.0006368756294250488,0.0006368756294250488,-0.8420238494873047,0.8420238494873047,False,506,2026
shuffle,2,0.9307336807250977,-0.008243262767791748,0.008243262767791748,-2.9031810760498047,2.9031810760498047,False,506,2026
shuffle,3,0.8453164100646973,-0.0006486773490905762,0.0006486773490905762,-0.8525257110595703,0.8525257110595703,False,506,2026
shuffle,4,0.9384452104568481,-0.011522829532623291,0.011522829532623291,-3.2255606651306152,3.2255606651306152,False,506,2026
shuffle,5,0.7694934010505676,0.00013458728790283203,0.00013458728790283203,0.3271341323852539,0.3271341323852539,False,506,2026
shuffle,6,0.9385889172554016,-0.004180967807769775,0.004180967807769775,-2.272576332092285,2.272576332092285,False,506,2026
shuffle,7,0.867852509021759,-0.0026147961616516113,0.0026147961616516113,-1.8617792129516602,1.8617792129516602,False,506,2026
shuffle,8,0.1870010793209076,-0.0002224445343017578,0.0002224445343017578,-0.37920618057250977,0.37920618057250977,False,506,2026
shuffle,9,0.814345121383667,-0.0002582669258117676,0.0002582669258117676,-0.42888832092285156,0.42888832092285156,False,506,2026
shuffle,10,0.931209921836853,-0.00045043230056762695,0.00045043230056762695,-0.6597385406494141,0.6597385406494141,False,506,2026
shuffle,11,0.9382053017616272,-0.003699958324432373,0.003699958324432373,-2.1632213592529297,2.1632213592529297,False,506,2026
shuffle,12,0.8614664077758789,-0.0029085874557495117,0.0029085874557495117,-1.9526853561401367,1.9526853561401367,False,506,2026
shuffle,13,0.8677248358726501,-0.010034680366516113,0.010034680366516113,-3.0917181968688965,3.0917181968688965,False,506,2026
shuffle,14,0.18102622032165527,5.048513412475586e-05,5.048513412475586e-05,0.11072444915771484,0.11072444915771484,False,506,2026
shuffle,15,0.8629350662231445,-0.0016405582427978516,0.0016405582427978516,-1.4831676483154297,1.4831676483154297,False,506,2026
shuffle,16,0.8089601993560791,-0.002208709716796875,0.002208709716796875,-1.7208566665649414,1.7208566665649414,False,506,2026
shuffle,17,0.8634814023971558,-0.00809556245803833,0.00809556245803833,-2.8859548568725586,2.8859548568725586,False,506,2026
shuffle,18,0.8657990097999573,6.812810897827148e-05,6.812810897827148e-05,0.15230989456176758,0.15230989456176758,False,506,2026
shuffle,19,0.757400393486023,-1.6570091247558594e-05,1.6570091247558594e-05,-0.033667564392089844,0.033667564392089844,False,506,2026
shuffle,20,0.8677398562431335,-0.0004718899726867676,0.0004718899726867676,-0.6823897361755371,0.6823897361755371,False,506,2026
shuffle,21,0.797736406326294,0.00024396181106567383,0.00024396181106567383,0.7045202255249023,0.7045202255249023,False,506,2026
shuffle,22,0.9384452700614929,-0.011101484298706055,0.011101484298706055,-3.1894030570983887,3.1894030570983887,False,506,2026
shuffle,23,0.7940641045570374,-0.00023871660232543945,0.00023871660232543945,-0.40209484100341797,0.40209484100341797,False,506,2026
shuffle,24,0.863368809223175,-0.006938278675079346,0.006938278675079346,-2.7398643493652344,2.7398643493652344,False,506,2026
shuffle,25,0.7661606669425964,-9.036064147949219e-05,9.036064147949219e-05,-0.1718158721923828,0.1718158721923828,False,506,2026
shuffle,26,0.9250491857528687,-0.0008518695831298828,0.0008518695831298828,-1.0179862976074219,1.0179862976074219,False,506,2026
shuffle,27,0.8774183392524719,-0.00042808055877685547,0.00042808055877685547,-0.6354918479919434,0.6354918479919434,False,506,2026
shuffle,28,0.2706111967563629,-0.00023669004440307617,0.00023669004440307617,-0.3993215560913086,0.3993215560913086,False,506,2026
shuffle,29,0.8614940643310547,-0.0002878904342651367,0.0002878904342651367,-0.4680662155151367,0.4680662155151367,False,506,2026
uniform,0,0.7311047911643982,-0.0016707777976989746,0.0016707777976989746,-0.1708688735961914,0.1708688735961914,False,510,2026
shuffle,0,0.9565383791923523,0.00434565544128418,0.00434565544128418,0.6572842597961426,0.6572842597961426,False,510,2026
shuffle,1,0.8244376182556152,0.006089329719543457,0.006089329719543457,1.1204137802124023,1.1204137802124023,False,510,2026
shuffle,2,0.9142378568649292,-0.020279347896575928,0.020279347896575928,-1.1954684257507324,1.1954684257507324,False,510,2026
shuffle,3,0.9465286135673523,-0.08454328775405884,0.08454328775405884,-2.4240217208862305,2.4240217208862305,False,510,2026
shuffle,4,0.8024805188179016,-0.05331450700759888,0.05331450700759888,-1.9842584133148193,1.9842584133148193,False,510,2026
shuffle,5,0.9377442002296448,0.004704892635345459,0.004704892635345459,0.7368354797363281,0.7368354797363281,False,510,2026
shuffle,6,0.8859877586364746,0.0068756937980651855,0.0068756937980651855,1.4282708168029785,1.4282708168029785,False,510,2026
shuffle,7,0.9034231901168823,0.0044904351234436035,0.0044904351234436035,0.6886014938354492,0.6886014938354492,False,510,2026
shuffle,8,0.9038935899734497,0.006669938564300537,0.006669938564300537,1.3381662368774414,1.3381662368774414,False,510,2026
shuffle,9,0.9071383476257324,0.003481924533843994,0.003481924533843994,0.48827457427978516,0.48827457427978516,False,510,2026
shuffle,10,0.852310836315155,0.0037250518798828125,0.0037250518798828125,0.5330615043640137,0.5330615043640137,False,510,2026
shuffle,11,0.8408389687538147,-0.02513742446899414,0.02513742446899414,-1.353689193725586,1.353689193725586,False,510,2026
shuffle,12,0.9258311986923218,-0.038643479347229004,0.038643479347229004,-1.7005958557128906,1.7005958557128906,False,510,2026
shuffle,13,0.9172807931900024,0.003184080123901367,0.003184080123901367,0.4360013008117676,0.4360013008117676,False,510,2026
shuffle,14,0.8773662447929382,-0.043946027755737305,0.043946027755737305,-1.8115739822387695,1.8115739822387695,False,510,2026
shuffle,15,0.9263702034950256,0.007184028625488281,0.007184028625488281,1.5805063247680664,1.5805063247680664,False,510,2026
shuffle,16,0.8910557627677917,-0.0305936336517334,0.0305936336517334,-1.507371425628662,1.507371425628662,False,510,2026
shuffle,17,0.8323743343353271,0.002670466899871826,0.002670466899871826,0.3517322540283203,0.3517322540283203,False,510,2026
shuffle,18,0.8449499607086182,0.005136430263519287,0.005136430263519287,0.8415184020996094,0.8415184020996094,False,510,2026
shuffle,19,0.6742828488349915,-0.013070225715637207,0.013070225715637207,-0.9061212539672852,0.9061212539672852,False,510,2026
shuffle,20,0.7091339826583862,-0.03325432538986206,0.03325432538986206,-1.5750832557678223,1.5750832557678223,False,510,2026
shuffle,21,0.9361311197280884,-0.0073128342628479,0.0073128342628479,-0.5989866256713867,0.5989866256713867,False,510,2026
shuffle,22,0.9564782381057739,-0.035726845264434814,0.035726845264434814,-1.6344547271728516,1.6344547271728516,False,510,2026
shuffle,23,0.9037822484970093,-0.08643984794616699,0.08643984794616699,-2.4461750984191895,2.4461750984191895,False,510,2026
shuffle,24,0.9438983201980591,-0.003409743309020996,0.003409743309020996,-0.32277345657348633,0.32277345657348633,False,510,2026
shuffle,25,0.8659449219703674,0.00545811653137207,0.00545811653137207,0.927302360534668,0.927302360534668,False,510,2026
shuffle,26,0.8737093210220337,0.0036706924438476562,0.0036706924438476562,0.5228691101074219,0.5228691101074219,False,510,2026
shuffle,27,0.8253047466278076,0.004485726356506348,0.004485726356506348,0.6875553131103516,0.6875553131103516,False,510,2026
shuffle,28,0.948117733001709,0.003514111042022705,0.003514111042022705,0.4941086769104004,0.4941086769104004,False,510,2026
shuffle,29,0.8112810254096985,-0.040385544300079346,0.040385544300079346,-1.7382941246032715,1.7382941246032715,False,510,2026
uniform,0,0.7345746159553528,-0.03854203224182129,0.03854203224182129,-2.101830244064331,2.101830244064331,False,513,2026
shuffle,0,0.8686822652816772,-0.019693970680236816,0.019693970680236816,-1.525714635848999,1.525714635848999,False,513,2026
shuffle,1,0.9498429894447327,-0.04004669189453125,0.04004669189453125,-2.1369125843048096,2.1369125843048096,False,513,2026
shuffle,2,0.6863093972206116,-0.004824399948120117,0.004824399948120117,-0.6250104904174805,0.6250104904174805,False,513,2026
shuffle,3,0.644770622253418,-0.008980333805084229,0.008980333805084229,-0.9643239974975586,0.9643239974975586,False,513,2026
shuffle,4,0.9180089235305786,-0.0295066237449646,0.0295066237449646,-1.8634872436523438,1.8634872436523438,False,513,2026
shuffle,5,0.9640954732894897,-0.23252135515213013,0.23252135515213013,-4.0137457847595215,4.0137457847595215,False,513,2026
shuffle,6,0.9606283903121948,-0.01800704002380371,0.01800704002380371,-1.4550042152404785,1.4550042152404785,False,513,2026
shuffle,7,0.8782227039337158,-0.10425376892089844,0.10425376892089844,-3.084588050842285,3.084588050842285,False,513,2026
shuffle,8,0.6690860986709595,-0.1700924038887024,0.1700924038887024,-3.6309642791748047,3.6309642791748047,False,513,2026
shuffle,9,0.9526112079620361,-0.06877827644348145,0.06877827644348145,-2.6555867195129395,2.6555867195129395,False,513,2026
shuffle,10,0.9300646781921387,-0.04009324312210083,0.04009324312210083,-2.13798189163208,2.13798189163208,False,513,2026
shuffle,11,0.4327292740345001,-0.0020480751991271973,0.0020480751991271973,-0.31304359436035156,0.31304359436035156,False,513,2026
shuffle,12,0.9231672883033752,-0.016951382160186768,0.016951382160186768,-1.4082050323486328,1.4082050323486328,False,513,2026
shuffle,13,0.8919404745101929,-0.1316215991973877,0.1316215991973877,-3.3382359743118286,3.3382359743118286,False,513,2026
shuffle,14,0.9313575625419617,-0.049848079681396484,0.049848079681396484,-2.3416941165924072,2.3416941165924072,False,513,2026
shuffle,15,0.8908115029335022,-0.2476099729537964,0.2476099729537964,-4.095184087753296,4.095184087753296,False,513,2026
shuffle,16,0.905832827091217,-0.01245492696762085,0.01245492696762085,-1.1814074516296387,1.1814074516296387,False,513,2026
shuffle,17,0.8878428339958191,-0.018534302711486816,0.018534302711486816,-1.4776191711425781,1.4776191711425781,False,513,2026
shuffle,18,0.9590929746627808,-0.0289192795753479,0.0289192795753479,-1.8460137844085693,1.8460137844085693,False,513,2026
shuffle,19,0.9529378414154053,-0.04480409622192383,0.04480409622192383,-2.2410202026367188,2.2410202026367188,False,513,2026
shuffle,20,0.8982552289962769,-0.04502880573272705,0.04502880573272705,-2.2457056045532227,2.2457056045532227,False,513,2026
shuffle,21,0.8876844644546509,-0.5123021900653839,0.5123021900653839,-5.248369097709656,5.248369097709656,True,513,2026
shuffle,22,0.9424468874931335,-0.12251973152160645,0.12251973152160645,-3.2591177225112915,3.2591177225112915,False,513,2026
shuffle,23,0.6822397112846375,-0.005204498767852783,0.005204498767852783,-0.6611466407775879,0.6611466407775879,False,513,2026
shuffle,24,0.9754568338394165,-0.02990543842315674,0.02990543842315674,-1.875192642211914,1.875192642211914,False,513,2026
shuffle,25,0.9824972152709961,-0.12375640869140625,0.12375640869140625,-3.2701423168182373,3.2701423168182373,False,513,2026
shuffle,26,0.8617592453956604,-0.06165105104446411,0.06165105104446411,-2.547206401824951,2.547206401824951,False,513,2026
shuffle,27,0.9263228178024292,-0.030292987823486328,0.030292987823486328,-1.886446237564087,1.886446237564087,False,513,2026
shuffle,28,0.8341181874275208,-0.011126935482025146,0.011126935482025146,-1.1037211418151855,1.1037211418151855,False,513,2026
shuffle,29,0.7177356481552124,-0.046141982078552246,0.046141982078552246,-2.2686212062835693,2.2686212062835693,False,513,2026
uniform,0,0.7004244327545166,-0.02776515483856201,0.02776515483856201,-1.3316116333007812,1.3316116333007812,False,518,2026
shuffle,0,0.8745372891426086,-0.005330324172973633,0.005330324172973633,-0.42060232162475586,0.42060232162475586,False,518,2026
shuffle,1,0.8706096410751343,-0.06755977869033813,0.06755977869033813,-2.0887155532836914,2.0887155532836914,False,518,2026
shuffle,2,0.1197965145111084,-0.0066727399826049805,0.0066727399826049805,-0.5040764808654785,0.5040764808654785,False,518,2026
shuffle,3,0.9852474927902222,-0.11131364107131958,0.11131364107131958,-2.5830076932907104,2.5830076932907104,False,518,2026
shuffle,4,0.8789582252502441,0.0036302804946899414,0.0036302804946899414,0.4352607727050781,0.4352607727050781,False,518,2026
shuffle,5,0.9787916541099548,-0.010842859745025635,0.010842859745025635,-0.7273650169372559,0.7273650169372559,False,518,2026
shuffle,6,0.8665462136268616,0.0041291117668151855,0.0041291117668151855,0.5128011703491211,0.5128011703491211,False,518,2026
shuffle,7,0.9530063271522522,-0.062253713607788086,0.062253713607788086,-2.012448310852051,2.012448310852051,False,518,2026
shuffle,8,0.18987524509429932,-0.004388332366943359,0.004388332366943359,-0.3577146530151367,0.3577146530151367,False,518,2026
shuffle,9,0.15064433217048645,-0.0037162303924560547,0.0037162303924560547,-0.3103814125061035,0.3103814125061035,False,518,2026
shuffle,10,0.8687769174575806,-0.025798916816711426,0.025798916816711426,-1.2766146659851074,1.2766146659851074,False,518,2026
shuffle,11,0.8720425963401794,-0.06493818759918213,0.06493818759918213,-2.0516514778137207,2.0516514778137207,False,518,2026
shuffle,12,0.9874781966209412,-0.14051228761672974,0.14051228761672974,-2.8319127559661865,2.8319127559661865,False,518,2026
shuffle,13,0.9842456579208374,-0.07413071393966675,0.07413071393966675,-2.176832675933838,2.176832675933838,False,518,2026
shuffle,14,0.1110084056854248,-0.003512442111968994,0.003512442111968994,-0.2955942153930664,0.2955942153930664,False,518,2026
shuffle,15,0.870803952217102,-0.04718494415283203,0.04718494415283203,-1.7637321949005127,1.7637321949005127,False,518,2026
shuffle,16,0.23512136936187744,-0.011975407600402832,0.011975407600402832,-0.780569314956665,0.780569314956665,False,518,2026
shuffle,17,0.9789354801177979,-0.15188175439834595,0.15188175439834595,-2.9180476665496826,2.9180476665496826,False,518,2026
shuffle,18,0.8979293704032898,-0.008288085460662842,0.008288085460662842,-0.5963420867919922,0.5963420867919922,False,518,2026
shuffle,19,0.988622784614563,-0.18396812677383423,0.18396812677383423,-3.1375646591186523,3.1375646591186523,False,518,2026
shuffle,20,0.7979521751403809,0.004667758941650391,0.004667758941650391,0.6038284301757812,0.6038284301757812,False,518,2026
shuffle,21,0.9076603651046753,-0.1198611855506897,0.1198611855506897,-2.6606805324554443,2.6606805324554443,False,518,2026
shuffle,22,0.9464560151100159,0.001673579216003418,0.001673579216003418,0.17794036865234375,0.17794036865234375,False,518,2026
shuffle,23,0.9044278264045715,-0.1396470069885254,0.1396470069885254,-2.825141668319702,2.825141668319702,False,518,2026
shuffle,24,0.9497231245040894,-0.17515790462493896,0.17515790462493896,-3.080290913581848,3.080290913581848,False,518,2026
shuffle,25,0.8769721388816833,-0.03906983137130737,0.03906983137130737,-1.6031346321105957,1.6031346321105957,False,518,2026
shuffle,26,0.9062779545783997,-0.012649476528167725,0.012649476528167725,-0.8109972476959229,0.8109972476959229,False,518,2026
shuffle,27,0.9089070558547974,0.0037083029747009277,0.0037083029747009277,0.4470033645629883,0.4470033645629883,False,518,2026
shuffle,28,0.20199745893478394,-0.00849217176437378,0.00849217176437378,-0.6074395179748535,0.6074395179748535,False,518,2026
shuffle,29,0.9853993654251099,0.0025235414505004883,0.0025235414505004883,0.2818136215209961,0.2818136215209961,False,518,2026
uniform,0,0.7467799782752991,-0.016332805156707764,0.016332805156707764,-0.10387802124023438,0.10387802124023438,False,528,2026
shuffle,0,0.6754443049430847,0.040339112281799316,0.040339112281799316,0.2908799648284912,0.2908799648284912,False,528,2026
shuffle,1,0.9334287643432617,-0.31659039855003357,0.31659039855003357,-1.4830152243375778,1.4830152243375778,True,528,2026
shuffle,2,0.93328458070755,0.005031704902648926,0.005031704902648926,0.033392906188964844,0.033392906188964844,False,528,2026
shuffle,3,0.7642598152160645,0.13384747505187988,0.13384747505187988,1.4053645133972168,1.4053645133972168,False,528,2026
shuffle,4,0.9530952572822571,-0.19703620672225952,0.19703620672225952,-0.99628746509552,0.99628746509552,False,528,2026
shuffle,5,0.5074367523193359,0.09044665098190308,0.09044665098190308,0.7646627426147461,0.7646627426147461,False,528,2026
shuffle,6,0.9283677339553833,-0.19856351613998413,0.19856351613998413,-1.0027368068695068,1.0027368068695068,False,528,2026
shuffle,7,0.45701009035110474,-0.042382895946502686,0.042382895946502686,-0.2574775218963623,0.2574775218963623,False,528,2026
shuffle,8,0.9342647194862366,0.07262998819351196,0.07262998819351196,0.5759992599487305,0.5759992599487305,False,528,2026
shuffle,9,0.7570094466209412,0.11836469173431396,0.11836469173431396,1.1348168849945068,1.1348168849945068,False,528,2026
shuffle,10,0.9419032335281372,-0.0727737545967102,0.0727737545967102,-0.42195987701416016,0.42195987701416016,False,528,2026
shuffle,11,0.94638991355896,-0.1828562617301941,0.1828562617301941,-0.9359291195869446,0.9359291195869446,False,528,2026
shuffle,12,0.5492089986801147,-0.05872160196304321,0.05872160196304321,-0.34761571884155273,0.34761571884155273,False,528,2026
shuffle,13,0.7576687335968018,0.02184528112411499,0.02184528112411499,0.15048694610595703,0.15048694610595703,False,528,2026
shuffle,14,0.9687773585319519,0.0767364501953125,0.0767364501953125,0.617070198059082,0.617070198059082,False,528,2026
shuffle,15,0.9692124128341675,-0.06060636043548584,0.06060636043548584,-0.35774850845336914,0.35774850845336914,False,528,2026
shuffle,16,0.9694396257400513,-0.2239927053451538,0.2239927053451538,-1.1088393330574036,1.1088393330574036,False,528,2026
shuffle,17,0.6506564021110535,0.07403349876403809,0.07403349876403809,0.5898904800415039,0.5898904800415039,False,528,2026
shuffle,18,0.6729644536972046,-0.3439770042896271,0.3439770042896271,-1.5927262008190155,1.5927262008190155,True,528,2026
shuffle,19,0.9600439667701721,0.07459384202957153,0.07459384202957153,0.5954780578613281,0.5954780578613281,False,528,2026
shuffle,20,0.9560320377349854,0.013747334480285645,0.013747334480285645,0.09297347068786621,0.09297347068786621,False,528,2026
shuffle,21,0.9551759958267212,0.01957571506500244,0.01957571506500244,0.1341463327407837,0.1341463327407837,False,528,2026
shuffle,22,0.5399195551872253,-0.010049045085906982,0.010049045085906982,-0.06468486785888672,0.06468486785888672,False,528,2026
shuffle,23,0.9460358619689941,0.07027977705001831,0.07027977705001831,0.5530657768249512,0.5530657768249512,False,528,2026
shuffle,24,0.9724737405776978,-0.04088562726974487,0.04088562726974487,-0.24899768829345703,0.24899768829345703,False,528,2026
shuffle,25,0.6849880218505859,-0.14822661876678467,0.14822661876678467,-0.7841970920562744,0.7841970920562744,False,528,2026
shuffle,26,0.9475797414779663,-0.226343035697937,0.226343035697937,-1.118537575006485,1.118537575006485,False,528,2026
shuffle,27,0.9885740876197815,-0.06254452466964722,0.06254452466964722,-0.36811399459838867,0.36811399459838867,False,528,2026
shuffle,28,0.9576212763786316,0.1268693208694458,0.1268693208694458,1.275425910949707,1.275425910949707,False,528,2026
shuffle,29,0.7732680439949036,-0.22971069812774658,0.22971069812774658,-1.1324049830436707,1.1324049830436707,False,528,2026
uniform,0,0.6617002487182617,-0.14737826585769653,0.14737826585769653,-0.9983830451965332,0.9983830451965332,False,532,2026
shuffle,0,0.8948401808738708,-0.10871630907058716,0.10871630907058716,-0.7889862060546875,0.7889862060546875,False,532,2026
shuffle,1,0.8752919435501099,-0.16283518075942993,0.16283518075942993,-1.0764611959457397,1.0764611959457397,False,532,2026
shuffle,2,0.8905174732208252,-0.022076964378356934,0.022076964378356934,-0.19833898544311523,0.19833898544311523,False,532,2026
shuffle,3,0.9452916979789734,-0.3083995580673218,0.3083995580673218,-1.7212033867835999,1.7212033867835999,False,532,2026
shuffle,4,0.8541733026504517,-0.33801817893981934,0.33801817893981934,-1.8414417803287506,1.8414417803287506,False,532,2026
shuffle,5,0.9141325950622559,-0.20294344425201416,0.20294344425201416,-1.2677544355392456,1.2677544355392456,False,532,2026
shuffle,6,0.8770763874053955,-0.30167651176452637,0.30167651176452637,-1.693638414144516,1.693638414144516,False,532,2026
shuffle,7,0.5730146765708923,-0.40868687629699707,0.40868687629699707,-2.1246974989771843,2.1246974989771843,True,532,2026
shuffle,8,0.8365319967269897,-0.157370924949646,0.157370924949646,-1.0491751432418823,1.0491751432418823,False,532,2026
shuffle,9,0.8895900249481201,0.008742034435272217,0.008742034435272217,0.08759474754333496,0.08759474754333496,False,532,2026
shuffle,10,0.549490213394165,-0.09497153759002686,0.09497153759002686,-0.7085301876068115,0.7085301876068115,False,532,2026
shuffle,11,0.9080184698104858,-0.14114415645599365,0.14114415645599365,-0.9660711288452148,0.9660711288452148,False,532,2026
shuffle,12,0.7870370149612427,-0.14054352045059204,0.14054352045059204,-0.9629316329956055,0.9629316329956055,False,532,2026
shuffle,13,0.8696637153625488,-0.057139575481414795,0.057139575481414795,-0.4649226665496826,0.4649226665496826,False,532,2026
shuffle,14,0.9331212043762207,-0.07452887296676636,0.07452887296676636,-0.5814470052719116,0.5814470052719116,False,532,2026
shuffle,15,0.9408414363861084,-0.2797473669052124,0.2797473669052124,-1.6028022170066833,1.6028022170066833,False,532,2026
shuffle,16,0.8756128549575806,-0.3611142039299011,0.3611142039299011,-1.9342606142163277,1.9342606142163277,False,532,2026
shuffle,17,0.9144018888473511,0.019579291343688965,0.019579291343688965,0.2052783966064453,0.2052783966064453,False,532,2026
shuffle,18,0.8942545652389526,0.011256039142608643,0.011256039142608643,0.11393213272094727,0.11393213272094727,False,532,2026
shuffle,19,0.8610800504684448,-0.09778088331222534,0.09778088331222534,-0.7252751588821411,0.7252751588821411,False,532,2026
shuffle,20,0.8846695423126221,0.028725624084472656,0.028725624084472656,0.31408214569091797,0.31408214569091797,False,532,2026
shuffle,21,0.7334346175193787,-0.11894190311431885,0.11894190311431885,-0.8466089963912964,0.8466089963912964,False,532,2026
shuffle,22,0.8298057317733765,-0.10824036598205566,0.10824036598205566,-0.786259651184082,0.786259651184082,False,532,2026
shuffle,23,0.7145768404006958,0.0190923810005188,0.0190923810005188,0.19974756240844727,0.19974756240844727,False,532,2026
shuffle,24,0.8676519989967346,-0.04789215326309204,0.04789215326309204,-0.3991842269897461,0.3991842269897461,False,532,2026
shuffle,25,0.814376950263977,-0.12413221597671509,0.12413221597671509,-0.8751953840255737,0.8751953840255737,False,532,2026
shuffle,26,0.9122520089149475,-0.23695075511932373,0.23695075511932373,-1.4200963377952576,1.4200963377952576,False,532,2026
shuffle,27,0.8617833852767944,-0.24027711153030396,0.24027711153030396,-1.4346145987510681,1.4346145987510681,False,532,2026
shuffle,28,0.7468833923339844,-0.15999490022659302,0.15999490022659302,-1.0623193979263306,1.0623193979263306,False,532,2026
shuffle,29,0.8791570663452148,-0.1351999044418335,0.1351999044418335,-0.9347842931747437,0.9347842931747437,False,532,2026
uniform,0,0.8302429914474487,-0.006251394748687744,0.006251394748687744,-2.399463176727295,2.399463176727295,False,533,2026
shuffle,0,0.972263753414154,-0.06591057777404785,0.06591057777404785,-4.730616569519043,4.730616569519043,False,533,2026
shuffle,1,0.9540659785270691,-0.002325892448425293,0.002325892448425293,-1.5501823425292969,1.5501823425292969,False,533,2026
shuffle,2,0.9556967616081238,-0.007305502891540527,0.007305502891540527,-2.5430941581726074,2.5430941581726074,False,533,2026
shuffle,3,0.9624096751213074,-0.0050241947174072266,0.0050241947174072266,-2.201756477355957,2.201756477355957,False,533,2026
shuffle,4,0.7245018482208252,-0.00040847063064575195,0.00040847063064575195,-0.5012507438659668,0.5012507438659668,False,533,2026
shuffle,5,0.7179486751556396,0.00022912025451660156,0.00022912025451660156,0.45363378524780273,0.45363378524780273,False,533,2026
shuffle,6,0.9576472043991089,-0.004553079605102539,0.004553079605102539,-2.1142616271972656,2.1142616271972656,False,533,2026
shuffle,7,0.9602422118186951,-8.440017700195312e-05,8.440017700195312e-05,-0.12626028060913086,0.12626028060913086,False,533,2026
shuffle,8,0.9604735374450684,-0.008114993572235107,0.008114993572235107,-2.641049861907959,2.641049861907959,False,533,2026
shuffle,9,0.7270247936248779,5.1915645599365234e-05,5.1915645599365234e-05,0.08609247207641602,0.08609247207641602,False,533,2026
shuffle,10,0.987758219242096,-0.2361324429512024,0.2361324429512024,-6.201206684112549,6.201206684112549,False,533,2026
shuffle,11,0.9501280188560486,-0.00755232572555542,0.00755232572555542,-2.573972225189209,2.573972225189209,False,533,2026
shuffle,12,0.9442490935325623,-0.020773768424987793,0.020773768424987793,-3.5490994453430176,3.5490994453430176,False,533,2026
shuffle,13,0.9662668704986572,-0.019898653030395508,0.019898653030395508,-3.5064549446105957,3.5064549446105957,False,533,2026
shuffle,14,0.7063964009284973,-0.003346741199493408,0.003346741199493408,-1.848015308380127,1.848015308380127,False,533,2026
shuffle,15,0.9519344568252563,-0.129638671875,0.129638671875,-5.473128080368042,5.473128080368042,False,533,2026
shuffle,16,0.9562105536460876,-0.0015330314636230469,0.0015330314636230469,-1.2369112968444824,1.2369112968444824,False,533,2026
shuffle,17,0.7156689167022705,0.00012367963790893555,0.00012367963790893555,0.21925878524780273,0.21925878524780273,False,533,2026
shuffle,18,0.9679098129272461,-0.001875162124633789,0.001875162124633789,-1.3842086791992188,1.3842086791992188,False,533,2026
shuffle,19,0.9491704106330872,-0.0007355213165283203,0.0007355213165283203,-0.7756648063659668,0.7756648063659668,False,533,2026
shuffle,20,0.9529734253883362,-0.004919886589050293,0.004919886589050293,-2.1830215454101562,2.1830215454101562,False,533,2026
shuffle,21,0.9565783143043518,-0.00026726722717285156,0.00026726722717285156,-0.3546762466430664,0.3546762466430664,False,533,2026
shuffle,22,0.965311586856842,-0.01808851957321167,0.01808851957321167,-3.412294626235962,3.412294626235962,False,533,2026
shuffle,23,0.9694967865943909,-0.008734464645385742,0.008734464645385742,-2.7101311683654785,2.7101311683654785,False,533,2026
shuffle,24,0.7173064947128296,0.0004585385322570801,0.0004585385322570801,1.308668613433838,1.308668613433838,False,533,2026
shuffle,25,0.9579492211341858,-0.0012428760528564453,0.0012428760528564453,-1.0924630165100098,1.0924630165100098,False,533,2026
shuffle,26,0.9599328637123108,-0.00014728307723999023,0.00014728307723999023,-0.21078729629516602,0.21078729629516602,False,533,2026
shuffle,27,0.9418866038322449,-0.0008259415626525879,0.0008259415626525879,-0.8400177955627441,0.8400177955627441,False,533,2026
shuffle,28,0.9634042382240295,-0.004324734210968018,0.004324734210968018,-2.0689754486083984,2.0689754486083984,False,533,2026
shuffle,29,0.9772257804870605,-0.045989930629730225,0.045989930629730225,-4.353704929351807,4.353704929351807,False,533,2026
uniform,0,0.702788770198822,-0.0004010200500488281,0.0004010200500488281,-1.5976896286010742,1.5976896286010742,False,537,2026
shuffle,0,0.9167883992195129,-0.002934396266937256,0.002934396266937256,-3.398280143737793,3.398280143737793,False,537,2026
shuffle,1,0.6723905801773071,2.467632293701172e-05,2.467632293701172e-05,0.2776966094970703,0.2776966094970703,False,537,2026
shuffle,2,0.8434774875640869,-0.0030041933059692383,0.0030041933059692383,-3.421046257019043,3.421046257019043,False,537,2026
shuffle,3,0.7805983424186707,2.586841583251953e-05,2.586841583251953e-05,0.2927560806274414,0.2927560806274414,False,537,2026
shuffle,4,0.9614253044128418,-0.0014311671257019043,0.0014311671257019043,-2.713348388671875,2.713348388671875,False,537,2026
shuffle,5,0.9291594624519348,-0.0006060600280761719,0.0006060600280761719,-1.9397344589233398,1.9397344589233398,False,537,2026
shuffle,6,0.778688371181488,-0.0006454586982727051,0.0006454586982727051,-1.9939332008361816,1.9939332008361816,False,537,2026
shuffle,7,0.8697671890258789,-3.600120544433594e-05,3.600120544433594e-05,-0.30300426483154297,0.30300426483154297,False,537,2026
shuffle,8,0.9289941787719727,-0.0035941600799560547,0.0035941600799560547,-3.595547676086426,3.595547676086426,False,537,2026
shuffle,9,0.9138175845146179,-0.0003726482391357422,0.0003726482391357422,-1.5394363403320312,1.5394363403320312,False,537,2026
shuffle,10,0.6600182056427002,-0.00017625093460083008,0.00017625093460083008,-1.0050783157348633,1.0050783157348633,False,537,2026
shuffle,11,0.9110932350158691,-0.000527799129486084,0.000527799129486084,-1.822636604309082,1.822636604309082,False,537,2026
shuffle,12,0.8692892789840698,-0.004652202129364014,0.004652202129364014,-3.8483762741088867,3.8483762741088867,False,537,2026
shuffle,13,0.7859070897102356,5.53131103515625e-05,5.53131103515625e-05,0.7829446792602539,0.7829446792602539,False,537,2026
shuffle,14,0.8560301661491394,-0.00026023387908935547,0.00026023387908935547,-1.2689776420593262,1.2689776420593262,False,537,2026
shuffle,15,0.45975950360298157,-0.00010246038436889648,0.00010246038436889648,-0.6964969635009766,0.6964969635009766,False,537,2026
shuffle,16,0.7306825518608093,-7.671117782592773e-05,7.671117782592773e-05,-0.5619096755981445,0.5619096755981445,False,537,2026
shuffle,17,0.8643910884857178,-0.0004571080207824707,0.0004571080207824707,-1.703476905822754,1.703476905822754,False,537,2026
shuffle,18,0.857072114944458,-0.003332078456878662,0.003332078456878662,-3.521761894226074,3.521761894226074,False,537,2026
shuffle,19,0.8929890394210815,-0.004366695880889893,0.004366695880889893,-3.7861671447753906,3.7861671447753906,False,537,2026
shuffle,20,0.9145503044128418,-0.00017780065536499023,0.00017780065536499023,-1.010422706604004,1.010422706604004,False,537,2026
shuffle,21,0.8830787539482117,-0.00032454729080200195,0.00032454729080200195,-1.4326467514038086,1.4326467514038086,False,537,2026
shuffle,22,0.7406176328659058,4.5299530029296875e-06,4.5299530029296875e-06,0.04553985595703125,0.04553985595703125,False,537,2026
shuffle,23,0.9039154648780823,-0.0025826096534729004,0.0025826096534729004,-3.2747840881347656,3.2747840881347656,False,537,2026
shuffle,24,0.7085546255111694,-0.0003275275230407715,0.0003275275230407715,-1.4395737648010254,1.4395737648010254,False,537,2026
shuffle,25,0.8785751461982727,-0.0005652308464050293,0.0005652308464050293,-1.880415916442871,1.880415916442871,False,537,2026
shuffle,26,0.9560156464576721,-9.745359420776367e-05,9.745359420776367e-05,-0.6717376708984375,0.6717376708984375,False,537,2026
shuffle,27,0.45471492409706116,-0.0002205371856689453,0.0002205371856689453,-1.1529436111450195,1.1529436111450195,False,537,2026
shuffle,28,0.4385620057582855,-0.0002828836441040039,0.0002828836441040039,-1.3294620513916016,1.3294620513916016,False,537,2026
shuffle,29,0.7015987634658813,-0.0011562705039978027,0.0011562705039978027,-2.515476703643799,2.515476703643799,False,537,2026
uniform,0,0.8760786652565002,0.26222890615463257,0.26222890615463257,1.2463574707508087,1.2463574707508087,False,540,2026
shuffle,0,0.9961355924606323,0.3396255373954773,0.3396255373954773,1.8438638746738434,1.8438638746738434,False,540,2026
shuffle,1,0.01028504315763712,-0.0062863826751708984,0.0062863826751708984,-0.0253046452999115,0.0253046452999115,False,540,2026
shuffle,2,0.9971293210983276,-0.02687162160873413,0.02687162160873413,-0.10788416862487793,0.10788416862487793,False,540,2026
shuffle,3,0.9982118606567383,0.3570590615272522,0.3570590615272522,2.0238894522190094,2.0238894522190094,False,540,2026
shuffle,4,0.9974167943000793,0.358536958694458,0.358536958694458,2.0403956472873688,2.0403956472873688,False,540,2026
shuffle,5,0.9883822798728943,0.42520779371261597,0.42520779371261597,3.2375272810459137,3.2375272810459137,False,540,2026
shuffle,6,0.0102806705981493,-0.0032942891120910645,0.0032942891120910645,-0.013266727328300476,0.013266727328300476,False,540,2026
shuffle,7,0.9965549111366272,0.3339084982872009,0.3339084982872009,1.789891630411148,1.789891630411148,False,540,2026
shuffle,8,0.9945268630981445,0.34155702590942383,0.34155702590942383,1.8626112043857574,1.8626112043857574,False,540,2026
shuffle,9,0.9971336722373962,0.02029794454574585,0.02029794454574585,0.0821240246295929,0.0821240246295929,False,540,2026
shuffle,10,0.9963452219963074,0.14964061975479126,0.14964061975479126,0.6399205029010773,0.6399205029010773,False,540,2026
shuffle,11,0.9964209794998169,0.33348649740219116,0.33348649740219116,1.785994440317154,1.785994440317154,False,540,2026
shuffle,12,0.9952693581581116,0.34150516986846924,0.34150516986846924,1.8621038496494293,1.8621038496494293,False,540,2026
shuffle,13,0.9974167943000793,-0.02544581890106201,0.02544581890106201,-0.10217468440532684,0.10217468440532684,False,540,2026
shuffle,14,0.9964253306388855,0.14925962686538696,0.14925962686538696,0.6381318867206573,0.6381318867206573,False,540,2026
shuffle,15,0.9963518977165222,0.32589447498321533,0.32589447498321533,1.717744141817093,1.717744141817093,False,540,2026
shuffle,16,0.9974233508110046,0.35775554180145264,0.35775554180145264,2.0316411554813385,2.0316411554813385,False,540,2026
shuffle,17,0.9974234104156494,0.1531270146369934,0.1531270146369934,0.6563424170017242,0.6563424170017242,False,540,2026
shuffle,18,0.9900392889976501,0.42481446266174316,0.42481446266174316,3.22490993142128,3.22490993142128,False,540,2026
shuffle,19,0.9962608218193054,-0.024424612522125244,0.024424612522125244,-0.09808453917503357,0.09808453917503357,False,540,2026
shuffle,20,0.9972071051597595,0.33223098516464233,0.33223098516464233,1.774464637041092,1.774464637041092,False,540,2026
shuffle,21,0.9872251152992249,0.339701771736145,0.339701771736145,1.8445984423160553,1.8445984423160553,False,540,2026
shuffle,22,0.9882616996765137,0.42467236518859863,0.42467236518859863,3.2203859388828278,3.2203859388828278,False,540,2026
shuffle,23,0.9890477657318115,0.15506207942962646,0.15506207942962646,0.6655028164386749,0.6655028164386749,False,540,2026
shuffle,24,0.9963452219963074,0.153231680393219,0.153231680393219,0.6568370759487152,0.6568370759487152,False,540,2026
shuffle,25,0.9963452219963074,0.3243430256843567,0.3243430256843567,1.7042118608951569,1.7042118608951569,False,540,2026
shuffle,26,0.9963868260383606,0.3584078550338745,0.3584078550338745,2.0389448702335358,2.0389448702335358,False,540,2026
shuffle,27,0.9971269369125366,0.020367801189422607,0.020367801189422607,0.08240780234336853,0.08240780234336853,False,540,2026
shuffle,28,0.010285044088959694,-0.0077822208404541016,0.0077822208404541016,-0.031318798661231995,0.031318798661231995,False,540,2026
shuffle,29,0.9880497455596924,-0.029227375984191895,0.029227375984191895,-0.1173153817653656,0.1173153817653656,False,540,2026
uniform,0,0.812341570854187,-0.010356783866882324,0.010356783866882324,-3.008477210998535,3.008477210998535,False,551,2026
shuffle,0,0.981400191783905,-0.0073909759521484375,0.0073909759521484375,-2.687925338745117,2.687925338745117,False,551,2026
shuffle,1,0.9378446340560913,-0.006605684757232666,0.006605684757232666,-2.5829267501831055,2.5829267501831055,False,551,2026
shuffle,2,0.9590718746185303,-0.033901870250701904,0.033901870250701904,-4.183142185211182,4.183142185211182,False,551,2026
shuffle,3,0.9335983395576477,-0.0034406185150146484,0.0034406185150146484,-1.9950876235961914,1.9950876235961914,False,551,2026
shuffle,4,0.9482498168945312,-0.0021039843559265137,0.0021039843559265137,-1.5850954055786133,1.5850954055786133,False,551,2026
shuffle,5,0.877677857875824,-0.0033951997756958008,0.0033951997756958008,-1.9835567474365234,1.9835567474365234,False,551,2026
shuffle,6,0.9701946973800659,-0.0485500693321228,0.0485500693321228,-4.55278205871582,4.55278205871582,False,551,2026
shuffle,7,0.9430437088012695,-0.02310270071029663,0.02310270071029663,-3.7958531379699707,3.7958531379699707,False,551,2026
shuffle,8,0.9547333121299744,-0.007770180702209473,0.007770180702209473,-2.7349915504455566,2.7349915504455566,False,551,2026
shuffle,9,0.9499074220657349,-0.056739747524261475,0.056739747524261475,-4.7157111167907715,4.7157111167907715,False,551,2026
shuffle,10,0.9696913361549377,-0.026152968406677246,0.026152968406677246,-3.920306444168091,3.920306444168091,False,551,2026
shuffle,11,0.9519630670547485,-0.039765119552612305,0.039765119552612305,-4.346422910690308,4.346422910690308,False,551,2026
shuffle,12,0.9690418839454651,-0.01001828908920288,0.01001828908920288,-2.9765963554382324,2.9765963554382324,False,551,2026
shuffle,13,0.9606461524963379,-0.04271209239959717,0.04271209239959717,-4.420061826705933,4.420061826705933,False,551,2026
shuffle,14,0.9371640086174011,-0.0032486319541931152,0.0032486319541931152,-1.945516586303711,1.945516586303711,False,551,2026
shuffle,15,0.9784967303276062,-0.0014216899871826172,0.0014216899871826172,-1.2864017486572266,1.2864017486572266,False,551,2026
shuffle,16,0.9722895622253418,-0.03990828990936279,0.03990828990936279,-4.350119352340698,4.350119352340698,False,551,2026
shuffle,17,0.9209377765655518,-0.05852317810058594,0.05852317810058594,-4.748263835906982,4.748263835906982,False,551,2026
shuffle,18,0.976287305355072,-0.002960801124572754,0.002960801124572754,-1.8663082122802734,1.8663082122802734,False,551,2026
shuffle,19,0.977697491645813,-0.03389638662338257,0.03389638662338257,-4.182977676391602,4.182977676391602,False,551,2026
shuffle,20,0.9227541089057922,-0.0021326541900634766,0.0021326541900634766,-1.5958671569824219,1.5958671569824219,False,551,2026
shuffle,21,0.9569503664970398,-0.00685805082321167,0.00685805082321167,-2.6178627014160156,2.6178627014160156,False,551,2026
shuffle,22,0.9568946957588196,-0.07971465587615967,0.07971465587615967,-5.077621936798096,5.077621936798096,False,551,2026
shuffle,23,0.9083061218261719,-0.005509436130523682,0.005509436130523682,-2.415372848510742,2.415372848510742,False,551,2026
shuffle,24,0.9785969257354736,-0.07524967193603516,0.07524967193603516,-5.015539646148682,5.015539646148682,False,551,2026
shuffle,25,0.949951708316803,-0.047596096992492676,0.047596096992492676,-4.532156467437744,4.532156467437744,False,551,2026
shuffle,26,0.9648760557174683,-0.006432473659515381,0.006432473659515381,-2.5582165718078613,2.5582165718078613,False,551,2026
shuffle,27,0.8915898203849792,-0.02623617649078369,0.02623617649078369,-3.9235079288482666,3.9235079288482666,False,551,2026
shuffle,28,0.9640400409698486,-0.0031746625900268555,0.0031746625900268555,-1.9257316589355469,1.9257316589355469,False,551,2026
shuffle,29,0.942467212677002,-0.014339566230773926,0.014339566230773926,-3.323948860168457,3.323948860168457,False,551,2026
uniform,0,0.8419129252433777,0.2406943440437317,0.2406943440437317,1.3509153127670288,1.3509153127670288,False,561,2026
shuffle,0,0.9833975434303284,0.33903968334198,0.33903968334198,2.7684437036514282,2.7684437036514282,False,561,2026
shuffle,1,0.9762086868286133,0.12368553876876831,0.12368553876876831,0.5803838968276978,0.5803838968276978,False,561,2026
shuffle,2,0.13309022784233093,-0.05042546987533569,0.05042546987533569,-0.2102181315422058,0.2102181315422058,False,561,2026
shuffle,3,0.948152482509613,0.3572595715522766,0.3572595715522766,3.4828721284866333,3.4828721284866333,False,561,2026
shuffle,4,0.9863298535346985,0.21808958053588867,0.21808958053588867,1.1693017482757568,1.1693017482757568,False,561,2026
shuffle,5,0.9821583032608032,0.21072018146514893,0.21072018146514893,1.1147321462631226,1.1147321462631226,False,561,2026
shuffle,6,0.9715476036071777,0.3115120530128479,0.3115120530128479,2.1756502389907837,2.1756502389907837,False,561,2026
shuffle,7,0.9782050848007202,0.05518680810928345,0.05518680810928345,0.243677020072937,0.243677020072937,False,561,2026
shuffle,8,0.9836686253547668,0.32065504789352417,0.32065504789352417,2.3398510217666626,2.3398510217666626,False,561,2026
shuffle,9,0.9785144329071045,0.2105587124824524,0.2105587124824524,1.1135594844818115,1.1135594844818115,False,561,2026
shuffle,10,0.98227459192276,-0.049008846282958984,0.049008846282958984,-0.20442146062850952,0.20442146062850952,False,561,2026
shuffle,11,0.9814452528953552,0.22623181343078613,0.22623181343078613,1.2320691347122192,1.2320691347122192,False,561,2026
shuffle,12,0.9859638810157776,0.15128320455551147,0.15128320455551147,0.7327350378036499,0.7327350378036499,False,561,2026
shuffle,13,0.9453597664833069,0.14687120914459229,0.14687120914459229,0.7075364589691162,0.7075364589691162,False,561,2026
shuffle,14,0.14517803490161896,-0.022045373916625977,0.022045373916625977,-0.09299987554550171,0.09299987554550171,False,561,2026
shuffle,15,0.9757627844810486,0.06791698932647705,0.06791698932647705,0.3027989864349365,0.3027989864349365,False,561,2026
shuffle,16,0.954610288143158,0.19990235567092896,0.19990235567092896,1.0380698442459106,1.0380698442459106,False,561,2026
shuffle,17,0.9137616753578186,-0.05975484848022461,0.05975484848022461,-0.24827224016189575,0.24827224016189575,False,561,2026
shuffle,18,0.9764617681503296,-0.032972097396850586,0.032972097396850586,-0.1384219527244568,0.1384219527244568,False,561,2026
shuffle,19,0.9883574843406677,0.19673281908035278,0.19673281908035278,1.0163177251815796,1.0163177251815796,False,561,2026
shuffle,20,0.9718963503837585,0.3685547113418579,0.3685547113418579,4.470111966133118,4.470111966133118,False,561,2026
shuffle,21,0.9851202964782715,0.03758448362350464,0.03758448362350464,0.16392749547958374,0.16392749547958374,False,561,2026
shuffle,22,0.9006168842315674,0.25406020879745483,0.25406020879745483,1.4707518815994263,1.4707518815994263,False,561,2026
shuffle,23,0.9532298445701599,0.11911249160766602,0.11911249160766602,0.5562484264373779,0.5562484264373779,False,561,2026
shuffle,24,0.9582357406616211,-0.12944296002388,0.12944296002388,-0.5284954980015755,0.5284954980015755,True,561,2026
shuffle,25,0.9495630264282227,0.18936413526535034,0.18936413526535034,0.9668885469436646,0.9668885469436646,False,561,2026
shuffle,26,0.1542746126651764,-0.05214273929595947,0.05214273929595947,-0.2172379493713379,0.2172379493713379,False,561,2026
shuffle,27,0.9494497776031494,0.3688315153121948,0.3688315153121948,4.511748433113098,4.511748433113098,False,561,2026
shuffle,28,0.9719892144203186,0.18884801864624023,0.18884801864624023,0.963483452796936,0.963483452796936,False,561,2026
shuffle,29,0.9747958779335022,0.20183420181274414,0.20183420181274414,1.0514798164367676,1.0514798164367676,False,561,2026
uniform,0,0.8009620904922485,-0.012341022491455078,0.012341022491455078,-2.043710708618164,2.043710708618164,False,567,2026
shuffle,0,0.99092698097229,-0.02975088357925415,0.02975088357925415,-2.861595630645752,2.861595630645752,False,567,2026
shuffle,1,0.9341564178466797,-0.028858423233032227,0.028858423233032227,-2.8320388793945312,2.8320388793945312,False,567,2026
shuffle,2,0.41327452659606934,-0.008207976818084717,0.008207976818084717,-1.6956615447998047,1.6956615447998047,False,567,2026
shuffle,3,0.6446021199226379,-0.000612795352935791,0.000612795352935791,-0.28498077392578125,0.28498077392578125,False,567,2026
shuffle,4,0.9416306018829346,-0.03547483682632446,0.03547483682632446,-3.0339365005493164,3.0339365005493164,False,567,2026
shuffle,5,0.992406964302063,-0.03001326322555542,0.03001326322555542,-2.870133638381958,2.870133638381958,False,567,2026
shuffle,6,0.8189876079559326,-0.0019434690475463867,0.0019434690475463867,-0.7164192199707031,0.7164192199707031,False,567,2026
shuffle,7,0.9351668357849121,-0.035991132259368896,0.035991132259368896,-3.048203945159912,3.048203945159912,False,567,2026
shuffle,8,0.8244390487670898,-0.009114980697631836,0.009114980697631836,-1.7828092575073242,1.7828092575073242,False,567,2026
shuffle,9,0.433353990316391,-0.008480668067932129,0.008480668067932129,-1.722651481628418,1.722651481628418,False,567,2026
shuffle,10,0.9682109355926514,-0.006726324558258057,0.006726324558258057,-1.5350303649902344,1.5350303649902344,False,567,2026
shuffle,11,0.8233280181884766,-0.027169466018676758,0.027169466018676758,-2.7737512588500977,2.7737512588500977,False,567,2026
shuffle,12,0.592416524887085,-0.00045794248580932617,0.00045794248580932617,-0.22024965286254883,0.22024965286254883,False,567,2026
shuffle,13,0.9382438659667969,-0.006788909435272217,0.006788909435272217,-1.5423521995544434,1.5423521995544434,False,567,2026
shuffle,14,0.8049117922782898,-0.0249025821685791,0.0249025821685791,-2.690122127532959,2.690122127532959,False,567,2026
shuffle,15,0.9915552139282227,-0.012097477912902832,0.012097477912902832,-2.026165008544922,2.026165008544922,False,567,2026
shuffle,16,0.767020583152771,-0.0009347200393676758,0.0009347200393676758,-0.40752506256103516,0.40752506256103516,False,567,2026
shuffle,17,0.9941253662109375,-0.014287710189819336,0.014287710189819336,-2.1741228103637695,2.1741228103637695,False,567,2026
shuffle,18,0.5875406265258789,0.0005394816398620605,0.0005394816398620605,0.34247398376464844,0.34247398376464844,False,567,2026
shuffle,19,0.9375240802764893,-0.002007007598876953,0.002007007598876953,-0.7330245971679688,0.7330245971679688,False,567,2026
shuffle,20,0.8192412853240967,-0.017935216426849365,0.017935216426849365,-2.3814659118652344,2.3814659118652344,False,567,2026
shuffle,21,0.8217424154281616,-0.020950138568878174,0.020950138568878174,-2.5262885093688965,2.5262885093688965,False,567,2026
shuffle,22,0.9344449043273926,-0.003597080707550049,0.003597080707550049,-1.0788354873657227,1.0788354873657227,False,567,2026
shuffle,23,0.9914471507072449,-0.010335385799407959,0.010335385799407959,-1.8894548416137695,1.8894548416137695,False,567,2026
shuffle,24,0.998180627822876,-0.008705854415893555,0.008705854415893555,-1.744420051574707,1.744420051574707,False,567,2026
shuffle,25,0.9740333557128906,-0.02629011869430542,0.02629011869430542,-2.7420902252197266,2.7420902252197266,False,567,2026
shuffle,26,0.914954423904419,-0.014580726623535156,0.014580726623535156,-2.1923999786376953,2.1923999786376953,False,567,2026
shuffle,27,0.7827678918838501,-0.0005852580070495605,0.0005852580070495605,-0.2737751007080078,0.2737751007080078,False,567,2026
shuffle,28,0.8210813999176025,-0.04318344593048096,0.04318344593048096,-3.229661464691162,3.229661464691162,False,567,2026
shuffle,29,0.8137414455413818,-0.0037636756896972656,0.0037636756896972656,-1.109053611755371,1.109053611755371,False,567,2026
uniform,0,0.6806315183639526,-0.006543934345245361,0.006543934345245361,-0.2167196273803711,0.2167196273803711,False,569,2026
shuffle,0,0.9178400635719299,-0.0334700345993042,0.0334700345993042,-0.8212053775787354,0.8212053775787354,False,569,2026
shuffle,1,0.9191010594367981,-0.12500017881393433,0.12500017881393433,-1.8356194496154785,1.8356194496154785,False,569,2026
shuffle,2,0.9220266938209534,-0.038209378719329834,0.038209378719329834,-0.9005293846130371,0.9005293846130371,False,569,2026
shuffle,3,0.8260093927383423,-0.043841540813446045,0.043841540813446045,-0.9882087707519531,0.9882087707519531,False,569,2026
shuffle,4,0.899963915348053,0.009078800678253174,0.009078800678253174,0.4010610580444336,0.4010610580444336,False,569,2026
shuffle,5,0.8134029507637024,-0.014285087585449219,0.014285087585449219,-0.4269237518310547,0.4269237518310547,False,569,2026
shuffle,6,0.8978981971740723,-0.04901176691055298,0.04901176691055298,-1.063281774520874,1.063281774520874,False,569,2026
shuffle,7,0.908458948135376,-0.008907616138458252,0.008907616138458252,-0.2853412628173828,0.2853412628173828,False,569,2026
shuffle,8,0.8804918527603149,0.008176982402801514,0.008176982402801514,0.35360121726989746,0.35360121726989746,False,569,2026
shuffle,9,0.9082410335540771,0.003671109676361084,0.003671109676361084,0.1442580223083496,0.1442580223083496,False,569,2026
shuffle,10,0.9280081987380981,-0.07810389995574951,0.07810389995574951,-1.4157359600067139,1.4157359600067139,False,569,2026
shuffle,11,0.936253011226654,-0.023975372314453125,0.023975372314453125,-0.6433887481689453,0.6433887481689453,False,569,2026
shuffle,12,0.7685020565986633,0.018862366676330566,0.018862366676330566,1.1383261680603027,1.1383261680603027,False,569,2026
shuffle,13,0.9563890695571899,0.009252786636352539,0.009252786636352539,0.41046667098999023,0.41046667098999023,False,569,2026
shuffle,14,0.8709840774536133,-0.07926291227340698,0.07926291227340698,-1.4278976917266846,1.4278976917266846,False,569,2026
shuffle,15,0.8906774520874023,0.01255887746810913,0.01255887746810913,0.6077322959899902,0.6077322959899902,False,569,2026
shuffle,16,0.9203030467033386,-0.010077595710754395,0.010077595710754395,-0.31775665283203125,0.31775665283203125,False,569,2026
shuffle,17,0.9402322173118591,0.012979447841644287,0.012979447841644287,0.6357631683349609,0.6357631683349609,False,569,2026
shuffle,18,0.7407739758491516,-0.0402522087097168,0.0402522087097168,-0.9331035614013672,0.9331035614013672,False,569,2026
shuffle,19,0.822922945022583,0.018627047538757324,0.018627047538757324,1.112694263458252,1.112694263458252,False,569,2026
shuffle,20,0.2764420509338379,0.00922548770904541,0.00922548770904541,0.40898656845092773,0.40898656845092773,False,569,2026
shuffle,21,0.7631022930145264,-0.04237961769104004,0.04237961769104004,-0.9660799503326416,0.9660799503326416,False,569,2026
shuffle,22,0.8755123615264893,0.015515506267547607,0.015515506267547607,0.8231391906738281,0.8231391906738281,False,569,2026
shuffle,23,0.7147372364997864,0.003989279270172119,0.003989279270172119,0.1577448844909668,0.1577448844909668,False,569,2026
shuffle,24,0.7659589052200317,0.008111059665679932,0.008111059665679932,0.35021066665649414,0.35021066665649414,False,569,2026
shuffle,25,0.7675579190254211,-0.06154453754425049,0.06154453754425049,-1.2277154922485352,1.2277154922485352,False,569,2026
shuffle,26,0.880329966545105,0.018361449241638184,0.018361449241638184,1.0845122337341309,1.0845122337341309,False,569,2026
shuffle,27,0.9185284376144409,-0.06192433834075928,0.06192433834075928,-1.2323637008666992,1.2323637008666992,False,569,2026
shuffle,28,0.8653854131698608,0.00595325231552124,0.00595325231552124,0.24505257606506348,0.24505257606506348,False,569,2026
shuffle,29,0.9135991930961609,0.01062631607055664,0.01062631607055664,0.4879150390625,0.4879150390625,False,569,2026
uniform,0,0.31420233845710754,0.008008956909179688,0.008008956909179688,0.4479961395263672,0.4479961395263672,False,578,2026
shuffle,0,0.1529058814048767,0.0028576254844665527,0.0028576254844665527,0.13870906829833984,0.13870906829833984,False,578,2026
shuffle,1,0.3006334900856018,0.005433261394500732,0.005433261394500732,0.2818427085876465,0.2818427085876465,False,578,2026
shuffle,2,0.3006334900856018,0.005433261394500732,0.005433261394500732,0.2818427085876465,0.2818427085876465,False,578,2026
shuffle,3,0.1529058814048767,0.0028576254844665527,0.0028576254844665527,0.13870906829833984,0.13870906829833984,False,578,2026
shuffle,4,0.4535393714904785,0.010102808475494385,0.010102808475494385,0.6061191558837891,0.6061191558837891,False,578,2026
shuffle,5,0.3006334900856018,0.005433261394500732,0.005433261394500732,0.2818427085876465,0.2818427085876465,False,578,2026
shuffle,6,0.3277711570262909,0.011147141456604004,0.011147141456604004,0.6951227188110352,0.6951227188110352,False,578,2026
shuffle,7,0.12576822936534882,-0.0019004344940185547,0.0019004344940185547,-0.0830070972442627,0.0830070972442627,False,578,2026
shuffle,8,0.17486527562141418,0.004224658012390137,0.004224658012390137,0.21221685409545898,0.21221685409545898,False,578,2026
shuffle,9,0.4535393714904785,0.0071533918380737305,0.0071533918380737305,0.38979005813598633,0.38979005813598633,False,578,2026
shuffle,10,0.4535393714904785,0.010774970054626465,0.010774970054626465,0.662510871887207,0.662510871887207,False,578,2026
shuffle,11,0.4535393714904785,0.007243812084197998,0.007243812084197998,0.39578676223754883,0.39578676223754883,False,578,2026
shuffle,12,0.6284046173095703,0.011859774589538574,0.011859774589538574,0.7606363296508789,0.7606363296508789,False,578,2026
shuffle,13,0.3277711570262909,0.009220421314239502,0.009220421314239502,0.5364933013916016,0.5364933013916016,False,578,2026
shuffle,14,0.6284046173095703,0.012996792793273926,0.012996792793273926,0.874727725982666,0.874727725982666,False,578,2026
shuffle,15,0.4535393714904785,0.010774970054626465,0.010774970054626465,0.662510871887207,0.662510871887207,False,578,2026
shuffle,16,0.0,0.0,0.0,0.0,0.0,False,578,2026
shuffle,17,0.6284046173095703,0.011859774589538574,0.011859774589538574,0.7606363296508789,0.7606363296508789,False,578,2026
shuffle,18,0.4535393714904785,0.010774970054626465,0.010774970054626465,0.662510871887207,0.662510871887207,False,578,2026
shuffle,19,0.3277711570262909,0.011147141456604004,0.011147141456604004,0.6951227188110352,0.6951227188110352,False,578,2026
shuffle,20,0.4535393714904785,0.0071533918380737305,0.0071533918380737305,0.38979005813598633,0.38979005813598633,False,578,2026
shuffle,21,0.4535393714904785,0.010774970054626465,0.010774970054626465,0.662510871887207,0.662510871887207,False,578,2026
shuffle,22,0.3277711570262909,0.009220421314239502,0.009220421314239502,0.5364933013916016,0.5364933013916016,False,578,2026
shuffle,23,0.12576822936534882,-0.0019004344940185547,0.0019004344940185547,-0.0830070972442627,0.0830070972442627,False,578,2026
shuffle,24,0.3277711570262909,0.011147141456604004,0.011147141456604004,0.6951227188110352,0.6951227188110352,False,578,2026
shuffle,25,0.0,0.0,0.0,0.0,0.0,False,578,2026
shuffle,26,0.12576822936534882,-0.0019004344940185547,0.0019004344940185547,-0.0830070972442627,0.0830070972442627,False,578,2026
shuffle,27,0.3006334900856018,0.00030159950256347656,0.00030159950256347656,0.013798713684082031,0.013798713684082031,False,578,2026
shuffle,28,0.4535393714904785,0.011126279830932617,0.011126279830932617,0.6932716369628906,0.6932716369628906,False,578,2026
shuffle,29,0.4535393714904785,0.00975191593170166,0.00975191593170166,0.5778608322143555,0.5778608322143555,False,578,2026
uniform,0,0.7918390035629272,0.06069391965866089,0.06069391965866089,0.5504875183105469,0.5504875183105469,False,583,2026
shuffle,0,0.9886585474014282,-0.2586302161216736,0.2586302161216736,-1.3331654369831085,1.3331654369831085,False,583,2026
shuffle,1,0.9601558446884155,0.07912927865982056,0.07912927865982056,0.7783942222595215,0.7783942222595215,False,583,2026
shuffle,2,0.9879411458969116,0.15166723728179932,0.15166723728179932,3.241870880126953,3.241870880126953,False,583,2026
shuffle,3,0.9865204691886902,0.15164655447006226,0.15164655447006226,3.239027500152588,3.239027500152588,False,583,2026
shuffle,4,0.9886584877967834,-0.2615388035774231,0.2615388035774231,-1.3451128602027893,1.3451128602027893,False,583,2026
shuffle,5,0.9594385623931885,-0.26564061641693115,0.26564061641693115,-1.3619231581687927,1.3619231581687927,False,583,2026
shuffle,6,0.9879411458969116,0.15162354707717896,0.15162354707717896,3.235888957977295,3.235888957977295,False,583,2026
shuffle,7,0.9273771643638611,-0.0025665760040283203,0.0025665760040283203,-0.019069194793701172,0.019069194793701172,False,583,2026
shuffle,8,0.029923316091299057,0.0019312500953674316,0.0019312500953674316,0.01451408863067627,0.01451408863067627,False,583,2026
shuffle,9,0.9580178260803223,0.07939177751541138,0.07939177751541138,0.7819714546203613,0.7819714546203613,False,583,2026
shuffle,10,0.9886584877967834,0.07661807537078857,0.07661807537078857,0.7447056770324707,0.7447056770324707,False,583,2026
shuffle,11,0.9886585474014282,0.0602031946182251,0.0602031946182251,0.5449647903442383,0.5449647903442383,False,583,2026
shuffle,12,0.9601559042930603,0.07874774932861328,0.07874774932861328,0.7732143402099609,0.7732143402099609,False,583,2026
shuffle,13,0.9886585474014282,0.0761864185333252,0.0761864185333252,0.7390108108520508,0.7390108108520508,False,583,2026
shuffle,14,0.9900791645050049,0.06072962284088135,0.06072962284088135,0.5508909225463867,0.5508909225463867,False,583,2026
shuffle,15,0.0327477753162384,-0.007729709148406982,0.007729709148406982,-0.05670177936553955,0.05670177936553955,False,583,2026
shuffle,16,0.9900791645050049,0.07581663131713867,0.07581663131713867,0.7341513633728027,0.7341513633728027,False,583,2026
shuffle,17,0.9580178260803223,-0.008379697799682617,0.008379697799682617,-0.061372995376586914,0.061372995376586914,False,583,2026
shuffle,18,0.9879411458969116,0.15166699886322021,0.15166699886322021,3.2418346405029297,3.2418346405029297,False,583,2026
shuffle,19,0.9566280841827393,0.15153604745864868,0.15153604745864868,3.2240185737609863,3.2240185737609863,False,583,2026
shuffle,20,0.9601558446884155,-0.266352117061615,0.266352117061615,-1.3648345470428467,1.3648345470428467,False,583,2026
shuffle,21,0.9295151829719543,-0.00356370210647583,0.00356370210647583,-0.026411771774291992,0.026411771774291992,False,583,2026
shuffle,22,0.9601558446884155,-0.2662225365638733,0.2662225365638733,-1.3643044829368591,1.3643044829368591,False,583,2026
shuffle,23,0.9900791645050049,0.06072962284088135,0.06072962284088135,0.5508909225463867,0.5508909225463867,False,583,2026
shuffle,24,0.03416846692562103,-0.007033884525299072,0.007033884525299072,-0.05168569087982178,0.05168569087982178,False,583,2026
shuffle,25,0.9865204691886902,0.15163809061050415,0.15163809061050415,3.237879753112793,3.237879753112793,False,583,2026
shuffle,26,0.9886585474014282,-0.26154476404190063,0.26154476404190063,-1.3451373279094696,1.3451373279094696,False,583,2026
shuffle,27,0.9259874224662781,-0.00214463472366333,0.00214463472366333,-0.015950679779052734,0.015950679779052734,False,583,2026
shuffle,28,0.9580178260803223,-0.26686638593673706,0.26686638593673706,-1.3669382333755493,1.3669382333755493,False,583,2026
shuffle,29,0.9580178260803223,0.07974249124526978,0.07974249124526978,0.7867679595947266,0.7867679595947266,False,583,2026
uniform,0,0.8847030401229858,-0.03944098949432373,0.03944098949432373,-4.915374279022217,4.915374279022217,False,587,2026
shuffle,0,0.9984091520309448,-0.008395016193389893,0.008395016193389893,-3.364227294921875,3.364227294921875,False,587,2026
shuffle,1,0.8866167664527893,-0.030110836029052734,0.030110836029052734,-4.638147354125977,4.638147354125977,False,587,2026
shuffle,2,0.9991568326950073,-0.025863170623779297,0.025863170623779297,-4.4833478927612305,4.4833478927612305,False,587,2026
shuffle,3,0.999706506729126,-0.06646710634231567,0.06646710634231567,-5.462717056274414,5.462717056274414,False,587,2026
shuffle,4,0.8853163123130798,-0.00023025274276733398,0.00023025274276733398,-0.5649204254150391,0.5649204254150391,False,587,2026
shuffle,5,0.9988669157028198,-0.3632458448410034,0.3632458448410034,-7.540114879608154,7.540114879608154,False,587,2026
shuffle,6,0.9997072219848633,-0.01663792133331299,0.01663792133331299,-4.03918981552124,4.03918981552124,False,587,2026
shuffle,7,0.9993952512741089,-0.09600526094436646,0.09600526094436646,-5.861177682876587,5.861177682876587,False,587,2026
shuffle,8,0.996629536151886,-0.008103728294372559,0.008103728294372559,-3.329868793487549,3.329868793487549,False,587,2026
shuffle,9,0.9974960088729858,-0.10099709033966064,0.10099709033966064,-5.91724967956543,5.91724967956543,False,587,2026
shuffle,10,0.9968881011009216,-0.1511945128440857,0.1511945128440857,-6.377206802368164,6.377206802368164,False,587,2026
shuffle,11,0.0033747435081750154,-1.0728836059570312e-06,1.0728836059570312e-06,-0.0035552978515625,0.0035552978515625,False,587,2026
shuffle,12,0.1164599135518074,-0.00022596120834350586,0.00022596120834350586,-0.5567903518676758,0.5567903518676758,False,587,2026
shuffle,13,0.9977622032165527,-0.037865519523620605,0.037865519523620605,-4.873288869857788,4.873288869857788,False,587,2026
shuffle,14,0.9980990886688232,-0.058486223220825195,0.058486223220825195,-5.326905727386475,5.326905727386475,False,587,2026
shuffle,15,0.885188639163971,-0.013858139514923096,0.013858139514923096,-3.8571438789367676,3.8571438789367676,False,587,2026
shuffle,16,0.9968316555023193,-0.041525065898895264,0.041525065898895264,-4.968656539916992,4.968656539916992,False,587,2026
shuffle,17,0.8866173028945923,-0.0002453923225402832,0.0002453923225402832,-0.592799186706543,0.592799186706543,False,587,2026
shuffle,18,0.8860949277877808,-0.28550946712493896,0.28550946712493896,-7.184299468994141,7.184299468994141,False,587,2026
shuffle,19,0.8861070871353149,-0.0004862546920776367,0.0004862546920776367,-0.9568719863891602,0.9568719863891602,False,587,2026
shuffle,20,0.9996886253356934,-0.0689498782157898,0.0689498782157898,-5.501891136169434,5.501891136169434,False,587,2026
shuffle,21,0.8857977986335754,-0.053433239459991455,0.053433239459991455,-5.231680631637573,5.231680631637573,False,587,2026
shuffle,22,0.9975042939186096,-0.45776230096817017,0.45776230096817017,-7.93197500705719,7.93197500705719,False,587,2026
shuffle,23,0.9980992078781128,-0.05863827466964722,0.05863827466964722,-5.329650402069092,5.329650402069092,False,587,2026
shuffle,24,0.8833606243133545,-0.038714468479156494,0.038714468479156494,-4.896170616149902,4.896170616149902,False,587,2026
shuffle,25,0.9984848499298096,-0.1209823489189148,0.1209823489189148,-6.1197967529296875,6.1197967529296875,False,587,2026
shuffle,26,0.8864063024520874,-0.0002320408821105957,0.0002320408821105957,-0.5682659149169922,0.5682659149169922,False,587,2026
shuffle,27,0.9981602430343628,-0.1506217122077942,0.1506217122077942,-6.372743129730225,6.372743129730225,False,587,2026
shuffle,28,0.9974884986877441,-0.062163472175598145,0.062163472175598145,-5.391490459442139,5.391490459442139,False,587,2026
shuffle,29,0.9964854121208191,-0.11355924606323242,0.11355924606323242,-6.048228025436401,6.048228025436401,False,587,2026
uniform,0,0.7493420243263245,0.11149340867996216,0.11149340867996216,0.9163620471954346,0.9163620471954346,False,595,2026
shuffle,0,0.9457343816757202,0.17801517248153687,0.17801517248153687,2.230595350265503,2.230595350265503,False,595,2026
shuffle,1,0.9296751022338867,-0.5507197827100754,0.5507197827100754,-2.484704613685608,2.484704613685608,True,595,2026
shuffle,2,0.9612676501274109,-0.3188188970088959,0.3188188970088959,-1.4507329612970352,1.4507329612970352,True,595,2026
shuffle,3,0.8427737951278687,0.010293126106262207,0.010293126106262207,0.06438517570495605,0.06438517570495605,False,595,2026
shuffle,4,0.9090684056282043,0.1683558225631714,0.1683558225631714,1.9143908023834229,1.9143908023834229,False,595,2026
shuffle,5,0.9214881658554077,0.1614058017730713,0.1614058017730713,1.7333719730377197,1.7333719730377197,False,595,2026
shuffle,6,0.22639364004135132,-0.053665876388549805,0.053665876388549805,-0.3024410009384155,0.3024410009384155,False,595,2026
shuffle,7,0.8880178332328796,0.17922967672348022,0.17922967672348022,2.2779362201690674,2.2779362201690674,False,595,2026
shuffle,8,0.922573447227478,-0.5783379226922989,0.5783379226922989,-2.6405633687973022,2.6405633687973022,True,595,2026
shuffle,9,0.9632502794265747,0.0731472373008728,0.0731472373008728,0.5294084548950195,0.5294084548950195,False,595,2026
shuffle,10,0.94291090965271,0.18543875217437744,0.18543875217437744,2.5602729320526123,2.5602729320526123,False,595,2026
shuffle,11,0.9282194972038269,0.013271570205688477,0.013271570205688477,0.08349394798278809,0.08349394798278809,False,595,2026
shuffle,12,0.9471555948257446,0.06957310438156128,0.06957310438156128,0.49853217601776123,0.49853217601776123,False,595,2026
shuffle,13,0.8234090209007263,0.09134835004806519,0.09134835004806519,0.698735237121582,0.698735237121582,False,595,2026
shuffle,14,0.9632241725921631,0.17536765336990356,0.17536765336990356,2.1341915130615234,2.1341915130615234,False,595,2026
shuffle,15,0.9212046265602112,0.1028551459312439,0.1028551459312439,0.8184037208557129,0.8184037208557129,False,595,2026
shuffle,16,0.9435883164405823,-0.5936529487371445,0.5936529487371445,-2.7332264184951782,2.7332264184951782,True,595,2026
shuffle,17,0.9098458290100098,0.18416184186935425,0.18416184186935425,2.4956514835357666,2.4956514835357666,False,595,2026
shuffle,18,0.9572558403015137,-0.03931993246078491,0.03931993246078491,-0.22621047496795654,0.22621047496795654,False,595,2026
shuffle,19,0.9328698515892029,0.09438616037368774,0.09438616037368774,0.729255199432373,0.729255199432373,False,595,2026
shuffle,20,0.8950710296630859,0.15635401010513306,0.15635401010513306,1.6183726787567139,1.6183726787567139,False,595,2026
shuffle,21,0.936351478099823,0.19888442754745483,0.19888442754745483,3.739426851272583,3.739426851272583,False,595,2026
shuffle,22,0.842199981212616,0.1587437391281128,0.1587437391281128,1.6712806224822998,1.6712806224822998,False,595,2026
shuffle,23,0.880463182926178,-0.032781004905700684,0.032781004905700684,-0.19046342372894287,0.19046342372894287,False,595,2026
shuffle,24,0.836940586566925,0.10107511281967163,0.10107511281967163,0.7991392612457275,0.7991392612457275,False,595,2026
shuffle,25,0.9563616514205933,-0.1545695662498474,0.1545695662498474,-0.7781438827514648,0.7781438827514648,False,595,2026
shuffle,26,0.9517605304718018,0.044651687145233154,0.044651687145233154,0.3003389835357666,0.3003389835357666,False,595,2026
shuffle,27,0.9263594150543213,0.09455174207687378,0.09455174207687378,0.7309396266937256,0.7309396266937256,False,595,2026
shuffle,28,0.9179098010063171,0.17644363641738892,0.17644363641738892,2.1723220348358154,2.1723220348358154,False,595,2026
shuffle,29,0.9614395499229431,0.16204553842544556,0.16204553842544556,1.7488343715667725,1.7488343715667725,False,595,2026
uniform,0,0.6831704378128052,0.010922014713287354,0.010922014713287354,0.05557894706726074,0.05557894706726074,False,606,2026
shuffle,0,0.8107917308807373,-0.5819590091705322,0.5819590091705322,-2.7572684288024902,2.7572684288024902,True,606,2026
shuffle,1,0.820913553237915,-0.1104741096496582,0.1104741096496582,-0.5036346912384033,0.5036346912384033,False,606,2026
shuffle,2,0.9448037147521973,0.09286689758300781,0.09286689758300781,0.533867359161377,0.533867359161377,False,606,2026
shuffle,3,0.909801721572876,0.08340799808502197,0.08340799808502197,0.4714066982269287,0.4714066982269287,False,606,2026
shuffle,4,0.8252392411231995,-0.5861603170633316,0.5861603170633316,-2.7918132543563843,2.7918132543563843,True,606,2026
shuffle,5,0.9448037147521973,0.09502959251403809,0.09502959251403809,0.54850172996521,0.54850172996521,False,606,2026
shuffle,6,0.9223189353942871,0.07715815305709839,0.07715815305709839,0.4314260482788086,0.4314260482788086,False,606,2026
shuffle,7,0.9437131881713867,0.07156628370285034,0.07156628370285034,0.3964582681655884,0.3964582681655884,False,606,2026
shuffle,8,0.9268703460693359,0.05719345808029175,0.05719345808029175,0.309751033782959,0.309751033782959,False,606,2026
shuffle,9,0.9188330173492432,0.2103438377380371,0.2103438377380371,1.711327314376831,1.711327314376831,False,606,2026
shuffle,10,0.14204920828342438,0.05370593070983887,0.05370593070983887,0.28934597969055176,0.28934597969055176,False,606,2026
shuffle,11,0.9268703460693359,0.06290900707244873,0.06290900707244873,0.34371137619018555,0.34371137619018555,False,606,2026
shuffle,12,0.8299160003662109,0.01921689510345459,0.01921689510345459,0.09878456592559814,0.09878456592559814,False,606,2026
shuffle,13,0.9255541563034058,0.21038728952407837,0.21038728952407837,1.712052822113037,1.712052822113037,False,606,2026
shuffle,14,0.9042601585388184,0.10763585567474365,0.10763585567474365,0.6366863250732422,0.6366863250732422,False,606,2026
shuffle,15,0.9256794452667236,0.05438089370727539,0.05438089370727539,0.29327666759490967,0.29327666759490967,False,606,2026
shuffle,16,0.9437131881713867,0.09580338001251221,0.09580338001251221,0.5537716150283813,0.5537716150283813,False,606,2026
shuffle,17,0.8433983325958252,-0.022982239723205566,0.022982239723205566,-0.11265671253204346,0.11265671253204346,False,606,2026
shuffle,18,0.9256794452667236,0.10060501098632812,0.10060501098632812,0.5868780612945557,0.5868780612945557,False,606,2026
shuffle,19,0.13749785721302032,0.05990654230117798,0.05990654230117798,0.32578933238983154,0.32578933238983154,False,606,2026
shuffle,20,0.9302308559417725,0.07329916954040527,0.07329916954040527,0.40721631050109863,0.40721631050109863,False,606,2026
shuffle,21,0.9133880138397217,0.09573888778686523,0.09573888778686523,0.5533312559127808,0.5533312559127808,False,606,2026
shuffle,22,0.8073058724403381,0.20740389823913574,0.20740389823913574,1.663191795349121,1.663191795349121,False,606,2026
shuffle,23,0.9481642842292786,0.022127926349639893,0.022127926349639893,0.1141653060913086,0.1141653060913086,False,606,2026
shuffle,24,0.13749785721302032,0.06967180967330933,0.06967180967330933,0.38477492332458496,0.38477492332458496,False,606,2026
shuffle,25,0.833276629447937,-0.06510645151138306,0.06510645151138306,-0.30701160430908203,0.30701160430908203,False,606,2026
shuffle,26,0.9221935272216797,0.07750958204269409,0.07750958204269409,0.43364858627319336,0.43364858627319336,False,606,2026
shuffle,27,0.9302308559417725,-0.014427363872528076,0.014427363872528076,-0.07135176658630371,0.07135176658630371,False,606,2026
shuffle,28,0.8242740631103516,0.021018266677856445,0.021018266677856445,0.10828852653503418,0.10828852653503418,False,606,2026
shuffle,29,0.931321382522583,0.08657461404800415,0.08657461404800415,0.4920462369918823,0.4920462369918823,False,606,2026
uniform,0,0.8300469517707825,-0.030405640602111816,0.030405640602111816,-2.449429988861084,2.449429988861084,False,610,2026
shuffle,0,0.6280226111412048,-0.02633059024810791,0.02633059024810791,-2.315014362335205,2.315014362335205,False,610,2026
shuffle,1,0.9973311424255371,-0.0062323808670043945,0.0062323808670043945,-1.1365728378295898,1.1365728378295898,False,610,2026
shuffle,2,0.9988046288490295,-0.2576907277107239,0.2576907277107239,-4.772811055183411,4.772811055183411,False,610,2026
shuffle,3,0.3709411919116974,-0.0008205771446228027,0.0008205771446228027,-0.24456787109375,0.24456787109375,False,610,2026
shuffle,4,0.629439115524292,-0.003211677074432373,0.003211677074432373,-0.7357912063598633,0.7357912063598633,False,610,2026
shuffle,5,0.9973499178886414,-0.03388696908950806,0.03388696908950806,-2.552248954772949,2.552248954772949,False,610,2026
shuffle,6,0.9980644583702087,-0.09805315732955933,0.09805315732955933,-3.629455804824829,3.629455804824829,False,610,2026
shuffle,7,0.9989066123962402,-0.045860886573791504,0.045860886573791504,-2.8460617065429688,2.8460617065429688,False,610,2026
shuffle,8,0.6286011934280396,-0.0033948421478271484,0.0033948421478271484,-0.7651681900024414,0.7651681900024414,False,610,2026
shuffle,9,0.9979852437973022,-0.04697304964065552,0.04697304964065552,-2.869751453399658,2.869751453399658,False,610,2026
shuffle,10,0.998224139213562,-0.07393074035644531,0.07393074035644531,-3.330150604248047,3.330150604248047,False,610,2026
shuffle,11,0.99803227186203,-0.0708056092262268,0.0708056092262268,-3.285283327102661,3.285283327102661,False,610,2026
shuffle,12,0.6292902231216431,-0.026490509510040283,0.026490509510040283,-2.3206231594085693,2.3206231594085693,False,610,2026
shuffle,13,0.9972164630889893,-0.12410295009613037,0.12410295009613037,-3.888267755508423,3.888267755508423,False,610,2026
shuffle,14,0.9977232217788696,-0.0065312981605529785,0.0065312981605529785,-1.1688261032104492,1.1688261032104492,False,610,2026
shuffle,15,0.6285650134086609,-0.0263749361038208,0.0263749361038208,-2.3165760040283203,2.3165760040283203,False,610,2026
shuffle,16,0.9982696175575256,-0.07774001359939575,0.07774001359939575,-3.3826303482055664,3.3826303482055664,False,610,2026
shuffle,17,0.9982563257217407,-0.09483033418655396,0.09483033418655396,-3.593456745147705,3.593456745147705,False,610,2026
shuffle,18,0.9975971579551697,-0.01909339427947998,0.01909339427947998,-2.023926019668579,2.023926019668579,False,610,2026
shuffle,19,0.3707343339920044,-0.008564352989196777,0.008564352989196777,-1.3647346496582031,1.3647346496582031,False,610,2026
shuffle,20,0.9967896938323975,-0.14122813940048218,0.14122813940048218,-4.034505844116211,4.034505844116211,False,610,2026
shuffle,21,0.3719644248485565,-0.0071326494216918945,0.0071326494216918945,-1.2307863235473633,1.2307863235473633,False,610,2026
shuffle,22,0.9973071217536926,-0.03577321767807007,0.03577321767807007,-2.604116916656494,2.604116916656494,False,610,2026
shuffle,23,0.9977205991744995,-0.037513554096221924,0.037513554096221924,-2.6498656272888184,2.6498656272888184,False,610,2026
shuffle,24,0.9961293935775757,-0.04268503189086914,0.04268503189086914,-2.775481700897217,2.775481700897217,False,610,2026
shuffle,25,0.9969035387039185,-0.04425382614135742,0.04425382614135742,-2.810908555984497,2.810908555984497,False,610,2026
shuffle,26,0.9991140365600586,-0.032862961292266846,0.032862961292266846,-2.5230135917663574,2.5230135917663574,False,610,2026
shuffle,27,0.9982300996780396,-0.17853158712387085,0.17853158712387085,-4.3091453313827515,4.3091453313827515,False,610,2026
shuffle,28,0.9981192350387573,-0.124203622341156,0.124203622341156,-3.889174461364746,3.889174461364746,False,610,2026
shuffle,29,0.9978965520858765,-0.08261734247207642,0.08261734247207642,-3.4466240406036377,3.4466240406036377,False,610,2026
uniform,0,0.82634437084198,-0.05202537775039673,0.05202537775039673,-0.34463226795196533,0.34463226795196533,False,622,2026
shuffle,0,0.9418233633041382,-0.18352746963500977,0.18352746963500977,-1.0088870525360107,1.0088870525360107,False,622,2026
shuffle,1,0.5922126770019531,0.07858645915985107,0.07858645915985107,0.7616642713546753,0.7616642713546753,False,622,2026
shuffle,2,0.992580235004425,-0.26998186111450195,0.26998186111450195,-1.374372124671936,1.374372124671936,False,622,2026
shuffle,3,0.943845272064209,0.09076380729675293,0.09076380729675293,0.9356249570846558,0.9356249570846558,False,622,2026
shuffle,4,0.9892504215240479,-0.38138777017593384,0.38138777017593384,-1.8221982568502426,1.8221982568502426,True,622,2026
shuffle,5,0.9759485125541687,-0.1842496395111084,0.1842496395111084,-1.0120852589607239,1.0120852589607239,False,622,2026
shuffle,6,0.9492132067680359,-0.5382837355136871,0.5382837355136871,-2.495821714401245,2.495821714401245,True,622,2026
shuffle,7,0.5866281986236572,-0.3026069402694702,0.3026069402694702,-1.5064121931791306,1.5064121931791306,False,622,2026
shuffle,8,0.5678203701972961,0.04018884897232056,0.04018884897232056,0.334818959236145,0.334818959236145,False,622,2026
shuffle,9,0.9496423602104187,0.05848371982574463,0.05848371982574463,0.5202397108078003,0.5202397108078003,False,622,2026
shuffle,10,0.9820960760116577,0.10006922483444214,0.10006922483444214,1.088631510734558,1.088631510734558,False,622,2026
shuffle,11,0.9783425331115723,-0.25911158323287964,0.25911158323287964,-1.3298915326595306,1.3298915326595306,False,622,2026
shuffle,12,0.8901970386505127,-0.31258970499038696,0.31258970499038696,-1.546506866812706,1.546506866812706,False,622,2026
shuffle,13,0.9670773148536682,-0.13550060987472534,0.13550060987472534,-0.787896454334259,0.787896454334259,False,622,2026
shuffle,14,0.9548059701919556,-0.6458749622106552,0.6458749622106552,-3.081060767173767,3.081060767173767,True,622,2026
shuffle,15,0.9679897427558899,0.10916465520858765,0.10916465520858765,1.261161208152771,1.261161208152771,False,622,2026
shuffle,16,0.9706213474273682,0.10000360012054443,0.10000360012054443,1.0874782800674438,1.0874782800674438,False,622,2026
shuffle,17,0.8638569712638855,-0.4355638325214386,0.4355638325214386,-2.043354034423828,2.043354034423828,True,622,2026
shuffle,18,0.9837709665298462,0.04715186357498169,0.04715186357498169,0.40228283405303955,0.40228283405303955,False,622,2026
shuffle,19,0.8608859181404114,-0.2618238925933838,0.2618238925933838,-1.3410181999206543,1.3410181999206543,False,622,2026
shuffle,20,0.9688611030578613,0.09568876028060913,0.09568876028060913,1.014062762260437,1.014062762260437,False,622,2026
shuffle,21,0.9874884486198425,0.04721033573150635,0.04721033573150635,0.40286386013031006,0.40286386013031006,False,622,2026
shuffle,22,0.8615126609802246,-0.09178948402404785,0.09178948402404785,-0.5679119825363159,0.5679119825363159,False,622,2026
shuffle,23,0.8893165588378906,-0.6367585957050323,0.6367585957050323,-3.0236663818359375,3.0236663818359375,True,622,2026
shuffle,24,0.9836583733558655,-0.08711695671081543,0.08711695671081543,-0.5429935455322266,0.5429935455322266,False,622,2026
shuffle,25,0.9792912602424622,0.041466355323791504,0.041466355323791504,0.34693920612335205,0.34693920612335205,False,622,2026
shuffle,26,0.12400217354297638,0.04420197010040283,0.04420197010040283,0.37327468395233154,0.37327468395233154,False,622,2026
shuffle,27,0.9713181257247925,-0.15426772832870483,0.15426772832870483,-0.876377284526825,0.876377284526825,False,622,2026
shuffle,28,0.8927484750747681,-0.5800236761569977,0.5800236761569977,-2.7030357122421265,2.7030357122421265,True,622,2026
shuffle,29,0.9746997952461243,0.11427515745162964,0.11427515745162964,1.371233344078064,1.371233344078064,False,622,2026
uniform,0,0.8042805194854736,-0.06779259443283081,0.06779259443283081,-4.191503286361694,4.191503286361694,False,634,2026
shuffle,0,0.9909820556640625,-0.16733801364898682,0.16733801364898682,-5.198438405990601,5.198438405990601,False,634,2026
shuffle,1,0.9546127915382385,-0.255023717880249,0.255023717880249,-5.728928208351135,5.728928208351135,False,634,2026
shuffle,2,0.9458287954330444,-0.24304091930389404,0.24304091930389404,-5.665035724639893,5.665035724639893,False,634,2026
shuffle,3,0.9513583779335022,-0.08447182178497314,0.08447182178497314,-4.426334857940674,4.426334857940674,False,634,2026
shuffle,4,0.9862862825393677,-0.07991284132003784,0.07991284132003784,-4.366624116897583,4.366624116897583,False,634,2026
shuffle,5,0.9623659253120422,-0.25952059030532837,0.25952059030532837,-5.7523956298828125,5.7523956298828125,False,634,2026
shuffle,6,0.15567603707313538,-0.0003845095634460449,0.0003845095634460449,-0.29593944549560547,0.29593944549560547,False,634,2026
shuffle,7,0.982329249382019,-0.15522658824920654,0.15522658824920654,-5.109366178512573,5.109366178512573,False,634,2026
shuffle,8,0.8918319344520569,-0.022580862045288086,0.022580862045288086,-3.07670521736145,3.07670521736145,False,634,2026
shuffle,9,0.9822803139686584,-0.009451806545257568,0.009451806545257568,-2.255923271179199,2.255923271179199,False,634,2026
shuffle,10,0.9237434267997742,-0.037268221378326416,0.037268221378326416,-3.5741336345672607,3.5741336345672607,False,634,2026
shuffle,11,0.9349702000617981,-0.009246468544006348,0.009246468544006348,-2.2360963821411133,2.2360963821411133,False,634,2026
shuffle,12,0.9260008931159973,-0.028861641883850098,0.028861641883850098,-3.3182482719421387,3.3182482719421387,False,634,2026
shuffle,13,0.1496494710445404,-0.0003211498260498047,0.0003211498260498047,-0.2527613639831543,0.2527613639831543,False,634,2026
shuffle,14,0.9172030687332153,-0.04407298564910889,0.04407298564910889,-3.7444350719451904,3.7444350719451904,False,634,2026
shuffle,15,0.9626217484474182,-0.2652720808982849,0.2652720808982849,-5.782032012939453,5.782032012939453,False,634,2026
shuffle,16,0.9365033507347107,-0.0019052624702453613,0.0019052624702453613,-0.9966793060302734,0.9966793060302734,False,634,2026
shuffle,17,0.9873284101486206,-0.07913434505462646,0.07913434505462646,-4.356123924255371,4.356123924255371,False,634,2026
shuffle,18,0.9638630747795105,-0.0086708664894104,0.0086708664894104,-2.178373336791992,2.178373336791992,False,634,2026
shuffle,19,0.9421582818031311,-0.0016512870788574219,0.0016512870788574219,-0.9086751937866211,0.9086751937866211,False,634,2026
shuffle,20,0.915877640247345,-0.026017725467681885,0.026017725467681885,-3.215655565261841,3.215655565261841,False,634,2026
shuffle,21,0.9126531481742859,-0.0505794882774353,0.0505794882774353,-3.8857839107513428,3.8857839107513428,False,634,2026
shuffle,22,0.9827564358711243,-0.16443103551864624,0.16443103551864624,-5.177541255950928,5.177541255950928,False,634,2026
shuffle,23,0.9308274388313293,-0.08306437730789185,0.08306437730789185,-4.408216238021851,4.408216238021851,False,634,2026
shuffle,24,0.9951254725456238,-0.011989712715148926,0.011989712715148926,-2.4736928939819336,2.4736928939819336,False,634,2026
shuffle,25,0.9307065010070801,-0.11349517107009888,0.11349517107009888,-4.750586271286011,4.750586271286011,False,634,2026
shuffle,26,0.9862440228462219,-0.32320207357406616,0.32320207357406616,-6.061059355735779,6.061059355735779,False,634,2026
shuffle,27,0.9814141988754272,-0.18555200099945068,0.18555200099945068,-5.323253393173218,5.323253393173218,False,634,2026
shuffle,28,0.9852107167243958,-0.08560532331466675,0.08560532331466675,-4.440732002258301,4.440732002258301,False,634,2026
shuffle,29,0.9643269777297974,-0.3227810263633728,0.3227810263633728,-6.059136986732483,6.059136986732483,False,634,2026
uniform,0,0.5021805763244629,-0.08462172746658325,0.08462172746658325,-0.35016749799251556,0.35016749799251556,False,637,2026
shuffle,0,0.6890742778778076,-0.04117870330810547,0.04117870330810547,-0.17310011386871338,0.17310011386871338,False,637,2026
shuffle,1,0.3400101363658905,0.04968506097793579,0.04968506097793579,0.22006630897521973,0.22006630897521973,False,637,2026
shuffle,2,0.7054672837257385,-0.10818445682525635,0.10818445682525635,-0.44486044347286224,0.44486044347286224,False,637,2026
shuffle,3,0.9137481451034546,-0.03921711444854736,0.03921711444854736,-0.16499298810958862,0.16499298810958862,False,637,2026
shuffle,4,0.6145655512809753,-0.2628217339515686,0.2628217339515686,-1.0765600204467773,1.0765600204467773,True,637,2026
shuffle,5,0.8206270933151245,-0.051387786865234375,0.051387786865234375,-0.21511173248291016,0.21511173248291016,False,637,2026
shuffle,6,0.6083433628082275,-0.0025867819786071777,0.0025867819786071777,-0.011079728603363037,0.011079728603363037,False,637,2026
shuffle,7,0.24090012907981873,-0.02601039409637451,0.02601039409637451,-0.11008518934249878,0.11008518934249878,False,637,2026
shuffle,8,0.6387081742286682,-0.24818944931030273,0.24818944931030273,-1.0140801072120667,1.0140801072120667,True,637,2026
shuffle,9,0.708258330821991,-0.1541832983493805,0.1541832983493805,-0.6289870738983154,0.6289870738983154,True,637,2026
shuffle,10,0.6768509149551392,-0.09398549795150757,0.09398549795150757,-0.38787202537059784,0.38787202537059784,False,637,2026
shuffle,11,0.6950138807296753,-0.17696252465248108,0.17696252465248108,-0.720587283372879,0.720587283372879,True,637,2026
shuffle,12,0.5135464072227478,-0.020359039306640625,0.020359039306640625,-0.08640140295028687,0.08640140295028687,False,637,2026
shuffle,13,0.7583418488502502,-0.0454443097114563,0.0454443097114563,-0.1906895637512207,0.1906895637512207,False,637,2026
shuffle,14,0.6073006987571716,-0.05972975492477417,0.05972975492477417,-0.24923419952392578,0.24923419952392578,False,637,2026
shuffle,15,0.7855581045150757,-0.1645040214061737,0.1645040214061737,-0.6704154908657074,0.6704154908657074,True,637,2026
shuffle,16,0.7881149649620056,-0.15400880575180054,0.15400880575180054,-0.62828728556633,0.62828728556633,True,637,2026
shuffle,17,0.8539997935295105,-0.2260010540485382,0.2260010540485382,-0.9210282564163208,0.9210282564163208,True,637,2026
shuffle,18,0.6793594360351562,-0.08198577165603638,0.08198577165603638,-0.33953145146369934,0.33953145146369934,False,637,2026
shuffle,19,0.7292086482048035,-0.09426361322402954,0.09426361322402954,-0.388990119099617,0.388990119099617,False,637,2026
shuffle,20,0.558259904384613,-0.016200602054595947,0.016200602054595947,-0.06889581680297852,0.06889581680297852,False,637,2026
shuffle,21,0.7082583904266357,-0.14682897925376892,0.14682897925376892,-0.5995189398527145,0.5995189398527145,True,637,2026
shuffle,22,0.6293594241142273,-0.08346366882324219,0.08346366882324219,-0.34549620747566223,0.34549620747566223,False,637,2026
shuffle,23,0.6106834411621094,-0.21900787949562073,0.21900787949562073,-0.8920605778694153,0.8920605778694153,True,637,2026
shuffle,24,0.4934661090373993,-0.23726597428321838,0.23726597428321838,-0.9680378437042236,0.9680378437042236,True,637,2026
shuffle,25,0.7600902318954468,-0.03198981285095215,0.03198981285095215,-0.1350177824497223,0.1350177824497223,False,637,2026
shuffle,26,0.7040013670921326,-0.029558956623077393,0.029558956623077393,-0.12489700317382812,0.12489700317382812,False,637,2026
shuffle,27,0.7025354504585266,-0.22771304845809937,0.22771304845809937,-0.9281440079212189,0.9281440079212189,True,637,2026
shuffle,28,0.6395824551582336,-0.10065352916717529,0.10065352916717529,-0.41465798020362854,0.41465798020362854,False,637,2026
shuffle,29,0.7836611270904541,0.012688875198364258,0.012688875198364258,0.05482804775238037,0.05482804775238037,False,637,2026
uniform,0,0.7691987156867981,-0.19797682762145996,0.19797682762145996,-1.6357823610305786,1.6357823610305786,False,643,2026
shuffle,0,0.1312069296836853,-0.0049738287925720215,0.0049738287925720215,-0.0790853500366211,0.0790853500366211,False,643,2026
shuffle,1,0.9162472486495972,-0.1957511305809021,0.1957511305809021,-1.6242668628692627,1.6242668628692627,False,643,2026
shuffle,2,0.8125476241111755,-0.13655859231948853,0.13655859231948853,-1.2897374629974365,1.2897374629974365,False,643,2026
shuffle,3,0.9173130393028259,-0.18484461307525635,0.18484461307525635,-1.5668916702270508,1.5668916702270508,False,643,2026
shuffle,4,0.9199318885803223,-0.13175809383392334,0.13175809383392334,-1.259636402130127,1.259636402130127,False,643,2026
shuffle,5,0.8087681531906128,-0.17594146728515625,0.17594146728515625,-1.5188058614730835,1.5188058614730835,False,643,2026
shuffle,6,0.9806037545204163,-0.06186854839324951,0.06186854839324951,-0.7373404502868652,0.7373404502868652,False,643,2026
shuffle,7,0.911228597164154,0.006678938865661621,0.006678938865661621,0.1155705451965332,0.1155705451965332,False,643,2026
shuffle,8,0.915859043598175,-0.0385969877243042,0.0385969877243042,-0.5083658695220947,0.5083658695220947,False,643,2026
shuffle,9,0.8626961708068848,-0.1438913345336914,0.1438913345336914,-1.3347008228302002,1.3347008228302002,False,643,2026
shuffle,10,0.9783429503440857,-0.18956202268600464,0.18956202268600464,-1.5919065475463867,1.5919065475463867,False,643,2026
shuffle,11,0.9670766592025757,-0.5361350476741791,0.5361350476741791,-3.0765480399131775,3.0765480399131775,True,643,2026
shuffle,12,0.13730552792549133,0.0033437609672546387,0.0033437609672546387,0.056396484375,0.056396484375,False,643,2026
shuffle,13,0.979145884513855,-0.48705190420150757,0.48705190420150757,-2.875317946076393,2.875317946076393,True,643,2026
shuffle,14,0.9731272459030151,-0.3240235447883606,0.3240235447883606,-2.2149322032928467,2.2149322032928467,False,643,2026
shuffle,15,0.9151443839073181,-0.1949998140335083,0.1949998140335083,-1.6203655004501343,1.6203655004501343,False,643,2026
shuffle,16,0.0871521532535553,0.00254976749420166,0.00254976749420166,0.04275178909301758,0.04275178909301758,False,643,2026
shuffle,17,0.969187319278717,-0.14157456159591675,0.14157456159591675,-1.3206225633621216,1.3206225633621216,False,643,2026
shuffle,18,0.9752698540687561,-0.5009335875511169,0.5009335875511169,-2.9316320419311523,2.9316320419311523,True,643,2026
shuffle,19,0.9039939045906067,-0.20991379022598267,0.20991379022598267,-1.6965050101280212,1.6965050101280212,False,643,2026
shuffle,20,0.9655923247337341,-0.24738925695419312,0.24738925695419312,-1.8773705959320068,1.8773705959320068,False,643,2026
shuffle,21,0.9714455604553223,-0.5519840121269226,0.5519840121269226,-3.1431167125701904,3.1431167125701904,True,643,2026
shuffle,22,0.1158013641834259,0.006376445293426514,0.006376445293426514,0.11007475852966309,0.11007475852966309,False,643,2026
shuffle,23,0.9717197418212891,-0.31001007556915283,0.31001007556915283,-2.155567169189453,2.155567169189453,False,643,2026
shuffle,24,0.9732927083969116,-0.36234116554260254,0.36234116554260254,-2.3736450374126434,2.3736450374126434,False,643,2026
shuffle,25,0.9677294492721558,-0.41237592697143555,0.41237592697143555,-2.5757956504821777,2.5757956504821777,False,643,2026
shuffle,26,0.9853540658950806,-0.551960289478302,0.551960289478302,-3.143016368150711,3.143016368150711,True,643,2026
shuffle,27,0.9702268838882446,-0.19170987606048584,0.19170987606048584,-1.6031947135925293,1.6031947135925293,False,643,2026
shuffle,28,0.9101759791374207,-0.19731050729751587,0.19731050729751587,-1.6323416233062744,1.6323416233062744,False,643,2026
shuffle,29,0.9111868143081665,-0.21017253398895264,0.21017253398895264,-1.6978026628494263,1.6978026628494263,False,643,2026
uniform,0,0.6303962469100952,-0.0013890266418457031,0.0013890266418457031,-1.5677671432495117,1.5677671432495117,False,650,2026
shuffle,0,0.3243246078491211,-4.887580871582031e-06,4.887580871582031e-06,-0.01307821273803711,0.01307821273803711,False,650,2026
shuffle,1,0.930609405040741,-0.003065824508666992,0.003065824508666992,-2.239877223968506,2.239877223968506,False,650,2026
shuffle,2,0.7777630686759949,-0.00010955333709716797,0.00010955333709716797,-0.26160335540771484,0.26160335540771484,False,650,2026
shuffle,3,0.7937977313995361,-0.005673646926879883,0.005673646926879883,-2.8076934814453125,2.8076934814453125,False,650,2026
shuffle,4,0.9228349924087524,-0.0009362101554870605,0.0009362101554870605,-1.2690191268920898,1.2690191268920898,False,650,2026
shuffle,5,0.871519148349762,-0.008441150188446045,0.008441150188446045,-3.187676429748535,3.187676429748535,False,650,2026
shuffle,6,0.6859296560287476,-3.5822391510009766e-05,3.5822391510009766e-05,-0.09323692321777344,0.09323692321777344,False,650,2026
shuffle,7,0.9145748019218445,-0.00022161006927490234,0.00022161006927490234,-0.4729890823364258,0.4729890823364258,False,650,2026
shuffle,8,0.7017972469329834,-0.0014564990997314453,0.0014564990997314453,-1.605522632598877,1.605522632598877,False,650,2026
shuffle,9,0.7494347095489502,-3.74913215637207e-05,3.74913215637207e-05,-0.09743404388427734,0.09743404388427734,False,650,2026
shuffle,10,0.7790328860282898,-0.0029166340827941895,0.0029166340827941895,-2.1953039169311523,2.1953039169311523,False,650,2026
shuffle,11,0.9221813678741455,-0.0011592507362365723,0.0011592507362365723,-1.42726469039917,1.42726469039917,False,650,2026
shuffle,12,0.7333977818489075,-0.0022507309913635254,0.0022507309913635254,-1.9679794311523438,1.9679794311523438,False,650,2026
shuffle,13,0.9221804738044739,-0.007423281669616699,0.007423281669616699,-3.063847541809082,3.063847541809082,False,650,2026
shuffle,14,0.7868072986602783,-0.00027257204055786133,0.00027257204055786133,-0.5562129020690918,0.5562129020690918,False,650,2026
shuffle,15,0.8816636800765991,-0.0009303092956542969,0.0009303092956542969,-1.2644219398498535,1.2644219398498535,False,650,2026
shuffle,16,0.6486850380897522,-0.0001685023307800293,0.0001685023307800293,-0.3783712387084961,0.3783712387084961,False,650,2026
shuffle,17,0.7095717191696167,-0.0002601742744445801,0.0002601742744445801,-0.5367412567138672,0.5367412567138672,False,650,2026
shuffle,18,0.7095717191696167,-0.0004731416702270508,0.0004731416702270508,-0.8293733596801758,0.8293733596801758,False,650,2026
shuffle,19,0.8296942710876465,-0.0010498762130737305,0.0010498762130737305,-1.352768898010254,1.352768898010254,False,650,2026
shuffle,20,0.6652086973190308,-0.00015729665756225586,0.00015729665756225586,-0.3573317527770996,0.3573317527770996,False,650,2026
shuffle,21,0.9304414987564087,-0.0017191767692565918,0.0017191767692565918,-1.7404303550720215,1.7404303550720215,False,650,2026
shuffle,22,0.9067996740341187,-0.00036782026290893555,0.00036782026290893555,-0.6951541900634766,0.6951541900634766,False,650,2026
shuffle,23,0.16110965609550476,-0.000125885009765625,0.000125885009765625,-0.29544734954833984,0.29544734954833984,False,650,2026
shuffle,24,0.8816637396812439,-0.000213623046875,0.000213623046875,-0.45934295654296875,0.45934295654296875,False,650,2026
shuffle,25,0.7782489061355591,-0.00072479248046875,0.00072479248046875,-1.091763973236084,1.091763973236084,False,650,2026
shuffle,26,0.7494347095489502,-0.00015467405319213867,0.00015467405319213867,-0.35225629806518555,0.35225629806518555,False,650,2026
shuffle,27,0.879125714302063,-0.0012875795364379883,0.0012875795364379883,-1.5081348419189453,1.5081348419189453,False,650,2026
shuffle,28,0.9145748019218445,-0.010762393474578857,0.010762393474578857,-3.423940658569336,3.423940658569336,False,650,2026
shuffle,29,0.6422203779220581,-0.0013554096221923828,0.0013554096221923828,-1.5484037399291992,1.5484037399291992,False,650,2026
uniform,0,0.8058809638023376,-0.05783146619796753,0.05783146619796753,-1.611724615097046,1.611724615097046,False,656,2026
shuffle,0,0.1130923181772232,-0.00010520219802856445,0.00010520219802856445,-0.0068454742431640625,0.0068454742431640625,False,656,2026
shuffle,1,0.9750707745552063,-0.117348313331604,0.117348313331604,-2.271972417831421,2.271972417831421,False,656,2026
shuffle,2,0.9060968160629272,-0.039095163345336914,0.039095163345336914,-1.2969350814819336,1.2969350814819336,False,656,2026
shuffle,3,0.9777727127075195,-0.04629451036453247,0.04629451036453247,-1.4283246994018555,1.4283246994018555,False,656,2026
shuffle,4,0.9572924375534058,-0.016535580158233643,0.016535580158233643,-0.7410061359405518,0.7410061359405518,False,656,2026
shuffle,5,0.9019735455513,-0.07755798101425171,0.07755798101425171,-1.871307134628296,1.871307134628296,False,656,2026
shuffle,6,0.9191859364509583,-0.09107470512390137,0.09107470512390137,-2.021867513656616,2.021867513656616,False,656,2026
shuffle,7,0.921513557434082,-0.01962113380432129,0.01962113380432129,-0.8359956741333008,0.8359956741333008,False,656,2026
shuffle,8,0.9743201732635498,-0.0828961730003357,0.0828961730003357,-1.9329562187194824,1.9329562187194824,False,656,2026
shuffle,9,0.9226847887039185,-0.10477793216705322,0.10477793216705322,-2.1582226753234863,2.1582226753234863,False,656,2026
shuffle,10,0.9958974719047546,-0.07407999038696289,0.07407999038696289,-1.8294131755828857,1.8294131755828857,False,656,2026
shuffle,11,0.975459635257721,-0.08076542615890503,0.08076542615890503,-1.9087166786193848,1.9087166786193848,False,656,2026
shuffle,12,0.9896384477615356,-0.07579374313354492,0.07579374313354492,-1.8502354621887207,1.8502354621887207,False,656,2026
shuffle,13,0.8999857902526855,-0.08936983346939087,0.08936983346939087,-2.0038442611694336,2.0038442611694336,False,656,2026
shuffle,14,0.9192380905151367,-0.07659399509429932,0.07659399509429932,-1.8598384857177734,1.8598384857177734,False,656,2026
shuffle,15,0.9607656002044678,-0.058828115463256836,0.058828115463256836,-1.6262903213500977,1.6262903213500977,False,656,2026
shuffle,16,0.9784616827964783,-0.08450561761856079,0.08450561761856079,-1.950958251953125,1.950958251953125,False,656,2026
shuffle,17,0.972720205783844,-0.05323117971420288,0.05323117971420288,-1.542038917541504,1.542038917541504,False,656,2026
shuffle,18,0.9578694701194763,-0.05699598789215088,0.05699598789215088,-1.5993742942810059,1.5993742942810059,False,656,2026
shuffle,19,0.9024984240531921,-0.058949828147888184,0.058949828147888184,-1.6280567646026611,1.6280567646026611,False,656,2026
shuffle,20,0.9220238924026489,-0.10053586959838867,0.10053586959838867,-2.1175243854522705,2.1175243854522705,False,656,2026
shuffle,21,0.9604751467704773,-0.0738145112991333,0.0738145112991333,-1.8261566162109375,1.8261566162109375,False,656,2026
shuffle,22,0.9019734859466553,-0.10255521535873413,0.10255521535873413,-2.1370553970336914,2.1370553970336914,False,656,2026
shuffle,23,0.976832389831543,-0.07958829402923584,0.07958829402923584,-1.8951189517974854,1.8951189517974854,False,656,2026
shuffle,24,0.9712343811988831,-0.06175994873046875,0.06175994873046875,-1.6681194305419922,1.6681194305419922,False,656,2026
shuffle,25,0.9778589010238647,-0.18023914098739624,0.18023914098739624,-2.7347018718719482,2.7347018718719482,False,656,2026
shuffle,26,0.1130923181772232,-0.00025856494903564453,0.00025856494903564453,-0.016748428344726562,0.016748428344726562,False,656,2026
shuffle,27,0.9769794344902039,-0.07417809963226318,0.07417809963226318,-1.8306143283843994,1.8306143283843994,False,656,2026
shuffle,28,0.992766797542572,-0.07199794054031372,0.07199794054031372,-1.8036284446716309,1.8036284446716309,False,656,2026
shuffle,29,0.9249273538589478,-0.13533949851989746,0.13533949851989746,-2.4198954105377197,2.4198954105377197,False,656,2026
uniform,0,0.8860827684402466,0.11062169075012207,0.11062169075012207,1.3440651893615723,1.3440651893615723,False,657,2026
shuffle,0,0.9865138530731201,0.1516106128692627,0.1516106128692627,3.553377151489258,3.553377151489258,False,657,2026
shuffle,1,0.041258059442043304,0.015827298164367676,0.015827298164367676,0.1249244213104248,0.1249244213104248,False,657,2026
shuffle,2,0.9885072112083435,0.07137352228164673,0.07137352228164673,0.6879916191101074,0.6879916191101074,False,657,2026
shuffle,3,0.9862910509109497,0.15221023559570312,0.15221023559570312,3.6740474700927734,3.6740474700927734,False,657,2026
shuffle,4,0.981395423412323,0.07327437400817871,0.07327437400817871,0.7125401496887207,0.7125401496887207,False,657,2026
shuffle,5,0.9903436899185181,0.11778193712234497,0.11778193712234497,1.519589900970459,1.519589900970459,False,657,2026
shuffle,6,0.9893592596054077,-0.04783076047897339,0.04783076047897339,-0.3244771957397461,0.3244771957397461,False,657,2026
shuffle,7,0.9839984178543091,0.10761064291000366,0.10761064291000366,1.2778816223144531,1.2778816223144531,False,657,2026
shuffle,8,0.9865316152572632,0.04842543601989746,0.04842543601989746,0.4249119758605957,0.4249119758605957,False,657,2026
shuffle,9,0.978318989276886,0.07186436653137207,0.07186436653137207,0.6942830085754395,0.6942830085754395,False,657,2026
shuffle,10,0.9812503457069397,0.1501305103302002,0.1501305103302002,3.305598258972168,3.305598258972168,False,657,2026
shuffle,11,0.040458209812641144,0.001157522201538086,0.001157522201538086,0.008776068687438965,0.008776068687438965,False,657,2026
shuffle,12,0.04637288302183151,0.0043315887451171875,0.0043315887451171875,0.033118247985839844,0.033118247985839844,False,657,2026
shuffle,13,0.9827359318733215,0.075106680393219,0.075106680393219,0.736689567565918,0.736689567565918,False,657,2026
shuffle,14,0.9890230894088745,0.039650559425354004,0.039650559425354004,0.33724021911621094,0.33724021911621094,False,657,2026
shuffle,15,0.9527953863143921,0.06344473361968994,0.06344473361968994,0.5906360149383545,0.5906360149383545,False,657,2026
shuffle,16,0.9795737266540527,0.11657899618148804,0.11657899618148804,1.4880595207214355,1.4880595207214355,False,657,2026
shuffle,17,0.9919586777687073,0.11558765172958374,0.11558765172958374,1.4627418518066406,1.4627418518066406,False,657,2026
shuffle,18,0.037934739142656326,0.0008349418640136719,0.0008349418640136719,0.0063245296478271484,0.0063245296478271484,False,657,2026
shuffle,19,0.9903857111930847,0.1493833065032959,0.1493833065032959,3.2002944946289062,3.2002944946289062,False,657,2026
shuffle,20,0.9922442436218262,0.14981579780578613,0.14981579780578613,3.2599105834960938,3.2599105834960938,False,657,2026
shuffle,21,0.9841958284378052,0.1534334421157837,0.1534334421157837,3.976694107055664,3.976694107055664,False,657,2026
shuffle,22,0.9871999025344849,0.12521719932556152,0.12521719932556152,1.7380454540252686,1.7380454540252686,False,657,2026
shuffle,23,0.9807990789413452,0.1500612497329712,0.1500612497329712,3.2953691482543945,3.2953691482543945,False,657,2026
shuffle,24,0.9795131087303162,0.044296443462371826,0.044296443462371826,0.3829159736633301,0.3829159736633301,False,657,2026
shuffle,25,0.9597845077514648,0.14954549074172974,0.14954549074172974,3.222226142883301,3.222226142883301,False,657,2026
shuffle,26,0.9849310517311096,0.039384663105010986,0.039384663105010986,0.3346738815307617,0.3346738815307617,False,657,2026
shuffle,27,0.9881995320320129,0.09980523586273193,0.09980523586273193,1.1226613521575928,1.1226613521575928,False,657,2026
shuffle,28,0.9912473559379578,0.07962942123413086,0.07962942123413086,0.7984786033630371,0.7984786033630371,False,657,2026
shuffle,29,0.9855625033378601,0.15371429920196533,0.15371429920196533,4.061234474182129,4.061234474182129,False,657,2026
uniform,0,0.765186607837677,-0.024348199367523193,0.024348199367523193,-1.4372828006744385,1.4372828006744385,False,663,2026
shuffle,0,0.9158360958099365,-0.03697764873504639,0.03697764873504639,-1.7814264297485352,1.7814264297485352,False,663,2026
shuffle,1,0.7613485455513,-0.0025345683097839355,0.0025345683097839355,-0.2827033996582031,0.2827033996582031,False,663,2026
shuffle,2,0.9151937365531921,-0.016909360885620117,0.016909360885620117,-1.1668217182159424,1.1668217182159424,False,663,2026
shuffle,3,0.9837073683738708,-0.020074903964996338,0.020074903964996338,-1.2904341220855713,1.2904341220855713,False,663,2026
shuffle,4,0.9714187979698181,-0.03378140926361084,0.03378140926361084,-1.704099416732788,1.704099416732788,False,663,2026
shuffle,5,0.763455867767334,-0.0062081217765808105,0.0062081217765808105,-0.5895705223083496,0.5895705223083496,False,663,2026
shuffle,6,0.9424223899841309,-0.02720057964324951,0.02720057964324951,-1.5251455307006836,1.5251455307006836,False,663,2026
shuffle,7,0.6091979146003723,-0.0013378262519836426,0.0013378262519836426,-0.15891551971435547,0.15891551971435547,False,663,2026
shuffle,8,0.9249655604362488,-0.0380060076713562,0.0380060076713562,-1.8051915168762207,1.8051915168762207,False,663,2026
shuffle,9,0.8127873539924622,-0.028198659420013428,0.028198659420013428,-1.5542643070220947,1.5542643070220947,False,663,2026
shuffle,10,0.895473837852478,-0.024349689483642578,0.024349689483642578,-1.437328815460205,1.437328815460205,False,663,2026
shuffle,11,0.9914819598197937,-0.017963826656341553,0.017963826656341553,-1.2096271514892578,1.2096271514892578,False,663,2026
shuffle,12,0.7901673316955566,-0.03263169527053833,0.03263169527053833,-1.6748857498168945,1.6748857498168945,False,663,2026
shuffle,13,0.5597506761550903,-0.006124019622802734,0.006124019622802734,-0.5834827423095703,0.5834827423095703,False,663,2026
shuffle,14,0.7561566829681396,-0.04442095756530762,0.04442095756530762,-1.9428997039794922,1.9428997039794922,False,663,2026
shuffle,15,0.7591226100921631,-0.025643587112426758,0.025643587112426758,-1.478079080581665,1.478079080581665,False,663,2026
shuffle,16,0.7496387362480164,-0.01846069097518921,0.01846069097518921,-1.2292089462280273,1.2292089462280273,False,663,2026
shuffle,17,0.6610182523727417,-5.054473876953125e-05,5.054473876953125e-05,-0.006482124328613281,0.006482124328613281,False,663,2026
shuffle,18,0.6949148774147034,-0.06903356313705444,0.06903356313705444,-2.355130910873413,2.355130910873413,False,663,2026
shuffle,19,0.6845337748527527,-0.012888431549072266,0.012888431549072266,-0.9854047298431396,0.9854047298431396,False,663,2026
shuffle,20,0.9702788591384888,-0.054262399673461914,0.054262399673461914,-2.1258764266967773,2.1258764266967773,False,663,2026
shuffle,21,0.9698636531829834,-0.05538755655288696,0.05538755655288696,-2.1450319290161133,2.1450319290161133,False,663,2026
shuffle,22,0.6669777631759644,-0.012761175632476807,0.012761175632476807,-0.9791207313537598,0.9791207313537598,False,663,2026
shuffle,23,0.8235247135162354,-0.05089545249938965,0.05089545249938965,-2.0665507316589355,2.0665507316589355,False,663,2026
shuffle,24,0.9652700424194336,-0.033761024475097656,0.033761024475097656,-1.7035884857177734,1.7035884857177734,False,663,2026
shuffle,25,0.8220371007919312,-0.02665090560913086,0.02665090560913086,-1.5087628364562988,1.5087628364562988,False,663,2026
shuffle,26,0.7787421345710754,-0.03944694995880127,0.03944694995880127,-1.8376474380493164,1.8376474380493164,False,663,2026
shuffle,27,0.9232577085494995,-0.052316367626190186,0.052316367626190186,-2.091966152191162,2.091966152191162,False,663,2026
shuffle,28,0.9164230823516846,-0.017206549644470215,0.017206549644470215,-1.179062843322754,1.179062843322754,False,663,2026
shuffle,29,0.6260799765586853,-0.013573646545410156,0.013573646545410156,-1.0186281204223633,1.0186281204223633,False,663,2026
uniform,0,0.8524689078330994,-0.0015416741371154785,0.0015416741371154785,-1.9897346496582031,1.9897346496582031,False,664,2026
shuffle,0,0.9791944622993469,-0.0025893449783325195,0.0025893449783325195,-2.4523210525512695,2.4523210525512695,False,664,2026
shuffle,1,0.9814372658729553,-0.001021742820739746,0.001021742820739746,-1.6452350616455078,1.6452350616455078,False,664,2026
shuffle,2,0.7980585694313049,-0.0006858110427856445,0.0006858110427856445,-1.336669921875,1.336669921875,False,664,2026
shuffle,3,0.9835882782936096,-0.002837240695953369,0.002837240695953369,-2.536444664001465,2.536444664001465,False,664,2026
shuffle,4,0.9826614260673523,-0.003745138645172119,0.003745138645172119,-2.7955503463745117,2.7955503463745117,False,664,2026
shuffle,5,0.9875792264938354,-0.0012867450714111328,0.0012867450714111328,-1.8354549407958984,1.8354549407958984,False,664,2026
shuffle,6,0.9855914115905762,-0.0005256533622741699,0.0005256533622741699,-1.1474609375,1.1474609375,False,664,2026
shuffle,7,0.9779514074325562,-0.0012136101722717285,0.0012136101722717285,-1.7864856719970703,1.7864856719970703,False,664,2026
shuffle,8,0.9730309247970581,-0.0018538832664489746,0.0018538832664489746,-2.1511240005493164,2.1511240005493164,False,664,2026
shuffle,9,0.9835106730461121,-0.00026148557662963867,0.00026148557662963867,-0.7272863388061523,0.7272863388061523,False,664,2026
shuffle,10,0.9850133061408997,-0.0012157559394836426,0.0012157559394836426,-1.7879438400268555,1.7879438400268555,False,664,2026
shuffle,11,0.9766667485237122,-0.0016462206840515137,0.0016462206840515137,-2.0467052459716797,2.0467052459716797,False,664,2026
shuffle,12,0.9591110944747925,-0.00017642974853515625,0.00017642974853515625,-0.543004035949707,0.543004035949707,False,664,2026
shuffle,13,0.9819203615188599,-0.012618720531463623,0.012618720531463623,-3.975170612335205,3.975170612335205,False,664,2026
shuffle,14,0.7825197577476501,-0.0004674196243286133,0.0004674196243286133,-1.0689191818237305,1.0689191818237305,False,664,2026
shuffle,15,0.980772078037262,-0.000708460807800293,0.000708460807800293,-1.3606863021850586,1.3606863021850586,False,664,2026
shuffle,16,0.9838132858276367,-0.0005938410758972168,0.0005938410758972168,-1.23248291015625,1.23248291015625,False,664,2026
shuffle,17,0.9619715809822083,-0.007230877876281738,0.007230877876281738,-3.426973819732666,3.426973819732666,False,664,2026
shuffle,18,0.9747812747955322,-0.002447664737701416,0.002447664737701416,-2.400914192199707,2.400914192199707,False,664,2026
shuffle,19,0.7859017848968506,-0.00013762712478637695,0.00013762712478637695,-0.4461545944213867,0.4461545944213867,False,664,2026
shuffle,20,0.9822174310684204,-0.0010932087898254395,0.0010932087898254395,-1.700192928314209,1.700192928314209,False,664,2026
shuffle,21,0.9597820043563843,-0.004021167755126953,0.004021167755126953,-2.862727165222168,2.862727165222168,False,664,2026
shuffle,22,0.9549753069877625,-0.00041472911834716797,0.00041472911834716797,-0.9918603897094727,0.9918603897094727,False,664,2026
shuffle,23,0.9881290197372437,-0.0012980103492736816,0.0012980103492736816,-1.8428716659545898,1.8428716659545898,False,664,2026
shuffle,24,0.9804819226264954,-0.0008429884910583496,0.0008429884910583496,-1.4928359985351562,1.4928359985351562,False,664,2026
shuffle,25,0.9864348769187927,-0.0004030466079711914,0.0004030466079711914,-0.9740819931030273,0.9740819931030273,False,664,2026
shuffle,26,0.984555721282959,-0.0012782812118530273,0.0012782812118530273,-1.8299808502197266,1.8299808502197266,False,664,2026
shuffle,27,0.9502915143966675,-0.0006528496742248535,0.0006528496742248535,-1.300466537475586,1.300466537475586,False,664,2026
shuffle,28,0.954675018787384,-0.00044101476669311523,0.00044101476669311523,-1.031099796295166,1.031099796295166,False,664,2026
shuffle,29,0.9517948627471924,-0.00855940580368042,0.00855940580368042,-3.591890811920166,3.591890811920166,False,664,2026
uniform,0,0.7100808620452881,-0.1565057337284088,0.1565057337284088,-0.6312591135501862,0.6312591135501862,True,670,2026
shuffle,0,0.9028129577636719,-0.12894198298454285,0.12894198298454285,-0.5188475251197815,0.5188475251197815,True,670,2026
shuffle,1,0.8565474152565002,-0.4208848923444748,0.4208848923444748,-2.0086881816387177,2.0086881816387177,True,670,2026
shuffle,2,0.8819333910942078,-0.09223046898841858,0.09223046898841858,-0.37114159017801285,0.37114159017801285,True,670,2026
shuffle,3,0.819350004196167,-0.18088963627815247,0.18088963627815247,-0.7324500977993011,0.7324500977993011,True,670,2026
shuffle,4,0.7947826981544495,-0.2586037218570709,0.2586037218570709,-1.07321897149086,1.07321897149086,True,670,2026
shuffle,5,0.9195000529289246,-0.2657855451107025,0.2657855451107025,-1.1066908538341522,1.1066908538341522,True,670,2026
shuffle,6,0.9112966656684875,-0.12150031328201294,0.12150031328201294,-0.48876427114009857,0.48876427114009857,True,670,2026
shuffle,7,0.8058154582977295,-0.01719003915786743,0.01719003915786743,-0.06996364891529083,0.06996364891529083,False,670,2026
shuffle,8,0.9104954600334167,0.008116841316223145,0.008116841316223145,0.03327852487564087,0.03327852487564087,False,670,2026
shuffle,9,0.863341748714447,0.013511121273040771,0.013511121273040771,0.05549457669258118,0.05549457669258118,False,670,2026
shuffle,10,0.14876875281333923,-0.004722476005554199,0.004722476005554199,-0.019285768270492554,0.019285768270492554,False,670,2026
shuffle,11,0.8259592056274414,-0.2657070755958557,0.2657070755958557,-1.106322854757309,1.106322854757309,True,670,2026
shuffle,12,0.8176243305206299,-0.30769985914230347,0.30769985914230347,-1.3117012679576874,1.3117012679576874,True,670,2026
shuffle,13,0.9167651534080505,-0.37975941598415375,0.37975941598415375,-1.720956176519394,1.720956176519394,True,670,2026
shuffle,14,0.884861171245575,-0.35146188735961914,0.35146188735961914,-1.5491839349269867,1.5491839349269867,True,670,2026
shuffle,15,0.9167651534080505,-0.3771345317363739,0.3771345317363739,-1.704267829656601,1.704267829656601,True,670,2026
shuffle,16,0.880534291267395,-0.27713072299957275,0.27713072299957275,-1.1604649126529694,1.1604649126529694,True,670,2026
shuffle,17,0.8981284499168396,0.08815455436706543,0.08815455436706543,0.37470731139183044,0.37470731139183044,False,670,2026
shuffle,18,0.1837722361087799,0.06970971822738647,0.06970971822738647,0.2933026850223541,0.2933026850223541,False,670,2026
shuffle,19,0.135679230093956,-0.017422795295715332,0.017422795295715332,-0.07090684771537781,0.07090684771537781,False,670,2026
shuffle,20,0.9138011932373047,-0.14948752522468567,0.14948752522468567,-0.6024663150310516,0.6024663150310516,True,670,2026
shuffle,21,0.9222878217697144,0.0603983998298645,0.0603983998298645,0.2529352605342865,0.2529352605342865,False,670,2026
shuffle,22,0.8859215378761292,-0.07646402716636658,0.07646402716636658,-0.30804339051246643,0.30804339051246643,True,670,2026
shuffle,23,0.8741034865379333,-0.20183977484703064,0.20183977484703064,-0.8211571276187897,0.8211571276187897,True,670,2026
shuffle,24,0.8864879608154297,0.04213935136795044,0.04213935136795044,0.17499884963035583,0.17499884963035583,False,670,2026
shuffle,25,0.8655630350112915,-0.10407087206840515,0.10407087206840515,-0.41861651837825775,0.41861651837825775,True,670,2026
shuffle,26,0.8115143179893494,-0.3625424802303314,0.3625424802303314,-1.614417165517807,1.614417165517807,True,670,2026
shuffle,27,0.8970572352409363,-0.37226296961307526,0.37226296961307526,-1.673735350370407,1.673735350370407,True,670,2026
shuffle,28,0.172077938914299,0.01112520694732666,0.01112520694732666,0.04565802216529846,0.04565802216529846,False,670,2026
shuffle,29,0.7997595071792603,-0.25938764214515686,0.25938764214515686,-1.0768522918224335,1.0768522918224335,True,670,2026
uniform,0,0.8350207209587097,-0.45685432851314545,0.45685432851314545,-2.348919540643692,2.348919540643692,True,678,2026
shuffle,0,0.9556934237480164,-0.4340815991163254,0.4340815991163254,-2.1375350058078766,2.1375350058078766,True,678,2026
shuffle,1,0.993380069732666,-0.36603231728076935,0.36603231728076935,-1.6463744938373566,1.6463744938373566,True,678,2026
shuffle,2,0.9983528852462769,-0.24335280060768127,0.24335280060768127,-1.0058819353580475,1.0058819353580475,True,678,2026
shuffle,3,0.962406575679779,-0.31719496846199036,0.31719496846199036,-1.3672217428684235,1.3672217428684235,True,678,2026
shuffle,4,0.956525981426239,-0.5264750309288502,0.5264750309288502,-3.3993398249149323,3.3993398249149323,True,678,2026
shuffle,5,0.9878288507461548,-0.5453425608575344,0.5453425608575344,-4.012046009302139,4.012046009302139,True,678,2026
shuffle,6,0.9569814801216125,-0.5432061590254307,0.5432061590254307,-3.9221278727054596,3.9221278727054596,True,678,2026
shuffle,7,0.971545398235321,-0.497182160615921,0.497182160615921,-2.840785890817642,2.840785890817642,True,678,2026
shuffle,8,0.8699916005134583,-0.3099503517150879,0.3099503517150879,-1.3290920555591583,1.3290920555591583,True,678,2026
shuffle,9,0.8692697286605835,-0.22633454203605652,0.22633454203605652,-0.9293407499790192,0.9293407499790192,True,678,2026
shuffle,10,0.6970270872116089,0.13982003927230835,0.13982003927230835,0.6116137802600861,0.6116137802600861,False,678,2026
shuffle,11,0.9763988852500916,-0.5620549409650266,0.5620549409650266,-5.2922870218753815,5.2922870218753815,True,678,2026
shuffle,12,0.9533444046974182,-0.42127177119255066,0.42127177119255066,-2.0316883623600006,2.0316883623600006,True,678,2026
shuffle,13,0.9878685474395752,-0.20277678966522217,0.20277678966522217,-0.8263091742992401,0.8263091742992401,True,678,2026
shuffle,14,0.702385425567627,0.2967333197593689,0.2967333197593689,1.5843614041805267,1.5843614041805267,False,678,2026
shuffle,15,0.9896919131278992,-0.3945882022380829,0.3945882022380829,-1.833476573228836,1.833476573228836,True,678,2026
shuffle,16,0.33086830377578735,-0.028181076049804688,0.028181076049804688,-0.11411434412002563,0.11411434412002563,False,678,2026
shuffle,17,0.3259696364402771,-0.04102623462677002,0.04102623462677002,-0.16573715209960938,0.16573715209960938,False,678,2026
shuffle,18,0.9975082278251648,-0.5653013652190566,0.5653013652190566,-5.974431186914444,5.974431186914444,True,678,2026
shuffle,19,0.8887789845466614,0.027190685272216797,0.027190685272216797,0.11181843280792236,0.11181843280792236,False,678,2026
shuffle,20,0.8036167621612549,-0.28358760476112366,0.28358760476112366,-1.1958387196063995,1.1958387196063995,True,678,2026
shuffle,21,0.9816281795501709,0.0619167685508728,0.0619167685508728,0.2583023011684418,0.2583023011684418,False,678,2026
shuffle,22,0.8376413583755493,0.33590859174728394,0.33590859174728394,1.9725321233272552,1.9725321233272552,False,678,2026
shuffle,23,0.8024450540542603,-0.5635663853026927,0.5635663853026927,-5.554446846246719,5.554446846246719,True,678,2026
shuffle,24,0.9838201403617859,-0.5106711499392986,0.5106711499392986,-3.064402252435684,3.064402252435684,True,678,2026
shuffle,25,0.964705765247345,0.2847227454185486,0.2847227454185486,1.4849279820919037,1.4849279820919037,False,678,2026
shuffle,26,0.879264771938324,-0.52800103276968,0.52800103276968,-3.4377919733524323,3.4377919733524323,True,678,2026
shuffle,27,0.969490647315979,-0.5144036561250687,0.5144036561250687,-3.1349083483219147,3.1349083483219147,True,678,2026
shuffle,28,0.8845527172088623,0.1253187656402588,0.1253187656402588,0.5423897206783295,0.5423897206783295,False,678,2026
shuffle,29,0.9835328459739685,-0.564982975134626,0.564982975134626,-5.883087307214737,5.883087307214737,True,678,2026
uniform,0,0.812555193901062,-0.08869928121566772,0.08869928121566772,-1.2943224906921387,1.2943224906921387,False,680,2026
shuffle,0,0.958254337310791,-0.00661778450012207,0.00661778450012207,-0.16604185104370117,0.16604185104370117,False,680,2026
shuffle,1,0.9829329252243042,-0.2668754458427429,0.2668754458427429,-2.3990249633789062,2.3990249633789062,False,680,2026
shuffle,2,0.9433732032775879,-0.301291823387146,0.301291823387146,-2.556667387485504,2.556667387485504,False,680,2026
shuffle,3,0.9290493130683899,0.010640323162078857,0.010640323162078857,0.33582496643066406,0.33582496643066406,False,680,2026
shuffle,4,0.9443084001541138,-0.2517593502998352,0.2517593502998352,-2.326710820198059,2.326710820198059,False,680,2026
shuffle,5,0.934553861618042,-0.283183753490448,0.283183753490448,-2.474827766418457,2.474827766418457,False,680,2026
shuffle,6,0.9739103317260742,-0.16394054889678955,0.16394054889678955,-1.8495444059371948,1.8495444059371948,False,680,2026
shuffle,7,0.9583218693733215,0.012341976165771484,0.012341976165771484,0.40091562271118164,0.40091562271118164,False,680,2026
shuffle,8,0.9706737399101257,-0.20557671785354614,0.20557671785354614,-2.090301990509033,2.090301990509033,False,680,2026
shuffle,9,0.8996387720108032,-0.4043833017349243,0.4043833017349243,-2.9914755821228027,2.9914755821228027,False,680,2026
shuffle,10,0.9730633497238159,-0.11757391691207886,0.11757391691207886,-1.5327303409576416,1.5327303409576416,False,680,2026
shuffle,11,0.9291971921920776,-0.10669130086898804,0.10669130086898804,-1.4475773572921753,1.4475773572921753,False,680,2026
shuffle,12,0.9598626494407654,-0.07087290287017822,0.07087290287017822,-1.122941493988037,1.122941493988037,False,680,2026
shuffle,13,0.9427241086959839,-0.09558933973312378,0.09558933973312378,-1.3550522327423096,1.3550522327423096,False,680,2026
shuffle,14,0.9603828191757202,-0.07320964336395264,0.07320964336395264,-1.1467339992523193,1.1467339992523193,False,680,2026
shuffle,15,0.9705443382263184,-0.12084043025970459,0.12084043025970459,-1.5573389530181885,1.5573389530181885,False,680,2026
shuffle,16,0.9544563293457031,-0.07748949527740479,0.07748949527740479,-1.189204216003418,1.189204216003418,False,680,2026
shuffle,17,0.9509495496749878,0.0028957128524780273,0.0028957128524780273,0.08148336410522461,0.08148336410522461,False,680,2026
shuffle,18,0.9550865292549133,-0.13288527727127075,0.13288527727127075,-1.6446985006332397,1.6446985006332397,False,680,2026
shuffle,19,0.9605793356895447,0.013417363166809082,0.013417363166809082,0.44422435760498047,0.44422435760498047,False,680,2026
shuffle,20,0.9811919331550598,0.0013341903686523438,0.0013341903686523438,0.03678011894226074,0.03678011894226074,False,680,2026
shuffle,21,0.9738672375679016,-0.3658502697944641,0.3658502697944641,-2.8335592448711395,2.8335592448711395,False,680,2026
shuffle,22,0.9461244940757751,0.008980154991149902,0.008980154991149902,0.27596068382263184,0.27596068382263184,False,680,2026
shuffle,23,0.9826521873474121,0.012817144393920898,0.012817144393920898,0.41983461380004883,0.41983461380004883,False,680,2026
shuffle,24,0.9719160199165344,-0.08874845504760742,0.08874845504760742,-1.294764757156372,1.294764757156372,False,680,2026
shuffle,25,0.1268618404865265,-0.002557992935180664,0.002557992935180664,-0.06721019744873047,0.06721019744873047,False,680,2026
shuffle,26,0.951362133026123,-0.029979586601257324,0.029979586601257324,-0.6090903282165527,0.6090903282165527,False,680,2026
shuffle,27,0.9490044116973877,0.014618277549743652,0.014618277549743652,0.49478960037231445,0.49478960037231445,False,680,2026
shuffle,28,0.9595234394073486,-0.1268746256828308,0.1268746256828308,-1.6017425060272217,1.6017425060272217,False,680,2026
shuffle,29,0.9814490079879761,-0.12065887451171875,0.12065887451171875,-1.5559821128845215,1.5559821128845215,False,680,2026
uniform,0,0.7158386707305908,-0.024112582206726074,0.024112582206726074,-0.12643420696258545,0.12643420696258545,False,681,2026
shuffle,0,0.941430926322937,-0.39829957485198975,0.39829957485198975,-1.7155134677886963,1.7155134677886963,True,681,2026
shuffle,1,0.5245373249053955,0.06611549854278564,0.06611549854278564,0.39891791343688965,0.39891791343688965,False,681,2026
shuffle,2,0.5417805314064026,-0.24340397119522095,0.24340397119522095,-1.079521395266056,1.079521395266056,False,681,2026
shuffle,3,0.9250227808952332,0.17881715297698975,0.17881715297698975,1.5248920917510986,1.5248920917510986,False,681,2026
shuffle,4,0.9339431524276733,-0.10232794284820557,0.10232794284820557,-0.49497586488723755,0.49497586488723755,False,681,2026
shuffle,5,0.9437662363052368,0.09398609399795532,0.09398609399795532,0.6019859313964844,0.6019859313964844,False,681,2026
shuffle,6,0.9520891308784485,-0.2517710328102112,0.2517710328102112,-1.1129983365535736,1.1129983365535736,False,681,2026
shuffle,7,0.9441628456115723,-0.2624584138393402,0.2624584138393402,-1.1557501591742039,1.1557501591742039,True,681,2026
shuffle,8,0.9362785816192627,-0.10012471675872803,0.10012471675872803,-0.48523807525634766,0.48523807525634766,False,681,2026
shuffle,9,0.9431688189506531,0.040095508098602295,0.040095508098602295,0.23069548606872559,0.23069548606872559,False,681,2026
shuffle,10,0.5139775276184082,0.21360480785369873,0.21360480785369873,2.3126697540283203,2.3126697540283203,False,681,2026
shuffle,11,0.9402459859848022,-0.1016845703125,0.1016845703125,-0.49213534593582153,0.49213534593582153,False,681,2026
shuffle,12,0.5321235656738281,-0.26126086711883545,0.26126086711883545,-1.150959026068449,1.150959026068449,True,681,2026
shuffle,13,0.5276093482971191,0.124259352684021,0.124259352684021,0.8612749576568604,0.8612749576568604,False,681,2026
shuffle,14,0.5276093482971191,0.12650370597839355,0.12650370597839355,0.8826370239257812,0.8826370239257812,False,681,2026
shuffle,15,0.9401953816413879,-0.08381825685501099,0.08381825685501099,-0.4122077226638794,0.4122077226638794,False,681,2026
shuffle,16,0.9414308667182922,0.12655681371688843,0.12655681371688843,0.8831472396850586,0.8831472396850586,False,681,2026
shuffle,17,0.9560060501098633,-0.40781354904174805,0.40781354904174805,-1.7572113275527954,1.7572113275527954,True,681,2026
shuffle,18,0.5228978395462036,-0.24854284524917603,0.24854284524917603,-1.1000841856002808,1.1000841856002808,False,681,2026
shuffle,19,0.5299373865127563,-0.5302515476942062,0.5302515476942062,-2.3635594844818115,2.3635594844818115,True,681,2026
shuffle,20,0.9431688189506531,0.10411149263381958,0.10411149263381958,0.6833944320678711,0.6833944320678711,False,681,2026
shuffle,21,0.5210170745849609,-0.5387018173933029,0.5387018173933029,-2.412672758102417,2.412672758102417,True,681,2026
shuffle,22,0.5286033153533936,-0.30503392219543457,0.30503392219543457,-1.3267092108726501,1.3267092108726501,True,681,2026
shuffle,23,0.9400967955589294,-0.48174574971199036,0.48174574971199036,-2.1037545204162598,2.1037545204162598,True,681,2026
shuffle,24,0.9326090812683105,0.09020185470581055,0.09020185470581055,0.5727179050445557,0.5727179050445557,False,681,2026
shuffle,25,0.9355825781822205,-0.05049353837966919,0.05049353837966919,-0.25680404901504517,0.25680404901504517,False,681,2026
shuffle,26,0.9445028901100159,-0.32234108448028564,0.32234108448028564,-1.3969018459320068,1.3969018459320068,True,681,2026
shuffle,27,0.5223004817962646,-0.018457889556884766,0.018457889556884766,-0.09746849536895752,0.09746849536895752,False,681,2026
shuffle,28,0.9431688189506531,0.051199138164520264,0.051199138164520264,0.30036163330078125,0.30036163330078125,False,681,2026
shuffle,29,0.9256201982498169,0.16971462965011597,0.16971462965011597,1.3856415748596191,1.3856415748596191,False,681,2026
uniform,0,0.710296630859375,-0.17426490783691406,0.17426490783691406,-0.7259977236390114,0.7259977236390114,True,684,2026
shuffle,0,0.8507335782051086,-0.22202086448669434,0.22202086448669434,-0.9177161902189255,0.9177161902189255,True,684,2026
shuffle,1,0.9335809350013733,-0.05759584903717041,0.05759584903717041,-0.25120070576667786,0.25120070576667786,False,684,2026
shuffle,2,0.8704564571380615,-0.047255873680114746,0.047255873680114746,-0.20735526084899902,0.20735526084899902,False,684,2026
shuffle,3,0.8987870812416077,0.13662737607955933,0.13662737607955933,0.7227697372436523,0.7227697372436523,False,684,2026
shuffle,4,0.8704246878623962,-0.32520151138305664,0.32520151138305664,-1.350318193435669,1.350318193435669,True,684,2026
shuffle,5,0.8383733034133911,0.031516849994659424,0.031516849994659424,0.14670944213867188,0.14670944213867188,False,684,2026
shuffle,6,0.9241159558296204,-0.355925977230072,0.355925977230072,-1.4891713857650757,1.4891713857650757,True,684,2026
shuffle,7,0.9190549850463867,-0.24374571442604065,0.24374571442604065,-1.0059636235237122,1.0059636235237122,True,684,2026
shuffle,8,0.8468877673149109,-0.0956350564956665,0.0956350564956665,-0.40912339091300964,0.40912339091300964,False,684,2026
shuffle,9,0.7612099051475525,0.02472633123397827,0.02472633123397827,0.11440044641494751,0.11440044641494751,False,684,2026
shuffle,10,0.9127678275108337,0.13663643598556519,0.13663643598556519,0.7228281497955322,0.7228281497955322,False,684,2026
shuffle,11,0.8929484486579895,-0.04388827085494995,0.04388827085494995,-0.19297361373901367,0.19297361373901367,False,684,2026
shuffle,12,0.9249728322029114,-0.3685218393802643,0.3685218393802643,-1.5481481552124023,1.5481481552124023,True,684,2026
shuffle,13,0.9478133916854858,-0.39745455980300903,0.39745455980300903,-1.6892070770263672,1.6892070770263672,True,684,2026
shuffle,14,0.8524364233016968,-0.18810215592384338,0.18810215592384338,-0.7813711315393448,0.7813711315393448,True,684,2026
shuffle,15,0.912268877029419,0.10964757204055786,0.10964757204055786,0.5572922229766846,0.5572922229766846,False,684,2026
shuffle,16,0.1971731185913086,-0.07460534572601318,0.07460534572601318,-0.3224065601825714,0.3224065601825714,False,684,2026
shuffle,17,0.8434799909591675,-0.4005461037158966,0.4005461037158966,-1.704804539680481,1.704804539680481,True,684,2026
shuffle,18,0.9061737656593323,-0.006166398525238037,0.006166398525238037,-0.02781963348388672,0.02781963348388672,False,684,2026
shuffle,19,0.9144476652145386,-0.05632287263870239,0.05632287263870239,-0.24582713842391968,0.24582713842391968,False,684,2026
shuffle,20,0.8896684646606445,-0.06380701065063477,0.06380701065063477,-0.2773270010948181,0.2773270010948181,False,684,2026
shuffle,21,0.9204695820808411,0.14126712083816528,0.14126712083816528,0.7529641389846802,0.7529641389846802,False,684,2026
shuffle,22,0.883023738861084,-0.14063763618469238,0.14063763618469238,-0.5913323312997818,0.5913323312997818,False,684,2026
shuffle,23,0.8979958295822144,-0.42231009900569916,0.42231009900569916,-1.8179744482040405,1.8179744482040405,True,684,2026
shuffle,24,0.890992283821106,-0.22607433795928955,0.22607433795928955,-0.9341118186712265,0.9341118186712265,True,684,2026
shuffle,25,0.9438995718955994,-0.36954858899116516,0.36954858899116516,-1.5530153512954712,1.5530153512954712,True,684,2026
shuffle,26,0.9258564114570618,-0.11164849996566772,0.11164849996566772,-0.47438277304172516,0.47438277304172516,False,684,2026
shuffle,27,0.879545271396637,-0.34366145730018616,0.34366145730018616,-1.4329547882080078,1.4329547882080078,True,684,2026
shuffle,28,0.9085227251052856,-0.32769775390625,0.32769775390625,-1.361365258693695,1.361365258693695,True,684,2026
shuffle,29,0.9257966876029968,-0.34887969493865967,0.34887969493865967,-1.4567360877990723,1.4567360877990723,True,684,2026
uniform,0,0.6668131351470947,-0.16165012121200562,0.16165012121200562,-0.9268777966499329,0.9268777966499329,False,689,2026
shuffle,0,0.8670493364334106,-0.35902878642082214,0.35902878642082214,-1.7522531859576702,1.7522531859576702,True,689,2026
shuffle,1,0.8613955974578857,-0.16479253768920898,0.16479253768920898,-0.9413632154464722,0.9413632154464722,False,689,2026
shuffle,2,0.761839747428894,-0.6495707035064697,0.6495707035064697,-3.111095905303955,3.111095905303955,True,689,2026
shuffle,3,0.8087520003318787,-0.06453019380569458,0.06453019380569458,-0.4276101589202881,0.4276101589202881,False,689,2026
shuffle,4,0.8913217782974243,-0.28547680377960205,0.28547680377960205,-1.4568929374217987,1.4568929374217987,False,689,2026
shuffle,5,0.7571441531181335,0.08762454986572266,0.08762454986572266,0.9322936534881592,0.9322936534881592,False,689,2026
shuffle,6,0.8224656581878662,-0.4235399663448334,0.4235399663448334,-2.0129003822803497,2.0129003822803497,True,689,2026
shuffle,7,0.8471387624740601,-0.2397550344467163,0.2397550344467163,-1.2687447667121887,1.2687447667121887,False,689,2026
shuffle,8,0.8937457203865051,-0.3027632236480713,0.3027632236480713,-1.5267709791660309,1.5267709791660309,False,689,2026
shuffle,9,0.8783003091812134,-0.2025010585784912,0.2025010585784912,-1.1098759174346924,1.1098759174346924,False,689,2026
shuffle,10,0.8135414123535156,0.0164719820022583,0.0164719820022583,0.13170170783996582,0.13170170783996582,False,689,2026
shuffle,11,0.7439456582069397,-0.35116496682167053,0.35116496682167053,-1.7207846343517303,1.7207846343517303,True,689,2026
shuffle,12,0.8526541590690613,-0.06274372339248657,0.06274372339248657,-0.41715097427368164,0.41715097427368164,False,689,2026
shuffle,13,0.8901747465133667,-0.13306915760040283,0.13306915760040283,-0.7912920117378235,0.7912920117378235,False,689,2026
shuffle,14,0.8487492203712463,-0.01589381694793701,0.01589381694793701,-0.11663937568664551,0.11663937568664551,False,689,2026
shuffle,15,0.8538408875465393,-0.0053713321685791016,0.0053713321685791016,-0.04045581817626953,0.04045581817626953,False,689,2026
shuffle,16,0.7788791656494141,-0.0969388484954834,0.0969388484954834,-0.6077489852905273,0.6077489852905273,False,689,2026
shuffle,17,0.8600760698318481,-0.18246996402740479,0.18246996402740479,-1.0215063691139221,1.0215063691139221,False,689,2026
shuffle,18,0.8068844079971313,-0.2668291926383972,0.2668291926383972,-1.3808486461639404,1.3808486461639404,False,689,2026
shuffle,19,0.876510500907898,-0.06075608730316162,0.06075608730316162,-0.4054403305053711,0.4054403305053711,False,689,2026
shuffle,20,0.7910125255584717,-0.25485944747924805,0.25485944747924805,-1.3315693736076355,1.3315693736076355,False,689,2026
shuffle,21,0.8075369596481323,-0.24498260021209717,0.24498260021209717,-1.2905761301517487,1.2905761301517487,False,689,2026
shuffle,22,0.8853816986083984,-0.12723803520202637,0.12723803520202637,-0.7626815438270569,0.7626815438270569,False,689,2026
shuffle,23,0.7686721682548523,-0.19195079803466797,0.19195079803466797,-1.0636298060417175,1.0636298060417175,False,689,2026
shuffle,24,0.666483998298645,-0.7067346125841141,0.7067346125841141,-3.525639533996582,3.525639533996582,True,689,2026
shuffle,25,0.8568767309188843,-0.2236342430114746,0.2236342430114746,-1.2007596492767334,1.2007596492767334,False,689,2026
shuffle,26,0.8437875509262085,-0.27991360425949097,0.27991360425949097,-1.4342881441116333,1.4342881441116333,False,689,2026
shuffle,27,0.9195455312728882,-0.41968926787376404,0.41968926787376404,-1.9971276223659515,1.9971276223659515,True,689,2026
shuffle,28,0.7609356045722961,0.09584087133407593,0.09584087133407593,1.071234941482544,1.071234941482544,False,689,2026
shuffle,29,0.8666083216667175,-0.14606034755706787,0.14606034755706787,-0.8538261651992798,0.8538261651992798,False,689,2026
uniform,0,0.8497968316078186,-0.7002150416374207,0.7002150416374207,-3.768007278442383,3.768007278442383,True,692,2026
shuffle,0,0.9940980076789856,-0.7642315570265055,0.7642315570265055,-5.929407596588135,5.929407596588135,True,692,2026
shuffle,1,0.9668905735015869,-0.7312983497977257,0.7312983497977257,-4.355717182159424,4.355717182159424,True,692,2026
shuffle,2,0.9959484934806824,-0.1997082233428955,0.1997082233428955,-0.9303888380527496,0.9303888380527496,False,692,2026
shuffle,3,0.9710098505020142,0.033049166202545166,0.033049166202545166,0.19936442375183105,0.19936442375183105,False,692,2026
shuffle,4,0.992344856262207,-0.7307303622364998,0.7307303622364998,-4.341666221618652,4.341666221618652,True,692,2026
shuffle,5,0.9949843883514404,-0.7650127010419965,0.7650127010419965,-6.021114826202393,6.021114826202393,True,692,2026
shuffle,6,0.9906139969825745,-0.761036591604352,0.761036591604352,-5.622032642364502,5.622032642364502,True,692,2026
shuffle,7,0.9952303171157837,-0.7229598797857761,0.7229598797857761,-4.165564775466919,4.165564775466919,True,692,2026
shuffle,8,0.9700214266777039,-0.6350716799497604,0.6350716799497604,-3.0573394298553467,3.0573394298553467,True,692,2026
shuffle,9,0.9494231343269348,-0.7481943778693676,0.7481943778693676,-4.889106750488281,4.889106750488281,True,692,2026
shuffle,10,0.948708176612854,-0.7641194202005863,0.7641194202005863,-5.916895389556885,5.916895389556885,True,692,2026
shuffle,11,0.95097815990448,-0.735044576227665,0.735044576227665,-4.453230857849121,4.453230857849121,True,692,2026
shuffle,12,0.9449223875999451,-0.7343310341238976,0.7343310341238976,-4.433969974517822,4.433969974517822,True,692,2026
shuffle,13,0.9700362086296082,0.007802248001098633,0.007802248001098633,0.045050621032714844,0.045050621032714844,False,692,2026
shuffle,14,0.12563665211200714,-0.009593725204467773,0.009593725204467773,-0.05391883850097656,0.05391883850097656,False,692,2026
shuffle,15,0.9961810111999512,-0.7459182608872652,0.7459182608872652,-4.799717903137207,4.799717903137207,True,692,2026
shuffle,16,0.9940105676651001,-0.17064189910888672,0.17064189910888672,-0.8103637099266052,0.8103637099266052,False,692,2026
shuffle,17,0.9518842101097107,-0.7623340934514999,0.7623340934514999,-5.735954761505127,5.735954761505127,True,692,2026
shuffle,18,0.9691786766052246,-0.7294688932597637,0.7294688932597637,-4.31109094619751,4.31109094619751,True,692,2026
shuffle,19,0.9941518306732178,-0.7213839516043663,0.7213839516043663,-4.133029937744141,4.133029937744141,True,692,2026
shuffle,20,0.9960268139839172,-0.7454988211393356,0.7454988211393356,-4.784040212631226,4.784040212631226,True,692,2026
shuffle,21,0.9939477443695068,-0.7602324485778809,0.7602324485778809,-5.557300090789795,5.557300090789795,True,692,2026
shuffle,22,0.9269311428070068,-0.7077990919351578,0.7077990919351578,-3.885841131210327,3.885841131210327,True,692,2026
shuffle,23,0.9429436922073364,-0.7061039358377457,0.7061039358377457,-3.8584442138671875,3.8584442138671875,True,692,2026
shuffle,24,0.9951158165931702,-0.5723317116498947,0.5723317116498947,-2.607335090637207,2.607335090637207,True,692,2026
shuffle,25,0.9956416487693787,-0.646761104464531,0.646761104464531,-3.15922212600708,3.15922212600708,True,692,2026
shuffle,26,0.9675577282905579,-0.7617797339335084,0.7617797339335084,-5.685722351074219,5.685722351074219,True,692,2026
shuffle,27,0.995320200920105,-0.7266454212367535,0.7266454212367535,-4.245595455169678,4.245595455169678,True,692,2026
shuffle,28,0.9952067136764526,-0.7314467430114746,0.7314467430114746,-4.359418153762817,4.359418153762817,True,692,2026
shuffle,29,0.9947083592414856,-0.7431074026972055,0.7431074026972055,-4.698829650878906,4.698829650878906,True,692,2026
uniform,0,0.6689510345458984,0.022225141525268555,0.022225141525268555,0.10915648937225342,0.10915648937225342,False,695,2026
shuffle,0,0.894821286201477,0.17511868476867676,0.17511868476867676,1.118120789527893,1.118120789527893,False,695,2026
shuffle,1,0.7959704995155334,0.15839630365371704,0.15839630365371704,0.969255805015564,0.969255805015564,False,695,2026
shuffle,2,0.7007287740707397,-0.29487934708595276,0.29487934708595276,-1.2340821027755737,1.2340821027755737,True,695,2026
shuffle,3,0.7322477102279663,0.10910665988922119,0.10910665988922119,0.6040713787078857,0.6040713787078857,False,695,2026
shuffle,4,0.6912592649459839,0.11500942707061768,0.11500942707061768,0.6434129476547241,0.6434129476547241,False,695,2026
shuffle,5,0.6148452758789062,0.0879867672920227,0.0879867672920227,0.47064244747161865,0.47064244747161865,False,695,2026
shuffle,6,0.910352885723114,0.0202484130859375,0.0202484130859375,0.09923487901687622,0.09923487901687622,False,695,2026
shuffle,7,0.5484155416488647,-0.2554030120372772,0.2554030120372772,-1.0728301703929901,1.0728301703929901,True,695,2026
shuffle,8,0.9074563384056091,0.16361045837402344,0.16361045837402344,1.013938546180725,1.013938546180725,False,695,2026
shuffle,9,0.8351277709007263,-0.24689096212387085,0.24689096212387085,-1.0384770035743713,1.0384770035743713,True,695,2026
shuffle,10,0.7966536283493042,0.1821129322052002,0.1821129322052002,1.185693621635437,1.185693621635437,False,695,2026
shuffle,11,0.7944502234458923,0.09043681621551514,0.09043681621551514,0.4855843782424927,0.4855843782424927,False,695,2026
shuffle,12,0.814118504524231,0.01634204387664795,0.01634204387664795,0.07975548505783081,0.07975548505783081,False,695,2026
shuffle,13,0.8566893935203552,-0.03391367197036743,0.03391367197036743,-0.15786898136138916,0.15786898136138916,False,695,2026
shuffle,14,0.861239492893219,-0.11102837324142456,0.11102837324142456,-0.49021628499031067,0.49021628499031067,False,695,2026
shuffle,15,0.9113288521766663,0.01493382453918457,0.01493382453918457,0.07277417182922363,0.07277417182922363,False,695,2026
shuffle,16,0.8943617343902588,0.02511364221572876,0.02511364221572876,0.12373614311218262,0.12373614311218262,False,695,2026
shuffle,17,0.8816224336624146,-0.1204596757888794,0.1204596757888794,-0.5291585326194763,0.5291585326194763,False,695,2026
shuffle,18,0.9043526649475098,-0.0784960389137268,0.0784960389137268,-0.3534916043281555,0.3534916043281555,False,695,2026
shuffle,19,0.9243264198303223,0.21189779043197632,0.21189779043197632,1.5222147703170776,1.5222147703170776,False,695,2026
shuffle,20,0.7996492385864258,-0.15552037954330444,0.15552037954330444,-0.6719599962234497,0.6719599962234497,False,695,2026
shuffle,21,0.40426379442214966,0.06667381525039673,0.06667381525039673,0.3457808494567871,0.3457808494567871,False,695,2026
shuffle,22,0.8904948234558105,-0.26059871912002563,0.26059871912002563,-1.0938576608896255,1.0938576608896255,True,695,2026
shuffle,23,0.8988900184631348,0.152022123336792,0.152022123336792,0.9165259599685669,0.9165259599685669,False,695,2026
shuffle,24,0.9192521572113037,0.2306411862373352,0.2306411862373352,1.794927716255188,1.794927716255188,False,695,2026
shuffle,25,0.8633446097373962,-0.2525984048843384,0.2525984048843384,-1.061498984694481,1.061498984694481,True,695,2026
shuffle,26,0.6920487284660339,-0.08194237947463989,0.08194237947463989,-0.36817866563796997,0.36817866563796997,False,695,2026
shuffle,27,0.9249311685562134,0.22766917943954468,0.22766917943954468,1.7472134828567505,1.7472134828567505,False,695,2026
shuffle,28,0.9371516108512878,0.004454612731933594,0.004454612731933594,0.02147531509399414,0.02147531509399414,False,695,2026
shuffle,29,0.8683557510375977,0.13599896430969238,0.13599896430969238,0.7920471429824829,0.7920471429824829,False,695,2026
uniform,0,0.7403563857078552,-0.022692739963531494,0.022692739963531494,-2.06103515625,2.06103515625,False,711,2026
shuffle,0,0.9391397833824158,-0.01750260591506958,0.01750260591506958,-1.8339319229125977,1.8339319229125977,False,711,2026
shuffle,1,0.9550928473472595,-0.14151352643966675,0.14151352643966675,-3.905642032623291,3.905642032623291,False,711,2026
shuffle,2,0.8757606744766235,0.0009458065032958984,0.0009458065032958984,0.3269796371459961,0.3269796371459961,False,711,2026
shuffle,3,0.946127712726593,-0.014284968376159668,0.014284968376159668,-1.6634845733642578,1.6634845733642578,False,711,2026
shuffle,4,0.901082456111908,-0.09430629014968872,0.09430629014968872,-3.4577317237854004,3.4577317237854004,False,711,2026
shuffle,5,0.8475290536880493,-0.014027774333953857,0.014027774333953857,-1.6485776901245117,1.6485776901245117,False,711,2026
shuffle,6,0.8472925424575806,-0.016680121421813965,0.016680121421813965,-1.7929463386535645,1.7929463386535645,False,711,2026
shuffle,7,0.9563255906105042,-0.11203718185424805,0.11203718185424805,-3.6443395614624023,3.6443395614624023,False,711,2026
shuffle,8,0.9465682506561279,-0.1359294056892395,0.1359294056892395,-3.8598363399505615,3.8598363399505615,False,711,2026
shuffle,9,0.9720011353492737,-0.13882213830947876,0.13882213830947876,-3.88375186920166,3.88375186920166,False,711,2026
shuffle,10,0.9064264297485352,-0.10109114646911621,0.10109114646911621,-3.5324161052703857,3.5324161052703857,False,711,2026
shuffle,11,0.901975154876709,-0.026043415069580078,0.026043415069580078,-2.1852939128875732,2.1852939128875732,False,711,2026
shuffle,12,0.962917149066925,-0.03910273313522339,0.03910273313522339,-2.565945625305176,2.565945625305176,False,711,2026
shuffle,13,0.9479343295097351,-0.025668978691101074,0.025668978691101074,-2.172109842300415,2.172109842300415,False,711,2026
shuffle,14,0.9145261645317078,-0.00521618127822876,0.00521618127822876,-0.9351916313171387,0.9351916313171387,False,711,2026
shuffle,15,0.9505196213722229,-0.04065847396850586,0.04065847396850586,-2.6035208702087402,2.6035208702087402,False,711,2026
shuffle,16,0.9720901846885681,-0.01894301176071167,0.01894301176071167,-1.9020462036132812,1.9020462036132812,False,711,2026
shuffle,17,0.9694645404815674,-0.03308117389678955,0.03308117389678955,-2.406900644302368,2.406900644302368,False,711,2026
shuffle,18,0.9165109992027283,-0.016368210315704346,0.016368210315704346,-1.776972770690918,1.776972770690918,False,711,2026
shuffle,19,0.9268889427185059,-0.011904299259185791,0.011904299259185791,-1.5164823532104492,1.5164823532104492,False,711,2026
shuffle,20,0.7790501713752747,-0.009734392166137695,0.009734392166137695,-1.3613824844360352,1.3613824844360352,False,711,2026
shuffle,21,0.964343786239624,-0.12556004524230957,0.12556004524230957,-3.770521640777588,3.770521640777588,False,711,2026
shuffle,22,0.984993577003479,-0.14400440454483032,0.14400440454483032,-3.9256017208099365,3.9256017208099365,False,711,2026
shuffle,23,0.776458740234375,-0.0282171368598938,0.0282171368598938,-2.258765697479248,2.258765697479248,False,711,2026
shuffle,24,0.9794685244560242,-0.01599740982055664,0.01599740982055664,-1.7576570510864258,1.7576570510864258,False,711,2026
shuffle,25,0.9041010737419128,-0.08682149648666382,0.08682149648666382,-3.369771957397461,3.369771957397461,False,711,2026
shuffle,26,0.904487669467926,-0.03687739372253418,0.03687739372253418,-2.509845733642578,2.509845733642578,False,711,2026
shuffle,27,0.8525511622428894,-0.10135990381240845,0.10135990381240845,-3.535285472869873,3.535285472869873,False,711,2026
shuffle,28,0.9743151068687439,-0.09047865867614746,0.09047865867614746,-3.4135360717773438,3.4135360717773438,False,711,2026
shuffle,29,0.9602228403091431,-0.012098431587219238,0.012098431587219238,-1.5292863845825195,1.5292863845825195,False,711,2026
uniform,0,0.5795665383338928,-0.0023460984230041504,0.0023460984230041504,-0.838836669921875,0.838836669921875,False,721,2026
shuffle,0,0.6103214621543884,-0.0012704133987426758,0.0012704133987426758,-0.5368185043334961,0.5368185043334961,False,721,2026
shuffle,1,0.778242826461792,-0.0005228519439697266,0.0005228519439697266,-0.2563605308532715,0.2563605308532715,False,721,2026
shuffle,2,0.8015852570533752,-0.0008860230445861816,0.0008860230445861816,-0.40238189697265625,0.40238189697265625,False,721,2026
shuffle,3,0.7755813002586365,-0.001521766185760498,0.001521766185760498,-0.6159210205078125,0.6159210205078125,False,721,2026
shuffle,4,0.7384949922561646,-0.01590031385421753,0.01590031385421753,-2.3051695823669434,2.3051695823669434,False,721,2026
shuffle,5,0.7779903411865234,-0.0015681982040405273,0.0015681982040405273,-0.6298856735229492,0.6298856735229492,False,721,2026
shuffle,6,0.8818249702453613,-0.0030041933059692383,0.0030041933059692383,-0.987030029296875,0.987030029296875,False,721,2026
shuffle,7,0.822376012802124,-0.00206148624420166,0.00206148624420166,-0.767305850982666,0.767305850982666,False,721,2026
shuffle,8,0.6763258576393127,-0.0002461671829223633,0.0002461671829223633,-0.1289067268371582,0.1289067268371582,False,721,2026
shuffle,9,0.896888256072998,-0.0012869834899902344,0.0012869834899902344,-0.5422306060791016,0.5422306060791016,False,721,2026
shuffle,10,0.7782428860664368,-0.0013187527656555176,0.0013187527656555176,-0.5525379180908203,0.5525379180908203,False,721,2026
shuffle,11,0.7996090054512024,-0.0006184577941894531,0.0006184577941894531,-0.2969179153442383,0.2969179153442383,False,721,2026
shuffle,12,0.9412739276885986,-0.0031180977821350098,0.0031180977821350098,-1.010603904724121,1.010603904724121,False,721,2026
shuffle,13,0.6763845086097717,-0.000976860523223877,0.000976860523223877,-0.4358196258544922,0.4358196258544922,False,721,2026
shuffle,14,0.7969475388526917,-0.0003414750099182129,0.0003414750099182129,-0.17466449737548828,0.17466449737548828,False,721,2026
shuffle,15,0.610573947429657,-0.0001080632209777832,0.0001080632209777832,-0.05866241455078125,0.05866241455078125,False,721,2026
shuffle,16,0.8193100690841675,-0.012735366821289062,0.012735366821289062,-2.1048717498779297,2.1048717498779297,False,721,2026
shuffle,17,0.7114158868789673,-0.001993238925933838,0.001993238925933838,-0.7493810653686523,0.7493810653686523,False,721,2026
shuffle,18,0.8394155502319336,-0.002118349075317383,0.002118349075317383,-0.7819962501525879,0.7819962501525879,False,721,2026
shuffle,19,0.8818249702453613,-0.018614232540130615,0.018614232540130615,-2.450634002685547,2.450634002685547,False,721,2026
shuffle,20,0.28773510456085205,-0.0003616809844970703,0.0003616809844970703,-0.18408870697021484,0.18408870697021484,False,721,2026
shuffle,21,0.6980031728744507,-0.001110076904296875,0.001110076904296875,-0.48293113708496094,0.48293113708496094,False,721,2026
shuffle,22,0.8015852570533752,-0.010599672794342041,0.010599672794342041,-1.9437150955200195,1.9437150955200195,False,721,2026
shuffle,23,0.7193692922592163,-0.00040596723556518555,0.00040596723556518555,-0.20448541641235352,0.20448541641235352,False,721,2026
shuffle,24,0.6933653354644775,-0.00039523839950561523,0.00039523839950561523,-0.19956398010253906,0.19956398010253906,False,721,2026
shuffle,25,0.6980031728744507,-0.012969970703125,0.012969970703125,-2.1211299896240234,2.1211299896240234,False,721,2026
shuffle,26,0.8413331508636475,-0.0005252361297607422,0.0005252361297607422,-0.2573843002319336,0.2573843002319336,False,721,2026
shuffle,27,0.7311956286430359,-0.0008726119995117188,0.0008726119995117188,-0.39734649658203125,0.39734649658203125,False,721,2026
shuffle,28,0.8988645076751709,-0.015561103820800781,0.015561103820800781,-2.2854647636413574,2.2854647636413574,False,721,2026
shuffle,29,0.8610342741012573,-0.01431649923324585,0.01431649923324585,-2.209780216217041,2.209780216217041,False,721,2026
uniform,0,0.8493810296058655,-0.5671682357788086,0.5671682357788086,-3.58101624250412,3.58101624250412,True,730,2026
shuffle,0,0.9684428572654724,-0.873547375202179,0.873547375202179,-5.5163373947143555,5.5163373947143555,True,730,2026
shuffle,1,0.16024291515350342,0.0023369789123535156,0.0023369789123535156,0.060369253158569336,0.060369253158569336,False,730,2026
shuffle,2,0.9813453555107117,-0.693187415599823,0.693187415599823,-4.157851934432983,4.157851934432983,True,730,2026
shuffle,3,0.9042616486549377,-0.6122003793716431,0.6122003793716431,-3.774647295475006,3.774647295475006,True,730,2026
shuffle,4,0.9738613367080688,-0.8669783174991608,0.8669783174991608,-5.434635400772095,5.434635400772095,True,730,2026
shuffle,5,0.9834023714065552,-0.7097281068563461,0.7097281068563461,-4.244492411613464,4.244492411613464,True,730,2026
shuffle,6,0.16643062233924866,-0.021856725215911865,0.021856725215911865,-0.44600534439086914,0.44600534439086914,False,730,2026
shuffle,7,0.966457188129425,-0.3022121787071228,0.3022121787071228,-2.4925078749656677,2.4925078749656677,False,730,2026
shuffle,8,0.9708647131919861,-0.8207033425569534,0.8207033425569534,-4.973086953163147,4.973086953163147,True,730,2026
shuffle,9,0.920182466506958,-0.7579210996627808,0.7579210996627808,-4.522015571594238,4.522015571594238,True,730,2026
shuffle,10,0.9650514125823975,-0.4840456545352936,0.4840456545352936,-3.2415667921304703,3.2415667921304703,True,730,2026
shuffle,11,0.8262665867805481,-0.06658679246902466,0.06658679246902466,-1.0289762020111084,1.0289762020111084,False,730,2026
shuffle,12,0.9832088351249695,-0.8367743343114853,0.8367743343114853,-5.115581035614014,5.115581035614014,True,730,2026
shuffle,13,0.9797490835189819,-0.7779513150453568,0.7779513150453568,-4.651979446411133,4.651979446411133,True,730,2026
shuffle,14,0.9797062873840332,-0.03272002935409546,0.03272002935409546,-0.6158838272094727,0.6158838272094727,False,730,2026
shuffle,15,0.9636639952659607,-0.5124687552452087,0.5124687552452087,-3.3560151755809784,3.3560151755809784,True,730,2026
shuffle,16,0.9777246713638306,-0.056319236755371094,0.056319236755371094,-0.9177341461181641,0.9177341461181641,False,730,2026
shuffle,17,0.9652695655822754,-0.4211794137954712,0.4211794137954712,-2.989734947681427,2.989734947681427,False,730,2026
shuffle,18,0.9760991334915161,-0.9307986069470644,0.9307986069470644,-6.698074817657471,6.698074817657471,True,730,2026
shuffle,19,0.9720869064331055,-0.09836673736572266,0.09836673736572266,-1.322975754737854,1.322975754737854,False,730,2026
shuffle,20,0.9686094522476196,-0.5110940635204315,0.5110940635204315,-3.3504530638456345,3.3504530638456345,True,730,2026
shuffle,21,0.97370445728302,-0.6972028911113739,0.6972028911113739,-4.178553938865662,4.178553938865662,True,730,2026
shuffle,22,0.9709848165512085,-0.6169879734516144,0.6169879734516144,-3.795866370201111,3.795866370201111,True,730,2026
shuffle,23,0.11696021258831024,-0.009763598442077637,0.009763598442077637,-0.22144556045532227,0.22144556045532227,False,730,2026
shuffle,24,0.9755401015281677,-0.03725433349609375,0.03725433349609375,-0.6800780296325684,0.6800780296325684,False,730,2026
shuffle,25,0.984468400478363,-0.4673527181148529,0.4673527181148529,-3.174709513783455,3.174709513783455,True,730,2026
shuffle,26,0.9699047803878784,-0.4088047742843628,0.4088047742843628,-2.9398564100265503,2.9398564100265503,False,730,2026
shuffle,27,0.8788197040557861,-0.07623428106307983,0.07623428106307983,-1.125333547592163,1.125333547592163,False,730,2026
shuffle,28,0.1606602966785431,-0.011666357517242432,0.011666357517242432,-0.2598843574523926,0.2598843574523926,False,730,2026
shuffle,29,0.9837586879730225,-0.6535815298557281,0.6535815298557281,-3.9632925987243652,3.9632925987243652,True,730,2026
uniform,0,0.5209412574768066,-0.04889482259750366,0.04889482259750366,-1.109640121459961,1.109640121459961,False,731,2026
shuffle,0,0.8479592204093933,-0.09027290344238281,0.09027290344238281,-1.5952820777893066,1.5952820777893066,False,731,2026
shuffle,1,0.6710899472236633,-0.07826453447341919,0.07826453447341919,-1.4727709293365479,1.4727709293365479,False,731,2026
shuffle,2,0.7226753234863281,-0.07011187076568604,0.07011187076568604,-1.3822870254516602,1.3822870254516602,False,731,2026
shuffle,3,0.7334545254707336,-0.04492312669754028,0.04492312669754028,-1.0508646965026855,1.0508646965026855,False,731,2026
shuffle,4,0.8472493290901184,-0.09393757581710815,0.09393757581710815,-1.6304700374603271,1.6304700374603271,False,731,2026
shuffle,5,0.7747640013694763,-0.041982412338256836,0.041982412338256836,-1.0053520202636719,1.0053520202636719,False,731,2026
shuffle,6,0.7307427525520325,-0.07063674926757812,0.07063674926757812,-1.3883144855499268,1.3883144855499268,False,731,2026
shuffle,7,0.7237122058868408,-0.09750944375991821,0.09750944375991821,-1.6638848781585693,1.6638848781585693,False,731,2026
shuffle,8,0.6221377849578857,-0.04704076051712036,0.04704076051712036,-1.0825693607330322,1.0825693607330322,False,731,2026
shuffle,9,0.6138227581977844,-0.061374008655548096,0.061374008655548096,-1.277346134185791,1.277346134185791,False,731,2026
shuffle,10,0.7410597801208496,-0.05250060558319092,0.05250060558319092,-1.1605710983276367,1.1605710983276367,False,731,2026
shuffle,11,0.7410597205162048,-0.05060523748397827,0.05060523748397827,-1.1340727806091309,1.1340727806091309,False,731,2026
shuffle,12,0.8514902591705322,-0.08021765947341919,0.08021765947341919,-1.493513584136963,1.493513584136963,False,731,2026
shuffle,13,0.8438849449157715,-0.05323457717895508,0.05323457717895508,-1.1706743240356445,1.1706743240356445,False,731,2026
shuffle,14,0.729311466217041,-0.038278281688690186,0.038278281688690186,-0.9453535079956055,0.9453535079956055,False,731,2026
shuffle,15,0.6768971085548401,-0.06129300594329834,0.06129300594329834,-1.2763290405273438,1.2763290405273438,False,731,2026
shuffle,16,0.6361333131790161,-0.08865970373153687,0.08865970373153687,-1.5794858932495117,1.5794858932495117,False,731,2026
shuffle,17,0.7859376668930054,-0.07735103368759155,0.07735103368759155,-1.4629507064819336,1.4629507064819336,False,731,2026
shuffle,18,0.6262120008468628,-0.06519132852554321,0.06519132852554321,-1.3243017196655273,1.3243017196655273,False,731,2026
shuffle,19,0.5015936493873596,-0.02359950542449951,0.02359950542449951,-0.6705188751220703,0.6705188751220703,False,731,2026
shuffle,20,0.8331058621406555,-0.11269897222518921,0.11269897222518921,-1.7973601818084717,1.7973601818084717,False,731,2026
shuffle,21,0.8376421928405762,-0.05745804309844971,0.05745804309844971,-1.2272062301635742,1.2272062301635742,False,731,2026
shuffle,22,0.658974826335907,-0.041818201541900635,0.041818201541900635,-1.0027575492858887,1.0027575492858887,False,731,2026
shuffle,23,0.7875478267669678,-0.04801827669143677,0.04801827669143677,-1.096919059753418,1.096919059753418,False,731,2026
shuffle,24,0.48763853311538696,-0.04375767707824707,0.04375767707824707,-1.0330390930175781,1.0330390930175781,False,731,2026
shuffle,25,0.7410597801208496,-0.054072439670562744,0.054072439670562744,-1.1821041107177734,1.1821041107177734,False,731,2026
shuffle,26,0.7327446937561035,-0.06336092948913574,0.06336092948913574,-1.3020129203796387,1.3020129203796387,False,731,2026
shuffle,27,0.7851590514183044,-0.06776970624923706,0.06776970624923706,-1.3550269603729248,1.3550269603729248,False,731,2026
shuffle,28,0.6582649946212769,-0.025824427604675293,0.025824427604675293,-0.7167491912841797,0.7167491912841797,False,731,2026
shuffle,29,0.7272117137908936,-0.03896510601043701,0.03896510601043701,-0.9567174911499023,0.9567174911499023,False,731,2026
uniform,0,0.7842738628387451,-0.025668978691101074,0.025668978691101074,-2.416792869567871,2.416792869567871,False,744,2026
shuffle,0,0.9808914065361023,-0.013592183589935303,0.013592183589935303,-1.8468642234802246,1.8468642234802246,False,744,2026
shuffle,1,0.9841273427009583,-0.06143009662628174,0.06143009662628174,-3.272127151489258,3.272127151489258,False,744,2026
shuffle,2,0.984127402305603,-0.06752133369445801,0.06752133369445801,-3.3695473670959473,3.3695473670959473,False,744,2026
shuffle,3,0.004524209536612034,3.874301910400391e-06,3.874301910400391e-06,0.0014958381652832031,0.0014958381652832031,False,744,2026
shuffle,4,0.982055127620697,-0.08457213640213013,0.08457213640213013,-3.6057465076446533,3.6057465076446533,False,744,2026
shuffle,5,0.9828391075134277,-0.06663894653320312,0.06663894653320312,-3.3559322357177734,3.3559322357177734,False,744,2026
shuffle,6,0.9833433628082275,-0.06063264608383179,0.06063264608383179,-3.2587409019470215,3.2587409019470215,False,744,2026
shuffle,7,0.9828391075134277,-0.08492434024810791,0.08492434024810791,-3.6101651191711426,3.6101651191711426,False,744,2026
shuffle,8,0.9828391075134277,-0.08527827262878418,0.08527827262878418,-3.6145894527435303,3.6145894527435303,False,744,2026
shuffle,9,0.0032359601464122534,-1.0132789611816406e-05,1.0132789611816406e-05,-0.0038976669311523438,0.0038976669311523438,False,744,2026
shuffle,10,0.9841273427009583,-0.061422526836395264,0.061422526836395264,-3.272001266479492,3.272001266479492,False,744,2026
shuffle,11,0.9828391075134277,-0.013547182083129883,0.013547182083129883,-1.8440327644348145,1.8440327644348145,False,744,2026
shuffle,12,0.004524209536612034,5.662441253662109e-06,5.662441253662109e-06,0.002178668975830078,0.002178668975830078,False,744,2026
shuffle,13,0.9841273427009583,-0.013764619827270508,0.013764619827270508,-1.857645034790039,1.857645034790039,False,744,2026
shuffle,14,0.9841273427009583,-0.06143009662628174,0.06143009662628174,-3.272127151489258,3.272127151489258,False,744,2026
shuffle,15,0.9796031713485718,-0.06671154499053955,0.06671154499053955,-3.3570594787597656,3.3570594787597656,False,744,2026
shuffle,16,0.0040199039503932,3.3974647521972656e-06,3.3974647521972656e-06,0.0013232231140136719,0.0013232231140136719,False,744,2026
shuffle,17,0.9836230874061584,-0.06680738925933838,0.06680738925933838,-3.358544111251831,3.358544111251831,False,744,2026
shuffle,18,0.984127402305603,-0.060871005058288574,0.060871005058288574,-3.2627577781677246,3.2627577781677246,False,744,2026
shuffle,19,0.9833434224128723,-0.08443009853363037,0.08443009853363037,-3.6039602756500244,3.6039602756500244,False,744,2026
shuffle,20,0.9833434224128723,-0.08443009853363037,0.08443009853363037,-3.6039602756500244,3.6039602756500244,False,744,2026
shuffle,21,0.0012882491573691368,5.900859832763672e-06,5.900859832763672e-06,0.0023102760314941406,0.0023102760314941406,False,744,2026
shuffle,22,0.984127402305603,-0.0667957067489624,0.0667957067489624,-3.3583621978759766,3.3583621978759766,False,744,2026
shuffle,23,0.0005043055862188339,1.9669532775878906e-06,1.9669532775878906e-06,0.0007786750793457031,0.0007786750793457031,False,744,2026
shuffle,24,0.9828391075134277,-0.06097722053527832,0.06097722053527832,-3.2645437717437744,3.2645437717437744,False,744,2026
shuffle,25,0.9828391075134277,-0.06114917993545532,0.06114917993545532,-3.2674286365509033,3.2674286365509033,False,744,2026
shuffle,26,0.9823348522186279,-0.06715351343154907,0.06715351343154907,-3.3638916015625,3.3638916015625,False,744,2026
shuffle,27,0.0040199039503932,-9.059906005859375e-06,9.059906005859375e-06,-0.003498554229736328,0.003498554229736328,False,744,2026
shuffle,28,0.0005043055862188339,1.9669532775878906e-06,1.9669532775878906e-06,0.0007786750793457031,0.0007786750793457031,False,744,2026
shuffle,29,0.9828391075134277,-0.06695526838302612,0.06695526838302612,-3.3608310222625732,3.3608310222625732,False,744,2026
uniform,0,0.7626925706863403,0.04056072235107422,0.04056072235107422,0.28614819049835205,0.28614819049835205,False,747,2026
shuffle,0,0.853676974773407,-0.3015584349632263,0.3015584349632263,-1.4110391326248646,1.4110391326248646,False,747,2026
shuffle,1,0.8623195886611938,0.12955117225646973,0.12955117225646973,1.2707258462905884,1.2707258462905884,False,747,2026
shuffle,2,0.10081686079502106,0.0013263821601867676,0.0013263821601867676,0.008568882942199707,0.008568882942199707,False,747,2026
shuffle,3,0.9219045042991638,0.17401546239852905,0.17401546239852905,2.557705283164978,2.557705283164978,False,747,2026
shuffle,4,0.8940088748931885,0.12138152122497559,0.12138152122497559,1.1392265558242798,1.1392265558242798,False,747,2026
shuffle,5,0.22913342714309692,0.03634673357009888,0.03634673357009888,0.2537420988082886,0.2537420988082886,False,747,2026
shuffle,6,0.9426807165145874,0.14540088176727295,0.14540088176727295,1.5796805620193481,1.5796805620193481,False,747,2026
shuffle,7,0.8766346573829651,-0.12506216764450073,0.12506216764450073,-0.66956627368927,0.66956627368927,False,747,2026
shuffle,8,0.9424140453338623,0.05870753526687622,0.05870753526687622,0.4348543882369995,0.4348543882369995,False,747,2026
shuffle,9,0.9474391341209412,0.11055350303649902,0.11055350303649902,0.9850512742996216,0.9850512742996216,False,747,2026
shuffle,10,0.9665876626968384,0.08259481191635132,0.08259481191635132,0.6593581438064575,0.6593581438064575,False,747,2026
shuffle,11,0.9402325749397278,0.14257729053497314,0.14257729053497314,1.518015742301941,1.518015742301941,False,747,2026
shuffle,12,0.894515872001648,0.057762742042541504,0.057762742042541504,0.4267059564590454,0.4267059564590454,False,747,2026
shuffle,13,0.9638728499412537,0.11468827724456787,0.11468827724456787,1.0415748357772827,1.0415748357772827,False,747,2026
shuffle,14,0.926011323928833,-0.24013781547546387,0.24013781547546387,-1.163680613040924,1.163680613040924,False,747,2026
shuffle,15,0.9408782124519348,-0.07233923673629761,0.07233923673629761,-0.41339242458343506,0.41339242458343506,False,747,2026
shuffle,16,0.9062235355377197,0.08677762746810913,0.08677762746810913,0.7029885053634644,0.7029885053634644,False,747,2026
shuffle,17,0.9262027144432068,0.040370047092437744,0.040370047092437744,0.2846660614013672,0.2846660614013672,False,747,2026
shuffle,18,0.9174485206604004,-0.2499479055404663,0.2499479055404663,-1.2035522907972336,1.2035522907972336,False,747,2026
shuffle,19,0.961717426776886,0.04848426580429077,0.04848426580429077,0.3491445779800415,0.3491445779800415,False,747,2026
shuffle,20,0.9395317435264587,0.10720068216323853,0.10720068216323853,0.9411052465438843,0.9411052465438843,False,747,2026
shuffle,21,0.9402421116828918,0.01328575611114502,0.01328575611114502,0.08797705173492432,0.08797705173492432,False,747,2026
shuffle,22,0.9033153057098389,-0.017978966236114502,0.017978966236114502,-0.11197030544281006,0.11197030544281006,False,747,2026
shuffle,23,0.9536625742912292,0.012469112873077393,0.012469112873077393,0.08242583274841309,0.08242583274841309,False,747,2026
shuffle,24,0.9590368270874023,0.0539206862449646,0.0539206862449646,0.39406025409698486,0.39406025409698486,False,747,2026
shuffle,25,0.9687650799751282,0.1700042486190796,0.1700042486190796,2.3533495664596558,2.3533495664596558,False,747,2026
shuffle,26,0.9488046765327454,0.13904684782028198,0.13904684782028198,1.4454396963119507,1.4454396963119507,False,747,2026
shuffle,27,0.9451448917388916,0.1050989031791687,0.1050989031791687,0.9143527746200562,0.9143527746200562,False,747,2026
shuffle,28,0.8492196202278137,0.09654617309570312,0.09654617309570312,0.8111776113510132,0.8111776113510132,False,747,2026
shuffle,29,0.9519372582435608,0.10509711503982544,0.10509711503982544,0.9143298864364624,0.9143298864364624,False,747,2026
uniform,0,0.8174651861190796,-0.599266454577446,0.599266454577446,-2.77420437335968,2.77420437335968,True,748,2026
shuffle,0,0.9845171570777893,-0.3448297381401062,0.3448297381401062,-1.5325001180171967,1.5325001180171967,True,748,2026
shuffle,1,0.9800364375114441,-0.4921298325061798,0.4921298325061798,-2.1747812628746033,2.1747812628746033,True,748,2026
shuffle,2,0.12257314473390579,-0.03556549549102783,0.03556549549102783,-0.19847631454467773,0.19847631454467773,False,748,2026
shuffle,3,0.990363597869873,-0.5044276714324951,0.5044276714324951,-2.235127091407776,2.235127091407776,True,748,2026
shuffle,4,0.9645443558692932,-0.2131495475769043,0.2131495475769043,-1.0026612877845764,1.0026612877845764,False,748,2026
shuffle,5,0.9555667638778687,-0.5250594913959503,0.5250594913959503,-2.340181589126587,2.340181589126587,True,748,2026
shuffle,6,0.9855160117149353,-0.19890809059143066,0.19890809059143066,-0.9442944526672363,0.9442944526672363,False,748,2026
shuffle,7,0.9282373785972595,-0.6817939281463623,0.6817939281463623,-3.465254783630371,3.465254783630371,True,748,2026
shuffle,8,0.9861278533935547,-0.6690872386097908,0.6690872386097908,-3.333141326904297,3.333141326904297,True,748,2026
shuffle,9,0.939616322517395,-0.7450899034738541,0.7450899034738541,-4.50923490524292,4.50923490524292,True,748,2026
shuffle,10,0.97468101978302,-0.459544837474823,0.459544837474823,-2.0216604471206665,2.0216604471206665,True,748,2026
shuffle,11,0.9427365064620972,-0.7387222945690155,0.7387222945690155,-4.348714113235474,4.348714113235474,True,748,2026
shuffle,12,0.9887297749519348,-0.7504269480705261,0.7504269480705261,-4.664924144744873,4.664924144744873,True,748,2026
shuffle,13,0.8927716016769409,-0.1917364001274109,0.1917364001274109,-0.9146890938282013,0.9146890938282013,False,748,2026
shuffle,14,0.9659183621406555,-0.6643881499767303,0.6643881499767303,-3.2875261306762695,3.2875261306762695,True,748,2026
shuffle,15,0.9892406463623047,-0.6842056959867477,0.6842056959867477,-3.4919657707214355,3.4919657707214355,True,748,2026
shuffle,16,0.986454963684082,-0.7398758716881275,0.7398758716881275,-4.3760986328125,4.3760986328125,True,748,2026
shuffle,17,0.9377231597900391,-0.2947016656398773,0.2947016656398773,-1.3307461738586426,1.3307461738586426,True,748,2026
shuffle,18,0.9540433287620544,-0.6671604737639427,0.6671604737639427,-3.314244270324707,3.314244270324707,True,748,2026
shuffle,19,0.9841158390045166,-0.7706860061734915,0.7706860061734915,-5.6401591300964355,5.6401591300964355,True,748,2026
shuffle,20,0.9443371295928955,-0.5050720572471619,0.5050720572471619,-2.2383331656455994,2.2383331656455994,True,748,2026
shuffle,21,0.9822321534156799,-0.7477479726076126,0.7477479726076126,-4.583963394165039,4.583963394165039,True,748,2026
shuffle,22,0.11988081783056259,0.009971797466278076,0.009971797466278076,0.05977320671081543,0.05977320671081543,False,748,2026
shuffle,23,0.9225291013717651,-0.5865665078163147,0.5865665078163147,-2.6918084621429443,2.6918084621429443,True,748,2026
shuffle,24,0.9694393277168274,-0.583287313580513,0.583287313580513,-2.6711922883987427,2.6711922883987427,True,748,2026
shuffle,25,0.9800550937652588,-0.3046015501022339,0.3046015501022339,-1.3703890889883041,1.3703890889883041,True,748,2026
shuffle,26,0.9224733710289001,-0.6816703528165817,0.6816703528165817,-3.4639015197753906,3.4639015197753906,True,748,2026
shuffle,27,0.8989040851593018,-0.5909914076328278,0.5909914076328278,-2.7200430631637573,2.7200430631637573,True,748,2026
shuffle,28,0.9883386492729187,-0.5449293851852417,0.5449293851852417,-2.4466614723205566,2.4466614723205566,True,748,2026
shuffle,29,0.9003020524978638,-0.7145775407552719,0.7145775407552719,-3.890814781188965,3.890814781188965,True,748,2026
uniform,0,0.9419631958007812,-0.40796107053756714,0.40796107053756714,-3.9067032039165497,3.9067032039165497,False,757,2026
shuffle,0,0.9915771484375,-0.44776856899261475,0.44776856899261475,-4.068168982863426,4.068168982863426,False,757,2026
shuffle,1,0.9895341992378235,-0.2250846028327942,0.2250846028327942,-3.064415454864502,3.064415454864502,False,757,2026
shuffle,2,0.9861459732055664,-0.9310534484684467,0.9310534484684467,-7.073843479156494,7.073843479156494,True,757,2026
shuffle,3,0.9886041283607483,-0.9020481780171394,0.9020481780171394,-6.615674734115601,6.615674734115601,True,757,2026
shuffle,4,0.9927310943603516,-0.7374976873397827,0.7374976873397827,-5.328669548034668,5.328669548034668,True,757,2026
shuffle,5,0.9983224868774414,-0.8738195523619652,0.8738195523619652,-6.293036937713623,6.293036937713623,True,757,2026
shuffle,6,0.9991255402565002,-0.25566625595092773,0.25566625595092773,-3.225597083568573,3.225597083568573,False,757,2026
shuffle,7,0.9969881176948547,-0.8872764855623245,0.8872764855623245,-6.436460971832275,6.436460971832275,True,757,2026
shuffle,8,0.9992659091949463,-0.13018584251403809,0.13018584251403809,-2.4424543380737305,2.4424543380737305,False,757,2026
shuffle,9,0.9979501962661743,-0.06817257404327393,0.06817257404327393,-1.8127527236938477,1.8127527236938477,False,757,2026
shuffle,10,0.999138593673706,-0.8248249292373657,0.8248249292373657,-5.8725762367248535,5.8725762367248535,True,757,2026
shuffle,11,0.9993049502372742,-0.2760179042816162,0.2760179042816162,-3.3265072107315063,3.3265072107315063,False,757,2026
shuffle,12,0.998333215713501,-0.20357751846313477,0.20357751846313477,-2.942466616630554,2.942466616630554,False,757,2026
shuffle,13,0.9991727471351624,-0.05244338512420654,0.05244338512420654,-1.5846943855285645,1.5846943855285645,False,757,2026
shuffle,14,0.9958866834640503,-0.4370378255844116,0.4370378255844116,-4.02492293715477,4.02492293715477,False,757,2026
shuffle,15,0.9994886517524719,-0.2533068060874939,0.2533068060874939,-3.213597297668457,3.213597297668457,False,757,2026
shuffle,16,0.025022365152835846,8.755922317504883e-05,8.755922317504883e-05,0.006152153015136719,0.006152153015136719,False,757,2026
shuffle,17,0.9960046410560608,-0.06569433212280273,0.06569433212280273,-1.7796173095703125,1.7796173095703125,False,757,2026
shuffle,18,0.9957684278488159,-0.1939895749092102,0.1939895749092102,-2.8853163719177246,2.8853163719177246,False,757,2026
shuffle,19,0.9988427758216858,-0.4157373905181885,0.4157373905181885,-3.9384993612766266,3.9384993612766266,False,757,2026
shuffle,20,0.992639422416687,-0.12728816270828247,0.12728816270828247,-2.4188413619995117,2.4188413619995117,False,757,2026
shuffle,21,0.9947229623794556,-0.09131431579589844,0.09131431579589844,-2.085116386413574,2.085116386413574,False,757,2026
shuffle,22,0.9992871880531311,-0.24388784170150757,0.24388784170150757,-3.165010452270508,3.165010452270508,False,757,2026
shuffle,23,0.9989928007125854,-0.04149430990219116,0.04149430990219116,-1.394413709640503,1.394413709640503,False,757,2026
shuffle,24,0.9990201592445374,-0.8821624591946602,0.8821624591946602,-6.380021572113037,6.380021572113037,True,757,2026
shuffle,25,0.9992773532867432,-0.9298345893621445,0.9298345893621445,-7.050416469573975,7.050416469573975,True,757,2026
shuffle,26,0.9959204792976379,-0.20547443628311157,0.20547443628311157,-2.9535562992095947,2.9535562992095947,False,757,2026
shuffle,27,0.9892637133598328,-0.06648802757263184,0.06648802757263184,-1.7903294563293457,1.7903294563293457,False,757,2026
shuffle,28,0.9980181455612183,-0.9328296668827534,0.9328296668827534,-7.108883857727051,7.108883857727051,True,757,2026
shuffle,29,0.9978582262992859,-0.8746386170387268,0.8746386170387268,-6.301319122314453,6.301319122314453,True,757,2026
uniform,0,0.7496209740638733,-0.025959253311157227,0.025959253311157227,-1.3782286643981934,1.3782286643981934,False,778,2026
shuffle,0,0.9244711995124817,-0.03996145725250244,0.03996145725250244,-1.729170799255371,1.729170799255371,False,778,2026
shuffle,1,0.9447498321533203,-0.0013257861137390137,0.0013257861137390137,-0.1378493309020996,0.1378493309020996,False,778,2026
shuffle,2,0.6700489521026611,0.0028083324432373047,0.0028083324432373047,0.3736276626586914,0.3736276626586914,False,778,2026
shuffle,3,0.30492427945137024,-0.025092005729675293,0.025092005729675293,-1.3522553443908691,1.3522553443908691,False,778,2026
shuffle,4,0.9528096318244934,-0.027191877365112305,0.027191877365112305,-1.414095163345337,1.414095163345337,False,778,2026
shuffle,5,0.3226083517074585,-0.031687915325164795,0.031687915325164795,-1.5356719493865967,1.5356719493865967,False,778,2026
shuffle,6,0.6560212969779968,-0.011685192584991455,0.011685192584991455,-0.8400471210479736,0.8400471210479736,False,778,2026
shuffle,7,0.6592512726783752,-0.10655182600021362,0.10655182600021362,-2.6596972942352295,2.6596972942352295,False,778,2026
shuffle,8,0.9374340772628784,-0.023202717304229736,0.023202717304229736,-1.2934012413024902,1.2934012413024902,False,778,2026
shuffle,9,0.9500753283500671,-0.02596580982208252,0.02596580982208252,-1.378422498703003,1.378422498703003,False,778,2026
shuffle,10,0.30781134963035583,-0.0024387240409851074,0.0024387240409851074,-0.24073076248168945,0.24073076248168945,False,778,2026
shuffle,11,0.9655873775482178,-0.08196234703063965,0.08196234703063965,-2.3931503295898438,2.3931503295898438,False,778,2026
shuffle,12,0.6585292220115662,-0.005962669849395752,0.005962669849395752,-0.5115456581115723,0.5115456581115723,False,778,2026
shuffle,13,0.6605772972106934,0.000955045223236084,0.000955045223236084,0.11229372024536133,0.11229372024536133,False,778,2026
shuffle,14,0.9471819400787354,-0.023974955081939697,0.023974955081939697,-1.3178527355194092,1.3178527355194092,False,778,2026
shuffle,15,0.9369375705718994,-0.004244744777679443,0.004244744777679443,-0.3884005546569824,0.3884005546569824,False,778,2026
shuffle,16,0.6672004461288452,-0.11118435859680176,0.11118435859680176,-2.704235315322876,2.704235315322876,False,778,2026
shuffle,17,0.648683488368988,-0.009276390075683594,0.009276390075683594,-0.7141861915588379,0.7141861915588379,False,778,2026
shuffle,18,0.9552669525146484,-0.14167523384094238,0.14167523384094238,-2.965501070022583,2.965501070022583,False,778,2026
shuffle,19,0.6708470582962036,-0.0055277347564697266,0.0055277347564697266,-0.4817323684692383,0.4817323684692383,False,778,2026
shuffle,20,0.3194289803504944,-0.027356386184692383,0.027356386184692383,-1.4187922477722168,1.4187922477722168,False,778,2026
shuffle,21,0.6687009334564209,-0.007920563220977783,0.007920563220977783,-0.6360135078430176,0.6360135078430176,False,778,2026
shuffle,22,0.658851146697998,-0.13819026947021484,0.13819026947021484,-2.9380149841308594,2.9380149841308594,False,778,2026
shuffle,23,0.947754442691803,-0.012003302574157715,0.012003302574157715,-0.8555870056152344,0.8555870056152344,False,778,2026
shuffle,24,0.3147960305213928,-0.0027936697006225586,0.0027936697006225586,-0.27148008346557617,0.27148008346557617,False,778,2026
shuffle,25,0.6792182326316833,-0.002424180507659912,0.002424180507659912,-0.2394556999206543,0.2394556999206543,False,778,2026
shuffle,26,0.9393188953399658,-0.02314889430999756,0.02314889430999756,-1.291675090789795,1.291675090789795,False,778,2026
shuffle,27,0.926293671131134,-0.007771134376525879,0.007771134376525879,-0.6270236968994141,0.6270236968994141,False,778,2026
shuffle,28,0.9471312165260315,-0.03489035367965698,0.03489035367965698,-1.6146645545959473,1.6146645545959473,False,778,2026
shuffle,29,0.943188488483429,-0.020585477352142334,0.020585477352142334,-1.206111192703247,1.206111192703247,False,778,2026
uniform,0,0.7001553177833557,-0.004858434200286865,0.004858434200286865,-0.5527024269104004,0.5527024269104004,False,780,2026
shuffle,0,0.9199121594429016,-0.0016744136810302734,0.0016744136810302734,-0.2259526252746582,0.2259526252746582,False,780,2026
shuffle,1,0.9026886820793152,-0.00044149160385131836,0.00044149160385131836,-0.06462574005126953,0.06462574005126953,False,780,2026
shuffle,2,0.9097753763198853,-0.004204094409942627,0.004204094409942627,-0.49355316162109375,0.49355316162109375,False,780,2026
shuffle,3,0.8615936040878296,-0.008762240409851074,0.008762240409851074,-0.8485054969787598,0.8485054969787598,False,780,2026
shuffle,4,0.6475739479064941,-0.0018836259841918945,0.0018836259841918945,-0.25095558166503906,0.25095558166503906,False,780,2026
shuffle,5,0.8988140821456909,-0.00842142105102539,0.00842142105102539,-0.825812816619873,0.825812816619873,False,780,2026
shuffle,6,0.08218181878328323,-0.00047451257705688477,0.00047451257705688477,-0.0693049430847168,0.0693049430847168,False,780,2026
shuffle,7,0.6251857280731201,0.0014376044273376465,0.0014376044273376465,0.24457025527954102,0.24457025527954102,False,780,2026
shuffle,8,0.6394641399383545,0.001091599464416504,0.001091599464416504,0.18008995056152344,0.18008995056152344,False,780,2026
shuffle,9,0.8672194480895996,-0.0024828314781188965,0.0024828314781188965,-0.3193378448486328,0.3193378448486328,False,780,2026
shuffle,10,0.9224557876586914,-0.01854640245437622,0.01854640245437622,-1.3497662544250488,1.3497662544250488,False,780,2026
shuffle,11,0.9339839816093445,-0.002768218517303467,0.002768218517303467,-0.35036182403564453,0.35036182403564453,False,780,2026
shuffle,12,0.9023770689964294,-0.0012513399124145508,0.0012513399124145508,-0.17344093322753906,0.17344093322753906,False,780,2026
shuffle,13,0.6575786471366882,-0.01908290386199951,0.01908290386199951,-1.3713741302490234,1.3713741302490234,False,780,2026
shuffle,14,0.9220144152641296,-0.00584864616394043,0.00584864616394043,-0.636174201965332,0.636174201965332,False,780,2026
shuffle,15,0.6573504209518433,-0.007483303546905518,0.007483303546905518,-0.7606401443481445,0.7606401443481445,False,780,2026
shuffle,16,0.9107747077941895,-0.00727236270904541,0.00727236270904541,-0.7454018592834473,0.7454018592834473,False,780,2026
shuffle,17,0.6425677537918091,-0.0073549747467041016,0.0073549747467041016,-0.7513999938964844,0.7513999938964844,False,780,2026
shuffle,18,0.639526903629303,-0.0023113489151000977,0.0023113489151000977,-0.30023717880249023,0.30023717880249023,False,780,2026
shuffle,19,0.6570621728897095,-0.017205536365509033,0.017205536365509033,-1.2937264442443848,1.2937264442443848,False,780,2026
shuffle,20,0.6430718898773193,0.0013727545738220215,0.0013727545738220215,0.23215579986572266,0.23215579986572266,False,780,2026
shuffle,21,0.9006258249282837,-0.002786576747894287,0.002786576747894287,-0.3523287773132324,0.3523287773132324,False,780,2026
shuffle,22,0.6825390458106995,-0.002104818820953369,0.002104818820953369,-0.2767367362976074,0.2767367362976074,False,780,2026
shuffle,23,0.8723502159118652,-0.0025171637535095215,0.0025171637535095215,-0.3231201171875,0.3231201171875,False,780,2026
shuffle,24,0.9263932704925537,-0.0098191499710083,0.0098191499710083,-0.9158601760864258,0.9158601760864258,False,780,2026
shuffle,25,0.9242910146713257,-0.026844143867492676,0.026844143867492676,-1.642878532409668,1.642878532409668,False,780,2026
shuffle,26,0.6609368324279785,-0.01847231388092041,0.01847231388092041,-1.346745491027832,1.346745491027832,False,780,2026
shuffle,27,0.6609368324279785,-0.004158735275268555,0.004158735275268555,-0.48932361602783203,0.48932361602783203,False,780,2026
shuffle,28,0.8769213557243347,-0.008010387420654297,0.008010387420654297,-0.7977619171142578,0.7977619171142578,False,780,2026
shuffle,29,0.9102795124053955,-0.005434215068817139,0.005434215068817139,-0.6020603179931641,0.6020603179931641,False,780,2026
uniform,0,0.7583557963371277,-0.04056596755981445,0.04056596755981445,-1.1030588150024414,1.1030588150024414,False,782,2026
shuffle,0,0.9500486254692078,-0.14903110265731812,0.14903110265731812,-2.236862540245056,2.236862540245056,False,782,2026
shuffle,1,0.9528158903121948,-0.07492607831954956,0.07492607831954956,-1.581066370010376,1.581066370010376,False,782,2026
shuffle,2,0.9097058176994324,-0.21450954675674438,0.21450954675674438,-2.644076347351074,2.644076347351074,False,782,2026
shuffle,3,0.9225271940231323,-0.02602386474609375,0.02602386474609375,-0.8206157684326172,0.8206157684326172,False,782,2026
shuffle,4,0.9621935486793518,-0.20022904872894287,0.20022904872894287,-2.5631359815597534,2.5631359815597534,False,782,2026
shuffle,5,0.9211054444313049,-0.044298768043518066,0.044298768043518066,-1.1654653549194336,1.1654653549194336,False,782,2026
shuffle,6,0.9272763133049011,0.013095855712890625,0.013095855712890625,0.9539852142333984,0.9539852142333984,False,782,2026
shuffle,7,0.7589892745018005,-0.04215085506439209,0.04215085506439209,-1.129971981048584,1.129971981048584,False,782,2026
shuffle,8,0.951676607131958,-0.11604923009872437,0.11604923009872437,-1.9829086065292358,1.9829086065292358,False,782,2026
shuffle,9,0.9408943057060242,-0.08989745378494263,0.08989745378494263,-1.7421281337738037,1.7421281337738037,False,782,2026
shuffle,10,0.9014589786529541,-0.13033920526504517,0.13033920526504517,-2.098469376564026,2.098469376564026,False,782,2026
shuffle,11,0.9206981658935547,-0.0650566816329956,0.0650566816329956,-1.4622035026550293,1.4622035026550293,False,782,2026
shuffle,12,0.7521573305130005,0.012627899646759033,0.012627899646759033,0.8992128372192383,0.8992128372192383,False,782,2026
shuffle,13,0.9611546993255615,-0.18703651428222656,0.18703651428222656,-2.4849801063537598,2.4849801063537598,False,782,2026
shuffle,14,0.9692097306251526,-0.08442878723144531,0.08442878723144531,-1.6856462955474854,1.6856462955474854,False,782,2026
shuffle,15,0.8894640207290649,0.009525716304779053,0.009525716304779053,0.5956783294677734,0.5956783294677734,False,782,2026
shuffle,16,0.932893693447113,-0.05140352249145508,0.05140352249145508,-1.2756640911102295,1.2756640911102295,False,782,2026
shuffle,17,0.8862531781196594,-0.13969123363494873,0.13969123363494873,-2.169333338737488,2.169333338737488,False,782,2026
shuffle,18,0.9385352730751038,-0.015860557556152344,0.015860557556152344,-0.5692753791809082,0.5692753791809082,False,782,2026
shuffle,19,0.952968418598175,-0.032940030097961426,0.032940030097961426,-0.9638199806213379,0.9638199806213379,False,782,2026
shuffle,20,0.9225289225578308,-0.06292933225631714,0.06292933225631714,-1.4349875450134277,1.4349875450134277,False,782,2026
shuffle,21,0.9423268437385559,-0.026704072952270508,0.026704072952270508,-0.8355462551116943,0.8355462551116943,False,782,2026
shuffle,22,0.8724117875099182,0.014332711696624756,0.014332711696624756,1.1148271560668945,1.1148271560668945,False,782,2026
shuffle,23,0.9228598475456238,-0.026780545711517334,0.026780545711517334,-0.8372116088867188,0.8372116088867188,False,782,2026
shuffle,24,0.9253982305526733,-0.02718830108642578,0.02718830108642578,-0.8460555076599121,0.8460555076599121,False,782,2026
shuffle,25,0.31364062428474426,-0.053212106227874756,0.053212106227874756,-1.3021275997161865,1.3021275997161865,False,782,2026
shuffle,26,0.956109344959259,-0.07662177085876465,0.07662177085876465,-1.6003799438476562,1.6003799438476562,False,782,2026
shuffle,27,0.9517470002174377,-0.014720022678375244,0.014720022678375244,-0.5370726585388184,0.5370726585388184,False,782,2026
shuffle,28,0.9660572409629822,-0.1224212646484375,0.1224212646484375,-2.0356152057647705,2.0356152057647705,False,782,2026
shuffle,29,0.7517942190170288,0.01732712984085083,0.01732712984085083,1.660654067993164,1.660654067993164,False,782,2026
uniform,0,0.7197521924972534,-0.47710737586021423,0.47710737586021423,-2.781746283173561,2.781746283173561,True,785,2026
shuffle,0,0.8957565426826477,-0.601938933134079,0.601938933134079,-3.3094578981399536,3.3094578981399536,True,785,2026
shuffle,1,0.8819754123687744,-0.7059025466442108,0.7059025466442108,-3.8337900638580322,3.8337900638580322,True,785,2026
shuffle,2,0.782536506652832,-0.2894049882888794,0.2894049882888794,-2.014643669128418,2.014643669128418,False,785,2026
shuffle,3,0.8192863464355469,0.0003708004951477051,0.0003708004951477051,0.005750894546508789,0.005750894546508789,False,785,2026
shuffle,4,0.8915534615516663,-0.34246116876602173,0.34246116876602173,-2.2389070093631744,2.2389070093631744,False,785,2026
shuffle,5,0.8721811771392822,-0.5494506359100342,0.5494506359100342,-3.079863727092743,3.079863727092743,True,785,2026
shuffle,6,0.878430187702179,-0.06818664073944092,0.06818664073944092,-0.7599904537200928,0.7599904537200928,False,785,2026
shuffle,7,0.8708802461624146,-0.7912153601646423,0.7912153601646423,-4.415875673294067,4.415875673294067,True,785,2026
shuffle,8,0.21834950149059296,-0.022601783275604248,0.022601783275604248,-0.3062736988067627,0.3062736988067627,False,785,2026
shuffle,9,0.8488947749137878,-0.14395540952682495,0.14395540952682495,-1.2904889583587646,1.2904889583587646,False,785,2026
shuffle,10,0.8634390830993652,-0.06599235534667969,0.06599235534667969,-0.7413798570632935,0.7413798570632935,False,785,2026
shuffle,11,0.2021995186805725,-0.044289588928222656,0.044289588928222656,-0.5419754981994629,0.5419754981994629,False,785,2026
shuffle,12,0.8900617361068726,-0.2027556300163269,0.2027556300163269,-1.6115319728851318,1.6115319728851318,False,785,2026
shuffle,13,0.8768943548202515,-0.6249518394470215,0.6249518394470215,-3.4157668948173523,3.4157668948173523,True,785,2026
shuffle,14,0.8787965178489685,-0.8009679764509201,0.8009679764509201,-4.499716758728027,4.499716758728027,True,785,2026
shuffle,15,0.8848335146903992,-0.7317688763141632,0.7317688763141632,-3.988943338394165,3.988943338394165,True,785,2026
shuffle,16,0.8892900943756104,-0.8036898225545883,0.8036898225545883,-4.5240702629089355,4.5240702629089355,True,785,2026
shuffle,17,0.16281338036060333,-0.025199532508850098,0.025199532508850098,-0.3369638919830322,0.3369638919830322,False,785,2026
shuffle,18,0.7625218033790588,-0.7131932228803635,0.7131932228803635,-3.87614369392395,3.87614369392395,True,785,2026
shuffle,19,0.8482160568237305,-0.5339086949825287,0.5339086949825287,-3.014457583427429,3.014457583427429,True,785,2026
shuffle,20,0.8768136501312256,-0.026901543140411377,0.026901543140411377,-0.35666441917419434,0.35666441917419434,False,785,2026
shuffle,21,0.8326902389526367,-0.7845943570137024,0.7845943570137024,-4.361723303794861,4.361723303794861,True,785,2026
shuffle,22,0.8476051688194275,-0.7902259826660156,0.7902259826660156,-4.407649040222168,4.407649040222168,True,785,2026
shuffle,23,0.8766829371452332,-0.08705860376358032,0.08705860376358032,-0.9105967283248901,0.9105967283248901,False,785,2026
shuffle,24,0.8940185308456421,-0.709335520863533,0.709335520863533,-3.8536086082458496,3.8536086082458496,True,785,2026
shuffle,25,0.8832628726959229,-0.46550026535987854,0.46550026535987854,-2.7350049912929535,2.7350049912929535,True,785,2026
shuffle,26,0.8854990601539612,-0.7532444000244141,0.7532444000244141,-4.129733324050903,4.129733324050903,True,785,2026
shuffle,27,0.8019834756851196,-0.7091584205627441,0.7091584205627441,-3.8525806665420532,3.8525806665420532,True,785,2026
shuffle,28,0.9019870758056641,-0.0703008770942688,0.0703008770942688,-0.7776871919631958,0.7776871919631958,False,785,2026
shuffle,29,0.901914119720459,-0.756255254149437,0.756255254149437,-4.1505149602890015,4.1505149602890015,True,785,2026
uniform,0,0.7866235971450806,-0.02183544635772705,0.02183544635772705,-2.5856399536132812,2.5856399536132812,False,792,2026
shuffle,0,0.9660121202468872,-0.001251518726348877,0.001251518726348877,-0.5240688323974609,0.5240688323974609,False,792,2026
shuffle,1,0.007702318951487541,2.1398067474365234e-05,2.1398067474365234e-05,0.011787891387939453,0.011787891387939453,False,792,2026
shuffle,2,0.9478521347045898,-0.0011849403381347656,0.0011849403381347656,-0.5020861625671387,0.5020861625671387,False,792,2026
shuffle,3,0.9383522272109985,-0.04792511463165283,0.04792511463165283,-3.3559889793395996,3.3559889793395996,False,792,2026
shuffle,4,0.9538196325302124,-0.027839303016662598,0.027839303016662598,-2.8179664611816406,2.8179664611816406,False,792,2026
shuffle,5,0.940087080001831,-0.04703211784362793,0.04703211784362793,-3.336935043334961,3.336935043334961,False,792,2026
shuffle,6,0.9538196325302124,-0.05020993947982788,0.05020993947982788,-3.4032998085021973,3.4032998085021973,False,792,2026
shuffle,7,0.9555544853210449,-0.0501440167427063,0.0501440167427063,-3.401963710784912,3.401963710784912,False,792,2026
shuffle,8,0.9660121202468872,-0.11717426776885986,0.11717426776885986,-4.303789377212524,4.303789377212524,False,792,2026
shuffle,9,0.9642772674560547,-0.1361066699028015,0.1361066699028015,-4.473156929016113,4.473156929016113,False,792,2026
shuffle,10,0.9478521347045898,-0.048562586307525635,0.048562586307525635,-3.369391918182373,3.369391918182373,False,792,2026
shuffle,11,0.9555544853210449,-0.1281408667564392,0.1281408667564392,-4.404470920562744,4.404470920562744,False,792,2026
shuffle,12,0.9642772674560547,-0.1367276906967163,0.1367276906967163,-4.478369951248169,4.478369951248169,False,792,2026
shuffle,13,0.02143479324877262,-2.8014183044433594e-05,2.8014183044433594e-05,-0.01532602310180664,0.01532602310180664,False,792,2026
shuffle,14,0.002692627487704158,-2.0563602447509766e-05,2.0563602447509766e-05,-0.011222362518310547,0.011222362518310547,False,792,2026
shuffle,15,0.935077428817749,-0.0481681227684021,0.0481681227684021,-3.3611154556274414,3.3611154556274414,False,792,2026
shuffle,16,0.9642772674560547,-0.13302206993103027,0.13302206993103027,-4.446967840194702,4.446967840194702,False,792,2026
shuffle,17,0.018742166459560394,4.7266483306884766e-05,4.7266483306884766e-05,0.02630472183227539,0.02630472183227539,False,792,2026
shuffle,18,0.9660121202468872,-0.001318216323852539,0.001318216323852539,-0.5455975532531738,0.5455975532531738,False,792,2026
shuffle,19,0.9538195729255676,-0.05060410499572754,0.05060410499572754,-3.4112632274627686,3.4112632274627686,False,792,2026
shuffle,20,0.9511269330978394,-0.0010662078857421875,0.0010662078857421875,-0.4616684913635254,0.4616684913635254,False,792,2026
shuffle,21,0.9583097696304321,-0.11489027738571167,0.11489027738571167,-4.2818193435668945,4.2818193435668945,False,792,2026
shuffle,22,0.9555544853210449,-0.12766164541244507,0.12766164541244507,-4.400225877761841,4.400225877761841,False,792,2026
shuffle,23,0.01815997250378132,3.1948089599609375e-05,3.1948089599609375e-05,0.017726421356201172,0.017726421356201172,False,792,2026
shuffle,24,0.9627373218536377,-0.001327216625213623,0.001327216625213623,-0.5484433174133301,0.5484433174133301,False,792,2026
shuffle,25,0.9522795677185059,-0.11638319492340088,0.11638319492340088,-4.2962212562561035,4.2962212562561035,False,792,2026
shuffle,26,0.015467344783246517,8.362531661987305e-05,8.362531661987305e-05,0.047048091888427734,0.047048091888427734,False,792,2026
shuffle,27,0.9555544853210449,-0.0012493729591369629,0.0012493729591369629,-0.5233588218688965,0.5233588218688965,False,792,2026
shuffle,28,0.9555544853210449,-0.001295924186706543,0.001295924186706543,-0.5384335517883301,0.5384335517883301,False,792,2026
shuffle,29,0.9660121202468872,-0.13033485412597656,0.13033485412597656,-4.423737049102783,4.423737049102783,False,792,2026
uniform,0,0.8675331473350525,0.29350346326828003,0.29350346326828003,1.6656719744205475,1.6656719744205475,False,793,2026
shuffle,0,0.9968338012695312,0.20610731840133667,0.20610731840133667,0.9994823038578033,0.9994823038578033,False,793,2026
shuffle,1,0.9941043853759766,0.27946174144744873,0.27946174144744873,1.5352608263492584,1.5352608263492584,False,793,2026
shuffle,2,0.9462571144104004,0.354839026927948,0.354839026927948,2.4865411818027496,2.4865411818027496,False,793,2026
shuffle,3,0.5751723647117615,0.32378965616226196,0.32378965616226196,2.0023767054080963,2.0023767054080963,False,793,2026
shuffle,4,0.9538049101829529,0.35358577966690063,0.35358577966690063,2.4624859392642975,2.4624859392642975,False,793,2026
shuffle,5,0.9938722252845764,0.29666250944137573,0.29666250944137573,1.6968852579593658,1.6968852579593658,False,793,2026
shuffle,6,0.9909667372703552,0.34752750396728516,0.34752750396728516,2.352928549051285,2.352928549051285,False,793,2026
shuffle,7,0.9513245820999146,0.3437687158584595,0.3437687158584595,2.289896637201309,2.289896637201309,False,793,2026
shuffle,8,0.9524393081665039,0.341528058052063,0.341528058052063,2.253903776407242,2.253903776407242,False,793,2026
shuffle,9,0.9516142010688782,0.33446717262268066,0.33446717262268066,2.147271066904068,2.147271066904068,False,793,2026
shuffle,10,0.9914003610610962,0.3272905945777893,0.3272905945777893,2.0479716360569,2.0479716360569,False,793,2026
shuffle,11,0.9962748885154724,0.298214852809906,0.298214852809906,1.712503582239151,1.712503582239151,False,793,2026
shuffle,12,0.9971541166305542,0.03722411394119263,0.03722411394119263,0.1564532220363617,0.1564532220363617,False,793,2026
shuffle,13,0.5289058685302734,0.3856343626976013,0.3856343626976013,3.3506950438022614,3.3506950438022614,False,793,2026
shuffle,14,0.9973475933074951,0.3236038088798523,0.3236038088798523,2.000003010034561,2.000003010034561,False,793,2026
shuffle,15,0.9964589476585388,0.13400799036026,0.13400799036026,0.6010263860225677,0.6010263860225677,False,793,2026
shuffle,16,0.9893149733543396,0.22384166717529297,0.22384166717529297,1.1127940714359283,1.1127940714359283,False,793,2026
shuffle,17,0.997115433216095,0.24007433652877808,0.24007433652877808,1.2240952551364899,1.2240952551364899,False,793,2026
shuffle,18,0.9965710639953613,0.3439869284629822,0.3439869284629822,2.2934636175632477,2.2934636175632477,False,793,2026
shuffle,19,0.9967010617256165,0.3167903423309326,0.3167903423309326,1.916067510843277,1.916067510843277,False,793,2026
shuffle,20,0.5760375261306763,-0.2800973057746887,0.2800973057746887,-1.1641936004161835,1.1641936004161835,True,793,2026
shuffle,21,0.9541563987731934,0.28821438550949097,0.28821438550949097,1.6150296032428741,1.6150296032428741,False,793,2026
shuffle,22,0.9961908459663391,0.35497844219207764,0.35497844219207764,2.4892477095127106,2.4892477095127106,False,793,2026
shuffle,23,0.9942831993103027,0.08962774276733398,0.08962774276733398,0.38839200139045715,0.38839200139045715,False,793,2026
shuffle,24,0.9939115643501282,0.25367212295532227,0.25367212295532227,1.3240675032138824,1.3240675032138824,False,793,2026
shuffle,25,0.994636058807373,0.3686736822128296,0.3686736822128296,2.7937807142734528,2.7937807142734528,False,793,2026
shuffle,26,0.9958183765411377,0.3722677230834961,0.3722677230834961,2.890010744333267,2.890010744333267,False,793,2026
shuffle,27,0.9914859533309937,0.3698999285697937,0.3698999285697937,2.825662523508072,2.825662523508072,False,793,2026
shuffle,28,0.5341972708702087,0.2704961895942688,0.2704961895942688,1.4581601917743683,1.4581601917743683,False,793,2026
shuffle,29,0.9952321648597717,0.2318848967552185,0.2318848967552185,1.1669446527957916,1.1669446527957916,False,793,2026
uniform,0,0.807585597038269,-0.07983613014221191,0.07983613014221191,-3.7734551429748535,3.7734551429748535,False,826,2026
shuffle,0,0.9622185826301575,-0.10770654678344727,0.10770654678344727,-4.097232818603516,4.097232818603516,False,826,2026
shuffle,1,0.9059081673622131,-0.026924610137939453,0.026924610137939453,-2.6783926486968994,2.6783926486968994,False,826,2026
shuffle,2,0.9364765882492065,-0.13902199268341064,0.13902199268341064,-4.3840590715408325,4.3840590715408325,False,826,2026
shuffle,3,0.9205419421195984,-0.10416579246520996,0.10416579246520996,-4.060470104217529,4.060470104217529,False,826,2026
shuffle,4,0.9454035758972168,-0.14779096841812134,0.14779096841812134,-4.45462691783905,4.45462691783905,False,826,2026
shuffle,5,0.055555492639541626,-0.0002142190933227539,0.0002142190933227539,-0.09986591339111328,0.09986591339111328,False,826,2026
shuffle,6,0.9431580305099487,-0.14339810609817505,0.14339810609817505,-4.41971743106842,4.41971743106842,False,826,2026
shuffle,7,0.06807253509759903,-0.0003286004066467285,0.0003286004066467285,-0.14935874938964844,0.14935874938964844,False,826,2026
shuffle,8,0.9530155658721924,-0.04118013381958008,0.04118013381958008,-3.0933609008789062,3.0933609008789062,False,826,2026
shuffle,9,0.9205419421195984,-0.10377651453018188,0.10377651453018188,-4.056363105773926,4.056363105773926,False,826,2026
shuffle,10,0.9426868557929993,-0.3228089213371277,0.3228089213371277,-5.458963394165039,5.458963394165039,False,826,2026
shuffle,11,0.9289293885231018,-0.16682952642440796,0.16682952642440796,-4.596890687942505,4.596890687942505,False,826,2026
shuffle,12,0.9529547691345215,-0.1507575511932373,0.1507575511932373,-4.477727890014648,4.477727890014648,False,826,2026
shuffle,13,0.944067656993866,-0.07897096872329712,0.07897096872329712,-3.7618908882141113,3.7618908882141113,False,826,2026
shuffle,14,0.9588385820388794,-0.1841222643852234,0.1841222643852234,-4.715406894683838,4.715406894683838,False,826,2026
shuffle,15,0.9153613448143005,-0.025666654109954834,0.025666654109954834,-2.632704257965088,2.632704257965088,False,826,2026
shuffle,16,0.043567731976509094,-0.00015550851821899414,0.00015550851821899414,-0.07346439361572266,0.07346439361572266,False,826,2026
shuffle,17,0.9440015554428101,-0.1049201488494873,0.1049201488494873,-4.068392276763916,4.068392276763916,False,826,2026
shuffle,18,0.9287081360816956,-0.052105724811553955,0.052105724811553955,-3.330197334289551,3.330197334289551,False,826,2026
shuffle,19,0.9469765424728394,-0.146592378616333,0.146592378616333,-4.445186614990234,4.445186614990234,False,826,2026
shuffle,20,0.9181713461875916,-0.3113882541656494,0.3113882541656494,-5.406400084495544,5.406400084495544,False,826,2026
shuffle,21,0.9592435359954834,-0.33274364471435547,0.33274364471435547,-5.50391149520874,5.50391149520874,False,826,2026
shuffle,22,0.948161244392395,-0.3652080297470093,0.3652080297470093,-5.646497368812561,5.646497368812561,False,826,2026
shuffle,23,0.9561796188354492,-0.043746113777160645,0.043746113777160645,-3.1537153720855713,3.1537153720855713,False,826,2026
shuffle,24,0.047865696251392365,-0.00022786855697631836,0.00022786855697631836,-0.1059107780456543,0.1059107780456543,False,826,2026
shuffle,25,0.9534080028533936,-0.3360474705696106,0.3360474705696106,-5.518710494041443,5.518710494041443,False,826,2026
shuffle,26,0.02077609673142433,-8.440017700195312e-05,8.440017700195312e-05,-0.04053544998168945,0.04053544998168945,False,826,2026
shuffle,27,0.9047337770462036,-0.025153398513793945,0.025153398513793945,-2.613480806350708,2.613480806350708,False,826,2026
shuffle,28,0.9473816156387329,-0.17196375131607056,0.17196375131607056,-4.633037090301514,4.633037090301514,False,826,2026
shuffle,29,0.9435368776321411,-0.0812692642211914,0.0812692642211914,-3.7923688888549805,3.7923688888549805,False,826,2026
uniform,0,0.7048606276512146,0.06722861528396606,0.06722861528396606,0.5746161937713623,0.5746161937713623,False,838,2026
shuffle,0,0.8871387839317322,0.16040658950805664,0.16040658950805664,2.8927395343780518,2.8927395343780518,False,838,2026
shuffle,1,0.6278334259986877,0.061329662799835205,0.061329662799835205,0.5131146907806396,0.5131146907806396,False,838,2026
shuffle,2,0.916190505027771,0.144270658493042,0.144270658493042,1.9925587177276611,1.9925587177276611,False,838,2026
shuffle,3,0.9162862300872803,0.082691490650177,0.082691490650177,0.7518012523651123,0.7518012523651123,False,838,2026
shuffle,4,0.8806729912757874,-0.10011410713195801,0.10011410713195801,-0.588049054145813,0.588049054145813,False,838,2026
shuffle,5,0.6438137292861938,0.026729047298431396,0.026729047298431396,0.20090222358703613,0.20090222358703613,False,838,2026
shuffle,6,0.6045738458633423,-0.019013047218322754,0.019013047218322754,-0.1282041072845459,0.1282041072845459,False,838,2026
shuffle,7,0.9062315821647644,-0.030555546283721924,0.030555546283721924,-0.20131134986877441,0.20131134986877441,False,838,2026
shuffle,8,0.8875809907913208,0.1467527151107788,0.1467527151107788,2.0896995067596436,2.0896995067596436,False,838,2026
shuffle,9,0.9035020470619202,0.13604623079299927,0.13604623079299927,1.7224152088165283,1.7224152088165283,False,838,2026
shuffle,10,0.8944723606109619,-0.44968512654304504,0.44968512654304504,-2.0688619017601013,2.0688619017601013,True,838,2026
shuffle,11,0.6719062924385071,-0.19518768787384033,0.19518768787384033,-1.0278419852256775,1.0278419852256775,False,838,2026
shuffle,12,0.8886018395423889,-0.0762631893157959,0.0762631893157959,-0.4640040397644043,0.4640040397644043,False,838,2026
shuffle,13,0.9275513291358948,-0.025997698307037354,0.025997698307037354,-0.17282915115356445,0.17282915115356445,False,838,2026
shuffle,14,0.6477049589157104,-0.16299790143966675,0.16299790143966675,-0.8864345550537109,0.8864345550537109,False,838,2026
shuffle,15,0.8989749550819397,-0.21560633182525635,0.21560633182525635,-1.1147786378860474,1.1147786378860474,False,838,2026
shuffle,16,0.6404351592063904,-0.20485824346542358,0.20485824346542358,-1.0692484378814697,1.0692484378814697,False,838,2026
shuffle,17,0.5970443487167358,-0.5424255430698395,0.5424255430698395,-2.4889822006225586,2.4889822006225586,True,838,2026
shuffle,18,0.9381088018417358,0.11030548810958862,0.11030548810958862,1.1527199745178223,1.1527199745178223,False,838,2026
shuffle,19,0.905472457408905,-0.030858337879180908,0.030858337879180908,-0.2031865119934082,0.2031865119934082,False,838,2026
shuffle,20,0.9219108819961548,-0.0004889965057373047,0.0004889965057373047,-0.0034332275390625,0.0034332275390625,False,838,2026
shuffle,21,0.6747835874557495,0.049265921115875244,0.049265921115875244,0.3957923650741577,0.3957923650741577,False,838,2026
shuffle,22,0.889471173286438,0.018682122230529785,0.018682122230529785,0.1374502182006836,0.1374502182006836,False,838,2026
shuffle,23,0.877484142780304,0.10174238681793213,0.10174238681793213,1.0131263732910156,1.0131263732910156,False,838,2026
shuffle,24,0.6355852484703064,0.08947432041168213,0.08947432041168213,0.8384191989898682,0.8384191989898682,False,838,2026
shuffle,25,0.8964712023735046,0.14658629894256592,0.14658629894256592,2.0828964710235596,2.0828964710235596,False,838,2026
shuffle,26,0.8904643654823303,0.11018335819244385,0.11018335819244385,1.1506049633026123,1.1506049633026123,False,838,2026
shuffle,27,0.6275336146354675,-0.005839109420776367,0.005839109420776367,-0.040503740310668945,0.040503740310668945,False,838,2026
shuffle,28,0.9147743582725525,0.055654823780059814,0.055654823780059814,0.45660829544067383,0.45660829544067383,False,838,2026
shuffle,29,0.8948798179626465,-0.36513572931289673,0.36513572931289673,-1.7210244089365005,1.7210244089365005,True,838,2026
uniform,0,0.9313018918037415,-0.0037514567375183105,0.0037514567375183105,-2.5603713989257812,2.5603713989257812,False,844,2026
shuffle,0,0.016674663871526718,-2.0265579223632812e-05,2.0265579223632812e-05,-0.06213188171386719,0.06213188171386719,False,844,2026
shuffle,1,0.995414674282074,-0.0004273056983947754,0.0004273056983947754,-0.8566865921020508,0.8566865921020508,False,844,2026
shuffle,2,0.9835196137428284,-0.004377305507659912,0.004377305507659912,-2.7041263580322266,2.7041263580322266,False,844,2026
shuffle,3,0.9956045746803284,-0.013401329517364502,0.013401329517364502,-3.7858476638793945,3.7858476638793945,False,844,2026
shuffle,4,0.9839590787887573,-0.013969242572784424,0.013969242572784424,-3.8269906044006348,3.8269906044006348,False,844,2026
shuffle,5,0.9915691018104553,-0.0031827688217163086,0.0031827688217163086,-2.4091672897338867,2.4091672897338867,False,844,2026
shuffle,6,0.995736300945282,-0.027657270431518555,0.027657270431518555,-4.51301646232605,4.51301646232605,False,844,2026
shuffle,7,0.9966071844100952,-0.0004553794860839844,0.0004553794860839844,-0.893895149230957,0.893895149230957,False,844,2026
shuffle,8,0.9903773665428162,-0.014437198638916016,0.014437198638916016,-3.8596997261047363,3.8596997261047363,False,844,2026
shuffle,9,0.9956277012825012,-0.0034224390983581543,0.0034224390983581543,-2.4756622314453125,2.4756622314453125,False,844,2026
shuffle,10,0.994225800037384,-0.013712286949157715,0.013712286949157715,-3.808579444885254,3.808579444885254,False,844,2026
shuffle,11,0.990869402885437,-0.012512743473052979,0.012512743473052979,-3.717973232269287,3.717973232269287,False,844,2026
shuffle,12,0.9956307411193848,-0.00044846534729003906,0.00044846534729003906,-0.8849010467529297,0.8849010467529297,False,844,2026
shuffle,13,0.9913252592086792,-0.01364678144454956,0.01364678144454956,-3.8038277626037598,3.8038277626037598,False,844,2026
shuffle,14,0.9973689317703247,-0.017599403858184814,0.017599403858184814,-4.057119369506836,4.057119369506836,False,844,2026
shuffle,15,0.020659156143665314,-1.4781951904296875e-05,1.4781951904296875e-05,-0.04561805725097656,0.04561805725097656,False,844,2026
shuffle,16,0.9959022402763367,-0.013496756553649902,0.013496756553649902,-3.792875289916992,3.792875289916992,False,844,2026
shuffle,17,0.9953092336654663,-0.00872880220413208,0.00872880220413208,-3.364631175994873,3.364631175994873,False,844,2026
shuffle,18,0.9959126710891724,-0.004653334617614746,0.004653334617614746,-2.761552333831787,2.761552333831787,False,844,2026
shuffle,19,0.9955027103424072,-0.011575281620025635,0.011575281620025635,-3.6411380767822266,3.6411380767822266,False,844,2026
shuffle,20,0.996917188167572,-0.011419057846069336,0.011419057846069336,-3.627751350402832,3.627751350402832,False,844,2026
shuffle,21,0.9963809251785278,-0.013184130191802979,0.013184130191802979,-3.7696666717529297,3.7696666717529297,False,844,2026
shuffle,22,0.9946853518486023,-0.0026918649673461914,0.0026918649673461914,-2.257462501525879,2.257462501525879,False,844,2026
shuffle,23,0.995108425617218,-0.002381563186645508,0.002381563186645508,-2.14825439453125,2.14825439453125,False,844,2026
shuffle,24,0.9961764216423035,-0.0016496777534484863,0.0016496777534484863,-1.8309106826782227,1.8309106826782227,False,844,2026
shuffle,25,0.9830880761146545,-0.0002733469009399414,0.0002733469009399414,-0.6243453025817871,0.6243453025817871,False,844,2026
shuffle,26,0.9966124296188354,-0.0025579333305358887,0.0025579333305358887,-2.2117576599121094,2.2117576599121094,False,844,2026
shuffle,27,0.9962013959884644,-0.00404888391494751,0.00404888391494751,-2.6312503814697266,2.6312503814697266,False,844,2026
shuffle,28,0.9956814646720886,-0.0016613006591796875,0.0016613006591796875,-1.836832046508789,1.836832046508789,False,844,2026
shuffle,29,0.9956375956535339,-0.043645501136779785,0.043645501136779785,-4.981672286987305,4.981672286987305,False,844,2026
uniform,0,0.6535300016403198,0.023788869380950928,0.023788869380950928,0.3819122314453125,0.3819122314453125,False,846,2026
shuffle,0,0.8466838002204895,0.03071272373199463,0.03071272373199463,0.5223186016082764,0.5223186016082764,False,846,2026
shuffle,1,0.214368537068367,0.021896839141845703,0.021896839141845703,0.3464193344116211,0.3464193344116211,False,846,2026
shuffle,2,0.6549825072288513,-0.026969194412231445,0.026969194412231445,-0.32231783866882324,0.32231783866882324,False,846,2026
shuffle,3,0.9434694051742554,0.0622674822807312,0.0622674822807312,1.6014034748077393,1.6014034748077393,False,846,2026
shuffle,4,0.8553324937820435,0.03858935832977295,0.03858935832977295,0.7072489261627197,0.7072489261627197,False,846,2026
shuffle,5,0.20942960679531097,0.011796057224273682,0.011796057224273682,0.17368054389953613,0.17368054389953613,False,846,2026
shuffle,6,0.9469723105430603,0.06201428174972534,0.06201428174972534,1.586426019668579,1.586426019668579,False,846,2026
shuffle,7,0.3209688663482666,0.015981078147888184,0.015981078147888184,0.24211502075195312,0.24211502075195312,False,846,2026
shuffle,8,0.8457925319671631,-0.006713449954986572,0.006713449954986572,-0.08853793144226074,0.08853793144226074,False,846,2026
shuffle,9,0.6424115896224976,-0.0698665976524353,0.0698665976524353,-0.71047043800354,0.71047043800354,False,846,2026
shuffle,10,0.22693949937820435,0.012614965438842773,0.012614965438842773,0.18675470352172852,0.18675470352172852,False,846,2026
shuffle,11,0.8408536314964294,-0.025730133056640625,0.025730133056640625,-0.30920982360839844,0.30920982360839844,False,846,2026
shuffle,12,0.7588809728622437,-0.006408274173736572,0.006408274173736572,-0.08465075492858887,0.08465075492858887,False,846,2026
shuffle,13,0.22329196333885193,0.015537738800048828,0.015537738800048828,0.23466992378234863,0.23466992378234863,False,846,2026
shuffle,14,0.8505208492279053,0.06379139423370361,0.06379139423370361,1.696411371231079,1.696411371231079,False,846,2026
shuffle,15,0.9363304972648621,0.04641866683959961,0.04641866683959961,0.9286906719207764,0.9286906719207764,False,846,2026
shuffle,16,0.7378463745117188,-0.022532343864440918,0.022532343864440918,-0.2747371196746826,0.2747371196746826,False,846,2026
shuffle,17,0.7456294298171997,-0.02071225643157959,0.02071225643157959,-0.2546861171722412,0.2546861171722412,False,846,2026
shuffle,18,0.9604345560073853,0.0528261661529541,0.0528261661529541,1.1516950130462646,1.1516950130462646,False,846,2026
shuffle,19,0.2290581315755844,0.013406157493591309,0.013406157493591309,0.19952940940856934,0.19952940940856934,False,846,2026
shuffle,20,0.9478635787963867,0.056458890438079834,0.056458890438079834,1.3027317523956299,1.3027317523956299,False,846,2026
shuffle,21,0.7353601455688477,-0.025859355926513672,0.025859355926513672,-0.31058311462402344,0.31058311462402344,False,846,2026
shuffle,22,0.8510023951530457,1.1920928955078125e-05,1.1920928955078125e-05,0.000164031982421875,0.000164031982421875,False,846,2026
shuffle,23,0.11712823063135147,0.007750034332275391,0.007750034332275391,0.11116194725036621,0.11116194725036621,False,846,2026
shuffle,24,0.757989764213562,0.04763978719711304,0.04763978719711304,0.9677398204803467,0.9677398204803467,False,846,2026
shuffle,25,0.2271289974451065,0.0112953782081604,0.0112953782081604,0.1657578945159912,0.1657578945159912,False,846,2026
shuffle,26,0.8408536314964294,-0.025889039039611816,0.025889039039611816,-0.3108980655670166,0.3108980655670166,False,846,2026
shuffle,27,0.8593802452087402,-0.023561537265777588,0.023561537265777588,-0.2859351634979248,0.2859351634979248,False,846,2026
shuffle,28,0.8520190715789795,-0.0326961874961853,0.0326961874961853,-0.381213903427124,0.381213903427124,False,846,2026
shuffle,29,0.7572641968727112,-0.07673656940460205,0.07673656940460205,-0.7635910511016846,0.7635910511016846,False,846,2026
uniform,0,0.6937184929847717,-0.0460587739944458,0.0460587739944458,-0.5231935977935791,0.5231935977935791,False,853,2026
shuffle,0,0.6362177133560181,-0.05887722969055176,0.05887722969055176,-0.6374980211257935,0.6374980211257935,False,853,2026
shuffle,1,0.5097147822380066,-0.31759124994277954,0.31759124994277954,-2.0622361302375793,2.0622361302375793,False,853,2026
shuffle,2,0.9402678608894348,-0.3699462413787842,0.3699462413787842,-2.2773644477128983,2.2773644477128983,False,853,2026
shuffle,3,0.9366634488105774,-0.008938133716583252,0.008938133716583252,-0.12043190002441406,0.12043190002441406,False,853,2026
shuffle,4,0.9088006615638733,-0.024375438690185547,0.024375438690185547,-0.3038172721862793,0.3038172721862793,False,853,2026
shuffle,5,0.6268516778945923,0.013341009616851807,0.013341009616851807,0.20639276504516602,0.20639276504516602,False,853,2026
shuffle,6,0.8201141357421875,-0.26826125383377075,0.26826125383377075,-1.8501996994018555,1.8501996994018555,False,853,2026
shuffle,7,0.9397827386856079,-0.42613282799720764,0.42613282799720764,-2.5029426962137222,2.5029426962137222,True,853,2026
shuffle,8,0.9238162040710449,-0.11393815279006958,0.11393815279006958,-1.0448708534240723,1.0448708534240723,False,853,2026
shuffle,9,0.913919985294342,-0.020312070846557617,0.020312070846557617,-0.2581312656402588,0.2581312656402588,False,853,2026
shuffle,10,0.8804770708084106,-0.046136558055877686,0.046136558055877686,-0.5239167213439941,0.5239167213439941,False,853,2026
shuffle,11,0.8305364847183228,-0.20900404453277588,0.20900404453277588,-1.5749541521072388,1.5749541521072388,False,853,2026
shuffle,12,0.9474305510520935,-0.0001398324966430664,0.0001398324966430664,-0.001980304718017578,0.001980304718017578,False,853,2026
shuffle,13,0.7978557348251343,0.027825593948364258,0.027825593948364258,0.48294711112976074,0.48294711112976074,False,853,2026
shuffle,14,0.9680854678153992,-0.30206477642059326,0.30206477642059326,-1.9967291355133057,1.9967291355133057,False,853,2026
shuffle,15,0.9011029601097107,-0.008021056652069092,0.008021056652069092,-0.10861921310424805,0.10861921310424805,False,853,2026
shuffle,16,0.4783349931240082,-0.09240800142288208,0.09240800142288208,-0.8985540866851807,0.8985540866851807,False,853,2026
shuffle,17,0.9522993564605713,-0.2929046154022217,0.2929046154022217,-1.9575953483581543,1.9575953483581543,False,853,2026
shuffle,18,0.8136357665061951,-0.1915343999862671,0.1915343999862671,-1.4876277446746826,1.4876277446746826,False,853,2026
shuffle,19,0.9692486524581909,-0.10688537359237671,0.10688537359237671,-0.9984301328659058,0.9984301328659058,False,853,2026
shuffle,20,0.6310260891914368,-0.12112188339233398,0.12112188339233398,-1.0908393859863281,1.0908393859863281,False,853,2026
shuffle,21,0.9424484968185425,-0.0353049635887146,0.0353049635887146,-0.41906070709228516,0.41906070709228516,False,853,2026
shuffle,22,0.5061882734298706,0.01694512367248535,0.01694512367248535,0.2691326141357422,0.2691326141357422,False,853,2026
shuffle,23,0.9547390937805176,-0.15145665407180786,0.15145665407180786,-1.2722727060317993,1.2722727060317993,False,853,2026
shuffle,24,0.8998281359672546,-0.03187978267669678,0.03187978267669678,-0.38405561447143555,0.38405561447143555,False,853,2026
shuffle,25,0.7676369547843933,-0.0011456608772277832,0.0011456608772277832,-0.01613473892211914,0.01613473892211914,False,853,2026
shuffle,26,0.9096535444259644,0.02834486961364746,0.02834486961364746,0.494251012802124,0.494251012802124,False,853,2026
shuffle,27,0.47567233443260193,-0.08830243349075317,0.08830243349075317,-0.8689984083175659,0.8689984083175659,False,853,2026
shuffle,28,0.8287959694862366,-0.01973140239715576,0.01973140239715576,-0.2514629364013672,0.2514629364013672,False,853,2026
shuffle,29,0.9189529418945312,-0.0824364423751831,0.0824364423751831,-0.8257241249084473,0.8257241249084473,False,853,2026
uniform,0,0.5799512267112732,0.14062350988388062,0.14062350988388062,0.5933634489774704,0.5933634489774704,False,856,2026
shuffle,0,0.7845107316970825,0.15622222423553467,0.15622222423553467,0.6654408425092697,0.6654408425092697,False,856,2026
shuffle,1,0.8083080649375916,0.20102322101593018,0.20102322101593018,0.8848841041326523,0.8848841041326523,False,856,2026
shuffle,2,0.773324728012085,0.08127081394195557,0.08127081394195557,0.33346711099147797,0.33346711099147797,False,856,2026
shuffle,3,0.7704734802246094,0.2784823775291443,0.2784823775291443,1.3319147676229477,1.3319147676229477,False,856,2026
shuffle,4,0.7645586133003235,0.00131303071975708,0.00131303071975708,0.005278557538986206,0.005278557538986206,False,856,2026
shuffle,5,0.8273100256919861,0.3059424161911011,0.3059424161911011,1.5241479724645615,1.5241479724645615,False,856,2026
shuffle,6,0.8580120801925659,0.1631649136543274,0.1631649136543274,0.6981603354215622,0.6981603354215622,False,856,2026
shuffle,7,0.8549875020980835,0.14026135206222534,0.14026135206222534,0.5917119830846786,0.5917119830846786,False,856,2026
shuffle,8,0.654486894607544,0.2010771632194519,0.2010771632194519,0.8851618617773056,0.8851618617773056,False,856,2026
shuffle,9,0.8311614394187927,0.04624819755554199,0.04624819755554199,0.18764741718769073,0.18764741718769073,False,856,2026
shuffle,10,0.7596032023429871,0.1272175908088684,0.1272175908088684,0.5328481644392014,0.5328481644392014,False,856,2026
shuffle,11,0.49687710404396057,-0.06675747036933899,0.06675747036933899,-0.2674296945333481,0.2674296945333481,True,856,2026
shuffle,12,0.7798476219177246,0.15647363662719727,0.15647363662719727,0.6666184514760971,0.6666184514760971,False,856,2026
shuffle,13,0.8717878460884094,0.05045861005783081,0.05045861005783081,0.20496754348278046,0.20496754348278046,False,856,2026
shuffle,14,0.7937936782836914,0.10408937931060791,0.10408937931060791,0.43110422790050507,0.43110422790050507,False,856,2026
shuffle,15,0.47005704045295715,0.08243489265441895,0.08243489265441895,0.338391050696373,0.338391050696373,False,856,2026
shuffle,16,0.8497077822685242,0.16630017757415771,0.16630017757415771,0.7130755633115768,0.7130755633115768,False,856,2026
shuffle,17,0.7567402720451355,0.11618942022323608,0.11618942022323608,0.48394475877285004,0.48394475877285004,False,856,2026
shuffle,18,0.7072410583496094,0.18320226669311523,0.18320226669311523,0.795097753405571,0.795097753405571,False,856,2026
shuffle,19,0.8432487845420837,0.163277268409729,0.163277268409729,0.6986934393644333,0.6986934393644333,False,856,2026
shuffle,20,0.8298247456550598,0.31529420614242554,0.31529420614242554,1.5957047790288925,1.5957047790288925,False,856,2026
shuffle,21,0.7903449535369873,0.184769868850708,0.184769868850708,0.8028522580862045,0.8028522580862045,False,856,2026
shuffle,22,0.7769657969474792,0.0964205265045166,0.0964205265045166,0.39801590144634247,0.39801590144634247,False,856,2026
shuffle,23,0.7557823657989502,0.07743573188781738,0.07743573188781738,0.3172837644815445,0.3172837644815445,False,856,2026
shuffle,24,0.7752701044082642,0.01835566759109497,0.01835566759109497,0.07400238513946533,0.07400238513946533,False,856,2026
shuffle,25,0.8325368762016296,0.20955729484558105,0.20955729484558105,0.9292471259832382,0.9292471259832382,False,856,2026
shuffle,26,0.7652252316474915,-0.024383068084716797,0.024383068084716797,-0.09775066375732422,0.09775066375732422,False,856,2026
shuffle,27,0.5156009197235107,-0.11227479577064514,0.11227479577064514,-0.4518454819917679,0.4518454819917679,True,856,2026
shuffle,28,0.5453327894210815,-0.0013002753257751465,0.0013002753257751465,-0.005225315690040588,0.005225315690040588,False,856,2026
shuffle,29,0.8345621824264526,0.2146768569946289,0.2146768569946289,0.9563268274068832,0.9563268274068832,False,856,2026
uniform,0,0.9009808301925659,-0.028783440589904785,0.028783440589904785,-1.0618364810943604,1.0618364810943604,False,860,2026
shuffle,0,0.9958518743515015,0.008941411972045898,0.008941411972045898,0.8331294059753418,0.8331294059753418,False,860,2026
shuffle,1,0.9398259520530701,-0.02299553155899048,0.02299553155899048,-0.9171638488769531,0.9171638488769531,False,860,2026
shuffle,2,0.9415879249572754,-0.16414541006088257,0.16414541006088257,-2.6077699661254883,2.6077699661254883,False,860,2026
shuffle,3,0.9993253350257874,0.0036750435829162598,0.0036750435829162598,0.2660384178161621,0.2660384178161621,False,860,2026
shuffle,4,0.9934548735618591,-0.004645287990570068,0.004645287990570068,-0.26064491271972656,0.26064491271972656,False,860,2026
shuffle,5,0.9928621649742126,-0.003761887550354004,0.003761887550354004,-0.2158522605895996,0.2158522605895996,False,860,2026
shuffle,6,0.9419863224029541,-0.046051979064941406,0.046051979064941406,-1.4066615104675293,1.4066615104675293,False,860,2026
shuffle,7,0.9918143153190613,-0.0006883740425109863,0.0006883740425109863,-0.04300832748413086,0.04300832748413086,False,860,2026
shuffle,8,0.9973001480102539,-0.32597577571868896,0.32597577571868896,-3.4687987565994263,3.4687987565994263,False,860,2026
shuffle,9,0.9966111183166504,-0.27722781896591187,0.27722781896591187,-3.2435145378112793,3.2435145378112793,False,860,2026
shuffle,10,0.9938806891441345,-0.01964360475540161,0.01964360475540161,-0.8236322402954102,0.8236322402954102,False,860,2026
shuffle,11,0.9994323253631592,-0.007281243801116943,0.007281243801116943,-0.3838963508605957,0.3838963508605957,False,860,2026
shuffle,12,0.9976422190666199,-0.20518815517425537,0.20518815517425537,-2.864446520805359,2.864446520805359,False,860,2026
shuffle,13,0.9992692470550537,0.010027110576629639,0.010027110576629639,1.0031228065490723,1.0031228065490723,False,860,2026
shuffle,14,0.9990609288215637,-0.1416073441505432,0.1416073441505432,-2.446938157081604,2.446938157081604,False,860,2026
shuffle,15,0.33621376752853394,-0.018138885498046875,0.018138885498046875,-0.7788491249084473,0.7788491249084473,False,860,2026
shuffle,16,0.9973647594451904,-0.299411416053772,0.299411416053772,-3.3483466506004333,3.3483466506004333,False,860,2026
shuffle,17,0.9412627816200256,-0.0007807612419128418,0.0007807612419128418,-0.04864978790283203,0.04864978790283203,False,860,2026
shuffle,18,0.7463462948799133,0.00526118278503418,0.00526118278503418,0.4062819480895996,0.4062819480895996,False,860,2026
shuffle,19,0.9935580492019653,-0.06871360540390015,0.06871360540390015,-1.7427303791046143,1.7427303791046143,False,860,2026
shuffle,20,0.9812476634979248,-0.16213643550872803,0.16213643550872803,-2.5941038131713867,2.5941038131713867,False,860,2026
shuffle,21,0.9965950846672058,0.0006287693977355957,0.0006287693977355957,0.040914058685302734,0.040914058685302734,False,860,2026
shuffle,22,0.979213297367096,-0.2033969759941101,0.2033969759941101,-2.854016065597534,2.854016065597534,False,860,2026
shuffle,23,0.9987868666648865,0.004801928997039795,0.004801928997039795,0.3636641502380371,0.3636641502380371,False,860,2026
shuffle,24,0.9971964955329895,-0.024665236473083496,0.024665236473083496,-0.9609057903289795,0.9609057903289795,False,860,2026
shuffle,25,0.9971854090690613,-0.06744116544723511,0.06744116544723511,-1.7261931896209717,1.7261931896209717,False,860,2026
shuffle,26,0.9912985563278198,0.003603041172027588,0.003603041172027588,0.26010942459106445,0.26010942459106445,False,860,2026
shuffle,27,0.9807630181312561,-0.13244932889938354,0.13244932889938354,-2.3762351274490356,2.3762351274490356,False,860,2026
shuffle,28,0.9865044951438904,0.010516464710235596,0.010516464710235596,1.090186595916748,1.090186595916748,False,860,2026
shuffle,29,0.9954950213432312,0.0074045658111572266,0.0074045658111572266,0.6327652931213379,0.6327652931213379,False,860,2026
uniform,0,0.8427390456199646,-0.019583284854888916,0.019583284854888916,-1.8889729976654053,1.8889729976654053,False,864,2026
shuffle,0,0.9728595614433289,-0.1106177568435669,0.1106177568435669,-3.582446813583374,3.582446813583374,False,864,2026
shuffle,1,0.9677296280860901,-0.0016044974327087402,0.0016044974327087402,-0.37261152267456055,0.37261152267456055,False,864,2026
shuffle,2,0.02679256908595562,-0.00022530555725097656,0.00022530555725097656,-0.06139421463012695,0.06139421463012695,False,864,2026
shuffle,3,0.9944388270378113,-0.11123615503311157,0.11123615503311157,-3.5885462760925293,3.5885462760925293,False,864,2026
shuffle,4,0.9944348335266113,-0.015166521072387695,0.015166521072387695,-1.6728196144104004,1.6728196144104004,False,864,2026
shuffle,5,0.9965180158615112,-0.11102968454360962,0.11102968454360962,-3.586512565612793,3.586512565612793,False,864,2026
shuffle,6,0.9944387674331665,-0.008700907230377197,0.008700907230377197,-1.2430644035339355,1.2430644035339355,False,864,2026
shuffle,7,0.9438977837562561,-0.011042952537536621,0.011042952537536621,-1.4200925827026367,1.4200925827026367,False,864,2026
shuffle,8,0.9944348335266113,-0.008030056953430176,0.008030056953430176,-1.1861681938171387,1.1861681938171387,False,864,2026
shuffle,9,0.9946519732475281,-0.0019317865371704102,0.0019317865371704102,-0.4342617988586426,0.4342617988586426,False,864,2026
shuffle,10,0.9971824884414673,-0.10931515693664551,0.10931515693664551,-3.569504976272583,3.569504976272583,False,864,2026
shuffle,11,0.9964783191680908,-0.11373400688171387,0.11373400688171387,-3.612895965576172,3.612895965576172,False,864,2026
shuffle,12,0.9706466794013977,-0.0746186375617981,0.0746186375617981,-3.163898468017578,3.163898468017578,False,864,2026
shuffle,13,0.9973558187484741,-0.11452347040176392,0.11452347040176392,-3.620497226715088,3.620497226715088,False,864,2026
shuffle,14,0.9677296280860901,-0.07408946752548218,0.07408946752548218,-3.1565334796905518,3.1565334796905518,False,864,2026
shuffle,15,0.9965180158615112,-0.07771503925323486,0.07771503925323486,-3.2061002254486084,3.2061002254486084,False,864,2026
shuffle,16,0.9679427742958069,-0.0014129877090454102,0.0014129877090454102,-0.334719181060791,0.334719181060791,False,864,2026
shuffle,17,0.9946519732475281,-0.10769402980804443,0.10769402980804443,-3.553213596343994,3.553213596343994,False,864,2026
shuffle,18,0.9973558783531189,-0.08170980215072632,0.08170980215072632,-3.258432388305664,3.258432388305664,False,864,2026
shuffle,19,0.9924390316009521,-0.001585245132446289,0.001585245132446289,-0.36888694763183594,0.36888694763183594,False,864,2026
shuffle,20,0.9924389719963074,-0.10737329721450806,0.10737329721450806,-3.549966335296631,3.549966335296631,False,864,2026
shuffle,21,0.9949297904968262,-0.11291593313217163,0.11291593313217163,-3.604970932006836,3.604970932006836,False,864,2026
shuffle,22,0.9686071872711182,-0.011482179164886475,0.011482179164886475,-1.4501433372497559,1.4501433372497559,False,864,2026
shuffle,23,0.02966988831758499,-4.0471553802490234e-05,4.0471553802490234e-05,-0.011310100555419922,0.011310100555419922,False,864,2026
shuffle,24,0.9951031804084778,-0.008703887462615967,0.008703887462615967,-1.2433056831359863,1.2433056831359863,False,864,2026
shuffle,25,0.9951428771018982,-0.11320412158966064,0.11320412158966064,-3.607767105102539,3.607767105102539,False,864,2026
shuffle,26,0.9922258853912354,-0.00795435905456543,0.00795435905456543,-1.179549217224121,1.179549217224121,False,864,2026
shuffle,27,0.9953163862228394,-0.008045315742492676,0.008045315742492676,-1.1874985694885254,1.1874985694885254,False,864,2026
shuffle,28,0.96980881690979,-0.013548135757446289,0.013548135757446289,-1.5808501243591309,1.5808501243591309,False,864,2026
shuffle,29,0.029669886454939842,-2.3186206817626953e-05,2.3186206817626953e-05,-0.006488323211669922,0.006488323211669922,False,864,2026
uniform,0,0.7706736326217651,-0.012074708938598633,0.012074708938598633,-1.1460928916931152,1.1460928916931152,False,871,2026
shuffle,0,0.9768269658088684,-0.041128695011138916,0.041128695011138916,-2.14383602142334,2.14383602142334,False,871,2026
shuffle,1,0.9635025262832642,-0.03139609098434448,0.03139609098434448,-1.9008545875549316,1.9008545875549316,False,871,2026
shuffle,2,0.7817258238792419,-0.006500363349914551,0.006500363349914551,-0.7648601531982422,0.7648601531982422,False,871,2026
shuffle,3,0.8778786659240723,-0.03844034671783447,0.03844034671783447,-2.081936836242676,2.081936836242676,False,871,2026
shuffle,4,0.9499131441116333,-0.011290669441223145,0.011290669441223145,-1.1002569198608398,1.1002569198608398,False,871,2026
shuffle,5,0.8713370561599731,-0.012126922607421875,0.012126922607421875,-1.1490774154663086,1.1490774154663086,False,871,2026
shuffle,6,0.962209165096283,-0.003485560417175293,0.003485560417175293,-0.47876596450805664,0.47876596450805664,False,871,2026
shuffle,7,0.7571887969970703,-0.0031902194023132324,0.0031902194023132324,-0.44588422775268555,0.44588422775268555,False,871,2026
shuffle,8,0.8404521942138672,0.004158079624176025,0.004158079624176025,1.2981252670288086,1.2981252670288086,False,871,2026
shuffle,9,0.9685280323028564,-0.09025651216506958,0.09025651216506958,-2.9138383865356445,2.9138383865356445,False,871,2026
shuffle,10,0.875298798084259,-0.025521695613861084,0.025521695613861084,-1.7225184440612793,1.7225184440612793,False,871,2026
shuffle,11,0.8816929459571838,-0.018203914165496826,0.018203914165496826,-1.4482035636901855,1.4482035636901855,False,871,2026
shuffle,12,0.8498445153236389,-0.03572535514831543,0.03572535514831543,-2.015660047531128,2.015660047531128,False,871,2026
shuffle,13,0.8831959366798401,-0.022236883640289307,0.022236883640289307,-1.6080780029296875,1.6080780029296875,False,871,2026
shuffle,14,0.8727037906646729,-0.0014121532440185547,0.0014121532440185547,-0.22174787521362305,0.22174787521362305,False,871,2026
shuffle,15,0.7739371657371521,-0.013698577880859375,0.013698577880859375,-1.2350363731384277,1.2350363731384277,False,871,2026
shuffle,16,0.8463200330734253,-0.038152456283569336,0.038152456283569336,-2.0750951766967773,2.0750951766967773,False,871,2026
shuffle,17,0.9625727534294128,-0.04080921411514282,0.04080921411514282,-2.1366586685180664,2.1366586685180664,False,871,2026
shuffle,18,0.9405008554458618,0.0012060999870300293,0.0012060999870300293,0.23761415481567383,0.23761415481567383,False,871,2026
shuffle,19,0.9626084566116333,-0.10325992107391357,0.10325992107391357,-3.0553762912750244,3.0553762912750244,False,871,2026
shuffle,20,0.8678181767463684,-0.0019484162330627441,0.0019484162330627441,-0.29470157623291016,0.29470157623291016,False,871,2026
shuffle,21,0.8683661818504333,-0.020394861698150635,0.020394861698150635,-1.5380463600158691,1.5380463600158691,False,871,2026
shuffle,22,0.4313283860683441,-0.008834302425384521,0.008834302425384521,-0.9418964385986328,0.9418964385986328,False,871,2026
shuffle,23,0.7934631705284119,-0.03504073619842529,0.03504073619842529,-1.9982950687408447,1.9982950687408447,False,871,2026
shuffle,24,0.9668829441070557,-0.010753631591796875,0.010753631591796875,-1.0676488876342773,1.0676488876342773,False,871,2026
shuffle,25,0.9699380397796631,0.0012117624282836914,0.0012117624282836914,0.23887062072753906,0.23887062072753906,False,871,2026
shuffle,26,0.9534565806388855,-0.009010374546051025,0.009010374546051025,-0.9540920257568359,0.9540920257568359,False,871,2026
shuffle,27,0.9644933938980103,0.002755105495452881,0.002755105495452881,0.6584548950195312,0.6584548950195312,False,871,2026
shuffle,28,0.970722496509552,0.0010244250297546387,0.0010244250297546387,0.1980609893798828,0.1980609893798828,False,871,2026
shuffle,29,0.9576253890991211,-0.15726864337921143,0.15726864337921143,-3.52039635181427,3.52039635181427,False,871,2026
